========================================
 PhysX CPU Library Build
 HIP Clang: /opt/dtk/dcc/bin/clang++
========================================
-- The CXX compiler identification is GNU 11.4.0
-- The HIP compiler identification is Clang 17.0.0
-- Detecting CXX compiler ABI info
-- Detecting CXX compiler ABI info - done
-- Check for working CXX compiler: /usr/bin/g++ - skipped
-- Detecting CXX compile features
-- Detecting CXX compile features - done
-- Detecting HIP compiler ABI info
-- Detecting HIP compiler ABI info - done
-- Check for working HIP compiler: /opt/dtk/dcc/bin/clang++ - skipped
-- Detecting HIP compile features
-- Detecting HIP compile features - done
-- PhysX root: /public/home/tangwsh/PhysX/physx
-- Foundation sources: /public/home/tangwsh/PhysX/physx/source/foundation/FdAllocator.cpp;/public/home/tangwsh/PhysX/physx/source/foundation/FdAssert.cpp;/public/home/tangwsh/PhysX/physx/source/foundation/FdFoundation.cpp;/public/home/tangwsh/PhysX/physx/source/foundation/FdMathUtils.cpp;/public/home/tangwsh/PhysX/physx/source/foundation/FdString.cpp;/public/home/tangwsh/PhysX/physx/source/foundation/FdTempAllocator.cpp ...
-- Build configuration complete
-- Configuring done (8.9s)
-- Generating done (2.2s)
-- Build files have been written to: /public/home/tangwsh/PhysX/build_cpu
[  0%] Building CXX object CMakeFiles/Foundation.dir/public/home/tangwsh/PhysX/physx/source/foundation/FdAllocator.cpp.o
[  0%] Building CXX object CMakeFiles/Foundation.dir/public/home/tangwsh/PhysX/physx/source/foundation/FdAssert.cpp.o
In file included from /public/home/tangwsh/PhysX/physx/include/foundation/PxFoundationConfig.h:32,
                 from /public/home/tangwsh/PhysX/physx/include/foundation/PxAssert.h:33,
                 from /public/home/tangwsh/PhysX/physx/source/foundation/FdAssert.cpp:29:
/public/home/tangwsh/PhysX/physx/include/foundation/PxPreprocessor.h:524: warning: "PX_SUPPORT_GPU_PHYSX" redefined
  524 |         #define PX_SUPPORT_GPU_PHYSX ((PX_X64 && (PX_WINDOWS_FAMILY || PX_LINUX)) || (PX_A64 && PX_LINUX))
      | 
<command-line>: note: this is the location of the previous definition
[  0%] Building CXX object CMakeFiles/Foundation.dir/public/home/tangwsh/PhysX/physx/source/foundation/FdFoundation.cpp.o
In file included from /public/home/tangwsh/PhysX/physx/include/foundation/PxFoundationConfig.h:32,
                 from /public/home/tangwsh/PhysX/physx/include/foundation/PxAllocatorCallback.h:33,
                 from /public/home/tangwsh/PhysX/physx/include/foundation/PxAllocator.h:32,
                 from /public/home/tangwsh/PhysX/physx/source/foundation/FdFoundation.h:32,
                 from /public/home/tangwsh/PhysX/physx/source/foundation/FdFoundation.cpp:29:
/public/home/tangwsh/PhysX/physx/include/foundation/PxPreprocessor.h:524: warning: "PX_SUPPORT_GPU_PHYSX" redefined
  524 |         #define PX_SUPPORT_GPU_PHYSX ((PX_X64 && (PX_WINDOWS_FAMILY || PX_LINUX)) || (PX_A64 && PX_LINUX))
      | 
<command-line>: note: this is the location of the previous definition
[  1%] Building CXX object CMakeFiles/Foundation.dir/public/home/tangwsh/PhysX/physx/source/foundation/FdMathUtils.cpp.o
In file included from /public/home/tangwsh/PhysX/physx/include/foundation/PxMath.h:33,
                 from /public/home/tangwsh/PhysX/physx/include/foundation/PxVec3.h:33,
                 from /public/home/tangwsh/PhysX/physx/include/foundation/PxMat33.h:32,
                 from /public/home/tangwsh/PhysX/physx/include/foundation/PxSIMDHelpers.h:32,
                 from /public/home/tangwsh/PhysX/physx/source/foundation/FdMathUtils.cpp:29:
/public/home/tangwsh/PhysX/physx/include/foundation/PxPreprocessor.h:524: warning: "PX_SUPPORT_GPU_PHYSX" redefined
  524 |         #define PX_SUPPORT_GPU_PHYSX ((PX_X64 && (PX_WINDOWS_FAMILY || PX_LINUX)) || (PX_A64 && PX_LINUX))
      | 
<command-line>: note: this is the location of the previous definition
[  1%] Building CXX object CMakeFiles/Foundation.dir/public/home/tangwsh/PhysX/physx/source/foundation/FdString.cpp.o
In file included from /public/home/tangwsh/PhysX/physx/include/foundation/PxString.h:32,
                 from /public/home/tangwsh/PhysX/physx/source/foundation/FdString.cpp:29:
/public/home/tangwsh/PhysX/physx/include/foundation/PxPreprocessor.h:524: warning: "PX_SUPPORT_GPU_PHYSX" redefined
  524 |         #define PX_SUPPORT_GPU_PHYSX ((PX_X64 && (PX_WINDOWS_FAMILY || PX_LINUX)) || (PX_A64 && PX_LINUX))
      | 
<command-line>: note: this is the location of the previous definition
[  1%] Building CXX object CMakeFiles/Foundation.dir/public/home/tangwsh/PhysX/physx/source/foundation/FdTempAllocator.cpp.o
In file included from /public/home/tangwsh/PhysX/physx/include/foundation/PxMath.h:33,
                 from /public/home/tangwsh/PhysX/physx/source/foundation/FdTempAllocator.cpp:29:
/public/home/tangwsh/PhysX/physx/include/foundation/PxPreprocessor.h:524: warning: "PX_SUPPORT_GPU_PHYSX" redefined
  524 |         #define PX_SUPPORT_GPU_PHYSX ((PX_X64 && (PX_WINDOWS_FAMILY || PX_LINUX)) || (PX_A64 && PX_LINUX))
      | 
<command-line>: note: this is the location of the previous definition
[  1%] Building CXX object CMakeFiles/Foundation.dir/public/home/tangwsh/PhysX/physx/source/foundation/unix/FdUnixAtomic.cpp.o
In file included from /public/home/tangwsh/PhysX/physx/include/foundation/PxFoundationConfig.h:32,
                 from /public/home/tangwsh/PhysX/physx/include/foundation/PxAtomic.h:32,
                 from /public/home/tangwsh/PhysX/physx/source/foundation/unix/FdUnixAtomic.cpp:29:
/public/home/tangwsh/PhysX/physx/include/foundation/PxPreprocessor.h:524: warning: "PX_SUPPORT_GPU_PHYSX" redefined
  524 |         #define PX_SUPPORT_GPU_PHYSX ((PX_X64 && (PX_WINDOWS_FAMILY || PX_LINUX)) || (PX_A64 && PX_LINUX))
      | 
<command-line>: note: this is the location of the previous definition
[  1%] Building CXX object CMakeFiles/Foundation.dir/public/home/tangwsh/PhysX/physx/source/foundation/unix/FdUnixFPU.cpp.o
In file included from /public/home/tangwsh/PhysX/physx/include/foundation/PxSimpleTypes.h:36,
                 from /public/home/tangwsh/PhysX/physx/include/foundation/PxFPU.h:32,
                 from /public/home/tangwsh/PhysX/physx/source/foundation/unix/FdUnixFPU.cpp:28:
/public/home/tangwsh/PhysX/physx/include/foundation/PxPreprocessor.h:524: warning: "PX_SUPPORT_GPU_PHYSX" redefined
  524 |         #define PX_SUPPORT_GPU_PHYSX ((PX_X64 && (PX_WINDOWS_FAMILY || PX_LINUX)) || (PX_A64 && PX_LINUX))
      | 
<command-line>: note: this is the location of the previous definition
[  2%] Building CXX object CMakeFiles/Foundation.dir/public/home/tangwsh/PhysX/physx/source/foundation/unix/FdUnixMutex.cpp.o
In file included from /public/home/tangwsh/PhysX/physx/include/foundation/PxFoundationConfig.h:32,
                 from /public/home/tangwsh/PhysX/physx/include/foundation/PxAssert.h:33,
                 from /public/home/tangwsh/PhysX/physx/source/foundation/unix/FdUnixMutex.cpp:29:
/public/home/tangwsh/PhysX/physx/include/foundation/PxPreprocessor.h:524: warning: "PX_SUPPORT_GPU_PHYSX" redefined
  524 |         #define PX_SUPPORT_GPU_PHYSX ((PX_X64 && (PX_WINDOWS_FAMILY || PX_LINUX)) || (PX_A64 && PX_LINUX))
      | 
<command-line>: note: this is the location of the previous definition
[  2%] Building CXX object CMakeFiles/Foundation.dir/public/home/tangwsh/PhysX/physx/source/foundation/unix/FdUnixPrintString.cpp.o
In file included from /public/home/tangwsh/PhysX/physx/include/foundation/PxString.h:32,
                 from /public/home/tangwsh/PhysX/physx/source/foundation/unix/FdUnixPrintString.cpp:29:
/public/home/tangwsh/PhysX/physx/include/foundation/PxPreprocessor.h:524: warning: "PX_SUPPORT_GPU_PHYSX" redefined
  524 |         #define PX_SUPPORT_GPU_PHYSX ((PX_X64 && (PX_WINDOWS_FAMILY || PX_LINUX)) || (PX_A64 && PX_LINUX))
      | 
<command-line>: note: this is the location of the previous definition
[  2%] Building CXX object CMakeFiles/Foundation.dir/public/home/tangwsh/PhysX/physx/source/foundation/unix/FdUnixSList.cpp.o
In file included from /public/home/tangwsh/PhysX/physx/include/foundation/PxFoundationConfig.h:32,
                 from /public/home/tangwsh/PhysX/physx/include/foundation/PxAllocatorCallback.h:33,
                 from /public/home/tangwsh/PhysX/physx/include/foundation/PxAllocator.h:32,
                 from /public/home/tangwsh/PhysX/physx/source/foundation/unix/FdUnixSList.cpp:29:
/public/home/tangwsh/PhysX/physx/include/foundation/PxPreprocessor.h:524: warning: "PX_SUPPORT_GPU_PHYSX" redefined
  524 |         #define PX_SUPPORT_GPU_PHYSX ((PX_X64 && (PX_WINDOWS_FAMILY || PX_LINUX)) || (PX_A64 && PX_LINUX))
      | 
<command-line>: note: this is the location of the previous definition
[  2%] Building CXX object CMakeFiles/Foundation.dir/public/home/tangwsh/PhysX/physx/source/foundation/unix/FdUnixSocket.cpp.o
In file included from /public/home/tangwsh/PhysX/physx/include/foundation/PxIntrinsics.h:32,
                 from /public/home/tangwsh/PhysX/physx/source/foundation/unix/FdUnixSocket.cpp:29:
/public/home/tangwsh/PhysX/physx/include/foundation/PxPreprocessor.h:524: warning: "PX_SUPPORT_GPU_PHYSX" redefined
  524 |         #define PX_SUPPORT_GPU_PHYSX ((PX_X64 && (PX_WINDOWS_FAMILY || PX_LINUX)) || (PX_A64 && PX_LINUX))
      | 
<command-line>: note: this is the location of the previous definition
[  2%] Building CXX object CMakeFiles/Foundation.dir/public/home/tangwsh/PhysX/physx/source/foundation/unix/FdUnixSync.cpp.o
In file included from /public/home/tangwsh/PhysX/physx/include/foundation/PxFoundationConfig.h:32,
                 from /public/home/tangwsh/PhysX/physx/include/foundation/PxAssert.h:33,
                 from /public/home/tangwsh/PhysX/physx/source/foundation/unix/FdUnixSync.cpp:29:
/public/home/tangwsh/PhysX/physx/include/foundation/PxPreprocessor.h:524: warning: "PX_SUPPORT_GPU_PHYSX" redefined
  524 |         #define PX_SUPPORT_GPU_PHYSX ((PX_X64 && (PX_WINDOWS_FAMILY || PX_LINUX)) || (PX_A64 && PX_LINUX))
      | 
<command-line>: note: this is the location of the previous definition
[  3%] Building CXX object CMakeFiles/Foundation.dir/public/home/tangwsh/PhysX/physx/source/foundation/unix/FdUnixThread.cpp.o
In file included from /public/home/tangwsh/PhysX/physx/include/foundation/PxFoundationConfig.h:32,
                 from /public/home/tangwsh/PhysX/physx/include/foundation/PxAssert.h:33,
                 from /public/home/tangwsh/PhysX/physx/source/foundation/unix/FdUnixThread.cpp:29:
/public/home/tangwsh/PhysX/physx/include/foundation/PxPreprocessor.h:524: warning: "PX_SUPPORT_GPU_PHYSX" redefined
  524 |         #define PX_SUPPORT_GPU_PHYSX ((PX_X64 && (PX_WINDOWS_FAMILY || PX_LINUX)) || (PX_A64 && PX_LINUX))
      | 
<command-line>: note: this is the location of the previous definition
[  3%] Building CXX object CMakeFiles/Foundation.dir/public/home/tangwsh/PhysX/physx/source/foundation/unix/FdUnixTime.cpp.o
In file included from /public/home/tangwsh/PhysX/physx/include/foundation/PxSimpleTypes.h:36,
                 from /public/home/tangwsh/PhysX/physx/include/foundation/PxTime.h:32,
                 from /public/home/tangwsh/PhysX/physx/source/foundation/unix/FdUnixTime.cpp:29:
/public/home/tangwsh/PhysX/physx/include/foundation/PxPreprocessor.h:524: warning: "PX_SUPPORT_GPU_PHYSX" redefined
  524 |         #define PX_SUPPORT_GPU_PHYSX ((PX_X64 && (PX_WINDOWS_FAMILY || PX_LINUX)) || (PX_A64 && PX_LINUX))
      | 
<command-line>: note: this is the location of the previous definition
[  3%] Linking CXX static library libFoundation.a
[  3%] Built target Foundation
[  3%] Building CXX object CMakeFiles/Common.dir/public/home/tangwsh/PhysX/physx/source/common/src/CmCollection.cpp.o
In file included from /public/home/tangwsh/PhysX/physx/include/foundation/PxSimpleTypes.h:36,
                 from /public/home/tangwsh/PhysX/physx/include/common/PxPhysXCommonConfig.h:32,
                 from /public/home/tangwsh/PhysX/physx/include/common/PxSerialFramework.h:33,
                 from /public/home/tangwsh/PhysX/physx/include/common/PxCollection.h:32,
                 from /public/home/tangwsh/PhysX/physx/source/common/src/CmCollection.h:32,
                 from /public/home/tangwsh/PhysX/physx/source/common/src/CmCollection.cpp:29:
/public/home/tangwsh/PhysX/physx/include/foundation/PxPreprocessor.h:524: warning: "PX_SUPPORT_GPU_PHYSX" redefined
  524 |         #define PX_SUPPORT_GPU_PHYSX ((PX_X64 && (PX_WINDOWS_FAMILY || PX_LINUX)) || (PX_A64 && PX_LINUX))
      | 
<command-line>: note: this is the location of the previous definition
[  3%] Building CXX object CMakeFiles/Common.dir/public/home/tangwsh/PhysX/physx/source/common/src/CmPtrTable.cpp.o
In file included from /public/home/tangwsh/PhysX/physx/include/foundation/PxFoundationConfig.h:32,
                 from /public/home/tangwsh/PhysX/physx/include/foundation/PxAssert.h:33,
                 from /public/home/tangwsh/PhysX/physx/source/common/src/CmPtrTable.cpp:29:
/public/home/tangwsh/PhysX/physx/include/foundation/PxPreprocessor.h:524: warning: "PX_SUPPORT_GPU_PHYSX" redefined
  524 |         #define PX_SUPPORT_GPU_PHYSX ((PX_X64 && (PX_WINDOWS_FAMILY || PX_LINUX)) || (PX_A64 && PX_LINUX))
      | 
<command-line>: note: this is the location of the previous definition
[  3%] Building CXX object CMakeFiles/Common.dir/public/home/tangwsh/PhysX/physx/source/common/src/CmRadixSort.cpp.o
In file included from /public/home/tangwsh/PhysX/physx/include/foundation/PxSimpleTypes.h:36,
                 from /public/home/tangwsh/PhysX/physx/include/foundation/PxMemory.h:33,
                 from /public/home/tangwsh/PhysX/physx/source/common/src/CmRadixSort.cpp:29:
/public/home/tangwsh/PhysX/physx/include/foundation/PxPreprocessor.h:524: warning: "PX_SUPPORT_GPU_PHYSX" redefined
  524 |         #define PX_SUPPORT_GPU_PHYSX ((PX_X64 && (PX_WINDOWS_FAMILY || PX_LINUX)) || (PX_A64 && PX_LINUX))
      | 
<command-line>: note: this is the location of the previous definition
[  3%] Building CXX object CMakeFiles/Common.dir/public/home/tangwsh/PhysX/physx/source/common/src/CmSerialize.cpp.o
In file included from /public/home/tangwsh/PhysX/physx/include/foundation/PxIntrinsics.h:32,
                 from /public/home/tangwsh/PhysX/physx/source/common/src/CmSerialize.cpp:29:
/public/home/tangwsh/PhysX/physx/include/foundation/PxPreprocessor.h:524: warning: "PX_SUPPORT_GPU_PHYSX" redefined
  524 |         #define PX_SUPPORT_GPU_PHYSX ((PX_X64 && (PX_WINDOWS_FAMILY || PX_LINUX)) || (PX_A64 && PX_LINUX))
      | 
<command-line>: note: this is the location of the previous definition
[  4%] Building CXX object CMakeFiles/Common.dir/public/home/tangwsh/PhysX/physx/source/common/src/CmVisualization.cpp.o
In file included from /public/home/tangwsh/PhysX/physx/include/foundation/PxMath.h:33,
                 from /public/home/tangwsh/PhysX/physx/include/foundation/PxVec3.h:33,
                 from /public/home/tangwsh/PhysX/physx/include/foundation/PxQuat.h:33,
                 from /public/home/tangwsh/PhysX/physx/include/foundation/PxTransform.h:32,
                 from /public/home/tangwsh/PhysX/physx/source/common/src/CmVisualization.h:32,
                 from /public/home/tangwsh/PhysX/physx/source/common/src/CmVisualization.cpp:29:
/public/home/tangwsh/PhysX/physx/include/foundation/PxPreprocessor.h:524: warning: "PX_SUPPORT_GPU_PHYSX" redefined
  524 |         #define PX_SUPPORT_GPU_PHYSX ((PX_X64 && (PX_WINDOWS_FAMILY || PX_LINUX)) || (PX_A64 && PX_LINUX))
      | 
<command-line>: note: this is the location of the previous definition
[  4%] Linking CXX static library libCommon.a
[  4%] Built target Common
[  4%] Building CXX object CMakeFiles/test_cpu.dir/test_cpu.cpp.o
In file included from /public/home/tangwsh/PhysX/physx/include/foundation/PxMath.h:33,
                 from /public/home/tangwsh/PhysX/physx/include/foundation/PxVec3.h:33,
                 from /public/home/tangwsh/PhysX/physx/source/compiler/cmakecpu/test_cpu.cpp:6:
/public/home/tangwsh/PhysX/physx/include/foundation/PxPreprocessor.h:524: warning: "PX_SUPPORT_GPU_PHYSX" redefined
  524 |         #define PX_SUPPORT_GPU_PHYSX ((PX_X64 && (PX_WINDOWS_FAMILY || PX_LINUX)) || (PX_A64 && PX_LINUX))
      | 
<command-line>: note: this is the location of the previous definition
[  4%] Linking CXX executable test_cpu
[  4%] Built target test_cpu
[  4%] Building CXX object CMakeFiles/LowLevel.dir/public/home/tangwsh/PhysX/physx/source/lowlevel/api/src/px_globals.cpp.o
In file included from /public/home/tangwsh/PhysX/physx/include/foundation/PxSimpleTypes.h:36,
                 from /public/home/tangwsh/PhysX/physx/include/common/PxPhysXCommonConfig.h:32,
                 from /public/home/tangwsh/PhysX/physx/include/PxPhysXConfig.h:35,
                 from /public/home/tangwsh/PhysX/physx/source/lowlevel/api/include/PxvConfig.h:34,
                 from /public/home/tangwsh/PhysX/physx/source/lowlevel/api/include/PxvGlobals.h:32,
                 from /public/home/tangwsh/PhysX/physx/source/lowlevel/api/src/px_globals.cpp:29:
/public/home/tangwsh/PhysX/physx/include/foundation/PxPreprocessor.h:524: warning: "PX_SUPPORT_GPU_PHYSX" redefined
  524 |         #define PX_SUPPORT_GPU_PHYSX ((PX_X64 && (PX_WINDOWS_FAMILY || PX_LINUX)) || (PX_A64 && PX_LINUX))
      | 
<command-line>: note: this is the location of the previous definition
In file included from /public/home/tangwsh/PhysX/physx/include/foundation/PxSimpleTypes.h:36,
                 from /public/home/tangwsh/PhysX/physx/include/common/PxPhysXCommonConfig.h:32,
                 from /public/home/tangwsh/PhysX/physx/include/PxPhysXConfig.h:35,
                 from /public/home/tangwsh/PhysX/physx/source/lowlevel/api/include/PxvConfig.h:34,
                 from /public/home/tangwsh/PhysX/physx/source/lowlevel/api/include/PxvGlobals.h:32,
                 from /public/home/tangwsh/PhysX/physx/source/lowlevel/api/src/px_globals.cpp:29:
/public/home/tangwsh/PhysX/physx/source/geomutils/src/GuGeometryChecks.h:93:37: warning: ‘offsetof’ within non-standard-layout type ‘physx::PxCapsuleGeometry’ is conditionally-supported [-Winvalid-offsetof]
   93 | PX_COMPILE_TIME_ASSERT(PX_OFFSET_OF(physx::PxCapsuleGeometry, radius) == PX_OFFSET_OF(physx::PxSphereGeometry, radius));
/public/home/tangwsh/PhysX/physx/include/foundation/PxPreprocessor.h:430:51: note: in definition of macro ‘PX_COMPILE_TIME_ASSERT’
  430 | #define PX_COMPILE_TIME_ASSERT(exp) static_assert(exp, "")
      |                                                   ^~~
/public/home/tangwsh/PhysX/physx/source/geomutils/src/GuGeometryChecks.h:93:24: note: in expansion of macro ‘PX_OFFSET_OF’
   93 | PX_COMPILE_TIME_ASSERT(PX_OFFSET_OF(physx::PxCapsuleGeometry, radius) == PX_OFFSET_OF(physx::PxSphereGeometry, radius));
      |                        ^~~~~~~~~~~~
/public/home/tangwsh/PhysX/physx/source/geomutils/src/GuGeometryChecks.h:93:87: warning: ‘offsetof’ within non-standard-layout type ‘physx::PxSphereGeometry’ is conditionally-supported [-Winvalid-offsetof]
   93 | PX_COMPILE_TIME_ASSERT(PX_OFFSET_OF(physx::PxCapsuleGeometry, radius) == PX_OFFSET_OF(physx::PxSphereGeometry, radius));
/public/home/tangwsh/PhysX/physx/include/foundation/PxPreprocessor.h:430:51: note: in definition of macro ‘PX_COMPILE_TIME_ASSERT’
  430 | #define PX_COMPILE_TIME_ASSERT(exp) static_assert(exp, "")
      |                                                   ^~~
/public/home/tangwsh/PhysX/physx/source/geomutils/src/GuGeometryChecks.h:93:74: note: in expansion of macro ‘PX_OFFSET_OF’
   93 | PX_COMPILE_TIME_ASSERT(PX_OFFSET_OF(physx::PxCapsuleGeometry, radius) == PX_OFFSET_OF(physx::PxSphereGeometry, radius));
      |                                                                          ^~~~~~~~~~~~
[  5%] Building CXX object CMakeFiles/LowLevel.dir/public/home/tangwsh/PhysX/physx/source/lowlevel/common/src/pipeline/PxcContactCache.cpp.o
In file included from /public/home/tangwsh/PhysX/physx/include/foundation/PxMath.h:33,
                 from /public/home/tangwsh/PhysX/physx/include/foundation/PxVec3.h:33,
                 from /public/home/tangwsh/PhysX/physx/include/foundation/PxQuat.h:33,
                 from /public/home/tangwsh/PhysX/physx/include/foundation/PxTransform.h:32,
                 from /public/home/tangwsh/PhysX/physx/source/lowlevel/common/include/pipeline/PxcContactCache.h:32,
                 from /public/home/tangwsh/PhysX/physx/source/lowlevel/common/src/pipeline/PxcContactCache.cpp:29:
/public/home/tangwsh/PhysX/physx/include/foundation/PxPreprocessor.h:524: warning: "PX_SUPPORT_GPU_PHYSX" redefined
  524 |         #define PX_SUPPORT_GPU_PHYSX ((PX_X64 && (PX_WINDOWS_FAMILY || PX_LINUX)) || (PX_A64 && PX_LINUX))
      | 
<command-line>: note: this is the location of the previous definition
In file included from /public/home/tangwsh/PhysX/physx/include/foundation/PxMath.h:33,
                 from /public/home/tangwsh/PhysX/physx/include/foundation/PxVec3.h:33,
                 from /public/home/tangwsh/PhysX/physx/include/foundation/PxQuat.h:33,
                 from /public/home/tangwsh/PhysX/physx/include/foundation/PxTransform.h:32,
                 from /public/home/tangwsh/PhysX/physx/source/lowlevel/common/include/pipeline/PxcContactCache.h:32,
                 from /public/home/tangwsh/PhysX/physx/source/lowlevel/common/src/pipeline/PxcContactCache.cpp:29:
/public/home/tangwsh/PhysX/physx/source/geomutils/src/GuGeometryChecks.h:93:37: warning: ‘offsetof’ within non-standard-layout type ‘physx::PxCapsuleGeometry’ is conditionally-supported [-Winvalid-offsetof]
   93 | PX_COMPILE_TIME_ASSERT(PX_OFFSET_OF(physx::PxCapsuleGeometry, radius) == PX_OFFSET_OF(physx::PxSphereGeometry, radius));
/public/home/tangwsh/PhysX/physx/include/foundation/PxPreprocessor.h:430:51: note: in definition of macro ‘PX_COMPILE_TIME_ASSERT’
  430 | #define PX_COMPILE_TIME_ASSERT(exp) static_assert(exp, "")
      |                                                   ^~~
/public/home/tangwsh/PhysX/physx/source/geomutils/src/GuGeometryChecks.h:93:24: note: in expansion of macro ‘PX_OFFSET_OF’
   93 | PX_COMPILE_TIME_ASSERT(PX_OFFSET_OF(physx::PxCapsuleGeometry, radius) == PX_OFFSET_OF(physx::PxSphereGeometry, radius));
      |                        ^~~~~~~~~~~~
/public/home/tangwsh/PhysX/physx/source/geomutils/src/GuGeometryChecks.h:93:87: warning: ‘offsetof’ within non-standard-layout type ‘physx::PxSphereGeometry’ is conditionally-supported [-Winvalid-offsetof]
   93 | PX_COMPILE_TIME_ASSERT(PX_OFFSET_OF(physx::PxCapsuleGeometry, radius) == PX_OFFSET_OF(physx::PxSphereGeometry, radius));
/public/home/tangwsh/PhysX/physx/include/foundation/PxPreprocessor.h:430:51: note: in definition of macro ‘PX_COMPILE_TIME_ASSERT’
  430 | #define PX_COMPILE_TIME_ASSERT(exp) static_assert(exp, "")
      |                                                   ^~~
/public/home/tangwsh/PhysX/physx/source/geomutils/src/GuGeometryChecks.h:93:74: note: in expansion of macro ‘PX_OFFSET_OF’
   93 | PX_COMPILE_TIME_ASSERT(PX_OFFSET_OF(physx::PxCapsuleGeometry, radius) == PX_OFFSET_OF(physx::PxSphereGeometry, radius));
      |                                                                          ^~~~~~~~~~~~
[  5%] Building CXX object CMakeFiles/LowLevel.dir/public/home/tangwsh/PhysX/physx/source/lowlevel/common/src/pipeline/PxcContactMethodImpl.cpp.o
In file included from /public/home/tangwsh/PhysX/physx/include/foundation/PxSimpleTypes.h:36,
                 from /public/home/tangwsh/PhysX/physx/include/common/PxPhysXCommonConfig.h:32,
                 from /public/home/tangwsh/PhysX/physx/include/geometry/PxGeometry.h:32,
                 from /public/home/tangwsh/PhysX/physx/source/lowlevel/common/src/pipeline/PxcContactMethodImpl.cpp:29:
/public/home/tangwsh/PhysX/physx/include/foundation/PxPreprocessor.h:524: warning: "PX_SUPPORT_GPU_PHYSX" redefined
  524 |         #define PX_SUPPORT_GPU_PHYSX ((PX_X64 && (PX_WINDOWS_FAMILY || PX_LINUX)) || (PX_A64 && PX_LINUX))
      | 
<command-line>: note: this is the location of the previous definition
In file included from /public/home/tangwsh/PhysX/physx/include/foundation/PxSimpleTypes.h:36,
                 from /public/home/tangwsh/PhysX/physx/include/common/PxPhysXCommonConfig.h:32,
                 from /public/home/tangwsh/PhysX/physx/include/geometry/PxGeometry.h:32,
                 from /public/home/tangwsh/PhysX/physx/source/lowlevel/common/src/pipeline/PxcContactMethodImpl.cpp:29:
/public/home/tangwsh/PhysX/physx/source/geomutils/src/GuGeometryChecks.h:93:37: warning: ‘offsetof’ within non-standard-layout type ‘physx::PxCapsuleGeometry’ is conditionally-supported [-Winvalid-offsetof]
   93 | PX_COMPILE_TIME_ASSERT(PX_OFFSET_OF(physx::PxCapsuleGeometry, radius) == PX_OFFSET_OF(physx::PxSphereGeometry, radius));
/public/home/tangwsh/PhysX/physx/include/foundation/PxPreprocessor.h:430:51: note: in definition of macro ‘PX_COMPILE_TIME_ASSERT’
  430 | #define PX_COMPILE_TIME_ASSERT(exp) static_assert(exp, "")
      |                                                   ^~~
/public/home/tangwsh/PhysX/physx/source/geomutils/src/GuGeometryChecks.h:93:24: note: in expansion of macro ‘PX_OFFSET_OF’
   93 | PX_COMPILE_TIME_ASSERT(PX_OFFSET_OF(physx::PxCapsuleGeometry, radius) == PX_OFFSET_OF(physx::PxSphereGeometry, radius));
      |                        ^~~~~~~~~~~~
/public/home/tangwsh/PhysX/physx/source/geomutils/src/GuGeometryChecks.h:93:87: warning: ‘offsetof’ within non-standard-layout type ‘physx::PxSphereGeometry’ is conditionally-supported [-Winvalid-offsetof]
   93 | PX_COMPILE_TIME_ASSERT(PX_OFFSET_OF(physx::PxCapsuleGeometry, radius) == PX_OFFSET_OF(physx::PxSphereGeometry, radius));
/public/home/tangwsh/PhysX/physx/include/foundation/PxPreprocessor.h:430:51: note: in definition of macro ‘PX_COMPILE_TIME_ASSERT’
  430 | #define PX_COMPILE_TIME_ASSERT(exp) static_assert(exp, "")
      |                                                   ^~~
/public/home/tangwsh/PhysX/physx/source/geomutils/src/GuGeometryChecks.h:93:74: note: in expansion of macro ‘PX_OFFSET_OF’
   93 | PX_COMPILE_TIME_ASSERT(PX_OFFSET_OF(physx::PxCapsuleGeometry, radius) == PX_OFFSET_OF(physx::PxSphereGeometry, radius));
      |                                                                          ^~~~~~~~~~~~
[  5%] Building CXX object CMakeFiles/LowLevel.dir/public/home/tangwsh/PhysX/physx/source/lowlevel/common/src/pipeline/PxcMaterialMethodImpl.cpp.o
In file included from /public/home/tangwsh/PhysX/physx/include/foundation/PxSimpleTypes.h:36,
                 from /public/home/tangwsh/PhysX/physx/include/common/PxPhysXCommonConfig.h:32,
                 from /public/home/tangwsh/PhysX/physx/include/geometry/PxGeometry.h:32,
                 from /public/home/tangwsh/PhysX/physx/source/lowlevel/common/include/pipeline/PxcMaterialMethodImpl.h:32,
                 from /public/home/tangwsh/PhysX/physx/source/lowlevel/common/src/pipeline/PxcMaterialMethodImpl.cpp:29:
/public/home/tangwsh/PhysX/physx/include/foundation/PxPreprocessor.h:524: warning: "PX_SUPPORT_GPU_PHYSX" redefined
  524 |         #define PX_SUPPORT_GPU_PHYSX ((PX_X64 && (PX_WINDOWS_FAMILY || PX_LINUX)) || (PX_A64 && PX_LINUX))
      | 
<command-line>: note: this is the location of the previous definition
In file included from /public/home/tangwsh/PhysX/physx/include/foundation/PxSimpleTypes.h:36,
                 from /public/home/tangwsh/PhysX/physx/include/common/PxPhysXCommonConfig.h:32,
                 from /public/home/tangwsh/PhysX/physx/include/geometry/PxGeometry.h:32,
                 from /public/home/tangwsh/PhysX/physx/source/lowlevel/common/include/pipeline/PxcMaterialMethodImpl.h:32,
                 from /public/home/tangwsh/PhysX/physx/source/lowlevel/common/src/pipeline/PxcMaterialMethodImpl.cpp:29:
/public/home/tangwsh/PhysX/physx/source/geomutils/src/GuGeometryChecks.h:93:37: warning: ‘offsetof’ within non-standard-layout type ‘physx::PxCapsuleGeometry’ is conditionally-supported [-Winvalid-offsetof]
   93 | PX_COMPILE_TIME_ASSERT(PX_OFFSET_OF(physx::PxCapsuleGeometry, radius) == PX_OFFSET_OF(physx::PxSphereGeometry, radius));
/public/home/tangwsh/PhysX/physx/include/foundation/PxPreprocessor.h:430:51: note: in definition of macro ‘PX_COMPILE_TIME_ASSERT’
  430 | #define PX_COMPILE_TIME_ASSERT(exp) static_assert(exp, "")
      |                                                   ^~~
/public/home/tangwsh/PhysX/physx/source/geomutils/src/GuGeometryChecks.h:93:24: note: in expansion of macro ‘PX_OFFSET_OF’
   93 | PX_COMPILE_TIME_ASSERT(PX_OFFSET_OF(physx::PxCapsuleGeometry, radius) == PX_OFFSET_OF(physx::PxSphereGeometry, radius));
      |                        ^~~~~~~~~~~~
/public/home/tangwsh/PhysX/physx/source/geomutils/src/GuGeometryChecks.h:93:87: warning: ‘offsetof’ within non-standard-layout type ‘physx::PxSphereGeometry’ is conditionally-supported [-Winvalid-offsetof]
   93 | PX_COMPILE_TIME_ASSERT(PX_OFFSET_OF(physx::PxCapsuleGeometry, radius) == PX_OFFSET_OF(physx::PxSphereGeometry, radius));
/public/home/tangwsh/PhysX/physx/include/foundation/PxPreprocessor.h:430:51: note: in definition of macro ‘PX_COMPILE_TIME_ASSERT’
  430 | #define PX_COMPILE_TIME_ASSERT(exp) static_assert(exp, "")
      |                                                   ^~~
/public/home/tangwsh/PhysX/physx/source/geomutils/src/GuGeometryChecks.h:93:74: note: in expansion of macro ‘PX_OFFSET_OF’
   93 | PX_COMPILE_TIME_ASSERT(PX_OFFSET_OF(physx::PxCapsuleGeometry, radius) == PX_OFFSET_OF(physx::PxSphereGeometry, radius));
      |                                                                          ^~~~~~~~~~~~
[  5%] Building CXX object CMakeFiles/LowLevel.dir/public/home/tangwsh/PhysX/physx/source/lowlevel/common/src/pipeline/PxcNpBatch.cpp.o
In file included from /public/home/tangwsh/PhysX/physx/include/foundation/PxSimpleTypes.h:36,
                 from /public/home/tangwsh/PhysX/physx/include/common/PxPhysXCommonConfig.h:32,
                 from /public/home/tangwsh/PhysX/physx/include/PxPhysXConfig.h:35,
                 from /public/home/tangwsh/PhysX/physx/source/lowlevel/api/include/PxvConfig.h:34,
                 from /public/home/tangwsh/PhysX/physx/source/lowlevel/common/include/pipeline/PxcNpBatch.h:32,
                 from /public/home/tangwsh/PhysX/physx/source/lowlevel/common/src/pipeline/PxcNpBatch.cpp:29:
/public/home/tangwsh/PhysX/physx/include/foundation/PxPreprocessor.h:524: warning: "PX_SUPPORT_GPU_PHYSX" redefined
  524 |         #define PX_SUPPORT_GPU_PHYSX ((PX_X64 && (PX_WINDOWS_FAMILY || PX_LINUX)) || (PX_A64 && PX_LINUX))
      | 
<command-line>: note: this is the location of the previous definition
In file included from /public/home/tangwsh/PhysX/physx/include/foundation/PxSimpleTypes.h:36,
                 from /public/home/tangwsh/PhysX/physx/include/common/PxPhysXCommonConfig.h:32,
                 from /public/home/tangwsh/PhysX/physx/include/PxPhysXConfig.h:35,
                 from /public/home/tangwsh/PhysX/physx/source/lowlevel/api/include/PxvConfig.h:34,
                 from /public/home/tangwsh/PhysX/physx/source/lowlevel/common/include/pipeline/PxcNpBatch.h:32,
                 from /public/home/tangwsh/PhysX/physx/source/lowlevel/common/src/pipeline/PxcNpBatch.cpp:29:
/public/home/tangwsh/PhysX/physx/source/geomutils/src/GuGeometryChecks.h:93:37: warning: ‘offsetof’ within non-standard-layout type ‘physx::PxCapsuleGeometry’ is conditionally-supported [-Winvalid-offsetof]
   93 | PX_COMPILE_TIME_ASSERT(PX_OFFSET_OF(physx::PxCapsuleGeometry, radius) == PX_OFFSET_OF(physx::PxSphereGeometry, radius));
/public/home/tangwsh/PhysX/physx/include/foundation/PxPreprocessor.h:430:51: note: in definition of macro ‘PX_COMPILE_TIME_ASSERT’
  430 | #define PX_COMPILE_TIME_ASSERT(exp) static_assert(exp, "")
      |                                                   ^~~
/public/home/tangwsh/PhysX/physx/source/geomutils/src/GuGeometryChecks.h:93:24: note: in expansion of macro ‘PX_OFFSET_OF’
   93 | PX_COMPILE_TIME_ASSERT(PX_OFFSET_OF(physx::PxCapsuleGeometry, radius) == PX_OFFSET_OF(physx::PxSphereGeometry, radius));
      |                        ^~~~~~~~~~~~
/public/home/tangwsh/PhysX/physx/source/geomutils/src/GuGeometryChecks.h:93:87: warning: ‘offsetof’ within non-standard-layout type ‘physx::PxSphereGeometry’ is conditionally-supported [-Winvalid-offsetof]
   93 | PX_COMPILE_TIME_ASSERT(PX_OFFSET_OF(physx::PxCapsuleGeometry, radius) == PX_OFFSET_OF(physx::PxSphereGeometry, radius));
/public/home/tangwsh/PhysX/physx/include/foundation/PxPreprocessor.h:430:51: note: in definition of macro ‘PX_COMPILE_TIME_ASSERT’
  430 | #define PX_COMPILE_TIME_ASSERT(exp) static_assert(exp, "")
      |                                                   ^~~
/public/home/tangwsh/PhysX/physx/source/geomutils/src/GuGeometryChecks.h:93:74: note: in expansion of macro ‘PX_OFFSET_OF’
   93 | PX_COMPILE_TIME_ASSERT(PX_OFFSET_OF(physx::PxCapsuleGeometry, radius) == PX_OFFSET_OF(physx::PxSphereGeometry, radius));
      |                                                                          ^~~~~~~~~~~~
[  5%] Building CXX object CMakeFiles/LowLevel.dir/public/home/tangwsh/PhysX/physx/source/lowlevel/common/src/pipeline/PxcNpCacheStreamPair.cpp.o
In file included from /public/home/tangwsh/PhysX/physx/include/foundation/PxSimpleTypes.h:36,
                 from /public/home/tangwsh/PhysX/physx/source/lowlevel/common/include/pipeline/PxcNpCacheStreamPair.h:32,
                 from /public/home/tangwsh/PhysX/physx/source/lowlevel/common/src/pipeline/PxcNpCacheStreamPair.cpp:29:
/public/home/tangwsh/PhysX/physx/include/foundation/PxPreprocessor.h:524: warning: "PX_SUPPORT_GPU_PHYSX" redefined
  524 |         #define PX_SUPPORT_GPU_PHYSX ((PX_X64 && (PX_WINDOWS_FAMILY || PX_LINUX)) || (PX_A64 && PX_LINUX))
      | 
<command-line>: note: this is the location of the previous definition
[  6%] Building CXX object CMakeFiles/LowLevel.dir/public/home/tangwsh/PhysX/physx/source/lowlevel/common/src/pipeline/PxcNpContactPrepShared.cpp.o
In file included from /public/home/tangwsh/PhysX/physx/include/foundation/PxFoundationConfig.h:32,
                 from /public/home/tangwsh/PhysX/physx/include/foundation/PxAllocatorCallback.h:33,
                 from /public/home/tangwsh/PhysX/physx/include/foundation/PxAllocator.h:32,
                 from /public/home/tangwsh/PhysX/physx/include/foundation/PxTempAllocator.h:32,
                 from /public/home/tangwsh/PhysX/physx/include/foundation/PxAlloca.h:32,
                 from /public/home/tangwsh/PhysX/physx/source/lowlevel/common/src/pipeline/PxcNpContactPrepShared.cpp:29:
/public/home/tangwsh/PhysX/physx/include/foundation/PxPreprocessor.h:524: warning: "PX_SUPPORT_GPU_PHYSX" redefined
  524 |         #define PX_SUPPORT_GPU_PHYSX ((PX_X64 && (PX_WINDOWS_FAMILY || PX_LINUX)) || (PX_A64 && PX_LINUX))
      | 
<command-line>: note: this is the location of the previous definition
In file included from /public/home/tangwsh/PhysX/physx/include/foundation/PxFoundationConfig.h:32,
                 from /public/home/tangwsh/PhysX/physx/include/foundation/PxAllocatorCallback.h:33,
                 from /public/home/tangwsh/PhysX/physx/include/foundation/PxAllocator.h:32,
                 from /public/home/tangwsh/PhysX/physx/include/foundation/PxTempAllocator.h:32,
                 from /public/home/tangwsh/PhysX/physx/include/foundation/PxAlloca.h:32,
                 from /public/home/tangwsh/PhysX/physx/source/lowlevel/common/src/pipeline/PxcNpContactPrepShared.cpp:29:
/public/home/tangwsh/PhysX/physx/source/geomutils/src/GuGeometryChecks.h:93:37: warning: ‘offsetof’ within non-standard-layout type ‘physx::PxCapsuleGeometry’ is conditionally-supported [-Winvalid-offsetof]
   93 | PX_COMPILE_TIME_ASSERT(PX_OFFSET_OF(physx::PxCapsuleGeometry, radius) == PX_OFFSET_OF(physx::PxSphereGeometry, radius));
/public/home/tangwsh/PhysX/physx/include/foundation/PxPreprocessor.h:430:51: note: in definition of macro ‘PX_COMPILE_TIME_ASSERT’
  430 | #define PX_COMPILE_TIME_ASSERT(exp) static_assert(exp, "")
      |                                                   ^~~
/public/home/tangwsh/PhysX/physx/source/geomutils/src/GuGeometryChecks.h:93:24: note: in expansion of macro ‘PX_OFFSET_OF’
   93 | PX_COMPILE_TIME_ASSERT(PX_OFFSET_OF(physx::PxCapsuleGeometry, radius) == PX_OFFSET_OF(physx::PxSphereGeometry, radius));
      |                        ^~~~~~~~~~~~
/public/home/tangwsh/PhysX/physx/source/geomutils/src/GuGeometryChecks.h:93:87: warning: ‘offsetof’ within non-standard-layout type ‘physx::PxSphereGeometry’ is conditionally-supported [-Winvalid-offsetof]
   93 | PX_COMPILE_TIME_ASSERT(PX_OFFSET_OF(physx::PxCapsuleGeometry, radius) == PX_OFFSET_OF(physx::PxSphereGeometry, radius));
/public/home/tangwsh/PhysX/physx/include/foundation/PxPreprocessor.h:430:51: note: in definition of macro ‘PX_COMPILE_TIME_ASSERT’
  430 | #define PX_COMPILE_TIME_ASSERT(exp) static_assert(exp, "")
      |                                                   ^~~
/public/home/tangwsh/PhysX/physx/source/geomutils/src/GuGeometryChecks.h:93:74: note: in expansion of macro ‘PX_OFFSET_OF’
   93 | PX_COMPILE_TIME_ASSERT(PX_OFFSET_OF(physx::PxCapsuleGeometry, radius) == PX_OFFSET_OF(physx::PxSphereGeometry, radius));
      |                                                                          ^~~~~~~~~~~~
[  6%] Building CXX object CMakeFiles/LowLevel.dir/public/home/tangwsh/PhysX/physx/source/lowlevel/common/src/pipeline/PxcNpMemBlockPool.cpp.o
In file included from /public/home/tangwsh/PhysX/physx/source/lowlevel/common/src/pipeline/PxcNpMemBlockPool.cpp:29:
/public/home/tangwsh/PhysX/physx/include/foundation/PxPreprocessor.h:524: warning: "PX_SUPPORT_GPU_PHYSX" redefined
  524 |         #define PX_SUPPORT_GPU_PHYSX ((PX_X64 && (PX_WINDOWS_FAMILY || PX_LINUX)) || (PX_A64 && PX_LINUX))
      | 
<command-line>: note: this is the location of the previous definition
[  6%] Building CXX object CMakeFiles/LowLevel.dir/public/home/tangwsh/PhysX/physx/source/lowlevel/common/src/pipeline/PxcNpThreadContext.cpp.o
In file included from /public/home/tangwsh/PhysX/physx/include/foundation/PxSimpleTypes.h:36,
                 from /public/home/tangwsh/PhysX/physx/include/common/PxPhysXCommonConfig.h:32,
                 from /public/home/tangwsh/PhysX/physx/include/PxPhysXConfig.h:35,
                 from /public/home/tangwsh/PhysX/physx/source/lowlevel/api/include/PxvConfig.h:34,
                 from /public/home/tangwsh/PhysX/physx/source/lowlevel/common/include/pipeline/PxcConstraintBlockStream.h:32,
                 from /public/home/tangwsh/PhysX/physx/source/lowlevel/common/src/pipeline/PxcNpThreadContext.cpp:29:
/public/home/tangwsh/PhysX/physx/include/foundation/PxPreprocessor.h:524: warning: "PX_SUPPORT_GPU_PHYSX" redefined
  524 |         #define PX_SUPPORT_GPU_PHYSX ((PX_X64 && (PX_WINDOWS_FAMILY || PX_LINUX)) || (PX_A64 && PX_LINUX))
      | 
<command-line>: note: this is the location of the previous definition
In file included from /public/home/tangwsh/PhysX/physx/include/foundation/PxSimpleTypes.h:36,
                 from /public/home/tangwsh/PhysX/physx/include/common/PxPhysXCommonConfig.h:32,
                 from /public/home/tangwsh/PhysX/physx/include/PxPhysXConfig.h:35,
                 from /public/home/tangwsh/PhysX/physx/source/lowlevel/api/include/PxvConfig.h:34,
                 from /public/home/tangwsh/PhysX/physx/source/lowlevel/common/include/pipeline/PxcConstraintBlockStream.h:32,
                 from /public/home/tangwsh/PhysX/physx/source/lowlevel/common/src/pipeline/PxcNpThreadContext.cpp:29:
/public/home/tangwsh/PhysX/physx/source/geomutils/src/GuGeometryChecks.h:93:37: warning: ‘offsetof’ within non-standard-layout type ‘physx::PxCapsuleGeometry’ is conditionally-supported [-Winvalid-offsetof]
   93 | PX_COMPILE_TIME_ASSERT(PX_OFFSET_OF(physx::PxCapsuleGeometry, radius) == PX_OFFSET_OF(physx::PxSphereGeometry, radius));
/public/home/tangwsh/PhysX/physx/include/foundation/PxPreprocessor.h:430:51: note: in definition of macro ‘PX_COMPILE_TIME_ASSERT’
  430 | #define PX_COMPILE_TIME_ASSERT(exp) static_assert(exp, "")
      |                                                   ^~~
/public/home/tangwsh/PhysX/physx/source/geomutils/src/GuGeometryChecks.h:93:24: note: in expansion of macro ‘PX_OFFSET_OF’
   93 | PX_COMPILE_TIME_ASSERT(PX_OFFSET_OF(physx::PxCapsuleGeometry, radius) == PX_OFFSET_OF(physx::PxSphereGeometry, radius));
      |                        ^~~~~~~~~~~~
/public/home/tangwsh/PhysX/physx/source/geomutils/src/GuGeometryChecks.h:93:87: warning: ‘offsetof’ within non-standard-layout type ‘physx::PxSphereGeometry’ is conditionally-supported [-Winvalid-offsetof]
   93 | PX_COMPILE_TIME_ASSERT(PX_OFFSET_OF(physx::PxCapsuleGeometry, radius) == PX_OFFSET_OF(physx::PxSphereGeometry, radius));
/public/home/tangwsh/PhysX/physx/include/foundation/PxPreprocessor.h:430:51: note: in definition of macro ‘PX_COMPILE_TIME_ASSERT’
  430 | #define PX_COMPILE_TIME_ASSERT(exp) static_assert(exp, "")
      |                                                   ^~~
/public/home/tangwsh/PhysX/physx/source/geomutils/src/GuGeometryChecks.h:93:74: note: in expansion of macro ‘PX_OFFSET_OF’
   93 | PX_COMPILE_TIME_ASSERT(PX_OFFSET_OF(physx::PxCapsuleGeometry, radius) == PX_OFFSET_OF(physx::PxSphereGeometry, radius));
      |                                                                          ^~~~~~~~~~~~
[  6%] Building CXX object CMakeFiles/LowLevel.dir/public/home/tangwsh/PhysX/physx/source/lowlevel/software/src/PxsCCD.cpp.o
In file included from /public/home/tangwsh/PhysX/physx/include/foundation/PxSimpleTypes.h:36,
                 from /public/home/tangwsh/PhysX/physx/include/foundation/PxProfiler.h:30,
                 from /public/home/tangwsh/PhysX/physx/include/common/PxProfileZone.h:30,
                 from /public/home/tangwsh/PhysX/physx/source/lowlevel/software/src/PxsCCD.cpp:29:
/public/home/tangwsh/PhysX/physx/include/foundation/PxPreprocessor.h:524: warning: "PX_SUPPORT_GPU_PHYSX" redefined
  524 |         #define PX_SUPPORT_GPU_PHYSX ((PX_X64 && (PX_WINDOWS_FAMILY || PX_LINUX)) || (PX_A64 && PX_LINUX))
      | 
<command-line>: note: this is the location of the previous definition
In file included from /public/home/tangwsh/PhysX/physx/include/foundation/PxSimpleTypes.h:36,
                 from /public/home/tangwsh/PhysX/physx/include/foundation/PxProfiler.h:30,
                 from /public/home/tangwsh/PhysX/physx/include/common/PxProfileZone.h:30,
                 from /public/home/tangwsh/PhysX/physx/source/lowlevel/software/src/PxsCCD.cpp:29:
/public/home/tangwsh/PhysX/physx/source/geomutils/src/GuGeometryChecks.h:93:37: warning: ‘offsetof’ within non-standard-layout type ‘physx::PxCapsuleGeometry’ is conditionally-supported [-Winvalid-offsetof]
   93 | PX_COMPILE_TIME_ASSERT(PX_OFFSET_OF(physx::PxCapsuleGeometry, radius) == PX_OFFSET_OF(physx::PxSphereGeometry, radius));
/public/home/tangwsh/PhysX/physx/include/foundation/PxPreprocessor.h:430:51: note: in definition of macro ‘PX_COMPILE_TIME_ASSERT’
  430 | #define PX_COMPILE_TIME_ASSERT(exp) static_assert(exp, "")
      |                                                   ^~~
/public/home/tangwsh/PhysX/physx/source/geomutils/src/GuGeometryChecks.h:93:24: note: in expansion of macro ‘PX_OFFSET_OF’
   93 | PX_COMPILE_TIME_ASSERT(PX_OFFSET_OF(physx::PxCapsuleGeometry, radius) == PX_OFFSET_OF(physx::PxSphereGeometry, radius));
      |                        ^~~~~~~~~~~~
/public/home/tangwsh/PhysX/physx/source/geomutils/src/GuGeometryChecks.h:93:87: warning: ‘offsetof’ within non-standard-layout type ‘physx::PxSphereGeometry’ is conditionally-supported [-Winvalid-offsetof]
   93 | PX_COMPILE_TIME_ASSERT(PX_OFFSET_OF(physx::PxCapsuleGeometry, radius) == PX_OFFSET_OF(physx::PxSphereGeometry, radius));
/public/home/tangwsh/PhysX/physx/include/foundation/PxPreprocessor.h:430:51: note: in definition of macro ‘PX_COMPILE_TIME_ASSERT’
  430 | #define PX_COMPILE_TIME_ASSERT(exp) static_assert(exp, "")
      |                                                   ^~~
/public/home/tangwsh/PhysX/physx/source/geomutils/src/GuGeometryChecks.h:93:74: note: in expansion of macro ‘PX_OFFSET_OF’
   93 | PX_COMPILE_TIME_ASSERT(PX_OFFSET_OF(physx::PxCapsuleGeometry, radius) == PX_OFFSET_OF(physx::PxSphereGeometry, radius));
      |                                                                          ^~~~~~~~~~~~
[  7%] Building CXX object CMakeFiles/LowLevel.dir/public/home/tangwsh/PhysX/physx/source/lowlevel/software/src/PxsContactManager.cpp.o
In file included from /public/home/tangwsh/PhysX/physx/include/foundation/PxSimpleTypes.h:36,
                 from /public/home/tangwsh/PhysX/physx/include/common/PxPhysXCommonConfig.h:32,
                 from /public/home/tangwsh/PhysX/physx/include/PxPhysXConfig.h:35,
                 from /public/home/tangwsh/PhysX/physx/source/lowlevel/api/include/PxvConfig.h:34,
                 from /public/home/tangwsh/PhysX/physx/source/lowlevel/software/include/PxsContactManager.h:32,
                 from /public/home/tangwsh/PhysX/physx/source/lowlevel/software/src/PxsContactManager.cpp:29:
/public/home/tangwsh/PhysX/physx/include/foundation/PxPreprocessor.h:524: warning: "PX_SUPPORT_GPU_PHYSX" redefined
  524 |         #define PX_SUPPORT_GPU_PHYSX ((PX_X64 && (PX_WINDOWS_FAMILY || PX_LINUX)) || (PX_A64 && PX_LINUX))
      | 
<command-line>: note: this is the location of the previous definition
In file included from /public/home/tangwsh/PhysX/physx/include/foundation/PxSimpleTypes.h:36,
                 from /public/home/tangwsh/PhysX/physx/include/common/PxPhysXCommonConfig.h:32,
                 from /public/home/tangwsh/PhysX/physx/include/PxPhysXConfig.h:35,
                 from /public/home/tangwsh/PhysX/physx/source/lowlevel/api/include/PxvConfig.h:34,
                 from /public/home/tangwsh/PhysX/physx/source/lowlevel/software/include/PxsContactManager.h:32,
                 from /public/home/tangwsh/PhysX/physx/source/lowlevel/software/src/PxsContactManager.cpp:29:
/public/home/tangwsh/PhysX/physx/source/geomutils/src/GuGeometryChecks.h:93:37: warning: ‘offsetof’ within non-standard-layout type ‘physx::PxCapsuleGeometry’ is conditionally-supported [-Winvalid-offsetof]
   93 | PX_COMPILE_TIME_ASSERT(PX_OFFSET_OF(physx::PxCapsuleGeometry, radius) == PX_OFFSET_OF(physx::PxSphereGeometry, radius));
/public/home/tangwsh/PhysX/physx/include/foundation/PxPreprocessor.h:430:51: note: in definition of macro ‘PX_COMPILE_TIME_ASSERT’
  430 | #define PX_COMPILE_TIME_ASSERT(exp) static_assert(exp, "")
      |                                                   ^~~
/public/home/tangwsh/PhysX/physx/source/geomutils/src/GuGeometryChecks.h:93:24: note: in expansion of macro ‘PX_OFFSET_OF’
   93 | PX_COMPILE_TIME_ASSERT(PX_OFFSET_OF(physx::PxCapsuleGeometry, radius) == PX_OFFSET_OF(physx::PxSphereGeometry, radius));
      |                        ^~~~~~~~~~~~
/public/home/tangwsh/PhysX/physx/source/geomutils/src/GuGeometryChecks.h:93:87: warning: ‘offsetof’ within non-standard-layout type ‘physx::PxSphereGeometry’ is conditionally-supported [-Winvalid-offsetof]
   93 | PX_COMPILE_TIME_ASSERT(PX_OFFSET_OF(physx::PxCapsuleGeometry, radius) == PX_OFFSET_OF(physx::PxSphereGeometry, radius));
/public/home/tangwsh/PhysX/physx/include/foundation/PxPreprocessor.h:430:51: note: in definition of macro ‘PX_COMPILE_TIME_ASSERT’
  430 | #define PX_COMPILE_TIME_ASSERT(exp) static_assert(exp, "")
      |                                                   ^~~
/public/home/tangwsh/PhysX/physx/source/geomutils/src/GuGeometryChecks.h:93:74: note: in expansion of macro ‘PX_OFFSET_OF’
   93 | PX_COMPILE_TIME_ASSERT(PX_OFFSET_OF(physx::PxCapsuleGeometry, radius) == PX_OFFSET_OF(physx::PxSphereGeometry, radius));
      |                                                                          ^~~~~~~~~~~~
[  7%] Building CXX object CMakeFiles/LowLevel.dir/public/home/tangwsh/PhysX/physx/source/lowlevel/software/src/PxsContext.cpp.o
In file included from /public/home/tangwsh/PhysX/physx/include/foundation/PxSimpleTypes.h:36,
                 from /public/home/tangwsh/PhysX/physx/include/foundation/PxProfiler.h:30,
                 from /public/home/tangwsh/PhysX/physx/include/common/PxProfileZone.h:30,
                 from /public/home/tangwsh/PhysX/physx/source/lowlevel/software/src/PxsContext.cpp:29:
/public/home/tangwsh/PhysX/physx/include/foundation/PxPreprocessor.h:524: warning: "PX_SUPPORT_GPU_PHYSX" redefined
  524 |         #define PX_SUPPORT_GPU_PHYSX ((PX_X64 && (PX_WINDOWS_FAMILY || PX_LINUX)) || (PX_A64 && PX_LINUX))
      | 
<command-line>: note: this is the location of the previous definition
In file included from /public/home/tangwsh/PhysX/physx/include/foundation/PxSimpleTypes.h:36,
                 from /public/home/tangwsh/PhysX/physx/include/foundation/PxProfiler.h:30,
                 from /public/home/tangwsh/PhysX/physx/include/common/PxProfileZone.h:30,
                 from /public/home/tangwsh/PhysX/physx/source/lowlevel/software/src/PxsContext.cpp:29:
/public/home/tangwsh/PhysX/physx/source/geomutils/src/GuGeometryChecks.h:93:37: warning: ‘offsetof’ within non-standard-layout type ‘physx::PxCapsuleGeometry’ is conditionally-supported [-Winvalid-offsetof]
   93 | PX_COMPILE_TIME_ASSERT(PX_OFFSET_OF(physx::PxCapsuleGeometry, radius) == PX_OFFSET_OF(physx::PxSphereGeometry, radius));
/public/home/tangwsh/PhysX/physx/include/foundation/PxPreprocessor.h:430:51: note: in definition of macro ‘PX_COMPILE_TIME_ASSERT’
  430 | #define PX_COMPILE_TIME_ASSERT(exp) static_assert(exp, "")
      |                                                   ^~~
/public/home/tangwsh/PhysX/physx/source/geomutils/src/GuGeometryChecks.h:93:24: note: in expansion of macro ‘PX_OFFSET_OF’
   93 | PX_COMPILE_TIME_ASSERT(PX_OFFSET_OF(physx::PxCapsuleGeometry, radius) == PX_OFFSET_OF(physx::PxSphereGeometry, radius));
      |                        ^~~~~~~~~~~~
/public/home/tangwsh/PhysX/physx/source/geomutils/src/GuGeometryChecks.h:93:87: warning: ‘offsetof’ within non-standard-layout type ‘physx::PxSphereGeometry’ is conditionally-supported [-Winvalid-offsetof]
   93 | PX_COMPILE_TIME_ASSERT(PX_OFFSET_OF(physx::PxCapsuleGeometry, radius) == PX_OFFSET_OF(physx::PxSphereGeometry, radius));
/public/home/tangwsh/PhysX/physx/include/foundation/PxPreprocessor.h:430:51: note: in definition of macro ‘PX_COMPILE_TIME_ASSERT’
  430 | #define PX_COMPILE_TIME_ASSERT(exp) static_assert(exp, "")
      |                                                   ^~~
/public/home/tangwsh/PhysX/physx/source/geomutils/src/GuGeometryChecks.h:93:74: note: in expansion of macro ‘PX_OFFSET_OF’
   93 | PX_COMPILE_TIME_ASSERT(PX_OFFSET_OF(physx::PxCapsuleGeometry, radius) == PX_OFFSET_OF(physx::PxSphereGeometry, radius));
      |                                                                          ^~~~~~~~~~~~
[  7%] Building CXX object CMakeFiles/LowLevel.dir/public/home/tangwsh/PhysX/physx/source/lowlevel/software/src/PxsDefaultMemoryManager.cpp.o
In file included from /public/home/tangwsh/PhysX/physx/source/lowlevel/software/include/PxsMemoryManager.h:32,
                 from /public/home/tangwsh/PhysX/physx/source/lowlevel/software/src/PxsDefaultMemoryManager.cpp:29:
/public/home/tangwsh/PhysX/physx/include/foundation/PxPreprocessor.h:524: warning: "PX_SUPPORT_GPU_PHYSX" redefined
  524 |         #define PX_SUPPORT_GPU_PHYSX ((PX_X64 && (PX_WINDOWS_FAMILY || PX_LINUX)) || (PX_A64 && PX_LINUX))
      | 
<command-line>: note: this is the location of the previous definition
[  7%] Building CXX object CMakeFiles/LowLevel.dir/public/home/tangwsh/PhysX/physx/source/lowlevel/software/src/PxsIslandSim.cpp.o
In file included from /public/home/tangwsh/PhysX/physx/include/foundation/PxFoundationConfig.h:32,
                 from /public/home/tangwsh/PhysX/physx/include/foundation/PxAssert.h:33,
                 from /public/home/tangwsh/PhysX/physx/source/lowlevel/software/include/PxsIslandSim.h:32,
                 from /public/home/tangwsh/PhysX/physx/source/lowlevel/software/src/PxsIslandSim.cpp:29:
/public/home/tangwsh/PhysX/physx/include/foundation/PxPreprocessor.h:524: warning: "PX_SUPPORT_GPU_PHYSX" redefined
  524 |         #define PX_SUPPORT_GPU_PHYSX ((PX_X64 && (PX_WINDOWS_FAMILY || PX_LINUX)) || (PX_A64 && PX_LINUX))
      | 
<command-line>: note: this is the location of the previous definition
[  7%] Building CXX object CMakeFiles/LowLevel.dir/public/home/tangwsh/PhysX/physx/source/lowlevel/software/src/PxsNphaseImplementationContext.cpp.o
In file included from /public/home/tangwsh/PhysX/physx/include/foundation/PxFoundationConfig.h:32,
                 from /public/home/tangwsh/PhysX/physx/include/foundation/PxAssert.h:33,
                 from /public/home/tangwsh/PhysX/physx/include/foundation/PxArray.h:32,
                 from /public/home/tangwsh/PhysX/physx/include/foundation/PxPinnedArray.h:32,
                 from /public/home/tangwsh/PhysX/physx/source/lowlevel/software/include/PxsContext.h:32,
                 from /public/home/tangwsh/PhysX/physx/source/lowlevel/software/src/PxsNphaseImplementationContext.cpp:29:
/public/home/tangwsh/PhysX/physx/include/foundation/PxPreprocessor.h:524: warning: "PX_SUPPORT_GPU_PHYSX" redefined
  524 |         #define PX_SUPPORT_GPU_PHYSX ((PX_X64 && (PX_WINDOWS_FAMILY || PX_LINUX)) || (PX_A64 && PX_LINUX))
      | 
<command-line>: note: this is the location of the previous definition
In file included from /public/home/tangwsh/PhysX/physx/include/foundation/PxFoundationConfig.h:32,
                 from /public/home/tangwsh/PhysX/physx/include/foundation/PxAssert.h:33,
                 from /public/home/tangwsh/PhysX/physx/include/foundation/PxArray.h:32,
                 from /public/home/tangwsh/PhysX/physx/include/foundation/PxPinnedArray.h:32,
                 from /public/home/tangwsh/PhysX/physx/source/lowlevel/software/include/PxsContext.h:32,
                 from /public/home/tangwsh/PhysX/physx/source/lowlevel/software/src/PxsNphaseImplementationContext.cpp:29:
/public/home/tangwsh/PhysX/physx/source/geomutils/src/GuGeometryChecks.h:93:37: warning: ‘offsetof’ within non-standard-layout type ‘physx::PxCapsuleGeometry’ is conditionally-supported [-Winvalid-offsetof]
   93 | PX_COMPILE_TIME_ASSERT(PX_OFFSET_OF(physx::PxCapsuleGeometry, radius) == PX_OFFSET_OF(physx::PxSphereGeometry, radius));
/public/home/tangwsh/PhysX/physx/include/foundation/PxPreprocessor.h:430:51: note: in definition of macro ‘PX_COMPILE_TIME_ASSERT’
  430 | #define PX_COMPILE_TIME_ASSERT(exp) static_assert(exp, "")
      |                                                   ^~~
/public/home/tangwsh/PhysX/physx/source/geomutils/src/GuGeometryChecks.h:93:24: note: in expansion of macro ‘PX_OFFSET_OF’
   93 | PX_COMPILE_TIME_ASSERT(PX_OFFSET_OF(physx::PxCapsuleGeometry, radius) == PX_OFFSET_OF(physx::PxSphereGeometry, radius));
      |                        ^~~~~~~~~~~~
/public/home/tangwsh/PhysX/physx/source/geomutils/src/GuGeometryChecks.h:93:87: warning: ‘offsetof’ within non-standard-layout type ‘physx::PxSphereGeometry’ is conditionally-supported [-Winvalid-offsetof]
   93 | PX_COMPILE_TIME_ASSERT(PX_OFFSET_OF(physx::PxCapsuleGeometry, radius) == PX_OFFSET_OF(physx::PxSphereGeometry, radius));
/public/home/tangwsh/PhysX/physx/include/foundation/PxPreprocessor.h:430:51: note: in definition of macro ‘PX_COMPILE_TIME_ASSERT’
  430 | #define PX_COMPILE_TIME_ASSERT(exp) static_assert(exp, "")
      |                                                   ^~~
/public/home/tangwsh/PhysX/physx/source/geomutils/src/GuGeometryChecks.h:93:74: note: in expansion of macro ‘PX_OFFSET_OF’
   93 | PX_COMPILE_TIME_ASSERT(PX_OFFSET_OF(physx::PxCapsuleGeometry, radius) == PX_OFFSET_OF(physx::PxSphereGeometry, radius));
      |                                                                          ^~~~~~~~~~~~
[  8%] Building CXX object CMakeFiles/LowLevel.dir/public/home/tangwsh/PhysX/physx/source/lowlevel/software/src/PxsSimpleIslandManager.cpp.o
In file included from /public/home/tangwsh/PhysX/physx/include/foundation/PxSimpleTypes.h:36,
                 from /public/home/tangwsh/PhysX/physx/include/foundation/PxProfiler.h:30,
                 from /public/home/tangwsh/PhysX/physx/include/common/PxProfileZone.h:30,
                 from /public/home/tangwsh/PhysX/physx/source/lowlevel/software/src/PxsSimpleIslandManager.cpp:29:
/public/home/tangwsh/PhysX/physx/include/foundation/PxPreprocessor.h:524: warning: "PX_SUPPORT_GPU_PHYSX" redefined
  524 |         #define PX_SUPPORT_GPU_PHYSX ((PX_X64 && (PX_WINDOWS_FAMILY || PX_LINUX)) || (PX_A64 && PX_LINUX))
      | 
<command-line>: note: this is the location of the previous definition
In file included from /public/home/tangwsh/PhysX/physx/include/foundation/PxSimpleTypes.h:36,
                 from /public/home/tangwsh/PhysX/physx/include/foundation/PxProfiler.h:30,
                 from /public/home/tangwsh/PhysX/physx/include/common/PxProfileZone.h:30,
                 from /public/home/tangwsh/PhysX/physx/source/lowlevel/software/src/PxsSimpleIslandManager.cpp:29:
/public/home/tangwsh/PhysX/physx/source/geomutils/src/GuGeometryChecks.h:93:37: warning: ‘offsetof’ within non-standard-layout type ‘physx::PxCapsuleGeometry’ is conditionally-supported [-Winvalid-offsetof]
   93 | PX_COMPILE_TIME_ASSERT(PX_OFFSET_OF(physx::PxCapsuleGeometry, radius) == PX_OFFSET_OF(physx::PxSphereGeometry, radius));
/public/home/tangwsh/PhysX/physx/include/foundation/PxPreprocessor.h:430:51: note: in definition of macro ‘PX_COMPILE_TIME_ASSERT’
  430 | #define PX_COMPILE_TIME_ASSERT(exp) static_assert(exp, "")
      |                                                   ^~~
/public/home/tangwsh/PhysX/physx/source/geomutils/src/GuGeometryChecks.h:93:24: note: in expansion of macro ‘PX_OFFSET_OF’
   93 | PX_COMPILE_TIME_ASSERT(PX_OFFSET_OF(physx::PxCapsuleGeometry, radius) == PX_OFFSET_OF(physx::PxSphereGeometry, radius));
      |                        ^~~~~~~~~~~~
/public/home/tangwsh/PhysX/physx/source/geomutils/src/GuGeometryChecks.h:93:87: warning: ‘offsetof’ within non-standard-layout type ‘physx::PxSphereGeometry’ is conditionally-supported [-Winvalid-offsetof]
   93 | PX_COMPILE_TIME_ASSERT(PX_OFFSET_OF(physx::PxCapsuleGeometry, radius) == PX_OFFSET_OF(physx::PxSphereGeometry, radius));
/public/home/tangwsh/PhysX/physx/include/foundation/PxPreprocessor.h:430:51: note: in definition of macro ‘PX_COMPILE_TIME_ASSERT’
  430 | #define PX_COMPILE_TIME_ASSERT(exp) static_assert(exp, "")
      |                                                   ^~~
/public/home/tangwsh/PhysX/physx/source/geomutils/src/GuGeometryChecks.h:93:74: note: in expansion of macro ‘PX_OFFSET_OF’
   93 | PX_COMPILE_TIME_ASSERT(PX_OFFSET_OF(physx::PxCapsuleGeometry, radius) == PX_OFFSET_OF(physx::PxSphereGeometry, radius));
      |                                                                          ^~~~~~~~~~~~
[  8%] Linking CXX static library libLowLevel.a
[  8%] Built target LowLevel
[  8%] Building CXX object CMakeFiles/GeomUtils.dir/public/home/tangwsh/PhysX/physx/source/geomutils/src/GuAABBPruner.cpp.o
In file included from /public/home/tangwsh/PhysX/physx/include/foundation/PxSimpleTypes.h:36,
                 from /public/home/tangwsh/PhysX/physx/include/foundation/PxProfiler.h:30,
                 from /public/home/tangwsh/PhysX/physx/include/common/PxProfileZone.h:30,
                 from /public/home/tangwsh/PhysX/physx/source/geomutils/src/GuAABBPruner.cpp:29:
/public/home/tangwsh/PhysX/physx/include/foundation/PxPreprocessor.h:524: warning: "PX_SUPPORT_GPU_PHYSX" redefined
  524 |         #define PX_SUPPORT_GPU_PHYSX ((PX_X64 && (PX_WINDOWS_FAMILY || PX_LINUX)) || (PX_A64 && PX_LINUX))
      | 
<command-line>: note: this is the location of the previous definition
[  8%] Building CXX object CMakeFiles/GeomUtils.dir/public/home/tangwsh/PhysX/physx/source/geomutils/src/GuAABBTree.cpp.o
In file included from /public/home/tangwsh/PhysX/physx/include/foundation/PxSimpleTypes.h:36,
                 from /public/home/tangwsh/PhysX/physx/include/common/PxPhysXCommonConfig.h:32,
                 from /public/home/tangwsh/PhysX/physx/source/geomutils/src/GuAABBTreeBounds.h:32,
                 from /public/home/tangwsh/PhysX/physx/source/geomutils/src/GuAABBTree.cpp:29:
/public/home/tangwsh/PhysX/physx/include/foundation/PxPreprocessor.h:524: warning: "PX_SUPPORT_GPU_PHYSX" redefined
  524 |         #define PX_SUPPORT_GPU_PHYSX ((PX_X64 && (PX_WINDOWS_FAMILY || PX_LINUX)) || (PX_A64 && PX_LINUX))
      | 
<command-line>: note: this is the location of the previous definition
[  9%] Building CXX object CMakeFiles/GeomUtils.dir/public/home/tangwsh/PhysX/physx/source/geomutils/src/GuAABBTreeUpdateMap.cpp.o
In file included from /public/home/tangwsh/PhysX/physx/include/foundation/PxSimpleTypes.h:36,
                 from /public/home/tangwsh/PhysX/physx/include/common/PxPhysXCommonConfig.h:32,
                 from /public/home/tangwsh/PhysX/physx/source/geomutils/src/GuAABBTreeUpdateMap.h:32,
                 from /public/home/tangwsh/PhysX/physx/source/geomutils/src/GuAABBTreeUpdateMap.cpp:29:
/public/home/tangwsh/PhysX/physx/include/foundation/PxPreprocessor.h:524: warning: "PX_SUPPORT_GPU_PHYSX" redefined
  524 |         #define PX_SUPPORT_GPU_PHYSX ((PX_X64 && (PX_WINDOWS_FAMILY || PX_LINUX)) || (PX_A64 && PX_LINUX))
      | 
<command-line>: note: this is the location of the previous definition
[  9%] Building CXX object CMakeFiles/GeomUtils.dir/public/home/tangwsh/PhysX/physx/source/geomutils/src/GuActorShapeMap.cpp.o
In file included from /public/home/tangwsh/PhysX/physx/include/foundation/PxSimpleTypes.h:36,
                 from /public/home/tangwsh/PhysX/physx/include/common/PxPhysXCommonConfig.h:32,
                 from /public/home/tangwsh/PhysX/physx/source/geomutils/include/GuActorShapeMap.h:32,
                 from /public/home/tangwsh/PhysX/physx/source/geomutils/src/GuActorShapeMap.cpp:29:
/public/home/tangwsh/PhysX/physx/include/foundation/PxPreprocessor.h:524: warning: "PX_SUPPORT_GPU_PHYSX" redefined
  524 |         #define PX_SUPPORT_GPU_PHYSX ((PX_X64 && (PX_WINDOWS_FAMILY || PX_LINUX)) || (PX_A64 && PX_LINUX))
      | 
<command-line>: note: this is the location of the previous definition
[  9%] Building CXX object CMakeFiles/GeomUtils.dir/public/home/tangwsh/PhysX/physx/source/geomutils/src/GuBVH.cpp.o
In file included from /public/home/tangwsh/PhysX/physx/include/foundation/PxSimpleTypes.h:36,
                 from /public/home/tangwsh/PhysX/physx/include/foundation/PxFoundation.h:33,
                 from /public/home/tangwsh/PhysX/physx/source/geomutils/src/GuBVH.cpp:29:
/public/home/tangwsh/PhysX/physx/include/foundation/PxPreprocessor.h:524: warning: "PX_SUPPORT_GPU_PHYSX" redefined
  524 |         #define PX_SUPPORT_GPU_PHYSX ((PX_X64 && (PX_WINDOWS_FAMILY || PX_LINUX)) || (PX_A64 && PX_LINUX))
      | 
<command-line>: note: this is the location of the previous definition
[  9%] Building CXX object CMakeFiles/GeomUtils.dir/public/home/tangwsh/PhysX/physx/source/geomutils/src/GuBounds.cpp.o
In file included from /public/home/tangwsh/PhysX/physx/include/foundation/PxMath.h:33,
                 from /public/home/tangwsh/PhysX/physx/include/foundation/PxVec3.h:33,
                 from /public/home/tangwsh/PhysX/physx/include/foundation/PxQuat.h:33,
                 from /public/home/tangwsh/PhysX/physx/include/foundation/PxTransform.h:32,
                 from /public/home/tangwsh/PhysX/physx/include/foundation/PxBounds3.h:32,
                 from /public/home/tangwsh/PhysX/physx/source/geomutils/include/GuBounds.h:32,
                 from /public/home/tangwsh/PhysX/physx/source/geomutils/src/GuBounds.cpp:29:
/public/home/tangwsh/PhysX/physx/include/foundation/PxPreprocessor.h:524: warning: "PX_SUPPORT_GPU_PHYSX" redefined
  524 |         #define PX_SUPPORT_GPU_PHYSX ((PX_X64 && (PX_WINDOWS_FAMILY || PX_LINUX)) || (PX_A64 && PX_LINUX))
      | 
<command-line>: note: this is the location of the previous definition
[  9%] Building CXX object CMakeFiles/GeomUtils.dir/public/home/tangwsh/PhysX/physx/source/geomutils/src/GuBox.cpp.o
In file included from /public/home/tangwsh/PhysX/physx/include/foundation/PxIntrinsics.h:32,
                 from /public/home/tangwsh/PhysX/physx/source/geomutils/src/GuBox.cpp:29:
/public/home/tangwsh/PhysX/physx/include/foundation/PxPreprocessor.h:524: warning: "PX_SUPPORT_GPU_PHYSX" redefined
  524 |         #define PX_SUPPORT_GPU_PHYSX ((PX_X64 && (PX_WINDOWS_FAMILY || PX_LINUX)) || (PX_A64 && PX_LINUX))
      | 
<command-line>: note: this is the location of the previous definition
[ 10%] Building CXX object CMakeFiles/GeomUtils.dir/public/home/tangwsh/PhysX/physx/source/geomutils/src/GuBucketPruner.cpp.o
In file included from /public/home/tangwsh/PhysX/physx/include/foundation/PxSimpleTypes.h:36,
                 from /public/home/tangwsh/PhysX/physx/include/foundation/PxMemory.h:33,
                 from /public/home/tangwsh/PhysX/physx/source/geomutils/src/GuBucketPruner.cpp:29:
/public/home/tangwsh/PhysX/physx/include/foundation/PxPreprocessor.h:524: warning: "PX_SUPPORT_GPU_PHYSX" redefined
  524 |         #define PX_SUPPORT_GPU_PHYSX ((PX_X64 && (PX_WINDOWS_FAMILY || PX_LINUX)) || (PX_A64 && PX_LINUX))
      | 
<command-line>: note: this is the location of the previous definition
[ 10%] Building CXX object CMakeFiles/GeomUtils.dir/public/home/tangwsh/PhysX/physx/source/geomutils/src/GuCCTSweepTests.cpp.o
In file included from /public/home/tangwsh/PhysX/physx/include/foundation/PxSimpleTypes.h:36,
                 from /public/home/tangwsh/PhysX/physx/include/common/PxPhysXCommonConfig.h:32,
                 from /public/home/tangwsh/PhysX/physx/include/geometry/PxGeometry.h:32,
                 from /public/home/tangwsh/PhysX/physx/include/geometry/PxSphereGeometry.h:31,
                 from /public/home/tangwsh/PhysX/physx/source/geomutils/src/GuCCTSweepTests.cpp:29:
/public/home/tangwsh/PhysX/physx/include/foundation/PxPreprocessor.h:524: warning: "PX_SUPPORT_GPU_PHYSX" redefined
  524 |         #define PX_SUPPORT_GPU_PHYSX ((PX_X64 && (PX_WINDOWS_FAMILY || PX_LINUX)) || (PX_A64 && PX_LINUX))
      | 
<command-line>: note: this is the location of the previous definition
[ 10%] Building CXX object CMakeFiles/GeomUtils.dir/public/home/tangwsh/PhysX/physx/source/geomutils/src/GuCapsule.cpp.o
In file included from /public/home/tangwsh/PhysX/physx/include/foundation/PxIntrinsics.h:32,
                 from /public/home/tangwsh/PhysX/physx/source/geomutils/src/GuCapsule.cpp:29:
/public/home/tangwsh/PhysX/physx/include/foundation/PxPreprocessor.h:524: warning: "PX_SUPPORT_GPU_PHYSX" redefined
  524 |         #define PX_SUPPORT_GPU_PHYSX ((PX_X64 && (PX_WINDOWS_FAMILY || PX_LINUX)) || (PX_A64 && PX_LINUX))
      | 
<command-line>: note: this is the location of the previous definition
[ 10%] Building CXX object CMakeFiles/GeomUtils.dir/public/home/tangwsh/PhysX/physx/source/geomutils/src/GuConvexGeometry.cpp.o
In file included from /public/home/tangwsh/PhysX/physx/include/foundation/PxBasicTemplates.h:32,
                 from /public/home/tangwsh/PhysX/physx/source/geomutils/src/GuConvexGeometry.cpp:29:
/public/home/tangwsh/PhysX/physx/include/foundation/PxPreprocessor.h:524: warning: "PX_SUPPORT_GPU_PHYSX" redefined
  524 |         #define PX_SUPPORT_GPU_PHYSX ((PX_X64 && (PX_WINDOWS_FAMILY || PX_LINUX)) || (PX_A64 && PX_LINUX))
      | 
<command-line>: note: this is the location of the previous definition
[ 10%] Building CXX object CMakeFiles/GeomUtils.dir/public/home/tangwsh/PhysX/physx/source/geomutils/src/GuConvexSupport.cpp.o
In file included from /public/home/tangwsh/PhysX/physx/include/foundation/PxSimpleTypes.h:36,
                 from /public/home/tangwsh/PhysX/physx/include/common/PxPhysXCommonConfig.h:32,
                 from /public/home/tangwsh/PhysX/physx/source/geomutils/src/GuConvexSupport.cpp:29:
/public/home/tangwsh/PhysX/physx/include/foundation/PxPreprocessor.h:524: warning: "PX_SUPPORT_GPU_PHYSX" redefined
  524 |         #define PX_SUPPORT_GPU_PHYSX ((PX_X64 && (PX_WINDOWS_FAMILY || PX_LINUX)) || (PX_A64 && PX_LINUX))
      | 
<command-line>: note: this is the location of the previous definition
[ 11%] Building CXX object CMakeFiles/GeomUtils.dir/public/home/tangwsh/PhysX/physx/source/geomutils/src/GuExtendedBucketPruner.cpp.o
In file included from /public/home/tangwsh/PhysX/physx/include/foundation/PxFoundationConfig.h:32,
                 from /public/home/tangwsh/PhysX/physx/include/foundation/PxAssert.h:33,
                 from /public/home/tangwsh/PhysX/physx/include/foundation/PxBitMap.h:32,
                 from /public/home/tangwsh/PhysX/physx/source/geomutils/src/GuExtendedBucketPruner.cpp:29:
/public/home/tangwsh/PhysX/physx/include/foundation/PxPreprocessor.h:524: warning: "PX_SUPPORT_GPU_PHYSX" redefined
  524 |         #define PX_SUPPORT_GPU_PHYSX ((PX_X64 && (PX_WINDOWS_FAMILY || PX_LINUX)) || (PX_A64 && PX_LINUX))
      | 
<command-line>: note: this is the location of the previous definition
[ 11%] Building CXX object CMakeFiles/GeomUtils.dir/public/home/tangwsh/PhysX/physx/source/geomutils/src/GuFactory.cpp.o
In file included from /public/home/tangwsh/PhysX/physx/include/foundation/PxSimpleTypes.h:36,
                 from /public/home/tangwsh/PhysX/physx/source/geomutils/include/GuFactory.h:32,
                 from /public/home/tangwsh/PhysX/physx/source/geomutils/src/GuFactory.cpp:29:
/public/home/tangwsh/PhysX/physx/include/foundation/PxPreprocessor.h:524: warning: "PX_SUPPORT_GPU_PHYSX" redefined
  524 |         #define PX_SUPPORT_GPU_PHYSX ((PX_X64 && (PX_WINDOWS_FAMILY || PX_LINUX)) || (PX_A64 && PX_LINUX))
      | 
<command-line>: note: this is the location of the previous definition
[ 11%] Building CXX object CMakeFiles/GeomUtils.dir/public/home/tangwsh/PhysX/physx/source/geomutils/src/GuGeometryQuery.cpp.o
In file included from /public/home/tangwsh/PhysX/physx/include/foundation/PxMath.h:33,
                 from /public/home/tangwsh/PhysX/physx/include/foundation/PxVec3.h:33,
                 from /public/home/tangwsh/PhysX/physx/include/foundation/PxQuat.h:33,
                 from /public/home/tangwsh/PhysX/physx/include/foundation/PxTransform.h:32,
                 from /public/home/tangwsh/PhysX/physx/include/geometry/PxGeometryQuery.h:41,
                 from /public/home/tangwsh/PhysX/physx/source/geomutils/src/GuGeometryQuery.cpp:29:
/public/home/tangwsh/PhysX/physx/include/foundation/PxPreprocessor.h:524: warning: "PX_SUPPORT_GPU_PHYSX" redefined
  524 |         #define PX_SUPPORT_GPU_PHYSX ((PX_X64 && (PX_WINDOWS_FAMILY || PX_LINUX)) || (PX_A64 && PX_LINUX))
      | 
<command-line>: note: this is the location of the previous definition
[ 11%] Building CXX object CMakeFiles/GeomUtils.dir/public/home/tangwsh/PhysX/physx/source/geomutils/src/GuGjkQuery.cpp.o
In file included from /public/home/tangwsh/PhysX/physx/include/foundation/PxSimpleTypes.h:36,
                 from /public/home/tangwsh/PhysX/physx/include/common/PxPhysXCommonConfig.h:32,
                 from /public/home/tangwsh/PhysX/physx/include/geometry/PxGjkQuery.h:32,
                 from /public/home/tangwsh/PhysX/physx/source/geomutils/src/GuGjkQuery.cpp:29:
/public/home/tangwsh/PhysX/physx/include/foundation/PxPreprocessor.h:524: warning: "PX_SUPPORT_GPU_PHYSX" redefined
  524 |         #define PX_SUPPORT_GPU_PHYSX ((PX_X64 && (PX_WINDOWS_FAMILY || PX_LINUX)) || (PX_A64 && PX_LINUX))
      | 
<command-line>: note: this is the location of the previous definition
[ 11%] Building CXX object CMakeFiles/GeomUtils.dir/public/home/tangwsh/PhysX/physx/source/geomutils/src/GuIncrementalAABBPruner.cpp.o
In file included from /public/home/tangwsh/PhysX/physx/include/foundation/PxSimpleTypes.h:36,
                 from /public/home/tangwsh/PhysX/physx/include/foundation/PxProfiler.h:30,
                 from /public/home/tangwsh/PhysX/physx/include/common/PxProfileZone.h:30,
                 from /public/home/tangwsh/PhysX/physx/source/geomutils/src/GuIncrementalAABBPruner.cpp:33:
/public/home/tangwsh/PhysX/physx/include/foundation/PxPreprocessor.h:524: warning: "PX_SUPPORT_GPU_PHYSX" redefined
  524 |         #define PX_SUPPORT_GPU_PHYSX ((PX_X64 && (PX_WINDOWS_FAMILY || PX_LINUX)) || (PX_A64 && PX_LINUX))
      | 
<command-line>: note: this is the location of the previous definition
[ 12%] Building CXX object CMakeFiles/GeomUtils.dir/public/home/tangwsh/PhysX/physx/source/geomutils/src/GuIncrementalAABBPrunerCore.cpp.o
In file included from /public/home/tangwsh/PhysX/physx/include/foundation/PxMath.h:33,
                 from /public/home/tangwsh/PhysX/physx/include/foundation/PxVec3.h:33,
                 from /public/home/tangwsh/PhysX/physx/include/foundation/PxQuat.h:33,
                 from /public/home/tangwsh/PhysX/physx/include/foundation/PxTransform.h:32,
                 from /public/home/tangwsh/PhysX/physx/source/common/src/CmVisualization.h:32,
                 from /public/home/tangwsh/PhysX/physx/source/geomutils/src/GuIncrementalAABBPrunerCore.cpp:29:
/public/home/tangwsh/PhysX/physx/include/foundation/PxPreprocessor.h:524: warning: "PX_SUPPORT_GPU_PHYSX" redefined
  524 |         #define PX_SUPPORT_GPU_PHYSX ((PX_X64 && (PX_WINDOWS_FAMILY || PX_LINUX)) || (PX_A64 && PX_LINUX))
      | 
<command-line>: note: this is the location of the previous definition
[ 12%] Building CXX object CMakeFiles/GeomUtils.dir/public/home/tangwsh/PhysX/physx/source/geomutils/src/GuIncrementalAABBTree.cpp.o
In file included from /public/home/tangwsh/PhysX/physx/include/foundation/PxSimpleTypes.h:36,
                 from /public/home/tangwsh/PhysX/physx/include/foundation/PxMemory.h:33,
                 from /public/home/tangwsh/PhysX/physx/source/geomutils/src/GuIncrementalAABBTree.cpp:29:
/public/home/tangwsh/PhysX/physx/include/foundation/PxPreprocessor.h:524: warning: "PX_SUPPORT_GPU_PHYSX" redefined
  524 |         #define PX_SUPPORT_GPU_PHYSX ((PX_X64 && (PX_WINDOWS_FAMILY || PX_LINUX)) || (PX_A64 && PX_LINUX))
      | 
<command-line>: note: this is the location of the previous definition
[ 12%] Building CXX object CMakeFiles/GeomUtils.dir/public/home/tangwsh/PhysX/physx/source/geomutils/src/GuInternal.cpp.o
In file included from /public/home/tangwsh/PhysX/physx/include/foundation/PxMath.h:33,
                 from /public/home/tangwsh/PhysX/physx/include/foundation/PxVec3.h:33,
                 from /public/home/tangwsh/PhysX/physx/include/foundation/PxQuat.h:33,
                 from /public/home/tangwsh/PhysX/physx/include/foundation/PxTransform.h:32,
                 from /public/home/tangwsh/PhysX/physx/include/foundation/PxBounds3.h:32,
                 from /public/home/tangwsh/PhysX/physx/source/geomutils/src/GuInternal.cpp:29:
/public/home/tangwsh/PhysX/physx/include/foundation/PxPreprocessor.h:524: warning: "PX_SUPPORT_GPU_PHYSX" redefined
  524 |         #define PX_SUPPORT_GPU_PHYSX ((PX_X64 && (PX_WINDOWS_FAMILY || PX_LINUX)) || (PX_A64 && PX_LINUX))
      | 
<command-line>: note: this is the location of the previous definition
[ 12%] Building CXX object CMakeFiles/GeomUtils.dir/public/home/tangwsh/PhysX/physx/source/geomutils/src/GuMTD.cpp.o
In file included from /public/home/tangwsh/PhysX/physx/include/foundation/PxMath.h:33,
                 from /public/home/tangwsh/PhysX/physx/include/foundation/PxVec3.h:33,
                 from /public/home/tangwsh/PhysX/physx/source/geomutils/src/GuMTD.h:32,
                 from /public/home/tangwsh/PhysX/physx/source/geomutils/src/GuMTD.cpp:29:
/public/home/tangwsh/PhysX/physx/include/foundation/PxPreprocessor.h:524: warning: "PX_SUPPORT_GPU_PHYSX" redefined
  524 |         #define PX_SUPPORT_GPU_PHYSX ((PX_X64 && (PX_WINDOWS_FAMILY || PX_LINUX)) || (PX_A64 && PX_LINUX))
      | 
<command-line>: note: this is the location of the previous definition
In file included from /public/home/tangwsh/PhysX/physx/include/foundation/PxMath.h:33,
                 from /public/home/tangwsh/PhysX/physx/include/foundation/PxVec3.h:33,
                 from /public/home/tangwsh/PhysX/physx/source/geomutils/src/GuMTD.h:32,
                 from /public/home/tangwsh/PhysX/physx/source/geomutils/src/GuMTD.cpp:29:
/public/home/tangwsh/PhysX/physx/source/geomutils/src/GuGeometryChecks.h:93:37: warning: ‘offsetof’ within non-standard-layout type ‘physx::PxCapsuleGeometry’ is conditionally-supported [-Winvalid-offsetof]
   93 | PX_COMPILE_TIME_ASSERT(PX_OFFSET_OF(physx::PxCapsuleGeometry, radius) == PX_OFFSET_OF(physx::PxSphereGeometry, radius));
/public/home/tangwsh/PhysX/physx/include/foundation/PxPreprocessor.h:430:51: note: in definition of macro ‘PX_COMPILE_TIME_ASSERT’
  430 | #define PX_COMPILE_TIME_ASSERT(exp) static_assert(exp, "")
      |                                                   ^~~
/public/home/tangwsh/PhysX/physx/source/geomutils/src/GuGeometryChecks.h:93:24: note: in expansion of macro ‘PX_OFFSET_OF’
   93 | PX_COMPILE_TIME_ASSERT(PX_OFFSET_OF(physx::PxCapsuleGeometry, radius) == PX_OFFSET_OF(physx::PxSphereGeometry, radius));
      |                        ^~~~~~~~~~~~
/public/home/tangwsh/PhysX/physx/source/geomutils/src/GuGeometryChecks.h:93:87: warning: ‘offsetof’ within non-standard-layout type ‘physx::PxSphereGeometry’ is conditionally-supported [-Winvalid-offsetof]
   93 | PX_COMPILE_TIME_ASSERT(PX_OFFSET_OF(physx::PxCapsuleGeometry, radius) == PX_OFFSET_OF(physx::PxSphereGeometry, radius));
/public/home/tangwsh/PhysX/physx/include/foundation/PxPreprocessor.h:430:51: note: in definition of macro ‘PX_COMPILE_TIME_ASSERT’
  430 | #define PX_COMPILE_TIME_ASSERT(exp) static_assert(exp, "")
      |                                                   ^~~
/public/home/tangwsh/PhysX/physx/source/geomutils/src/GuGeometryChecks.h:93:74: note: in expansion of macro ‘PX_OFFSET_OF’
   93 | PX_COMPILE_TIME_ASSERT(PX_OFFSET_OF(physx::PxCapsuleGeometry, radius) == PX_OFFSET_OF(physx::PxSphereGeometry, radius));
      |                                                                          ^~~~~~~~~~~~
[ 12%] Building CXX object CMakeFiles/GeomUtils.dir/public/home/tangwsh/PhysX/physx/source/geomutils/src/GuMaverickNode.cpp.o
In file included from /public/home/tangwsh/PhysX/physx/include/foundation/PxMath.h:33,
                 from /public/home/tangwsh/PhysX/physx/include/foundation/PxVec3.h:33,
                 from /public/home/tangwsh/PhysX/physx/include/foundation/PxQuat.h:33,
                 from /public/home/tangwsh/PhysX/physx/include/foundation/PxTransform.h:32,
                 from /public/home/tangwsh/PhysX/physx/include/foundation/PxBounds3.h:32,
                 from /public/home/tangwsh/PhysX/physx/source/geomutils/src/GuMaverickNode.h:32,
                 from /public/home/tangwsh/PhysX/physx/source/geomutils/src/GuMaverickNode.cpp:29:
/public/home/tangwsh/PhysX/physx/include/foundation/PxPreprocessor.h:524: warning: "PX_SUPPORT_GPU_PHYSX" redefined
  524 |         #define PX_SUPPORT_GPU_PHYSX ((PX_X64 && (PX_WINDOWS_FAMILY || PX_LINUX)) || (PX_A64 && PX_LINUX))
      | 
<command-line>: note: this is the location of the previous definition
[ 13%] Building CXX object CMakeFiles/GeomUtils.dir/public/home/tangwsh/PhysX/physx/source/geomutils/src/GuMeshFactory.cpp.o
In file included from /public/home/tangwsh/PhysX/physx/include/foundation/PxSimpleTypes.h:36,
                 from /public/home/tangwsh/PhysX/physx/include/foundation/PxFlags.h:33,
                 from /public/home/tangwsh/PhysX/physx/include/common/PxBase.h:33,
                 from /public/home/tangwsh/PhysX/physx/include/common/PxInsertionCallback.h:32,
                 from /public/home/tangwsh/PhysX/physx/source/geomutils/src/GuMeshFactory.cpp:29:
/public/home/tangwsh/PhysX/physx/include/foundation/PxPreprocessor.h:524: warning: "PX_SUPPORT_GPU_PHYSX" redefined
  524 |         #define PX_SUPPORT_GPU_PHYSX ((PX_X64 && (PX_WINDOWS_FAMILY || PX_LINUX)) || (PX_A64 && PX_LINUX))
      | 
<command-line>: note: this is the location of the previous definition
[ 13%] Building CXX object CMakeFiles/GeomUtils.dir/public/home/tangwsh/PhysX/physx/source/geomutils/src/GuOverlapTests.cpp.o
In file included from /public/home/tangwsh/PhysX/physx/include/foundation/PxMath.h:33,
                 from /public/home/tangwsh/PhysX/physx/include/foundation/PxVec3.h:33,
                 from /public/home/tangwsh/PhysX/physx/source/geomutils/include/GuOverlapTests.h:32,
                 from /public/home/tangwsh/PhysX/physx/source/geomutils/src/GuOverlapTests.cpp:29:
/public/home/tangwsh/PhysX/physx/include/foundation/PxPreprocessor.h:524: warning: "PX_SUPPORT_GPU_PHYSX" redefined
  524 |         #define PX_SUPPORT_GPU_PHYSX ((PX_X64 && (PX_WINDOWS_FAMILY || PX_LINUX)) || (PX_A64 && PX_LINUX))
      | 
<command-line>: note: this is the location of the previous definition
[ 13%] Building CXX object CMakeFiles/GeomUtils.dir/public/home/tangwsh/PhysX/physx/source/geomutils/src/GuPruningPool.cpp.o
In file included from /public/home/tangwsh/PhysX/physx/include/foundation/PxSimpleTypes.h:36,
                 from /public/home/tangwsh/PhysX/physx/include/common/PxPhysXCommonConfig.h:32,
                 from /public/home/tangwsh/PhysX/physx/source/geomutils/src/GuPruningPool.h:32,
                 from /public/home/tangwsh/PhysX/physx/source/geomutils/src/GuPruningPool.cpp:29:
/public/home/tangwsh/PhysX/physx/include/foundation/PxPreprocessor.h:524: warning: "PX_SUPPORT_GPU_PHYSX" redefined
  524 |         #define PX_SUPPORT_GPU_PHYSX ((PX_X64 && (PX_WINDOWS_FAMILY || PX_LINUX)) || (PX_A64 && PX_LINUX))
      | 
<command-line>: note: this is the location of the previous definition
[ 13%] Building CXX object CMakeFiles/GeomUtils.dir/public/home/tangwsh/PhysX/physx/source/geomutils/src/GuQuerySystem.cpp.o
In file included from /public/home/tangwsh/PhysX/physx/include/foundation/PxFoundationConfig.h:32,
                 from /public/home/tangwsh/PhysX/physx/include/foundation/PxAllocatorCallback.h:33,
                 from /public/home/tangwsh/PhysX/physx/include/foundation/PxAllocator.h:32,
                 from /public/home/tangwsh/PhysX/physx/include/foundation/PxUserAllocated.h:32,
                 from /public/home/tangwsh/PhysX/physx/source/geomutils/include/GuQuerySystem.h:32,
                 from /public/home/tangwsh/PhysX/physx/source/geomutils/src/GuQuerySystem.cpp:29:
/public/home/tangwsh/PhysX/physx/include/foundation/PxPreprocessor.h:524: warning: "PX_SUPPORT_GPU_PHYSX" redefined
  524 |         #define PX_SUPPORT_GPU_PHYSX ((PX_X64 && (PX_WINDOWS_FAMILY || PX_LINUX)) || (PX_A64 && PX_LINUX))
      | 
<command-line>: note: this is the location of the previous definition
[ 13%] Building CXX object CMakeFiles/GeomUtils.dir/public/home/tangwsh/PhysX/physx/source/geomutils/src/GuRaycastTests.cpp.o
In file included from /public/home/tangwsh/PhysX/physx/include/foundation/PxSimpleTypes.h:36,
                 from /public/home/tangwsh/PhysX/physx/include/common/PxPhysXCommonConfig.h:32,
                 from /public/home/tangwsh/PhysX/physx/include/geometry/PxGeometry.h:32,
                 from /public/home/tangwsh/PhysX/physx/include/geometry/PxSphereGeometry.h:31,
                 from /public/home/tangwsh/PhysX/physx/source/geomutils/src/GuRaycastTests.cpp:29:
/public/home/tangwsh/PhysX/physx/include/foundation/PxPreprocessor.h:524: warning: "PX_SUPPORT_GPU_PHYSX" redefined
  524 |         #define PX_SUPPORT_GPU_PHYSX ((PX_X64 && (PX_WINDOWS_FAMILY || PX_LINUX)) || (PX_A64 && PX_LINUX))
      | 
<command-line>: note: this is the location of the previous definition
[ 14%] Building CXX object CMakeFiles/GeomUtils.dir/public/home/tangwsh/PhysX/physx/source/geomutils/src/GuSAH.cpp.o
In file included from /public/home/tangwsh/PhysX/physx/include/foundation/PxFoundationConfig.h:32,
                 from /public/home/tangwsh/PhysX/physx/include/foundation/PxAssert.h:33,
                 from /public/home/tangwsh/PhysX/physx/source/geomutils/src/GuSAH.cpp:29:
/public/home/tangwsh/PhysX/physx/include/foundation/PxPreprocessor.h:524: warning: "PX_SUPPORT_GPU_PHYSX" redefined
  524 |         #define PX_SUPPORT_GPU_PHYSX ((PX_X64 && (PX_WINDOWS_FAMILY || PX_LINUX)) || (PX_A64 && PX_LINUX))
      | 
<command-line>: note: this is the location of the previous definition
[ 14%] Building CXX object CMakeFiles/GeomUtils.dir/public/home/tangwsh/PhysX/physx/source/geomutils/src/GuSDF.cpp.o
In file included from /public/home/tangwsh/PhysX/physx/include/foundation/PxSimpleTypes.h:36,
                 from /public/home/tangwsh/PhysX/physx/include/common/PxPhysXCommonConfig.h:32,
                 from /public/home/tangwsh/PhysX/physx/source/geomutils/src/GuSDF.h:32,
                 from /public/home/tangwsh/PhysX/physx/source/geomutils/src/GuSDF.cpp:29:
/public/home/tangwsh/PhysX/physx/include/foundation/PxPreprocessor.h:524: warning: "PX_SUPPORT_GPU_PHYSX" redefined
  524 |         #define PX_SUPPORT_GPU_PHYSX ((PX_X64 && (PX_WINDOWS_FAMILY || PX_LINUX)) || (PX_A64 && PX_LINUX))
      | 
<command-line>: note: this is the location of the previous definition
[ 14%] Building CXX object CMakeFiles/GeomUtils.dir/public/home/tangwsh/PhysX/physx/source/geomutils/src/GuSecondaryPruner.cpp.o
In file included from /public/home/tangwsh/PhysX/physx/include/foundation/PxSimpleTypes.h:36,
                 from /public/home/tangwsh/PhysX/physx/include/common/PxPhysXCommonConfig.h:32,
                 from /public/home/tangwsh/PhysX/physx/source/geomutils/src/GuSecondaryPruner.h:32,
                 from /public/home/tangwsh/PhysX/physx/source/geomutils/src/GuSecondaryPruner.cpp:29:
/public/home/tangwsh/PhysX/physx/include/foundation/PxPreprocessor.h:524: warning: "PX_SUPPORT_GPU_PHYSX" redefined
  524 |         #define PX_SUPPORT_GPU_PHYSX ((PX_X64 && (PX_WINDOWS_FAMILY || PX_LINUX)) || (PX_A64 && PX_LINUX))
      | 
<command-line>: note: this is the location of the previous definition
[ 14%] Building CXX object CMakeFiles/GeomUtils.dir/public/home/tangwsh/PhysX/physx/source/geomutils/src/GuSqInternal.cpp.o
In file included from /public/home/tangwsh/PhysX/physx/include/foundation/PxSimpleTypes.h:36,
                 from /public/home/tangwsh/PhysX/physx/source/geomutils/include/GuSqInternal.h:32,
                 from /public/home/tangwsh/PhysX/physx/source/geomutils/src/GuSqInternal.cpp:29:
/public/home/tangwsh/PhysX/physx/include/foundation/PxPreprocessor.h:524: warning: "PX_SUPPORT_GPU_PHYSX" redefined
  524 |         #define PX_SUPPORT_GPU_PHYSX ((PX_X64 && (PX_WINDOWS_FAMILY || PX_LINUX)) || (PX_A64 && PX_LINUX))
      | 
<command-line>: note: this is the location of the previous definition
[ 14%] Building CXX object CMakeFiles/GeomUtils.dir/public/home/tangwsh/PhysX/physx/source/geomutils/src/GuSweepMTD.cpp.o
In file included from /public/home/tangwsh/PhysX/physx/include/foundation/PxSimpleTypes.h:36,
                 from /public/home/tangwsh/PhysX/physx/include/common/PxPhysXCommonConfig.h:32,
                 from /public/home/tangwsh/PhysX/physx/include/geometry/PxGeometry.h:32,
                 from /public/home/tangwsh/PhysX/physx/include/geometry/PxConvexMeshGeometry.h:31,
                 from /public/home/tangwsh/PhysX/physx/source/geomutils/src/GuSweepMTD.cpp:29:
/public/home/tangwsh/PhysX/physx/include/foundation/PxPreprocessor.h:524: warning: "PX_SUPPORT_GPU_PHYSX" redefined
  524 |         #define PX_SUPPORT_GPU_PHYSX ((PX_X64 && (PX_WINDOWS_FAMILY || PX_LINUX)) || (PX_A64 && PX_LINUX))
      | 
<command-line>: note: this is the location of the previous definition
[ 15%] Building CXX object CMakeFiles/GeomUtils.dir/public/home/tangwsh/PhysX/physx/source/geomutils/src/GuSweepSharedTests.cpp.o
In file included from /public/home/tangwsh/PhysX/physx/include/foundation/PxSimpleTypes.h:36,
                 from /public/home/tangwsh/PhysX/physx/include/common/PxPhysXCommonConfig.h:32,
                 from /public/home/tangwsh/PhysX/physx/include/geometry/PxGeometry.h:32,
                 from /public/home/tangwsh/PhysX/physx/include/geometry/PxConvexMeshGeometry.h:31,
                 from /public/home/tangwsh/PhysX/physx/source/geomutils/src/GuSweepSharedTests.cpp:29:
/public/home/tangwsh/PhysX/physx/include/foundation/PxPreprocessor.h:524: warning: "PX_SUPPORT_GPU_PHYSX" redefined
  524 |         #define PX_SUPPORT_GPU_PHYSX ((PX_X64 && (PX_WINDOWS_FAMILY || PX_LINUX)) || (PX_A64 && PX_LINUX))
      | 
<command-line>: note: this is the location of the previous definition
[ 15%] Building CXX object CMakeFiles/GeomUtils.dir/public/home/tangwsh/PhysX/physx/source/geomutils/src/GuSweepTests.cpp.o
In file included from /public/home/tangwsh/PhysX/physx/include/foundation/PxSimpleTypes.h:36,
                 from /public/home/tangwsh/PhysX/physx/include/common/PxPhysXCommonConfig.h:32,
                 from /public/home/tangwsh/PhysX/physx/include/geometry/PxGeometry.h:32,
                 from /public/home/tangwsh/PhysX/physx/include/geometry/PxSphereGeometry.h:31,
                 from /public/home/tangwsh/PhysX/physx/source/geomutils/src/GuSweepTests.cpp:29:
/public/home/tangwsh/PhysX/physx/include/foundation/PxPreprocessor.h:524: warning: "PX_SUPPORT_GPU_PHYSX" redefined
  524 |         #define PX_SUPPORT_GPU_PHYSX ((PX_X64 && (PX_WINDOWS_FAMILY || PX_LINUX)) || (PX_A64 && PX_LINUX))
      | 
<command-line>: note: this is the location of the previous definition
[ 15%] Building CXX object CMakeFiles/GeomUtils.dir/public/home/tangwsh/PhysX/physx/source/geomutils/src/GuWindingNumber.cpp.o
In file included from /public/home/tangwsh/PhysX/physx/include/foundation/PxMath.h:33,
                 from /public/home/tangwsh/PhysX/physx/include/foundation/PxVec3.h:33,
                 from /public/home/tangwsh/PhysX/physx/source/geomutils/src/mesh/GuTriangle.h:32,
                 from /public/home/tangwsh/PhysX/physx/source/geomutils/src/GuWindingNumberT.h:33,
                 from /public/home/tangwsh/PhysX/physx/source/geomutils/src/GuWindingNumber.cpp:29:
/public/home/tangwsh/PhysX/physx/include/foundation/PxPreprocessor.h:524: warning: "PX_SUPPORT_GPU_PHYSX" redefined
  524 |         #define PX_SUPPORT_GPU_PHYSX ((PX_X64 && (PX_WINDOWS_FAMILY || PX_LINUX)) || (PX_A64 && PX_LINUX))
      | 
<command-line>: note: this is the location of the previous definition
[ 15%] Building CXX object CMakeFiles/GeomUtils.dir/public/home/tangwsh/PhysX/physx/source/geomutils/src/ccd/GuCCDSweepConvexMesh.cpp.o
In file included from /public/home/tangwsh/PhysX/physx/include/foundation/PxSimpleTypes.h:36,
                 from /public/home/tangwsh/PhysX/physx/include/common/PxPhysXCommonConfig.h:32,
                 from /public/home/tangwsh/PhysX/physx/include/geometry/PxGeometry.h:32,
                 from /public/home/tangwsh/PhysX/physx/include/geometry/PxCapsuleGeometry.h:31,
                 from /public/home/tangwsh/PhysX/physx/source/geomutils/src/gjk/GuVecCapsule.h:33,
                 from /public/home/tangwsh/PhysX/physx/source/geomutils/src/ccd/GuCCDSweepConvexMesh.cpp:29:
/public/home/tangwsh/PhysX/physx/include/foundation/PxPreprocessor.h:524: warning: "PX_SUPPORT_GPU_PHYSX" redefined
  524 |         #define PX_SUPPORT_GPU_PHYSX ((PX_X64 && (PX_WINDOWS_FAMILY || PX_LINUX)) || (PX_A64 && PX_LINUX))
      | 
<command-line>: note: this is the location of the previous definition
[ 15%] Building CXX object CMakeFiles/GeomUtils.dir/public/home/tangwsh/PhysX/physx/source/geomutils/src/ccd/GuCCDSweepPrimitives.cpp.o
In file included from /public/home/tangwsh/PhysX/physx/include/foundation/PxSimpleTypes.h:36,
                 from /public/home/tangwsh/PhysX/physx/include/common/PxPhysXCommonConfig.h:32,
                 from /public/home/tangwsh/PhysX/physx/include/geometry/PxGeometry.h:32,
                 from /public/home/tangwsh/PhysX/physx/include/geometry/PxCapsuleGeometry.h:31,
                 from /public/home/tangwsh/PhysX/physx/source/geomutils/src/gjk/GuVecCapsule.h:33,
                 from /public/home/tangwsh/PhysX/physx/source/geomutils/src/ccd/GuCCDSweepPrimitives.cpp:29:
/public/home/tangwsh/PhysX/physx/include/foundation/PxPreprocessor.h:524: warning: "PX_SUPPORT_GPU_PHYSX" redefined
  524 |         #define PX_SUPPORT_GPU_PHYSX ((PX_X64 && (PX_WINDOWS_FAMILY || PX_LINUX)) || (PX_A64 && PX_LINUX))
      | 
<command-line>: note: this is the location of the previous definition
In file included from /public/home/tangwsh/PhysX/physx/include/foundation/PxSimpleTypes.h:36,
                 from /public/home/tangwsh/PhysX/physx/include/common/PxPhysXCommonConfig.h:32,
                 from /public/home/tangwsh/PhysX/physx/include/geometry/PxGeometry.h:32,
                 from /public/home/tangwsh/PhysX/physx/include/geometry/PxCapsuleGeometry.h:31,
                 from /public/home/tangwsh/PhysX/physx/source/geomutils/src/gjk/GuVecCapsule.h:33,
                 from /public/home/tangwsh/PhysX/physx/source/geomutils/src/ccd/GuCCDSweepPrimitives.cpp:29:
/public/home/tangwsh/PhysX/physx/source/geomutils/src/ccd/GuCCDSweepPrimitives.cpp: In function ‘physx::PxReal physx::Gu::getRadius(const physx::PxGeometry&) [with Geom = physx::Gu::CapsuleV; physx::PxReal = float]’:
/public/home/tangwsh/PhysX/physx/source/geomutils/src/ccd/GuCCDSweepPrimitives.cpp:56:45: warning: ‘offsetof’ within non-standard-layout type ‘physx::PxSphereGeometry’ is conditionally-supported [-Winvalid-offsetof]
   56 |         PX_COMPILE_TIME_ASSERT(PX_OFFSET_OF(PxSphereGeometry, radius) == PX_OFFSET_OF(PxCapsuleGeometry, radius));
/public/home/tangwsh/PhysX/physx/include/foundation/PxPreprocessor.h:430:51: note: in definition of macro ‘PX_COMPILE_TIME_ASSERT’
  430 | #define PX_COMPILE_TIME_ASSERT(exp) static_assert(exp, "")
      |                                                   ^~~
/public/home/tangwsh/PhysX/physx/source/geomutils/src/ccd/GuCCDSweepPrimitives.cpp:56:32: note: in expansion of macro ‘PX_OFFSET_OF’
   56 |         PX_COMPILE_TIME_ASSERT(PX_OFFSET_OF(PxSphereGeometry, radius) == PX_OFFSET_OF(PxCapsuleGeometry, radius));
      |                                ^~~~~~~~~~~~
/public/home/tangwsh/PhysX/physx/source/geomutils/src/ccd/GuCCDSweepPrimitives.cpp:56:87: warning: ‘offsetof’ within non-standard-layout type ‘physx::PxCapsuleGeometry’ is conditionally-supported [-Winvalid-offsetof]
   56 |         PX_COMPILE_TIME_ASSERT(PX_OFFSET_OF(PxSphereGeometry, radius) == PX_OFFSET_OF(PxCapsuleGeometry, radius));
/public/home/tangwsh/PhysX/physx/include/foundation/PxPreprocessor.h:430:51: note: in definition of macro ‘PX_COMPILE_TIME_ASSERT’
  430 | #define PX_COMPILE_TIME_ASSERT(exp) static_assert(exp, "")
      |                                                   ^~~
/public/home/tangwsh/PhysX/physx/source/geomutils/src/ccd/GuCCDSweepPrimitives.cpp:56:74: note: in expansion of macro ‘PX_OFFSET_OF’
   56 |         PX_COMPILE_TIME_ASSERT(PX_OFFSET_OF(PxSphereGeometry, radius) == PX_OFFSET_OF(PxCapsuleGeometry, radius));
      |                                                                          ^~~~~~~~~~~~
[ 16%] Building CXX object CMakeFiles/GeomUtils.dir/public/home/tangwsh/PhysX/physx/source/geomutils/src/common/GuAdjacencies.cpp.o
In file included from /public/home/tangwsh/PhysX/physx/include/foundation/PxSimpleTypes.h:36,
                 from /public/home/tangwsh/PhysX/physx/include/foundation/PxMemory.h:33,
                 from /public/home/tangwsh/PhysX/physx/source/geomutils/src/common/GuAdjacencies.cpp:29:
/public/home/tangwsh/PhysX/physx/include/foundation/PxPreprocessor.h:524: warning: "PX_SUPPORT_GPU_PHYSX" redefined
  524 |         #define PX_SUPPORT_GPU_PHYSX ((PX_X64 && (PX_WINDOWS_FAMILY || PX_LINUX)) || (PX_A64 && PX_LINUX))
      | 
<command-line>: note: this is the location of the previous definition
[ 16%] Building CXX object CMakeFiles/GeomUtils.dir/public/home/tangwsh/PhysX/physx/source/geomutils/src/common/GuBarycentricCoordinates.cpp.o
In file included from /public/home/tangwsh/PhysX/physx/include/foundation/PxSimpleTypes.h:36,
                 from /public/home/tangwsh/PhysX/physx/include/common/PxPhysXCommonConfig.h:32,
                 from /public/home/tangwsh/PhysX/physx/source/geomutils/src/common/GuBarycentricCoordinates.h:32,
                 from /public/home/tangwsh/PhysX/physx/source/geomutils/src/common/GuBarycentricCoordinates.cpp:29:
/public/home/tangwsh/PhysX/physx/include/foundation/PxPreprocessor.h:524: warning: "PX_SUPPORT_GPU_PHYSX" redefined
  524 |         #define PX_SUPPORT_GPU_PHYSX ((PX_X64 && (PX_WINDOWS_FAMILY || PX_LINUX)) || (PX_A64 && PX_LINUX))
      | 
<command-line>: note: this is the location of the previous definition
[ 16%] Building CXX object CMakeFiles/GeomUtils.dir/public/home/tangwsh/PhysX/physx/source/geomutils/src/common/GuEdgeList.cpp.o
In file included from /public/home/tangwsh/PhysX/physx/include/foundation/PxSimpleTypes.h:36,
                 from /public/home/tangwsh/PhysX/physx/include/foundation/PxMemory.h:33,
                 from /public/home/tangwsh/PhysX/physx/source/geomutils/src/common/GuEdgeList.cpp:29:
/public/home/tangwsh/PhysX/physx/include/foundation/PxPreprocessor.h:524: warning: "PX_SUPPORT_GPU_PHYSX" redefined
  524 |         #define PX_SUPPORT_GPU_PHYSX ((PX_X64 && (PX_WINDOWS_FAMILY || PX_LINUX)) || (PX_A64 && PX_LINUX))
      | 
<command-line>: note: this is the location of the previous definition
[ 16%] Building CXX object CMakeFiles/GeomUtils.dir/public/home/tangwsh/PhysX/physx/source/geomutils/src/common/GuMeshAnalysis.cpp.o
In file included from /public/home/tangwsh/PhysX/physx/include/foundation/PxMath.h:33,
                 from /public/home/tangwsh/PhysX/physx/include/foundation/PxVec3.h:33,
                 from /public/home/tangwsh/PhysX/physx/source/geomutils/src/common/GuMeshAnalysis.cpp:29:
/public/home/tangwsh/PhysX/physx/include/foundation/PxPreprocessor.h:524: warning: "PX_SUPPORT_GPU_PHYSX" redefined
  524 |         #define PX_SUPPORT_GPU_PHYSX ((PX_X64 && (PX_WINDOWS_FAMILY || PX_LINUX)) || (PX_A64 && PX_LINUX))
      | 
<command-line>: note: this is the location of the previous definition
[ 16%] Building CXX object CMakeFiles/GeomUtils.dir/public/home/tangwsh/PhysX/physx/source/geomutils/src/common/GuMeshCleaner.cpp.o
In file included from /public/home/tangwsh/PhysX/physx/include/foundation/PxMath.h:33,
                 from /public/home/tangwsh/PhysX/physx/include/foundation/PxVec3.h:33,
                 from /public/home/tangwsh/PhysX/physx/source/geomutils/src/common/GuMeshCleaner.cpp:29:
/public/home/tangwsh/PhysX/physx/include/foundation/PxPreprocessor.h:524: warning: "PX_SUPPORT_GPU_PHYSX" redefined
  524 |         #define PX_SUPPORT_GPU_PHYSX ((PX_X64 && (PX_WINDOWS_FAMILY || PX_LINUX)) || (PX_A64 && PX_LINUX))
      | 
<command-line>: note: this is the location of the previous definition
[ 17%] Building CXX object CMakeFiles/GeomUtils.dir/public/home/tangwsh/PhysX/physx/source/geomutils/src/common/GuQuantizer.cpp.o
In file included from /public/home/tangwsh/PhysX/physx/include/foundation/PxMath.h:33,
                 from /public/home/tangwsh/PhysX/physx/include/foundation/PxVec3.h:33,
                 from /public/home/tangwsh/PhysX/physx/source/geomutils/src/common/GuQuantizer.h:32,
                 from /public/home/tangwsh/PhysX/physx/source/geomutils/src/common/GuQuantizer.cpp:29:
/public/home/tangwsh/PhysX/physx/include/foundation/PxPreprocessor.h:524: warning: "PX_SUPPORT_GPU_PHYSX" redefined
  524 |         #define PX_SUPPORT_GPU_PHYSX ((PX_X64 && (PX_WINDOWS_FAMILY || PX_LINUX)) || (PX_A64 && PX_LINUX))
      | 
<command-line>: note: this is the location of the previous definition
[ 17%] Building CXX object CMakeFiles/GeomUtils.dir/public/home/tangwsh/PhysX/physx/source/geomutils/src/common/GuSeparatingAxes.cpp.o
In file included from /public/home/tangwsh/PhysX/physx/include/foundation/PxMath.h:33,
                 from /public/home/tangwsh/PhysX/physx/include/foundation/PxVec3.h:33,
                 from /public/home/tangwsh/PhysX/physx/source/geomutils/src/common/GuSeparatingAxes.h:32,
                 from /public/home/tangwsh/PhysX/physx/source/geomutils/src/common/GuSeparatingAxes.cpp:29:
/public/home/tangwsh/PhysX/physx/include/foundation/PxPreprocessor.h:524: warning: "PX_SUPPORT_GPU_PHYSX" redefined
  524 |         #define PX_SUPPORT_GPU_PHYSX ((PX_X64 && (PX_WINDOWS_FAMILY || PX_LINUX)) || (PX_A64 && PX_LINUX))
      | 
<command-line>: note: this is the location of the previous definition
[ 17%] Building CXX object CMakeFiles/GeomUtils.dir/public/home/tangwsh/PhysX/physx/source/geomutils/src/common/GuVertexReducer.cpp.o
In file included from /public/home/tangwsh/PhysX/physx/include/foundation/PxMath.h:33,
                 from /public/home/tangwsh/PhysX/physx/include/foundation/PxVec3.h:33,
                 from /public/home/tangwsh/PhysX/physx/source/geomutils/src/common/GuVertexReducer.h:32,
                 from /public/home/tangwsh/PhysX/physx/source/geomutils/src/common/GuVertexReducer.cpp:29:
/public/home/tangwsh/PhysX/physx/include/foundation/PxPreprocessor.h:524: warning: "PX_SUPPORT_GPU_PHYSX" redefined
  524 |         #define PX_SUPPORT_GPU_PHYSX ((PX_X64 && (PX_WINDOWS_FAMILY || PX_LINUX)) || (PX_A64 && PX_LINUX))
      | 
<command-line>: note: this is the location of the previous definition
[ 17%] Building CXX object CMakeFiles/GeomUtils.dir/public/home/tangwsh/PhysX/physx/source/geomutils/src/contact/GuContactBoxBox.cpp.o
In file included from /public/home/tangwsh/PhysX/physx/include/foundation/PxSimpleTypes.h:36,
                 from /public/home/tangwsh/PhysX/physx/include/common/PxPhysXCommonConfig.h:32,
                 from /public/home/tangwsh/PhysX/physx/include/PxPhysXConfig.h:35,
                 from /public/home/tangwsh/PhysX/physx/include/geomutils/PxContactBuffer.h:32,
                 from /public/home/tangwsh/PhysX/physx/source/geomutils/src/contact/GuContactBoxBox.cpp:29:
/public/home/tangwsh/PhysX/physx/include/foundation/PxPreprocessor.h:524: warning: "PX_SUPPORT_GPU_PHYSX" redefined
  524 |         #define PX_SUPPORT_GPU_PHYSX ((PX_X64 && (PX_WINDOWS_FAMILY || PX_LINUX)) || (PX_A64 && PX_LINUX))
      | 
<command-line>: note: this is the location of the previous definition
In file included from /public/home/tangwsh/PhysX/physx/include/foundation/PxSimpleTypes.h:36,
                 from /public/home/tangwsh/PhysX/physx/include/common/PxPhysXCommonConfig.h:32,
                 from /public/home/tangwsh/PhysX/physx/include/PxPhysXConfig.h:35,
                 from /public/home/tangwsh/PhysX/physx/include/geomutils/PxContactBuffer.h:32,
                 from /public/home/tangwsh/PhysX/physx/source/geomutils/src/contact/GuContactBoxBox.cpp:29:
/public/home/tangwsh/PhysX/physx/source/geomutils/src/GuGeometryChecks.h:93:37: warning: ‘offsetof’ within non-standard-layout type ‘physx::PxCapsuleGeometry’ is conditionally-supported [-Winvalid-offsetof]
   93 | PX_COMPILE_TIME_ASSERT(PX_OFFSET_OF(physx::PxCapsuleGeometry, radius) == PX_OFFSET_OF(physx::PxSphereGeometry, radius));
/public/home/tangwsh/PhysX/physx/include/foundation/PxPreprocessor.h:430:51: note: in definition of macro ‘PX_COMPILE_TIME_ASSERT’
  430 | #define PX_COMPILE_TIME_ASSERT(exp) static_assert(exp, "")
      |                                                   ^~~
/public/home/tangwsh/PhysX/physx/source/geomutils/src/GuGeometryChecks.h:93:24: note: in expansion of macro ‘PX_OFFSET_OF’
   93 | PX_COMPILE_TIME_ASSERT(PX_OFFSET_OF(physx::PxCapsuleGeometry, radius) == PX_OFFSET_OF(physx::PxSphereGeometry, radius));
      |                        ^~~~~~~~~~~~
/public/home/tangwsh/PhysX/physx/source/geomutils/src/GuGeometryChecks.h:93:87: warning: ‘offsetof’ within non-standard-layout type ‘physx::PxSphereGeometry’ is conditionally-supported [-Winvalid-offsetof]
   93 | PX_COMPILE_TIME_ASSERT(PX_OFFSET_OF(physx::PxCapsuleGeometry, radius) == PX_OFFSET_OF(physx::PxSphereGeometry, radius));
/public/home/tangwsh/PhysX/physx/include/foundation/PxPreprocessor.h:430:51: note: in definition of macro ‘PX_COMPILE_TIME_ASSERT’
  430 | #define PX_COMPILE_TIME_ASSERT(exp) static_assert(exp, "")
      |                                                   ^~~
/public/home/tangwsh/PhysX/physx/source/geomutils/src/GuGeometryChecks.h:93:74: note: in expansion of macro ‘PX_OFFSET_OF’
   93 | PX_COMPILE_TIME_ASSERT(PX_OFFSET_OF(physx::PxCapsuleGeometry, radius) == PX_OFFSET_OF(physx::PxSphereGeometry, radius));
      |                                                                          ^~~~~~~~~~~~
[ 17%] Building CXX object CMakeFiles/GeomUtils.dir/public/home/tangwsh/PhysX/physx/source/geomutils/src/contact/GuContactCapsuleBox.cpp.o
In file included from /public/home/tangwsh/PhysX/physx/include/foundation/PxSimpleTypes.h:36,
                 from /public/home/tangwsh/PhysX/physx/include/common/PxPhysXCommonConfig.h:32,
                 from /public/home/tangwsh/PhysX/physx/include/PxPhysXConfig.h:35,
                 from /public/home/tangwsh/PhysX/physx/include/geomutils/PxContactBuffer.h:32,
                 from /public/home/tangwsh/PhysX/physx/source/geomutils/src/contact/GuContactCapsuleBox.cpp:29:
/public/home/tangwsh/PhysX/physx/include/foundation/PxPreprocessor.h:524: warning: "PX_SUPPORT_GPU_PHYSX" redefined
  524 |         #define PX_SUPPORT_GPU_PHYSX ((PX_X64 && (PX_WINDOWS_FAMILY || PX_LINUX)) || (PX_A64 && PX_LINUX))
      | 
<command-line>: note: this is the location of the previous definition
In file included from /public/home/tangwsh/PhysX/physx/include/foundation/PxSimpleTypes.h:36,
                 from /public/home/tangwsh/PhysX/physx/include/common/PxPhysXCommonConfig.h:32,
                 from /public/home/tangwsh/PhysX/physx/include/PxPhysXConfig.h:35,
                 from /public/home/tangwsh/PhysX/physx/include/geomutils/PxContactBuffer.h:32,
                 from /public/home/tangwsh/PhysX/physx/source/geomutils/src/contact/GuContactCapsuleBox.cpp:29:
/public/home/tangwsh/PhysX/physx/source/geomutils/src/GuGeometryChecks.h:93:37: warning: ‘offsetof’ within non-standard-layout type ‘physx::PxCapsuleGeometry’ is conditionally-supported [-Winvalid-offsetof]
   93 | PX_COMPILE_TIME_ASSERT(PX_OFFSET_OF(physx::PxCapsuleGeometry, radius) == PX_OFFSET_OF(physx::PxSphereGeometry, radius));
/public/home/tangwsh/PhysX/physx/include/foundation/PxPreprocessor.h:430:51: note: in definition of macro ‘PX_COMPILE_TIME_ASSERT’
  430 | #define PX_COMPILE_TIME_ASSERT(exp) static_assert(exp, "")
      |                                                   ^~~
/public/home/tangwsh/PhysX/physx/source/geomutils/src/GuGeometryChecks.h:93:24: note: in expansion of macro ‘PX_OFFSET_OF’
   93 | PX_COMPILE_TIME_ASSERT(PX_OFFSET_OF(physx::PxCapsuleGeometry, radius) == PX_OFFSET_OF(physx::PxSphereGeometry, radius));
      |                        ^~~~~~~~~~~~
/public/home/tangwsh/PhysX/physx/source/geomutils/src/GuGeometryChecks.h:93:87: warning: ‘offsetof’ within non-standard-layout type ‘physx::PxSphereGeometry’ is conditionally-supported [-Winvalid-offsetof]
   93 | PX_COMPILE_TIME_ASSERT(PX_OFFSET_OF(physx::PxCapsuleGeometry, radius) == PX_OFFSET_OF(physx::PxSphereGeometry, radius));
/public/home/tangwsh/PhysX/physx/include/foundation/PxPreprocessor.h:430:51: note: in definition of macro ‘PX_COMPILE_TIME_ASSERT’
  430 | #define PX_COMPILE_TIME_ASSERT(exp) static_assert(exp, "")
      |                                                   ^~~
/public/home/tangwsh/PhysX/physx/source/geomutils/src/GuGeometryChecks.h:93:74: note: in expansion of macro ‘PX_OFFSET_OF’
   93 | PX_COMPILE_TIME_ASSERT(PX_OFFSET_OF(physx::PxCapsuleGeometry, radius) == PX_OFFSET_OF(physx::PxSphereGeometry, radius));
      |                                                                          ^~~~~~~~~~~~
[ 18%] Building CXX object CMakeFiles/GeomUtils.dir/public/home/tangwsh/PhysX/physx/source/geomutils/src/contact/GuContactCapsuleCapsule.cpp.o
In file included from /public/home/tangwsh/PhysX/physx/include/foundation/PxSimpleTypes.h:36,
                 from /public/home/tangwsh/PhysX/physx/include/common/PxPhysXCommonConfig.h:32,
                 from /public/home/tangwsh/PhysX/physx/include/PxPhysXConfig.h:35,
                 from /public/home/tangwsh/PhysX/physx/include/geomutils/PxContactBuffer.h:32,
                 from /public/home/tangwsh/PhysX/physx/source/geomutils/src/contact/GuContactCapsuleCapsule.cpp:29:
/public/home/tangwsh/PhysX/physx/include/foundation/PxPreprocessor.h:524: warning: "PX_SUPPORT_GPU_PHYSX" redefined
  524 |         #define PX_SUPPORT_GPU_PHYSX ((PX_X64 && (PX_WINDOWS_FAMILY || PX_LINUX)) || (PX_A64 && PX_LINUX))
      | 
<command-line>: note: this is the location of the previous definition
In file included from /public/home/tangwsh/PhysX/physx/include/foundation/PxSimpleTypes.h:36,
                 from /public/home/tangwsh/PhysX/physx/include/common/PxPhysXCommonConfig.h:32,
                 from /public/home/tangwsh/PhysX/physx/include/PxPhysXConfig.h:35,
                 from /public/home/tangwsh/PhysX/physx/include/geomutils/PxContactBuffer.h:32,
                 from /public/home/tangwsh/PhysX/physx/source/geomutils/src/contact/GuContactCapsuleCapsule.cpp:29:
/public/home/tangwsh/PhysX/physx/source/geomutils/src/GuGeometryChecks.h:93:37: warning: ‘offsetof’ within non-standard-layout type ‘physx::PxCapsuleGeometry’ is conditionally-supported [-Winvalid-offsetof]
   93 | PX_COMPILE_TIME_ASSERT(PX_OFFSET_OF(physx::PxCapsuleGeometry, radius) == PX_OFFSET_OF(physx::PxSphereGeometry, radius));
/public/home/tangwsh/PhysX/physx/include/foundation/PxPreprocessor.h:430:51: note: in definition of macro ‘PX_COMPILE_TIME_ASSERT’
  430 | #define PX_COMPILE_TIME_ASSERT(exp) static_assert(exp, "")
      |                                                   ^~~
/public/home/tangwsh/PhysX/physx/source/geomutils/src/GuGeometryChecks.h:93:24: note: in expansion of macro ‘PX_OFFSET_OF’
   93 | PX_COMPILE_TIME_ASSERT(PX_OFFSET_OF(physx::PxCapsuleGeometry, radius) == PX_OFFSET_OF(physx::PxSphereGeometry, radius));
      |                        ^~~~~~~~~~~~
/public/home/tangwsh/PhysX/physx/source/geomutils/src/GuGeometryChecks.h:93:87: warning: ‘offsetof’ within non-standard-layout type ‘physx::PxSphereGeometry’ is conditionally-supported [-Winvalid-offsetof]
   93 | PX_COMPILE_TIME_ASSERT(PX_OFFSET_OF(physx::PxCapsuleGeometry, radius) == PX_OFFSET_OF(physx::PxSphereGeometry, radius));
/public/home/tangwsh/PhysX/physx/include/foundation/PxPreprocessor.h:430:51: note: in definition of macro ‘PX_COMPILE_TIME_ASSERT’
  430 | #define PX_COMPILE_TIME_ASSERT(exp) static_assert(exp, "")
      |                                                   ^~~
/public/home/tangwsh/PhysX/physx/source/geomutils/src/GuGeometryChecks.h:93:74: note: in expansion of macro ‘PX_OFFSET_OF’
   93 | PX_COMPILE_TIME_ASSERT(PX_OFFSET_OF(physx::PxCapsuleGeometry, radius) == PX_OFFSET_OF(physx::PxSphereGeometry, radius));
      |                                                                          ^~~~~~~~~~~~
[ 18%] Building CXX object CMakeFiles/GeomUtils.dir/public/home/tangwsh/PhysX/physx/source/geomutils/src/contact/GuContactCapsuleConvex.cpp.o
In file included from /public/home/tangwsh/PhysX/physx/include/foundation/PxSimpleTypes.h:36,
                 from /public/home/tangwsh/PhysX/physx/include/common/PxPhysXCommonConfig.h:32,
                 from /public/home/tangwsh/PhysX/physx/include/PxPhysXConfig.h:35,
                 from /public/home/tangwsh/PhysX/physx/include/geomutils/PxContactBuffer.h:32,
                 from /public/home/tangwsh/PhysX/physx/source/geomutils/src/contact/GuContactCapsuleConvex.cpp:29:
/public/home/tangwsh/PhysX/physx/include/foundation/PxPreprocessor.h:524: warning: "PX_SUPPORT_GPU_PHYSX" redefined
  524 |         #define PX_SUPPORT_GPU_PHYSX ((PX_X64 && (PX_WINDOWS_FAMILY || PX_LINUX)) || (PX_A64 && PX_LINUX))
      | 
<command-line>: note: this is the location of the previous definition
In file included from /public/home/tangwsh/PhysX/physx/include/foundation/PxSimpleTypes.h:36,
                 from /public/home/tangwsh/PhysX/physx/include/common/PxPhysXCommonConfig.h:32,
                 from /public/home/tangwsh/PhysX/physx/include/PxPhysXConfig.h:35,
                 from /public/home/tangwsh/PhysX/physx/include/geomutils/PxContactBuffer.h:32,
                 from /public/home/tangwsh/PhysX/physx/source/geomutils/src/contact/GuContactCapsuleConvex.cpp:29:
/public/home/tangwsh/PhysX/physx/source/geomutils/src/GuGeometryChecks.h:93:37: warning: ‘offsetof’ within non-standard-layout type ‘physx::PxCapsuleGeometry’ is conditionally-supported [-Winvalid-offsetof]
   93 | PX_COMPILE_TIME_ASSERT(PX_OFFSET_OF(physx::PxCapsuleGeometry, radius) == PX_OFFSET_OF(physx::PxSphereGeometry, radius));
/public/home/tangwsh/PhysX/physx/include/foundation/PxPreprocessor.h:430:51: note: in definition of macro ‘PX_COMPILE_TIME_ASSERT’
  430 | #define PX_COMPILE_TIME_ASSERT(exp) static_assert(exp, "")
      |                                                   ^~~
/public/home/tangwsh/PhysX/physx/source/geomutils/src/GuGeometryChecks.h:93:24: note: in expansion of macro ‘PX_OFFSET_OF’
   93 | PX_COMPILE_TIME_ASSERT(PX_OFFSET_OF(physx::PxCapsuleGeometry, radius) == PX_OFFSET_OF(physx::PxSphereGeometry, radius));
      |                        ^~~~~~~~~~~~
/public/home/tangwsh/PhysX/physx/source/geomutils/src/GuGeometryChecks.h:93:87: warning: ‘offsetof’ within non-standard-layout type ‘physx::PxSphereGeometry’ is conditionally-supported [-Winvalid-offsetof]
   93 | PX_COMPILE_TIME_ASSERT(PX_OFFSET_OF(physx::PxCapsuleGeometry, radius) == PX_OFFSET_OF(physx::PxSphereGeometry, radius));
/public/home/tangwsh/PhysX/physx/include/foundation/PxPreprocessor.h:430:51: note: in definition of macro ‘PX_COMPILE_TIME_ASSERT’
  430 | #define PX_COMPILE_TIME_ASSERT(exp) static_assert(exp, "")
      |                                                   ^~~
/public/home/tangwsh/PhysX/physx/source/geomutils/src/GuGeometryChecks.h:93:74: note: in expansion of macro ‘PX_OFFSET_OF’
   93 | PX_COMPILE_TIME_ASSERT(PX_OFFSET_OF(physx::PxCapsuleGeometry, radius) == PX_OFFSET_OF(physx::PxSphereGeometry, radius));
      |                                                                          ^~~~~~~~~~~~
[ 18%] Building CXX object CMakeFiles/GeomUtils.dir/public/home/tangwsh/PhysX/physx/source/geomutils/src/contact/GuContactCapsuleMesh.cpp.o
In file included from /public/home/tangwsh/PhysX/physx/include/foundation/PxSimpleTypes.h:36,
                 from /public/home/tangwsh/PhysX/physx/include/common/PxPhysXCommonConfig.h:32,
                 from /public/home/tangwsh/PhysX/physx/include/PxPhysXConfig.h:35,
                 from /public/home/tangwsh/PhysX/physx/include/geomutils/PxContactBuffer.h:32,
                 from /public/home/tangwsh/PhysX/physx/source/geomutils/src/contact/GuContactCapsuleMesh.cpp:29:
/public/home/tangwsh/PhysX/physx/include/foundation/PxPreprocessor.h:524: warning: "PX_SUPPORT_GPU_PHYSX" redefined
  524 |         #define PX_SUPPORT_GPU_PHYSX ((PX_X64 && (PX_WINDOWS_FAMILY || PX_LINUX)) || (PX_A64 && PX_LINUX))
      | 
<command-line>: note: this is the location of the previous definition
In file included from /public/home/tangwsh/PhysX/physx/include/foundation/PxSimpleTypes.h:36,
                 from /public/home/tangwsh/PhysX/physx/include/common/PxPhysXCommonConfig.h:32,
                 from /public/home/tangwsh/PhysX/physx/include/PxPhysXConfig.h:35,
                 from /public/home/tangwsh/PhysX/physx/include/geomutils/PxContactBuffer.h:32,
                 from /public/home/tangwsh/PhysX/physx/source/geomutils/src/contact/GuContactCapsuleMesh.cpp:29:
/public/home/tangwsh/PhysX/physx/source/geomutils/src/GuGeometryChecks.h:93:37: warning: ‘offsetof’ within non-standard-layout type ‘physx::PxCapsuleGeometry’ is conditionally-supported [-Winvalid-offsetof]
   93 | PX_COMPILE_TIME_ASSERT(PX_OFFSET_OF(physx::PxCapsuleGeometry, radius) == PX_OFFSET_OF(physx::PxSphereGeometry, radius));
/public/home/tangwsh/PhysX/physx/include/foundation/PxPreprocessor.h:430:51: note: in definition of macro ‘PX_COMPILE_TIME_ASSERT’
  430 | #define PX_COMPILE_TIME_ASSERT(exp) static_assert(exp, "")
      |                                                   ^~~
/public/home/tangwsh/PhysX/physx/source/geomutils/src/GuGeometryChecks.h:93:24: note: in expansion of macro ‘PX_OFFSET_OF’
   93 | PX_COMPILE_TIME_ASSERT(PX_OFFSET_OF(physx::PxCapsuleGeometry, radius) == PX_OFFSET_OF(physx::PxSphereGeometry, radius));
      |                        ^~~~~~~~~~~~
/public/home/tangwsh/PhysX/physx/source/geomutils/src/GuGeometryChecks.h:93:87: warning: ‘offsetof’ within non-standard-layout type ‘physx::PxSphereGeometry’ is conditionally-supported [-Winvalid-offsetof]
   93 | PX_COMPILE_TIME_ASSERT(PX_OFFSET_OF(physx::PxCapsuleGeometry, radius) == PX_OFFSET_OF(physx::PxSphereGeometry, radius));
/public/home/tangwsh/PhysX/physx/include/foundation/PxPreprocessor.h:430:51: note: in definition of macro ‘PX_COMPILE_TIME_ASSERT’
  430 | #define PX_COMPILE_TIME_ASSERT(exp) static_assert(exp, "")
      |                                                   ^~~
/public/home/tangwsh/PhysX/physx/source/geomutils/src/GuGeometryChecks.h:93:74: note: in expansion of macro ‘PX_OFFSET_OF’
   93 | PX_COMPILE_TIME_ASSERT(PX_OFFSET_OF(physx::PxCapsuleGeometry, radius) == PX_OFFSET_OF(physx::PxSphereGeometry, radius));
      |                                                                          ^~~~~~~~~~~~
[ 18%] Building CXX object CMakeFiles/GeomUtils.dir/public/home/tangwsh/PhysX/physx/source/geomutils/src/contact/GuContactConvexConvex.cpp.o
In file included from /public/home/tangwsh/PhysX/physx/include/foundation/PxSimpleTypes.h:36,
                 from /public/home/tangwsh/PhysX/physx/include/common/PxPhysXCommonConfig.h:32,
                 from /public/home/tangwsh/PhysX/physx/include/PxPhysXConfig.h:35,
                 from /public/home/tangwsh/PhysX/physx/include/geomutils/PxContactBuffer.h:32,
                 from /public/home/tangwsh/PhysX/physx/source/geomutils/src/contact/GuContactConvexConvex.cpp:29:
/public/home/tangwsh/PhysX/physx/include/foundation/PxPreprocessor.h:524: warning: "PX_SUPPORT_GPU_PHYSX" redefined
  524 |         #define PX_SUPPORT_GPU_PHYSX ((PX_X64 && (PX_WINDOWS_FAMILY || PX_LINUX)) || (PX_A64 && PX_LINUX))
      | 
<command-line>: note: this is the location of the previous definition
In file included from /public/home/tangwsh/PhysX/physx/include/foundation/PxSimpleTypes.h:36,
                 from /public/home/tangwsh/PhysX/physx/include/common/PxPhysXCommonConfig.h:32,
                 from /public/home/tangwsh/PhysX/physx/include/PxPhysXConfig.h:35,
                 from /public/home/tangwsh/PhysX/physx/include/geomutils/PxContactBuffer.h:32,
                 from /public/home/tangwsh/PhysX/physx/source/geomutils/src/contact/GuContactConvexConvex.cpp:29:
/public/home/tangwsh/PhysX/physx/source/geomutils/src/GuGeometryChecks.h:93:37: warning: ‘offsetof’ within non-standard-layout type ‘physx::PxCapsuleGeometry’ is conditionally-supported [-Winvalid-offsetof]
   93 | PX_COMPILE_TIME_ASSERT(PX_OFFSET_OF(physx::PxCapsuleGeometry, radius) == PX_OFFSET_OF(physx::PxSphereGeometry, radius));
/public/home/tangwsh/PhysX/physx/include/foundation/PxPreprocessor.h:430:51: note: in definition of macro ‘PX_COMPILE_TIME_ASSERT’
  430 | #define PX_COMPILE_TIME_ASSERT(exp) static_assert(exp, "")
      |                                                   ^~~
/public/home/tangwsh/PhysX/physx/source/geomutils/src/GuGeometryChecks.h:93:24: note: in expansion of macro ‘PX_OFFSET_OF’
   93 | PX_COMPILE_TIME_ASSERT(PX_OFFSET_OF(physx::PxCapsuleGeometry, radius) == PX_OFFSET_OF(physx::PxSphereGeometry, radius));
      |                        ^~~~~~~~~~~~
/public/home/tangwsh/PhysX/physx/source/geomutils/src/GuGeometryChecks.h:93:87: warning: ‘offsetof’ within non-standard-layout type ‘physx::PxSphereGeometry’ is conditionally-supported [-Winvalid-offsetof]
   93 | PX_COMPILE_TIME_ASSERT(PX_OFFSET_OF(physx::PxCapsuleGeometry, radius) == PX_OFFSET_OF(physx::PxSphereGeometry, radius));
/public/home/tangwsh/PhysX/physx/include/foundation/PxPreprocessor.h:430:51: note: in definition of macro ‘PX_COMPILE_TIME_ASSERT’
  430 | #define PX_COMPILE_TIME_ASSERT(exp) static_assert(exp, "")
      |                                                   ^~~
/public/home/tangwsh/PhysX/physx/source/geomutils/src/GuGeometryChecks.h:93:74: note: in expansion of macro ‘PX_OFFSET_OF’
   93 | PX_COMPILE_TIME_ASSERT(PX_OFFSET_OF(physx::PxCapsuleGeometry, radius) == PX_OFFSET_OF(physx::PxSphereGeometry, radius));
      |                                                                          ^~~~~~~~~~~~
[ 18%] Building CXX object CMakeFiles/GeomUtils.dir/public/home/tangwsh/PhysX/physx/source/geomutils/src/contact/GuContactConvexCoreConvex.cpp.o
In file included from /public/home/tangwsh/PhysX/physx/include/foundation/PxSimpleTypes.h:36,
                 from /public/home/tangwsh/PhysX/physx/include/common/PxPhysXCommonConfig.h:32,
                 from /public/home/tangwsh/PhysX/physx/include/PxPhysXConfig.h:35,
                 from /public/home/tangwsh/PhysX/physx/include/geomutils/PxContactBuffer.h:32,
                 from /public/home/tangwsh/PhysX/physx/source/geomutils/src/contact/GuContactConvexCoreConvex.cpp:29:
/public/home/tangwsh/PhysX/physx/include/foundation/PxPreprocessor.h:524: warning: "PX_SUPPORT_GPU_PHYSX" redefined
  524 |         #define PX_SUPPORT_GPU_PHYSX ((PX_X64 && (PX_WINDOWS_FAMILY || PX_LINUX)) || (PX_A64 && PX_LINUX))
      | 
<command-line>: note: this is the location of the previous definition
In file included from /public/home/tangwsh/PhysX/physx/include/foundation/PxSimpleTypes.h:36,
                 from /public/home/tangwsh/PhysX/physx/include/common/PxPhysXCommonConfig.h:32,
                 from /public/home/tangwsh/PhysX/physx/include/PxPhysXConfig.h:35,
                 from /public/home/tangwsh/PhysX/physx/include/geomutils/PxContactBuffer.h:32,
                 from /public/home/tangwsh/PhysX/physx/source/geomutils/src/contact/GuContactConvexCoreConvex.cpp:29:
/public/home/tangwsh/PhysX/physx/source/geomutils/src/GuGeometryChecks.h:93:37: warning: ‘offsetof’ within non-standard-layout type ‘physx::PxCapsuleGeometry’ is conditionally-supported [-Winvalid-offsetof]
   93 | PX_COMPILE_TIME_ASSERT(PX_OFFSET_OF(physx::PxCapsuleGeometry, radius) == PX_OFFSET_OF(physx::PxSphereGeometry, radius));
/public/home/tangwsh/PhysX/physx/include/foundation/PxPreprocessor.h:430:51: note: in definition of macro ‘PX_COMPILE_TIME_ASSERT’
  430 | #define PX_COMPILE_TIME_ASSERT(exp) static_assert(exp, "")
      |                                                   ^~~
/public/home/tangwsh/PhysX/physx/source/geomutils/src/GuGeometryChecks.h:93:24: note: in expansion of macro ‘PX_OFFSET_OF’
   93 | PX_COMPILE_TIME_ASSERT(PX_OFFSET_OF(physx::PxCapsuleGeometry, radius) == PX_OFFSET_OF(physx::PxSphereGeometry, radius));
      |                        ^~~~~~~~~~~~
/public/home/tangwsh/PhysX/physx/source/geomutils/src/GuGeometryChecks.h:93:87: warning: ‘offsetof’ within non-standard-layout type ‘physx::PxSphereGeometry’ is conditionally-supported [-Winvalid-offsetof]
   93 | PX_COMPILE_TIME_ASSERT(PX_OFFSET_OF(physx::PxCapsuleGeometry, radius) == PX_OFFSET_OF(physx::PxSphereGeometry, radius));
/public/home/tangwsh/PhysX/physx/include/foundation/PxPreprocessor.h:430:51: note: in definition of macro ‘PX_COMPILE_TIME_ASSERT’
  430 | #define PX_COMPILE_TIME_ASSERT(exp) static_assert(exp, "")
      |                                                   ^~~
/public/home/tangwsh/PhysX/physx/source/geomutils/src/GuGeometryChecks.h:93:74: note: in expansion of macro ‘PX_OFFSET_OF’
   93 | PX_COMPILE_TIME_ASSERT(PX_OFFSET_OF(physx::PxCapsuleGeometry, radius) == PX_OFFSET_OF(physx::PxSphereGeometry, radius));
      |                                                                          ^~~~~~~~~~~~
[ 19%] Building CXX object CMakeFiles/GeomUtils.dir/public/home/tangwsh/PhysX/physx/source/geomutils/src/contact/GuContactConvexCoreMesh.cpp.o
In file included from /public/home/tangwsh/PhysX/physx/include/foundation/PxSimpleTypes.h:36,
                 from /public/home/tangwsh/PhysX/physx/include/common/PxPhysXCommonConfig.h:32,
                 from /public/home/tangwsh/PhysX/physx/include/PxPhysXConfig.h:35,
                 from /public/home/tangwsh/PhysX/physx/include/geomutils/PxContactBuffer.h:32,
                 from /public/home/tangwsh/PhysX/physx/source/geomutils/src/contact/GuContactConvexCoreMesh.cpp:29:
/public/home/tangwsh/PhysX/physx/include/foundation/PxPreprocessor.h:524: warning: "PX_SUPPORT_GPU_PHYSX" redefined
  524 |         #define PX_SUPPORT_GPU_PHYSX ((PX_X64 && (PX_WINDOWS_FAMILY || PX_LINUX)) || (PX_A64 && PX_LINUX))
      | 
<command-line>: note: this is the location of the previous definition
In file included from /public/home/tangwsh/PhysX/physx/include/foundation/PxSimpleTypes.h:36,
                 from /public/home/tangwsh/PhysX/physx/include/common/PxPhysXCommonConfig.h:32,
                 from /public/home/tangwsh/PhysX/physx/include/PxPhysXConfig.h:35,
                 from /public/home/tangwsh/PhysX/physx/include/geomutils/PxContactBuffer.h:32,
                 from /public/home/tangwsh/PhysX/physx/source/geomutils/src/contact/GuContactConvexCoreMesh.cpp:29:
/public/home/tangwsh/PhysX/physx/source/geomutils/src/GuGeometryChecks.h:93:37: warning: ‘offsetof’ within non-standard-layout type ‘physx::PxCapsuleGeometry’ is conditionally-supported [-Winvalid-offsetof]
   93 | PX_COMPILE_TIME_ASSERT(PX_OFFSET_OF(physx::PxCapsuleGeometry, radius) == PX_OFFSET_OF(physx::PxSphereGeometry, radius));
/public/home/tangwsh/PhysX/physx/include/foundation/PxPreprocessor.h:430:51: note: in definition of macro ‘PX_COMPILE_TIME_ASSERT’
  430 | #define PX_COMPILE_TIME_ASSERT(exp) static_assert(exp, "")
      |                                                   ^~~
/public/home/tangwsh/PhysX/physx/source/geomutils/src/GuGeometryChecks.h:93:24: note: in expansion of macro ‘PX_OFFSET_OF’
   93 | PX_COMPILE_TIME_ASSERT(PX_OFFSET_OF(physx::PxCapsuleGeometry, radius) == PX_OFFSET_OF(physx::PxSphereGeometry, radius));
      |                        ^~~~~~~~~~~~
/public/home/tangwsh/PhysX/physx/source/geomutils/src/GuGeometryChecks.h:93:87: warning: ‘offsetof’ within non-standard-layout type ‘physx::PxSphereGeometry’ is conditionally-supported [-Winvalid-offsetof]
   93 | PX_COMPILE_TIME_ASSERT(PX_OFFSET_OF(physx::PxCapsuleGeometry, radius) == PX_OFFSET_OF(physx::PxSphereGeometry, radius));
/public/home/tangwsh/PhysX/physx/include/foundation/PxPreprocessor.h:430:51: note: in definition of macro ‘PX_COMPILE_TIME_ASSERT’
  430 | #define PX_COMPILE_TIME_ASSERT(exp) static_assert(exp, "")
      |                                                   ^~~
/public/home/tangwsh/PhysX/physx/source/geomutils/src/GuGeometryChecks.h:93:74: note: in expansion of macro ‘PX_OFFSET_OF’
   93 | PX_COMPILE_TIME_ASSERT(PX_OFFSET_OF(physx::PxCapsuleGeometry, radius) == PX_OFFSET_OF(physx::PxSphereGeometry, radius));
      |                                                                          ^~~~~~~~~~~~
[ 19%] Building CXX object CMakeFiles/GeomUtils.dir/public/home/tangwsh/PhysX/physx/source/geomutils/src/contact/GuContactConvexMesh.cpp.o
In file included from /public/home/tangwsh/PhysX/physx/include/foundation/PxSimpleTypes.h:36,
                 from /public/home/tangwsh/PhysX/physx/include/common/PxPhysXCommonConfig.h:32,
                 from /public/home/tangwsh/PhysX/physx/include/PxPhysXConfig.h:35,
                 from /public/home/tangwsh/PhysX/physx/include/geomutils/PxContactBuffer.h:32,
                 from /public/home/tangwsh/PhysX/physx/source/geomutils/src/contact/GuContactConvexMesh.cpp:29:
/public/home/tangwsh/PhysX/physx/include/foundation/PxPreprocessor.h:524: warning: "PX_SUPPORT_GPU_PHYSX" redefined
  524 |         #define PX_SUPPORT_GPU_PHYSX ((PX_X64 && (PX_WINDOWS_FAMILY || PX_LINUX)) || (PX_A64 && PX_LINUX))
      | 
<command-line>: note: this is the location of the previous definition
In file included from /public/home/tangwsh/PhysX/physx/include/foundation/PxSimpleTypes.h:36,
                 from /public/home/tangwsh/PhysX/physx/include/common/PxPhysXCommonConfig.h:32,
                 from /public/home/tangwsh/PhysX/physx/include/PxPhysXConfig.h:35,
                 from /public/home/tangwsh/PhysX/physx/include/geomutils/PxContactBuffer.h:32,
                 from /public/home/tangwsh/PhysX/physx/source/geomutils/src/contact/GuContactConvexMesh.cpp:29:
/public/home/tangwsh/PhysX/physx/source/geomutils/src/GuGeometryChecks.h:93:37: warning: ‘offsetof’ within non-standard-layout type ‘physx::PxCapsuleGeometry’ is conditionally-supported [-Winvalid-offsetof]
   93 | PX_COMPILE_TIME_ASSERT(PX_OFFSET_OF(physx::PxCapsuleGeometry, radius) == PX_OFFSET_OF(physx::PxSphereGeometry, radius));
/public/home/tangwsh/PhysX/physx/include/foundation/PxPreprocessor.h:430:51: note: in definition of macro ‘PX_COMPILE_TIME_ASSERT’
  430 | #define PX_COMPILE_TIME_ASSERT(exp) static_assert(exp, "")
      |                                                   ^~~
/public/home/tangwsh/PhysX/physx/source/geomutils/src/GuGeometryChecks.h:93:24: note: in expansion of macro ‘PX_OFFSET_OF’
   93 | PX_COMPILE_TIME_ASSERT(PX_OFFSET_OF(physx::PxCapsuleGeometry, radius) == PX_OFFSET_OF(physx::PxSphereGeometry, radius));
      |                        ^~~~~~~~~~~~
/public/home/tangwsh/PhysX/physx/source/geomutils/src/GuGeometryChecks.h:93:87: warning: ‘offsetof’ within non-standard-layout type ‘physx::PxSphereGeometry’ is conditionally-supported [-Winvalid-offsetof]
   93 | PX_COMPILE_TIME_ASSERT(PX_OFFSET_OF(physx::PxCapsuleGeometry, radius) == PX_OFFSET_OF(physx::PxSphereGeometry, radius));
/public/home/tangwsh/PhysX/physx/include/foundation/PxPreprocessor.h:430:51: note: in definition of macro ‘PX_COMPILE_TIME_ASSERT’
  430 | #define PX_COMPILE_TIME_ASSERT(exp) static_assert(exp, "")
      |                                                   ^~~
/public/home/tangwsh/PhysX/physx/source/geomutils/src/GuGeometryChecks.h:93:74: note: in expansion of macro ‘PX_OFFSET_OF’
   93 | PX_COMPILE_TIME_ASSERT(PX_OFFSET_OF(physx::PxCapsuleGeometry, radius) == PX_OFFSET_OF(physx::PxSphereGeometry, radius));
      |                                                                          ^~~~~~~~~~~~
[ 19%] Building CXX object CMakeFiles/GeomUtils.dir/public/home/tangwsh/PhysX/physx/source/geomutils/src/contact/GuContactCustomGeometry.cpp.o
In file included from /public/home/tangwsh/PhysX/physx/include/foundation/PxSimpleTypes.h:36,
                 from /public/home/tangwsh/PhysX/physx/include/common/PxPhysXCommonConfig.h:32,
                 from /public/home/tangwsh/PhysX/physx/include/PxPhysXConfig.h:35,
                 from /public/home/tangwsh/PhysX/physx/include/geomutils/PxContactBuffer.h:32,
                 from /public/home/tangwsh/PhysX/physx/source/geomutils/src/contact/GuContactCustomGeometry.cpp:29:
/public/home/tangwsh/PhysX/physx/include/foundation/PxPreprocessor.h:524: warning: "PX_SUPPORT_GPU_PHYSX" redefined
  524 |         #define PX_SUPPORT_GPU_PHYSX ((PX_X64 && (PX_WINDOWS_FAMILY || PX_LINUX)) || (PX_A64 && PX_LINUX))
      | 
<command-line>: note: this is the location of the previous definition
In file included from /public/home/tangwsh/PhysX/physx/include/foundation/PxSimpleTypes.h:36,
                 from /public/home/tangwsh/PhysX/physx/include/common/PxPhysXCommonConfig.h:32,
                 from /public/home/tangwsh/PhysX/physx/include/PxPhysXConfig.h:35,
                 from /public/home/tangwsh/PhysX/physx/include/geomutils/PxContactBuffer.h:32,
                 from /public/home/tangwsh/PhysX/physx/source/geomutils/src/contact/GuContactCustomGeometry.cpp:29:
/public/home/tangwsh/PhysX/physx/source/geomutils/src/GuGeometryChecks.h:93:37: warning: ‘offsetof’ within non-standard-layout type ‘physx::PxCapsuleGeometry’ is conditionally-supported [-Winvalid-offsetof]
   93 | PX_COMPILE_TIME_ASSERT(PX_OFFSET_OF(physx::PxCapsuleGeometry, radius) == PX_OFFSET_OF(physx::PxSphereGeometry, radius));
/public/home/tangwsh/PhysX/physx/include/foundation/PxPreprocessor.h:430:51: note: in definition of macro ‘PX_COMPILE_TIME_ASSERT’
  430 | #define PX_COMPILE_TIME_ASSERT(exp) static_assert(exp, "")
      |                                                   ^~~
/public/home/tangwsh/PhysX/physx/source/geomutils/src/GuGeometryChecks.h:93:24: note: in expansion of macro ‘PX_OFFSET_OF’
   93 | PX_COMPILE_TIME_ASSERT(PX_OFFSET_OF(physx::PxCapsuleGeometry, radius) == PX_OFFSET_OF(physx::PxSphereGeometry, radius));
      |                        ^~~~~~~~~~~~
/public/home/tangwsh/PhysX/physx/source/geomutils/src/GuGeometryChecks.h:93:87: warning: ‘offsetof’ within non-standard-layout type ‘physx::PxSphereGeometry’ is conditionally-supported [-Winvalid-offsetof]
   93 | PX_COMPILE_TIME_ASSERT(PX_OFFSET_OF(physx::PxCapsuleGeometry, radius) == PX_OFFSET_OF(physx::PxSphereGeometry, radius));
/public/home/tangwsh/PhysX/physx/include/foundation/PxPreprocessor.h:430:51: note: in definition of macro ‘PX_COMPILE_TIME_ASSERT’
  430 | #define PX_COMPILE_TIME_ASSERT(exp) static_assert(exp, "")
      |                                                   ^~~
/public/home/tangwsh/PhysX/physx/source/geomutils/src/GuGeometryChecks.h:93:74: note: in expansion of macro ‘PX_OFFSET_OF’
   93 | PX_COMPILE_TIME_ASSERT(PX_OFFSET_OF(physx::PxCapsuleGeometry, radius) == PX_OFFSET_OF(physx::PxSphereGeometry, radius));
      |                                                                          ^~~~~~~~~~~~
[ 19%] Building CXX object CMakeFiles/GeomUtils.dir/public/home/tangwsh/PhysX/physx/source/geomutils/src/contact/GuContactMeshMesh.cpp.o
In file included from /public/home/tangwsh/PhysX/physx/include/foundation/PxFoundationConfig.h:32,
                 from /public/home/tangwsh/PhysX/physx/include/foundation/PxAssert.h:33,
                 from /public/home/tangwsh/PhysX/physx/include/foundation/PxArray.h:32,
                 from /public/home/tangwsh/PhysX/physx/source/geomutils/src/contact/GuContactMeshMesh.cpp:29:
/public/home/tangwsh/PhysX/physx/include/foundation/PxPreprocessor.h:524: warning: "PX_SUPPORT_GPU_PHYSX" redefined
  524 |         #define PX_SUPPORT_GPU_PHYSX ((PX_X64 && (PX_WINDOWS_FAMILY || PX_LINUX)) || (PX_A64 && PX_LINUX))
      | 
<command-line>: note: this is the location of the previous definition
In file included from /public/home/tangwsh/PhysX/physx/include/foundation/PxFoundationConfig.h:32,
                 from /public/home/tangwsh/PhysX/physx/include/foundation/PxAssert.h:33,
                 from /public/home/tangwsh/PhysX/physx/include/foundation/PxArray.h:32,
                 from /public/home/tangwsh/PhysX/physx/source/geomutils/src/contact/GuContactMeshMesh.cpp:29:
/public/home/tangwsh/PhysX/physx/source/geomutils/src/GuGeometryChecks.h:93:37: warning: ‘offsetof’ within non-standard-layout type ‘physx::PxCapsuleGeometry’ is conditionally-supported [-Winvalid-offsetof]
   93 | PX_COMPILE_TIME_ASSERT(PX_OFFSET_OF(physx::PxCapsuleGeometry, radius) == PX_OFFSET_OF(physx::PxSphereGeometry, radius));
/public/home/tangwsh/PhysX/physx/include/foundation/PxPreprocessor.h:430:51: note: in definition of macro ‘PX_COMPILE_TIME_ASSERT’
  430 | #define PX_COMPILE_TIME_ASSERT(exp) static_assert(exp, "")
      |                                                   ^~~
/public/home/tangwsh/PhysX/physx/source/geomutils/src/GuGeometryChecks.h:93:24: note: in expansion of macro ‘PX_OFFSET_OF’
   93 | PX_COMPILE_TIME_ASSERT(PX_OFFSET_OF(physx::PxCapsuleGeometry, radius) == PX_OFFSET_OF(physx::PxSphereGeometry, radius));
      |                        ^~~~~~~~~~~~
/public/home/tangwsh/PhysX/physx/source/geomutils/src/GuGeometryChecks.h:93:87: warning: ‘offsetof’ within non-standard-layout type ‘physx::PxSphereGeometry’ is conditionally-supported [-Winvalid-offsetof]
   93 | PX_COMPILE_TIME_ASSERT(PX_OFFSET_OF(physx::PxCapsuleGeometry, radius) == PX_OFFSET_OF(physx::PxSphereGeometry, radius));
/public/home/tangwsh/PhysX/physx/include/foundation/PxPreprocessor.h:430:51: note: in definition of macro ‘PX_COMPILE_TIME_ASSERT’
  430 | #define PX_COMPILE_TIME_ASSERT(exp) static_assert(exp, "")
      |                                                   ^~~
/public/home/tangwsh/PhysX/physx/source/geomutils/src/GuGeometryChecks.h:93:74: note: in expansion of macro ‘PX_OFFSET_OF’
   93 | PX_COMPILE_TIME_ASSERT(PX_OFFSET_OF(physx::PxCapsuleGeometry, radius) == PX_OFFSET_OF(physx::PxSphereGeometry, radius));
      |                                                                          ^~~~~~~~~~~~
[ 19%] Building CXX object CMakeFiles/GeomUtils.dir/public/home/tangwsh/PhysX/physx/source/geomutils/src/contact/GuContactPlaneBox.cpp.o
In file included from /public/home/tangwsh/PhysX/physx/include/foundation/PxUnionCast.h:32,
                 from /public/home/tangwsh/PhysX/physx/source/geomutils/src/contact/GuContactPlaneBox.cpp:29:
/public/home/tangwsh/PhysX/physx/include/foundation/PxPreprocessor.h:524: warning: "PX_SUPPORT_GPU_PHYSX" redefined
  524 |         #define PX_SUPPORT_GPU_PHYSX ((PX_X64 && (PX_WINDOWS_FAMILY || PX_LINUX)) || (PX_A64 && PX_LINUX))
      | 
<command-line>: note: this is the location of the previous definition
In file included from /public/home/tangwsh/PhysX/physx/include/foundation/PxUnionCast.h:32,
                 from /public/home/tangwsh/PhysX/physx/source/geomutils/src/contact/GuContactPlaneBox.cpp:29:
/public/home/tangwsh/PhysX/physx/source/geomutils/src/GuGeometryChecks.h:93:37: warning: ‘offsetof’ within non-standard-layout type ‘physx::PxCapsuleGeometry’ is conditionally-supported [-Winvalid-offsetof]
   93 | PX_COMPILE_TIME_ASSERT(PX_OFFSET_OF(physx::PxCapsuleGeometry, radius) == PX_OFFSET_OF(physx::PxSphereGeometry, radius));
/public/home/tangwsh/PhysX/physx/include/foundation/PxPreprocessor.h:430:51: note: in definition of macro ‘PX_COMPILE_TIME_ASSERT’
  430 | #define PX_COMPILE_TIME_ASSERT(exp) static_assert(exp, "")
      |                                                   ^~~
/public/home/tangwsh/PhysX/physx/source/geomutils/src/GuGeometryChecks.h:93:24: note: in expansion of macro ‘PX_OFFSET_OF’
   93 | PX_COMPILE_TIME_ASSERT(PX_OFFSET_OF(physx::PxCapsuleGeometry, radius) == PX_OFFSET_OF(physx::PxSphereGeometry, radius));
      |                        ^~~~~~~~~~~~
/public/home/tangwsh/PhysX/physx/source/geomutils/src/GuGeometryChecks.h:93:87: warning: ‘offsetof’ within non-standard-layout type ‘physx::PxSphereGeometry’ is conditionally-supported [-Winvalid-offsetof]
   93 | PX_COMPILE_TIME_ASSERT(PX_OFFSET_OF(physx::PxCapsuleGeometry, radius) == PX_OFFSET_OF(physx::PxSphereGeometry, radius));
/public/home/tangwsh/PhysX/physx/include/foundation/PxPreprocessor.h:430:51: note: in definition of macro ‘PX_COMPILE_TIME_ASSERT’
  430 | #define PX_COMPILE_TIME_ASSERT(exp) static_assert(exp, "")
      |                                                   ^~~
/public/home/tangwsh/PhysX/physx/source/geomutils/src/GuGeometryChecks.h:93:74: note: in expansion of macro ‘PX_OFFSET_OF’
   93 | PX_COMPILE_TIME_ASSERT(PX_OFFSET_OF(physx::PxCapsuleGeometry, radius) == PX_OFFSET_OF(physx::PxSphereGeometry, radius));
      |                                                                          ^~~~~~~~~~~~
[ 20%] Building CXX object CMakeFiles/GeomUtils.dir/public/home/tangwsh/PhysX/physx/source/geomutils/src/contact/GuContactPlaneCapsule.cpp.o
In file included from /public/home/tangwsh/PhysX/physx/include/foundation/PxSimpleTypes.h:36,
                 from /public/home/tangwsh/PhysX/physx/include/common/PxPhysXCommonConfig.h:32,
                 from /public/home/tangwsh/PhysX/physx/include/PxPhysXConfig.h:35,
                 from /public/home/tangwsh/PhysX/physx/include/geomutils/PxContactBuffer.h:32,
                 from /public/home/tangwsh/PhysX/physx/source/geomutils/src/contact/GuContactPlaneCapsule.cpp:29:
/public/home/tangwsh/PhysX/physx/include/foundation/PxPreprocessor.h:524: warning: "PX_SUPPORT_GPU_PHYSX" redefined
  524 |         #define PX_SUPPORT_GPU_PHYSX ((PX_X64 && (PX_WINDOWS_FAMILY || PX_LINUX)) || (PX_A64 && PX_LINUX))
      | 
<command-line>: note: this is the location of the previous definition
In file included from /public/home/tangwsh/PhysX/physx/include/foundation/PxSimpleTypes.h:36,
                 from /public/home/tangwsh/PhysX/physx/include/common/PxPhysXCommonConfig.h:32,
                 from /public/home/tangwsh/PhysX/physx/include/PxPhysXConfig.h:35,
                 from /public/home/tangwsh/PhysX/physx/include/geomutils/PxContactBuffer.h:32,
                 from /public/home/tangwsh/PhysX/physx/source/geomutils/src/contact/GuContactPlaneCapsule.cpp:29:
/public/home/tangwsh/PhysX/physx/source/geomutils/src/GuGeometryChecks.h:93:37: warning: ‘offsetof’ within non-standard-layout type ‘physx::PxCapsuleGeometry’ is conditionally-supported [-Winvalid-offsetof]
   93 | PX_COMPILE_TIME_ASSERT(PX_OFFSET_OF(physx::PxCapsuleGeometry, radius) == PX_OFFSET_OF(physx::PxSphereGeometry, radius));
/public/home/tangwsh/PhysX/physx/include/foundation/PxPreprocessor.h:430:51: note: in definition of macro ‘PX_COMPILE_TIME_ASSERT’
  430 | #define PX_COMPILE_TIME_ASSERT(exp) static_assert(exp, "")
      |                                                   ^~~
/public/home/tangwsh/PhysX/physx/source/geomutils/src/GuGeometryChecks.h:93:24: note: in expansion of macro ‘PX_OFFSET_OF’
   93 | PX_COMPILE_TIME_ASSERT(PX_OFFSET_OF(physx::PxCapsuleGeometry, radius) == PX_OFFSET_OF(physx::PxSphereGeometry, radius));
      |                        ^~~~~~~~~~~~
/public/home/tangwsh/PhysX/physx/source/geomutils/src/GuGeometryChecks.h:93:87: warning: ‘offsetof’ within non-standard-layout type ‘physx::PxSphereGeometry’ is conditionally-supported [-Winvalid-offsetof]
   93 | PX_COMPILE_TIME_ASSERT(PX_OFFSET_OF(physx::PxCapsuleGeometry, radius) == PX_OFFSET_OF(physx::PxSphereGeometry, radius));
/public/home/tangwsh/PhysX/physx/include/foundation/PxPreprocessor.h:430:51: note: in definition of macro ‘PX_COMPILE_TIME_ASSERT’
  430 | #define PX_COMPILE_TIME_ASSERT(exp) static_assert(exp, "")
      |                                                   ^~~
/public/home/tangwsh/PhysX/physx/source/geomutils/src/GuGeometryChecks.h:93:74: note: in expansion of macro ‘PX_OFFSET_OF’
   93 | PX_COMPILE_TIME_ASSERT(PX_OFFSET_OF(physx::PxCapsuleGeometry, radius) == PX_OFFSET_OF(physx::PxSphereGeometry, radius));
      |                                                                          ^~~~~~~~~~~~
[ 20%] Building CXX object CMakeFiles/GeomUtils.dir/public/home/tangwsh/PhysX/physx/source/geomutils/src/contact/GuContactPlaneConvex.cpp.o
In file included from /public/home/tangwsh/PhysX/physx/include/foundation/PxSimpleTypes.h:36,
                 from /public/home/tangwsh/PhysX/physx/include/common/PxPhysXCommonConfig.h:32,
                 from /public/home/tangwsh/PhysX/physx/include/PxPhysXConfig.h:35,
                 from /public/home/tangwsh/PhysX/physx/include/geomutils/PxContactBuffer.h:32,
                 from /public/home/tangwsh/PhysX/physx/source/geomutils/src/contact/GuContactPlaneConvex.cpp:29:
/public/home/tangwsh/PhysX/physx/include/foundation/PxPreprocessor.h:524: warning: "PX_SUPPORT_GPU_PHYSX" redefined
  524 |         #define PX_SUPPORT_GPU_PHYSX ((PX_X64 && (PX_WINDOWS_FAMILY || PX_LINUX)) || (PX_A64 && PX_LINUX))
      | 
<command-line>: note: this is the location of the previous definition
In file included from /public/home/tangwsh/PhysX/physx/include/foundation/PxSimpleTypes.h:36,
                 from /public/home/tangwsh/PhysX/physx/include/common/PxPhysXCommonConfig.h:32,
                 from /public/home/tangwsh/PhysX/physx/include/PxPhysXConfig.h:35,
                 from /public/home/tangwsh/PhysX/physx/include/geomutils/PxContactBuffer.h:32,
                 from /public/home/tangwsh/PhysX/physx/source/geomutils/src/contact/GuContactPlaneConvex.cpp:29:
/public/home/tangwsh/PhysX/physx/source/geomutils/src/GuGeometryChecks.h:93:37: warning: ‘offsetof’ within non-standard-layout type ‘physx::PxCapsuleGeometry’ is conditionally-supported [-Winvalid-offsetof]
   93 | PX_COMPILE_TIME_ASSERT(PX_OFFSET_OF(physx::PxCapsuleGeometry, radius) == PX_OFFSET_OF(physx::PxSphereGeometry, radius));
/public/home/tangwsh/PhysX/physx/include/foundation/PxPreprocessor.h:430:51: note: in definition of macro ‘PX_COMPILE_TIME_ASSERT’
  430 | #define PX_COMPILE_TIME_ASSERT(exp) static_assert(exp, "")
      |                                                   ^~~
/public/home/tangwsh/PhysX/physx/source/geomutils/src/GuGeometryChecks.h:93:24: note: in expansion of macro ‘PX_OFFSET_OF’
   93 | PX_COMPILE_TIME_ASSERT(PX_OFFSET_OF(physx::PxCapsuleGeometry, radius) == PX_OFFSET_OF(physx::PxSphereGeometry, radius));
      |                        ^~~~~~~~~~~~
/public/home/tangwsh/PhysX/physx/source/geomutils/src/GuGeometryChecks.h:93:87: warning: ‘offsetof’ within non-standard-layout type ‘physx::PxSphereGeometry’ is conditionally-supported [-Winvalid-offsetof]
   93 | PX_COMPILE_TIME_ASSERT(PX_OFFSET_OF(physx::PxCapsuleGeometry, radius) == PX_OFFSET_OF(physx::PxSphereGeometry, radius));
/public/home/tangwsh/PhysX/physx/include/foundation/PxPreprocessor.h:430:51: note: in definition of macro ‘PX_COMPILE_TIME_ASSERT’
  430 | #define PX_COMPILE_TIME_ASSERT(exp) static_assert(exp, "")
      |                                                   ^~~
/public/home/tangwsh/PhysX/physx/source/geomutils/src/GuGeometryChecks.h:93:74: note: in expansion of macro ‘PX_OFFSET_OF’
   93 | PX_COMPILE_TIME_ASSERT(PX_OFFSET_OF(physx::PxCapsuleGeometry, radius) == PX_OFFSET_OF(physx::PxSphereGeometry, radius));
      |                                                                          ^~~~~~~~~~~~
[ 20%] Building CXX object CMakeFiles/GeomUtils.dir/public/home/tangwsh/PhysX/physx/source/geomutils/src/contact/GuContactPlaneConvexCore.cpp.o
In file included from /public/home/tangwsh/PhysX/physx/include/foundation/PxSimpleTypes.h:36,
                 from /public/home/tangwsh/PhysX/physx/include/common/PxPhysXCommonConfig.h:32,
                 from /public/home/tangwsh/PhysX/physx/include/PxPhysXConfig.h:35,
                 from /public/home/tangwsh/PhysX/physx/include/geomutils/PxContactBuffer.h:32,
                 from /public/home/tangwsh/PhysX/physx/source/geomutils/src/contact/GuContactPlaneConvexCore.cpp:29:
/public/home/tangwsh/PhysX/physx/include/foundation/PxPreprocessor.h:524: warning: "PX_SUPPORT_GPU_PHYSX" redefined
  524 |         #define PX_SUPPORT_GPU_PHYSX ((PX_X64 && (PX_WINDOWS_FAMILY || PX_LINUX)) || (PX_A64 && PX_LINUX))
      | 
<command-line>: note: this is the location of the previous definition
In file included from /public/home/tangwsh/PhysX/physx/include/foundation/PxSimpleTypes.h:36,
                 from /public/home/tangwsh/PhysX/physx/include/common/PxPhysXCommonConfig.h:32,
                 from /public/home/tangwsh/PhysX/physx/include/PxPhysXConfig.h:35,
                 from /public/home/tangwsh/PhysX/physx/include/geomutils/PxContactBuffer.h:32,
                 from /public/home/tangwsh/PhysX/physx/source/geomutils/src/contact/GuContactPlaneConvexCore.cpp:29:
/public/home/tangwsh/PhysX/physx/source/geomutils/src/GuGeometryChecks.h:93:37: warning: ‘offsetof’ within non-standard-layout type ‘physx::PxCapsuleGeometry’ is conditionally-supported [-Winvalid-offsetof]
   93 | PX_COMPILE_TIME_ASSERT(PX_OFFSET_OF(physx::PxCapsuleGeometry, radius) == PX_OFFSET_OF(physx::PxSphereGeometry, radius));
/public/home/tangwsh/PhysX/physx/include/foundation/PxPreprocessor.h:430:51: note: in definition of macro ‘PX_COMPILE_TIME_ASSERT’
  430 | #define PX_COMPILE_TIME_ASSERT(exp) static_assert(exp, "")
      |                                                   ^~~
/public/home/tangwsh/PhysX/physx/source/geomutils/src/GuGeometryChecks.h:93:24: note: in expansion of macro ‘PX_OFFSET_OF’
   93 | PX_COMPILE_TIME_ASSERT(PX_OFFSET_OF(physx::PxCapsuleGeometry, radius) == PX_OFFSET_OF(physx::PxSphereGeometry, radius));
      |                        ^~~~~~~~~~~~
/public/home/tangwsh/PhysX/physx/source/geomutils/src/GuGeometryChecks.h:93:87: warning: ‘offsetof’ within non-standard-layout type ‘physx::PxSphereGeometry’ is conditionally-supported [-Winvalid-offsetof]
   93 | PX_COMPILE_TIME_ASSERT(PX_OFFSET_OF(physx::PxCapsuleGeometry, radius) == PX_OFFSET_OF(physx::PxSphereGeometry, radius));
/public/home/tangwsh/PhysX/physx/include/foundation/PxPreprocessor.h:430:51: note: in definition of macro ‘PX_COMPILE_TIME_ASSERT’
  430 | #define PX_COMPILE_TIME_ASSERT(exp) static_assert(exp, "")
      |                                                   ^~~
/public/home/tangwsh/PhysX/physx/source/geomutils/src/GuGeometryChecks.h:93:74: note: in expansion of macro ‘PX_OFFSET_OF’
   93 | PX_COMPILE_TIME_ASSERT(PX_OFFSET_OF(physx::PxCapsuleGeometry, radius) == PX_OFFSET_OF(physx::PxSphereGeometry, radius));
      |                                                                          ^~~~~~~~~~~~
[ 20%] Building CXX object CMakeFiles/GeomUtils.dir/public/home/tangwsh/PhysX/physx/source/geomutils/src/contact/GuContactPlaneMesh.cpp.o
In file included from /public/home/tangwsh/PhysX/physx/include/foundation/PxMath.h:33,
                 from /public/home/tangwsh/PhysX/physx/include/foundation/PxVec3.h:33,
                 from /public/home/tangwsh/PhysX/physx/include/foundation/PxQuat.h:33,
                 from /public/home/tangwsh/PhysX/physx/include/foundation/PxTransform.h:32,
                 from /public/home/tangwsh/PhysX/physx/include/foundation/PxMat34.h:32,
                 from /public/home/tangwsh/PhysX/physx/source/common/src/CmMatrix34.h:32,
                 from /public/home/tangwsh/PhysX/physx/source/geomutils/src/contact/GuContactPlaneMesh.cpp:29:
/public/home/tangwsh/PhysX/physx/include/foundation/PxPreprocessor.h:524: warning: "PX_SUPPORT_GPU_PHYSX" redefined
  524 |         #define PX_SUPPORT_GPU_PHYSX ((PX_X64 && (PX_WINDOWS_FAMILY || PX_LINUX)) || (PX_A64 && PX_LINUX))
      | 
<command-line>: note: this is the location of the previous definition
In file included from /public/home/tangwsh/PhysX/physx/include/foundation/PxMath.h:33,
                 from /public/home/tangwsh/PhysX/physx/include/foundation/PxVec3.h:33,
                 from /public/home/tangwsh/PhysX/physx/include/foundation/PxQuat.h:33,
                 from /public/home/tangwsh/PhysX/physx/include/foundation/PxTransform.h:32,
                 from /public/home/tangwsh/PhysX/physx/include/foundation/PxMat34.h:32,
                 from /public/home/tangwsh/PhysX/physx/source/common/src/CmMatrix34.h:32,
                 from /public/home/tangwsh/PhysX/physx/source/geomutils/src/contact/GuContactPlaneMesh.cpp:29:
/public/home/tangwsh/PhysX/physx/source/geomutils/src/GuGeometryChecks.h:93:37: warning: ‘offsetof’ within non-standard-layout type ‘physx::PxCapsuleGeometry’ is conditionally-supported [-Winvalid-offsetof]
   93 | PX_COMPILE_TIME_ASSERT(PX_OFFSET_OF(physx::PxCapsuleGeometry, radius) == PX_OFFSET_OF(physx::PxSphereGeometry, radius));
/public/home/tangwsh/PhysX/physx/include/foundation/PxPreprocessor.h:430:51: note: in definition of macro ‘PX_COMPILE_TIME_ASSERT’
  430 | #define PX_COMPILE_TIME_ASSERT(exp) static_assert(exp, "")
      |                                                   ^~~
/public/home/tangwsh/PhysX/physx/source/geomutils/src/GuGeometryChecks.h:93:24: note: in expansion of macro ‘PX_OFFSET_OF’
   93 | PX_COMPILE_TIME_ASSERT(PX_OFFSET_OF(physx::PxCapsuleGeometry, radius) == PX_OFFSET_OF(physx::PxSphereGeometry, radius));
      |                        ^~~~~~~~~~~~
/public/home/tangwsh/PhysX/physx/source/geomutils/src/GuGeometryChecks.h:93:87: warning: ‘offsetof’ within non-standard-layout type ‘physx::PxSphereGeometry’ is conditionally-supported [-Winvalid-offsetof]
   93 | PX_COMPILE_TIME_ASSERT(PX_OFFSET_OF(physx::PxCapsuleGeometry, radius) == PX_OFFSET_OF(physx::PxSphereGeometry, radius));
/public/home/tangwsh/PhysX/physx/include/foundation/PxPreprocessor.h:430:51: note: in definition of macro ‘PX_COMPILE_TIME_ASSERT’
  430 | #define PX_COMPILE_TIME_ASSERT(exp) static_assert(exp, "")
      |                                                   ^~~
/public/home/tangwsh/PhysX/physx/source/geomutils/src/GuGeometryChecks.h:93:74: note: in expansion of macro ‘PX_OFFSET_OF’
   93 | PX_COMPILE_TIME_ASSERT(PX_OFFSET_OF(physx::PxCapsuleGeometry, radius) == PX_OFFSET_OF(physx::PxSphereGeometry, radius));
      |                                                                          ^~~~~~~~~~~~
[ 21%] Building CXX object CMakeFiles/GeomUtils.dir/public/home/tangwsh/PhysX/physx/source/geomutils/src/contact/GuContactPolygonPolygon.cpp.o
In file included from /public/home/tangwsh/PhysX/physx/include/foundation/PxSimpleTypes.h:36,
                 from /public/home/tangwsh/PhysX/physx/include/foundation/PxMemory.h:33,
                 from /public/home/tangwsh/PhysX/physx/source/geomutils/src/contact/GuContactPolygonPolygon.cpp:29:
/public/home/tangwsh/PhysX/physx/include/foundation/PxPreprocessor.h:524: warning: "PX_SUPPORT_GPU_PHYSX" redefined
  524 |         #define PX_SUPPORT_GPU_PHYSX ((PX_X64 && (PX_WINDOWS_FAMILY || PX_LINUX)) || (PX_A64 && PX_LINUX))
      | 
<command-line>: note: this is the location of the previous definition
[ 21%] Building CXX object CMakeFiles/GeomUtils.dir/public/home/tangwsh/PhysX/physx/source/geomutils/src/contact/GuContactSphereBox.cpp.o
In file included from /public/home/tangwsh/PhysX/physx/include/foundation/PxSimpleTypes.h:36,
                 from /public/home/tangwsh/PhysX/physx/include/common/PxPhysXCommonConfig.h:32,
                 from /public/home/tangwsh/PhysX/physx/include/PxPhysXConfig.h:35,
                 from /public/home/tangwsh/PhysX/physx/include/geomutils/PxContactBuffer.h:32,
                 from /public/home/tangwsh/PhysX/physx/source/geomutils/src/contact/GuContactSphereBox.cpp:29:
/public/home/tangwsh/PhysX/physx/include/foundation/PxPreprocessor.h:524: warning: "PX_SUPPORT_GPU_PHYSX" redefined
  524 |         #define PX_SUPPORT_GPU_PHYSX ((PX_X64 && (PX_WINDOWS_FAMILY || PX_LINUX)) || (PX_A64 && PX_LINUX))
      | 
<command-line>: note: this is the location of the previous definition
In file included from /public/home/tangwsh/PhysX/physx/include/foundation/PxSimpleTypes.h:36,
                 from /public/home/tangwsh/PhysX/physx/include/common/PxPhysXCommonConfig.h:32,
                 from /public/home/tangwsh/PhysX/physx/include/PxPhysXConfig.h:35,
                 from /public/home/tangwsh/PhysX/physx/include/geomutils/PxContactBuffer.h:32,
                 from /public/home/tangwsh/PhysX/physx/source/geomutils/src/contact/GuContactSphereBox.cpp:29:
/public/home/tangwsh/PhysX/physx/source/geomutils/src/GuGeometryChecks.h:93:37: warning: ‘offsetof’ within non-standard-layout type ‘physx::PxCapsuleGeometry’ is conditionally-supported [-Winvalid-offsetof]
   93 | PX_COMPILE_TIME_ASSERT(PX_OFFSET_OF(physx::PxCapsuleGeometry, radius) == PX_OFFSET_OF(physx::PxSphereGeometry, radius));
/public/home/tangwsh/PhysX/physx/include/foundation/PxPreprocessor.h:430:51: note: in definition of macro ‘PX_COMPILE_TIME_ASSERT’
  430 | #define PX_COMPILE_TIME_ASSERT(exp) static_assert(exp, "")
      |                                                   ^~~
/public/home/tangwsh/PhysX/physx/source/geomutils/src/GuGeometryChecks.h:93:24: note: in expansion of macro ‘PX_OFFSET_OF’
   93 | PX_COMPILE_TIME_ASSERT(PX_OFFSET_OF(physx::PxCapsuleGeometry, radius) == PX_OFFSET_OF(physx::PxSphereGeometry, radius));
      |                        ^~~~~~~~~~~~
/public/home/tangwsh/PhysX/physx/source/geomutils/src/GuGeometryChecks.h:93:87: warning: ‘offsetof’ within non-standard-layout type ‘physx::PxSphereGeometry’ is conditionally-supported [-Winvalid-offsetof]
   93 | PX_COMPILE_TIME_ASSERT(PX_OFFSET_OF(physx::PxCapsuleGeometry, radius) == PX_OFFSET_OF(physx::PxSphereGeometry, radius));
/public/home/tangwsh/PhysX/physx/include/foundation/PxPreprocessor.h:430:51: note: in definition of macro ‘PX_COMPILE_TIME_ASSERT’
  430 | #define PX_COMPILE_TIME_ASSERT(exp) static_assert(exp, "")
      |                                                   ^~~
/public/home/tangwsh/PhysX/physx/source/geomutils/src/GuGeometryChecks.h:93:74: note: in expansion of macro ‘PX_OFFSET_OF’
   93 | PX_COMPILE_TIME_ASSERT(PX_OFFSET_OF(physx::PxCapsuleGeometry, radius) == PX_OFFSET_OF(physx::PxSphereGeometry, radius));
      |                                                                          ^~~~~~~~~~~~
[ 21%] Building CXX object CMakeFiles/GeomUtils.dir/public/home/tangwsh/PhysX/physx/source/geomutils/src/contact/GuContactSphereCapsule.cpp.o
In file included from /public/home/tangwsh/PhysX/physx/include/foundation/PxSimpleTypes.h:36,
                 from /public/home/tangwsh/PhysX/physx/include/common/PxPhysXCommonConfig.h:32,
                 from /public/home/tangwsh/PhysX/physx/include/PxPhysXConfig.h:35,
                 from /public/home/tangwsh/PhysX/physx/include/geomutils/PxContactBuffer.h:32,
                 from /public/home/tangwsh/PhysX/physx/source/geomutils/src/contact/GuContactSphereCapsule.cpp:29:
/public/home/tangwsh/PhysX/physx/include/foundation/PxPreprocessor.h:524: warning: "PX_SUPPORT_GPU_PHYSX" redefined
  524 |         #define PX_SUPPORT_GPU_PHYSX ((PX_X64 && (PX_WINDOWS_FAMILY || PX_LINUX)) || (PX_A64 && PX_LINUX))
      | 
<command-line>: note: this is the location of the previous definition
In file included from /public/home/tangwsh/PhysX/physx/include/foundation/PxSimpleTypes.h:36,
                 from /public/home/tangwsh/PhysX/physx/include/common/PxPhysXCommonConfig.h:32,
                 from /public/home/tangwsh/PhysX/physx/include/PxPhysXConfig.h:35,
                 from /public/home/tangwsh/PhysX/physx/include/geomutils/PxContactBuffer.h:32,
                 from /public/home/tangwsh/PhysX/physx/source/geomutils/src/contact/GuContactSphereCapsule.cpp:29:
/public/home/tangwsh/PhysX/physx/source/geomutils/src/GuGeometryChecks.h:93:37: warning: ‘offsetof’ within non-standard-layout type ‘physx::PxCapsuleGeometry’ is conditionally-supported [-Winvalid-offsetof]
   93 | PX_COMPILE_TIME_ASSERT(PX_OFFSET_OF(physx::PxCapsuleGeometry, radius) == PX_OFFSET_OF(physx::PxSphereGeometry, radius));
/public/home/tangwsh/PhysX/physx/include/foundation/PxPreprocessor.h:430:51: note: in definition of macro ‘PX_COMPILE_TIME_ASSERT’
  430 | #define PX_COMPILE_TIME_ASSERT(exp) static_assert(exp, "")
      |                                                   ^~~
/public/home/tangwsh/PhysX/physx/source/geomutils/src/GuGeometryChecks.h:93:24: note: in expansion of macro ‘PX_OFFSET_OF’
   93 | PX_COMPILE_TIME_ASSERT(PX_OFFSET_OF(physx::PxCapsuleGeometry, radius) == PX_OFFSET_OF(physx::PxSphereGeometry, radius));
      |                        ^~~~~~~~~~~~
/public/home/tangwsh/PhysX/physx/source/geomutils/src/GuGeometryChecks.h:93:87: warning: ‘offsetof’ within non-standard-layout type ‘physx::PxSphereGeometry’ is conditionally-supported [-Winvalid-offsetof]
   93 | PX_COMPILE_TIME_ASSERT(PX_OFFSET_OF(physx::PxCapsuleGeometry, radius) == PX_OFFSET_OF(physx::PxSphereGeometry, radius));
/public/home/tangwsh/PhysX/physx/include/foundation/PxPreprocessor.h:430:51: note: in definition of macro ‘PX_COMPILE_TIME_ASSERT’
  430 | #define PX_COMPILE_TIME_ASSERT(exp) static_assert(exp, "")
      |                                                   ^~~
/public/home/tangwsh/PhysX/physx/source/geomutils/src/GuGeometryChecks.h:93:74: note: in expansion of macro ‘PX_OFFSET_OF’
   93 | PX_COMPILE_TIME_ASSERT(PX_OFFSET_OF(physx::PxCapsuleGeometry, radius) == PX_OFFSET_OF(physx::PxSphereGeometry, radius));
      |                                                                          ^~~~~~~~~~~~
[ 21%] Building CXX object CMakeFiles/GeomUtils.dir/public/home/tangwsh/PhysX/physx/source/geomutils/src/contact/GuContactSphereMesh.cpp.o
In file included from /public/home/tangwsh/PhysX/physx/include/foundation/PxSimpleTypes.h:36,
                 from /public/home/tangwsh/PhysX/physx/include/common/PxPhysXCommonConfig.h:32,
                 from /public/home/tangwsh/PhysX/physx/include/PxPhysXConfig.h:35,
                 from /public/home/tangwsh/PhysX/physx/include/geomutils/PxContactBuffer.h:32,
                 from /public/home/tangwsh/PhysX/physx/source/geomutils/src/contact/GuContactSphereMesh.cpp:29:
/public/home/tangwsh/PhysX/physx/include/foundation/PxPreprocessor.h:524: warning: "PX_SUPPORT_GPU_PHYSX" redefined
  524 |         #define PX_SUPPORT_GPU_PHYSX ((PX_X64 && (PX_WINDOWS_FAMILY || PX_LINUX)) || (PX_A64 && PX_LINUX))
      | 
<command-line>: note: this is the location of the previous definition
In file included from /public/home/tangwsh/PhysX/physx/include/foundation/PxSimpleTypes.h:36,
                 from /public/home/tangwsh/PhysX/physx/include/common/PxPhysXCommonConfig.h:32,
                 from /public/home/tangwsh/PhysX/physx/include/PxPhysXConfig.h:35,
                 from /public/home/tangwsh/PhysX/physx/include/geomutils/PxContactBuffer.h:32,
                 from /public/home/tangwsh/PhysX/physx/source/geomutils/src/contact/GuContactSphereMesh.cpp:29:
/public/home/tangwsh/PhysX/physx/source/geomutils/src/GuGeometryChecks.h:93:37: warning: ‘offsetof’ within non-standard-layout type ‘physx::PxCapsuleGeometry’ is conditionally-supported [-Winvalid-offsetof]
   93 | PX_COMPILE_TIME_ASSERT(PX_OFFSET_OF(physx::PxCapsuleGeometry, radius) == PX_OFFSET_OF(physx::PxSphereGeometry, radius));
/public/home/tangwsh/PhysX/physx/include/foundation/PxPreprocessor.h:430:51: note: in definition of macro ‘PX_COMPILE_TIME_ASSERT’
  430 | #define PX_COMPILE_TIME_ASSERT(exp) static_assert(exp, "")
      |                                                   ^~~
/public/home/tangwsh/PhysX/physx/source/geomutils/src/GuGeometryChecks.h:93:24: note: in expansion of macro ‘PX_OFFSET_OF’
   93 | PX_COMPILE_TIME_ASSERT(PX_OFFSET_OF(physx::PxCapsuleGeometry, radius) == PX_OFFSET_OF(physx::PxSphereGeometry, radius));
      |                        ^~~~~~~~~~~~
/public/home/tangwsh/PhysX/physx/source/geomutils/src/GuGeometryChecks.h:93:87: warning: ‘offsetof’ within non-standard-layout type ‘physx::PxSphereGeometry’ is conditionally-supported [-Winvalid-offsetof]
   93 | PX_COMPILE_TIME_ASSERT(PX_OFFSET_OF(physx::PxCapsuleGeometry, radius) == PX_OFFSET_OF(physx::PxSphereGeometry, radius));
/public/home/tangwsh/PhysX/physx/include/foundation/PxPreprocessor.h:430:51: note: in definition of macro ‘PX_COMPILE_TIME_ASSERT’
  430 | #define PX_COMPILE_TIME_ASSERT(exp) static_assert(exp, "")
      |                                                   ^~~
/public/home/tangwsh/PhysX/physx/source/geomutils/src/GuGeometryChecks.h:93:74: note: in expansion of macro ‘PX_OFFSET_OF’
   93 | PX_COMPILE_TIME_ASSERT(PX_OFFSET_OF(physx::PxCapsuleGeometry, radius) == PX_OFFSET_OF(physx::PxSphereGeometry, radius));
      |                                                                          ^~~~~~~~~~~~
[ 21%] Building CXX object CMakeFiles/GeomUtils.dir/public/home/tangwsh/PhysX/physx/source/geomutils/src/contact/GuContactSpherePlane.cpp.o
In file included from /public/home/tangwsh/PhysX/physx/include/foundation/PxSimpleTypes.h:36,
                 from /public/home/tangwsh/PhysX/physx/include/common/PxPhysXCommonConfig.h:32,
                 from /public/home/tangwsh/PhysX/physx/include/PxPhysXConfig.h:35,
                 from /public/home/tangwsh/PhysX/physx/include/geomutils/PxContactBuffer.h:32,
                 from /public/home/tangwsh/PhysX/physx/source/geomutils/src/contact/GuContactSpherePlane.cpp:29:
/public/home/tangwsh/PhysX/physx/include/foundation/PxPreprocessor.h:524: warning: "PX_SUPPORT_GPU_PHYSX" redefined
  524 |         #define PX_SUPPORT_GPU_PHYSX ((PX_X64 && (PX_WINDOWS_FAMILY || PX_LINUX)) || (PX_A64 && PX_LINUX))
      | 
<command-line>: note: this is the location of the previous definition
In file included from /public/home/tangwsh/PhysX/physx/include/foundation/PxSimpleTypes.h:36,
                 from /public/home/tangwsh/PhysX/physx/include/common/PxPhysXCommonConfig.h:32,
                 from /public/home/tangwsh/PhysX/physx/include/PxPhysXConfig.h:35,
                 from /public/home/tangwsh/PhysX/physx/include/geomutils/PxContactBuffer.h:32,
                 from /public/home/tangwsh/PhysX/physx/source/geomutils/src/contact/GuContactSpherePlane.cpp:29:
/public/home/tangwsh/PhysX/physx/source/geomutils/src/GuGeometryChecks.h:93:37: warning: ‘offsetof’ within non-standard-layout type ‘physx::PxCapsuleGeometry’ is conditionally-supported [-Winvalid-offsetof]
   93 | PX_COMPILE_TIME_ASSERT(PX_OFFSET_OF(physx::PxCapsuleGeometry, radius) == PX_OFFSET_OF(physx::PxSphereGeometry, radius));
/public/home/tangwsh/PhysX/physx/include/foundation/PxPreprocessor.h:430:51: note: in definition of macro ‘PX_COMPILE_TIME_ASSERT’
  430 | #define PX_COMPILE_TIME_ASSERT(exp) static_assert(exp, "")
      |                                                   ^~~
/public/home/tangwsh/PhysX/physx/source/geomutils/src/GuGeometryChecks.h:93:24: note: in expansion of macro ‘PX_OFFSET_OF’
   93 | PX_COMPILE_TIME_ASSERT(PX_OFFSET_OF(physx::PxCapsuleGeometry, radius) == PX_OFFSET_OF(physx::PxSphereGeometry, radius));
      |                        ^~~~~~~~~~~~
/public/home/tangwsh/PhysX/physx/source/geomutils/src/GuGeometryChecks.h:93:87: warning: ‘offsetof’ within non-standard-layout type ‘physx::PxSphereGeometry’ is conditionally-supported [-Winvalid-offsetof]
   93 | PX_COMPILE_TIME_ASSERT(PX_OFFSET_OF(physx::PxCapsuleGeometry, radius) == PX_OFFSET_OF(physx::PxSphereGeometry, radius));
/public/home/tangwsh/PhysX/physx/include/foundation/PxPreprocessor.h:430:51: note: in definition of macro ‘PX_COMPILE_TIME_ASSERT’
  430 | #define PX_COMPILE_TIME_ASSERT(exp) static_assert(exp, "")
      |                                                   ^~~
/public/home/tangwsh/PhysX/physx/source/geomutils/src/GuGeometryChecks.h:93:74: note: in expansion of macro ‘PX_OFFSET_OF’
   93 | PX_COMPILE_TIME_ASSERT(PX_OFFSET_OF(physx::PxCapsuleGeometry, radius) == PX_OFFSET_OF(physx::PxSphereGeometry, radius));
      |                                                                          ^~~~~~~~~~~~
[ 22%] Building CXX object CMakeFiles/GeomUtils.dir/public/home/tangwsh/PhysX/physx/source/geomutils/src/contact/GuContactSphereSphere.cpp.o
In file included from /public/home/tangwsh/PhysX/physx/include/foundation/PxSimpleTypes.h:36,
                 from /public/home/tangwsh/PhysX/physx/include/common/PxPhysXCommonConfig.h:32,
                 from /public/home/tangwsh/PhysX/physx/include/PxPhysXConfig.h:35,
                 from /public/home/tangwsh/PhysX/physx/include/geomutils/PxContactBuffer.h:32,
                 from /public/home/tangwsh/PhysX/physx/source/geomutils/src/contact/GuContactSphereSphere.cpp:29:
/public/home/tangwsh/PhysX/physx/include/foundation/PxPreprocessor.h:524: warning: "PX_SUPPORT_GPU_PHYSX" redefined
  524 |         #define PX_SUPPORT_GPU_PHYSX ((PX_X64 && (PX_WINDOWS_FAMILY || PX_LINUX)) || (PX_A64 && PX_LINUX))
      | 
<command-line>: note: this is the location of the previous definition
In file included from /public/home/tangwsh/PhysX/physx/include/foundation/PxSimpleTypes.h:36,
                 from /public/home/tangwsh/PhysX/physx/include/common/PxPhysXCommonConfig.h:32,
                 from /public/home/tangwsh/PhysX/physx/include/PxPhysXConfig.h:35,
                 from /public/home/tangwsh/PhysX/physx/include/geomutils/PxContactBuffer.h:32,
                 from /public/home/tangwsh/PhysX/physx/source/geomutils/src/contact/GuContactSphereSphere.cpp:29:
/public/home/tangwsh/PhysX/physx/source/geomutils/src/GuGeometryChecks.h:93:37: warning: ‘offsetof’ within non-standard-layout type ‘physx::PxCapsuleGeometry’ is conditionally-supported [-Winvalid-offsetof]
   93 | PX_COMPILE_TIME_ASSERT(PX_OFFSET_OF(physx::PxCapsuleGeometry, radius) == PX_OFFSET_OF(physx::PxSphereGeometry, radius));
/public/home/tangwsh/PhysX/physx/include/foundation/PxPreprocessor.h:430:51: note: in definition of macro ‘PX_COMPILE_TIME_ASSERT’
  430 | #define PX_COMPILE_TIME_ASSERT(exp) static_assert(exp, "")
      |                                                   ^~~
/public/home/tangwsh/PhysX/physx/source/geomutils/src/GuGeometryChecks.h:93:24: note: in expansion of macro ‘PX_OFFSET_OF’
   93 | PX_COMPILE_TIME_ASSERT(PX_OFFSET_OF(physx::PxCapsuleGeometry, radius) == PX_OFFSET_OF(physx::PxSphereGeometry, radius));
      |                        ^~~~~~~~~~~~
/public/home/tangwsh/PhysX/physx/source/geomutils/src/GuGeometryChecks.h:93:87: warning: ‘offsetof’ within non-standard-layout type ‘physx::PxSphereGeometry’ is conditionally-supported [-Winvalid-offsetof]
   93 | PX_COMPILE_TIME_ASSERT(PX_OFFSET_OF(physx::PxCapsuleGeometry, radius) == PX_OFFSET_OF(physx::PxSphereGeometry, radius));
/public/home/tangwsh/PhysX/physx/include/foundation/PxPreprocessor.h:430:51: note: in definition of macro ‘PX_COMPILE_TIME_ASSERT’
  430 | #define PX_COMPILE_TIME_ASSERT(exp) static_assert(exp, "")
      |                                                   ^~~
/public/home/tangwsh/PhysX/physx/source/geomutils/src/GuGeometryChecks.h:93:74: note: in expansion of macro ‘PX_OFFSET_OF’
   93 | PX_COMPILE_TIME_ASSERT(PX_OFFSET_OF(physx::PxCapsuleGeometry, radius) == PX_OFFSET_OF(physx::PxSphereGeometry, radius));
      |                                                                          ^~~~~~~~~~~~
[ 22%] Building CXX object CMakeFiles/GeomUtils.dir/public/home/tangwsh/PhysX/physx/source/geomutils/src/contact/GuFeatureCode.cpp.o
In file included from /public/home/tangwsh/PhysX/physx/include/foundation/PxSimpleTypes.h:36,
                 from /public/home/tangwsh/PhysX/physx/source/geomutils/src/convex/GuConvexEdgeFlags.h:32,
                 from /public/home/tangwsh/PhysX/physx/source/geomutils/src/contact/GuFeatureCode.cpp:29:
/public/home/tangwsh/PhysX/physx/include/foundation/PxPreprocessor.h:524: warning: "PX_SUPPORT_GPU_PHYSX" redefined
  524 |         #define PX_SUPPORT_GPU_PHYSX ((PX_X64 && (PX_WINDOWS_FAMILY || PX_LINUX)) || (PX_A64 && PX_LINUX))
      | 
<command-line>: note: this is the location of the previous definition
[ 22%] Building CXX object CMakeFiles/GeomUtils.dir/public/home/tangwsh/PhysX/physx/source/geomutils/src/convex/GuBigConvexData.cpp.o
In file included from /public/home/tangwsh/PhysX/physx/include/foundation/PxIntrinsics.h:32,
                 from /public/home/tangwsh/PhysX/physx/source/geomutils/src/convex/GuBigConvexData.cpp:29:
/public/home/tangwsh/PhysX/physx/include/foundation/PxPreprocessor.h:524: warning: "PX_SUPPORT_GPU_PHYSX" redefined
  524 |         #define PX_SUPPORT_GPU_PHYSX ((PX_X64 && (PX_WINDOWS_FAMILY || PX_LINUX)) || (PX_A64 && PX_LINUX))
      | 
<command-line>: note: this is the location of the previous definition
[ 22%] Building CXX object CMakeFiles/GeomUtils.dir/public/home/tangwsh/PhysX/physx/source/geomutils/src/convex/GuConvexHelper.cpp.o
In file included from /public/home/tangwsh/PhysX/physx/include/foundation/PxMath.h:33,
                 from /public/home/tangwsh/PhysX/physx/include/foundation/PxVec3.h:33,
                 from /public/home/tangwsh/PhysX/physx/include/foundation/PxUtilities.h:32,
                 from /public/home/tangwsh/PhysX/physx/source/geomutils/src/convex/GuConvexHelper.cpp:29:
/public/home/tangwsh/PhysX/physx/include/foundation/PxPreprocessor.h:524: warning: "PX_SUPPORT_GPU_PHYSX" redefined
  524 |         #define PX_SUPPORT_GPU_PHYSX ((PX_X64 && (PX_WINDOWS_FAMILY || PX_LINUX)) || (PX_A64 && PX_LINUX))
      | 
<command-line>: note: this is the location of the previous definition
[ 22%] Building CXX object CMakeFiles/GeomUtils.dir/public/home/tangwsh/PhysX/physx/source/geomutils/src/convex/GuConvexMesh.cpp.o
In file included from /public/home/tangwsh/PhysX/physx/include/foundation/PxSimpleTypes.h:36,
                 from /public/home/tangwsh/PhysX/physx/include/foundation/PxFoundation.h:33,
                 from /public/home/tangwsh/PhysX/physx/source/geomutils/src/convex/GuConvexMesh.cpp:29:
/public/home/tangwsh/PhysX/physx/include/foundation/PxPreprocessor.h:524: warning: "PX_SUPPORT_GPU_PHYSX" redefined
  524 |         #define PX_SUPPORT_GPU_PHYSX ((PX_X64 && (PX_WINDOWS_FAMILY || PX_LINUX)) || (PX_A64 && PX_LINUX))
      | 
<command-line>: note: this is the location of the previous definition
[ 23%] Building CXX object CMakeFiles/GeomUtils.dir/public/home/tangwsh/PhysX/physx/source/geomutils/src/convex/GuConvexSupportTable.cpp.o
In file included from /public/home/tangwsh/PhysX/physx/include/foundation/PxMath.h:33,
                 from /public/home/tangwsh/PhysX/physx/include/foundation/PxVec3.h:33,
                 from /public/home/tangwsh/PhysX/physx/include/foundation/PxQuat.h:33,
                 from /public/home/tangwsh/PhysX/physx/include/foundation/PxTransform.h:32,
                 from /public/home/tangwsh/PhysX/physx/source/geomutils/src/gjk/GuVecBox.h:32,
                 from /public/home/tangwsh/PhysX/physx/source/geomutils/src/convex/GuConvexSupportTable.cpp:29:
/public/home/tangwsh/PhysX/physx/include/foundation/PxPreprocessor.h:524: warning: "PX_SUPPORT_GPU_PHYSX" redefined
  524 |         #define PX_SUPPORT_GPU_PHYSX ((PX_X64 && (PX_WINDOWS_FAMILY || PX_LINUX)) || (PX_A64 && PX_LINUX))
      | 
<command-line>: note: this is the location of the previous definition
[ 23%] Building CXX object CMakeFiles/GeomUtils.dir/public/home/tangwsh/PhysX/physx/source/geomutils/src/convex/GuConvexUtilsInternal.cpp.o
In file included from /public/home/tangwsh/PhysX/physx/include/foundation/PxMath.h:33,
                 from /public/home/tangwsh/PhysX/physx/include/foundation/PxVec3.h:33,
                 from /public/home/tangwsh/PhysX/physx/include/foundation/PxQuat.h:33,
                 from /public/home/tangwsh/PhysX/physx/include/foundation/PxTransform.h:32,
                 from /public/home/tangwsh/PhysX/physx/include/foundation/PxBounds3.h:32,
                 from /public/home/tangwsh/PhysX/physx/source/geomutils/src/convex/GuConvexUtilsInternal.cpp:29:
/public/home/tangwsh/PhysX/physx/include/foundation/PxPreprocessor.h:524: warning: "PX_SUPPORT_GPU_PHYSX" redefined
  524 |         #define PX_SUPPORT_GPU_PHYSX ((PX_X64 && (PX_WINDOWS_FAMILY || PX_LINUX)) || (PX_A64 && PX_LINUX))
      | 
<command-line>: note: this is the location of the previous definition
[ 23%] Building CXX object CMakeFiles/GeomUtils.dir/public/home/tangwsh/PhysX/physx/source/geomutils/src/convex/GuHillClimbing.cpp.o
In file included from /public/home/tangwsh/PhysX/physx/include/foundation/PxMath.h:33,
                 from /public/home/tangwsh/PhysX/physx/include/foundation/PxVec3.h:33,
                 from /public/home/tangwsh/PhysX/physx/source/geomutils/src/convex/GuHillClimbing.cpp:29:
/public/home/tangwsh/PhysX/physx/include/foundation/PxPreprocessor.h:524: warning: "PX_SUPPORT_GPU_PHYSX" redefined
  524 |         #define PX_SUPPORT_GPU_PHYSX ((PX_X64 && (PX_WINDOWS_FAMILY || PX_LINUX)) || (PX_A64 && PX_LINUX))
      | 
<command-line>: note: this is the location of the previous definition
[ 23%] Building CXX object CMakeFiles/GeomUtils.dir/public/home/tangwsh/PhysX/physx/source/geomutils/src/convex/GuShapeConvex.cpp.o
In file included from /public/home/tangwsh/PhysX/physx/include/foundation/PxMath.h:33,
                 from /public/home/tangwsh/PhysX/physx/include/foundation/PxVec3.h:33,
                 from /public/home/tangwsh/PhysX/physx/include/foundation/PxQuat.h:33,
                 from /public/home/tangwsh/PhysX/physx/include/foundation/PxTransform.h:32,
                 from /public/home/tangwsh/PhysX/physx/include/foundation/PxPlane.h:33,
                 from /public/home/tangwsh/PhysX/physx/source/geomutils/src/convex/GuConvexMeshData.h:32,
                 from /public/home/tangwsh/PhysX/physx/source/geomutils/src/convex/GuShapeConvex.h:32,
                 from /public/home/tangwsh/PhysX/physx/source/geomutils/src/convex/GuShapeConvex.cpp:29:
/public/home/tangwsh/PhysX/physx/include/foundation/PxPreprocessor.h:524: warning: "PX_SUPPORT_GPU_PHYSX" redefined
  524 |         #define PX_SUPPORT_GPU_PHYSX ((PX_X64 && (PX_WINDOWS_FAMILY || PX_LINUX)) || (PX_A64 && PX_LINUX))
      | 
<command-line>: note: this is the location of the previous definition
[ 23%] Building CXX object CMakeFiles/GeomUtils.dir/public/home/tangwsh/PhysX/physx/source/geomutils/src/cooking/GuCookingBVH.cpp.o
In file included from /public/home/tangwsh/PhysX/physx/include/foundation/PxSimpleTypes.h:36,
                 from /public/home/tangwsh/PhysX/physx/include/common/PxPhysXCommonConfig.h:32,
                 from /public/home/tangwsh/PhysX/physx/include/cooking/PxCooking.h:31,
                 from /public/home/tangwsh/PhysX/physx/source/geomutils/include/GuCooking.h:42,
                 from /public/home/tangwsh/PhysX/physx/source/geomutils/src/cooking/GuCookingBVH.cpp:29:
/public/home/tangwsh/PhysX/physx/include/foundation/PxPreprocessor.h:524: warning: "PX_SUPPORT_GPU_PHYSX" redefined
  524 |         #define PX_SUPPORT_GPU_PHYSX ((PX_X64 && (PX_WINDOWS_FAMILY || PX_LINUX)) || (PX_A64 && PX_LINUX))
      | 
<command-line>: note: this is the location of the previous definition
[ 24%] Building CXX object CMakeFiles/GeomUtils.dir/public/home/tangwsh/PhysX/physx/source/geomutils/src/cooking/GuCookingBigConvexDataBuilder.cpp.o
In file included from /public/home/tangwsh/PhysX/physx/include/foundation/PxSimpleTypes.h:36,
                 from /public/home/tangwsh/PhysX/physx/include/common/PxPhysXCommonConfig.h:32,
                 from /public/home/tangwsh/PhysX/physx/include/cooking/PxCooking.h:31,
                 from /public/home/tangwsh/PhysX/physx/source/geomutils/src/cooking/GuCookingBigConvexDataBuilder.cpp:30:
/public/home/tangwsh/PhysX/physx/include/foundation/PxPreprocessor.h:524: warning: "PX_SUPPORT_GPU_PHYSX" redefined
  524 |         #define PX_SUPPORT_GPU_PHYSX ((PX_X64 && (PX_WINDOWS_FAMILY || PX_LINUX)) || (PX_A64 && PX_LINUX))
      | 
<command-line>: note: this is the location of the previous definition
[ 24%] Building CXX object CMakeFiles/GeomUtils.dir/public/home/tangwsh/PhysX/physx/source/geomutils/src/cooking/GuCookingConvexHullBuilder.cpp.o
In file included from /public/home/tangwsh/PhysX/physx/include/foundation/PxSimpleTypes.h:36,
                 from /public/home/tangwsh/PhysX/physx/include/foundation/PxMemory.h:33,
                 from /public/home/tangwsh/PhysX/physx/source/geomutils/src/cooking/GuCookingConvexHullBuilder.cpp:29:
/public/home/tangwsh/PhysX/physx/include/foundation/PxPreprocessor.h:524: warning: "PX_SUPPORT_GPU_PHYSX" redefined
  524 |         #define PX_SUPPORT_GPU_PHYSX ((PX_X64 && (PX_WINDOWS_FAMILY || PX_LINUX)) || (PX_A64 && PX_LINUX))
      | 
<command-line>: note: this is the location of the previous definition
[ 24%] Building CXX object CMakeFiles/GeomUtils.dir/public/home/tangwsh/PhysX/physx/source/geomutils/src/cooking/GuCookingConvexHullLib.cpp.o
In file included from /public/home/tangwsh/PhysX/physx/include/foundation/PxMath.h:33,
                 from /public/home/tangwsh/PhysX/physx/include/foundation/PxVec3.h:33,
                 from /public/home/tangwsh/PhysX/physx/include/cooking/PxConvexMeshDesc.h:32,
                 from /public/home/tangwsh/PhysX/physx/source/geomutils/src/cooking/GuCookingConvexHullLib.h:32,
                 from /public/home/tangwsh/PhysX/physx/source/geomutils/src/cooking/GuCookingConvexHullLib.cpp:29:
/public/home/tangwsh/PhysX/physx/include/foundation/PxPreprocessor.h:524: warning: "PX_SUPPORT_GPU_PHYSX" redefined
  524 |         #define PX_SUPPORT_GPU_PHYSX ((PX_X64 && (PX_WINDOWS_FAMILY || PX_LINUX)) || (PX_A64 && PX_LINUX))
      | 
<command-line>: note: this is the location of the previous definition
[ 24%] Building CXX object CMakeFiles/GeomUtils.dir/public/home/tangwsh/PhysX/physx/source/geomutils/src/cooking/GuCookingConvexHullUtils.cpp.o
In file included from /public/home/tangwsh/PhysX/physx/include/foundation/PxMath.h:33,
                 from /public/home/tangwsh/PhysX/physx/include/foundation/PxVec3.h:33,
                 from /public/home/tangwsh/PhysX/physx/include/foundation/PxQuat.h:33,
                 from /public/home/tangwsh/PhysX/physx/include/foundation/PxTransform.h:32,
                 from /public/home/tangwsh/PhysX/physx/include/foundation/PxBounds3.h:32,
                 from /public/home/tangwsh/PhysX/physx/source/geomutils/src/cooking/GuCookingConvexHullUtils.cpp:30:
/public/home/tangwsh/PhysX/physx/include/foundation/PxPreprocessor.h:524: warning: "PX_SUPPORT_GPU_PHYSX" redefined
  524 |         #define PX_SUPPORT_GPU_PHYSX ((PX_X64 && (PX_WINDOWS_FAMILY || PX_LINUX)) || (PX_A64 && PX_LINUX))
      | 
<command-line>: note: this is the location of the previous definition
[ 24%] Building CXX object CMakeFiles/GeomUtils.dir/public/home/tangwsh/PhysX/physx/source/geomutils/src/cooking/GuCookingConvexMesh.cpp.o
In file included from /public/home/tangwsh/PhysX/physx/include/foundation/PxSimpleTypes.h:36,
                 from /public/home/tangwsh/PhysX/physx/include/common/PxPhysXCommonConfig.h:32,
                 from /public/home/tangwsh/PhysX/physx/include/cooking/PxCooking.h:31,
                 from /public/home/tangwsh/PhysX/physx/source/geomutils/include/GuCooking.h:42,
                 from /public/home/tangwsh/PhysX/physx/source/geomutils/src/cooking/GuCookingConvexMesh.cpp:29:
/public/home/tangwsh/PhysX/physx/include/foundation/PxPreprocessor.h:524: warning: "PX_SUPPORT_GPU_PHYSX" redefined
  524 |         #define PX_SUPPORT_GPU_PHYSX ((PX_X64 && (PX_WINDOWS_FAMILY || PX_LINUX)) || (PX_A64 && PX_LINUX))
      | 
<command-line>: note: this is the location of the previous definition
[ 25%] Building CXX object CMakeFiles/GeomUtils.dir/public/home/tangwsh/PhysX/physx/source/geomutils/src/cooking/GuCookingConvexMeshBuilder.cpp.o
In file included from /public/home/tangwsh/PhysX/physx/include/foundation/PxSimpleTypes.h:36,
                 from /public/home/tangwsh/PhysX/physx/include/foundation/PxIO.h:33,
                 from /public/home/tangwsh/PhysX/physx/include/foundation/PxBitAndData.h:32,
                 from /public/home/tangwsh/PhysX/physx/source/geomutils/src/convex/GuConvexMesh.h:32,
                 from /public/home/tangwsh/PhysX/physx/source/geomutils/src/cooking/GuCookingConvexMeshBuilder.cpp:29:
/public/home/tangwsh/PhysX/physx/include/foundation/PxPreprocessor.h:524: warning: "PX_SUPPORT_GPU_PHYSX" redefined
  524 |         #define PX_SUPPORT_GPU_PHYSX ((PX_X64 && (PX_WINDOWS_FAMILY || PX_LINUX)) || (PX_A64 && PX_LINUX))
      | 
<command-line>: note: this is the location of the previous definition
[ 25%] Building CXX object CMakeFiles/GeomUtils.dir/public/home/tangwsh/PhysX/physx/source/geomutils/src/cooking/GuCookingConvexPolygonsBuilder.cpp.o
In file included from /public/home/tangwsh/PhysX/physx/include/foundation/PxSimpleTypes.h:36,
                 from /public/home/tangwsh/PhysX/physx/include/foundation/PxMemory.h:33,
                 from /public/home/tangwsh/PhysX/physx/source/geomutils/src/cooking/GuCookingConvexPolygonsBuilder.cpp:29:
/public/home/tangwsh/PhysX/physx/include/foundation/PxPreprocessor.h:524: warning: "PX_SUPPORT_GPU_PHYSX" redefined
  524 |         #define PX_SUPPORT_GPU_PHYSX ((PX_X64 && (PX_WINDOWS_FAMILY || PX_LINUX)) || (PX_A64 && PX_LINUX))
      | 
<command-line>: note: this is the location of the previous definition
[ 25%] Building CXX object CMakeFiles/GeomUtils.dir/public/home/tangwsh/PhysX/physx/source/geomutils/src/cooking/GuCookingHF.cpp.o
In file included from /public/home/tangwsh/PhysX/physx/include/foundation/PxSimpleTypes.h:36,
                 from /public/home/tangwsh/PhysX/physx/include/common/PxPhysXCommonConfig.h:32,
                 from /public/home/tangwsh/PhysX/physx/include/cooking/PxCooking.h:31,
                 from /public/home/tangwsh/PhysX/physx/source/geomutils/include/GuCooking.h:42,
                 from /public/home/tangwsh/PhysX/physx/source/geomutils/src/cooking/GuCookingHF.cpp:29:
/public/home/tangwsh/PhysX/physx/include/foundation/PxPreprocessor.h:524: warning: "PX_SUPPORT_GPU_PHYSX" redefined
  524 |         #define PX_SUPPORT_GPU_PHYSX ((PX_X64 && (PX_WINDOWS_FAMILY || PX_LINUX)) || (PX_A64 && PX_LINUX))
      | 
<command-line>: note: this is the location of the previous definition
[ 25%] Building CXX object CMakeFiles/GeomUtils.dir/public/home/tangwsh/PhysX/physx/source/geomutils/src/cooking/GuCookingQuickHullConvexHullLib.cpp.o
In file included from /public/home/tangwsh/PhysX/physx/include/foundation/PxMath.h:33,
                 from /public/home/tangwsh/PhysX/physx/include/foundation/PxVec3.h:33,
                 from /public/home/tangwsh/PhysX/physx/include/cooking/PxConvexMeshDesc.h:32,
                 from /public/home/tangwsh/PhysX/physx/source/geomutils/src/cooking/GuCookingConvexHullLib.h:32,
                 from /public/home/tangwsh/PhysX/physx/source/geomutils/src/cooking/GuCookingQuickHullConvexHullLib.h:32,
                 from /public/home/tangwsh/PhysX/physx/source/geomutils/src/cooking/GuCookingQuickHullConvexHullLib.cpp:29:
/public/home/tangwsh/PhysX/physx/include/foundation/PxPreprocessor.h:524: warning: "PX_SUPPORT_GPU_PHYSX" redefined
  524 |         #define PX_SUPPORT_GPU_PHYSX ((PX_X64 && (PX_WINDOWS_FAMILY || PX_LINUX)) || (PX_A64 && PX_LINUX))
      | 
<command-line>: note: this is the location of the previous definition
[ 25%] Building CXX object CMakeFiles/GeomUtils.dir/public/home/tangwsh/PhysX/physx/source/geomutils/src/cooking/GuCookingSDF.cpp.o
In file included from /public/home/tangwsh/PhysX/physx/include/foundation/PxFoundationConfig.h:32,
                 from /public/home/tangwsh/PhysX/physx/include/foundation/PxAssert.h:33,
                 from /public/home/tangwsh/PhysX/physx/include/foundation/PxArray.h:32,
                 from /public/home/tangwsh/PhysX/physx/source/geomutils/src/cooking/GuCookingSDF.h:32,
                 from /public/home/tangwsh/PhysX/physx/source/geomutils/src/cooking/GuCookingSDF.cpp:29:
/public/home/tangwsh/PhysX/physx/include/foundation/PxPreprocessor.h:524: warning: "PX_SUPPORT_GPU_PHYSX" redefined
  524 |         #define PX_SUPPORT_GPU_PHYSX ((PX_X64 && (PX_WINDOWS_FAMILY || PX_LINUX)) || (PX_A64 && PX_LINUX))
      | 
<command-line>: note: this is the location of the previous definition
[ 26%] Building CXX object CMakeFiles/GeomUtils.dir/public/home/tangwsh/PhysX/physx/source/geomutils/src/cooking/GuCookingTetrahedronMesh.cpp.o
In file included from /public/home/tangwsh/PhysX/physx/include/foundation/PxSimpleTypes.h:36,
                 from /public/home/tangwsh/PhysX/physx/include/common/PxPhysXCommonConfig.h:32,
                 from /public/home/tangwsh/PhysX/physx/include/cooking/PxCooking.h:31,
                 from /public/home/tangwsh/PhysX/physx/source/geomutils/src/cooking/GuCookingTetrahedronMesh.h:30,
                 from /public/home/tangwsh/PhysX/physx/source/geomutils/src/cooking/GuCookingTetrahedronMesh.cpp:29:
/public/home/tangwsh/PhysX/physx/include/foundation/PxPreprocessor.h:524: warning: "PX_SUPPORT_GPU_PHYSX" redefined
  524 |         #define PX_SUPPORT_GPU_PHYSX ((PX_X64 && (PX_WINDOWS_FAMILY || PX_LINUX)) || (PX_A64 && PX_LINUX))
      | 
<command-line>: note: this is the location of the previous definition
[ 26%] Building CXX object CMakeFiles/GeomUtils.dir/public/home/tangwsh/PhysX/physx/source/geomutils/src/cooking/GuCookingTriangleMesh.cpp.o
In file included from /public/home/tangwsh/PhysX/physx/include/foundation/PxSimpleTypes.h:36,
                 from /public/home/tangwsh/PhysX/physx/include/common/PxPhysXCommonConfig.h:32,
                 from /public/home/tangwsh/PhysX/physx/include/cooking/PxCooking.h:31,
                 from /public/home/tangwsh/PhysX/physx/source/geomutils/include/GuCooking.h:42,
                 from /public/home/tangwsh/PhysX/physx/source/geomutils/src/cooking/GuCookingTriangleMesh.cpp:29:
/public/home/tangwsh/PhysX/physx/include/foundation/PxPreprocessor.h:524: warning: "PX_SUPPORT_GPU_PHYSX" redefined
  524 |         #define PX_SUPPORT_GPU_PHYSX ((PX_X64 && (PX_WINDOWS_FAMILY || PX_LINUX)) || (PX_A64 && PX_LINUX))
      | 
<command-line>: note: this is the location of the previous definition
[ 26%] Building CXX object CMakeFiles/GeomUtils.dir/public/home/tangwsh/PhysX/physx/source/geomutils/src/cooking/GuCookingVolumeIntegration.cpp.o
In file included from /public/home/tangwsh/PhysX/physx/include/foundation/PxSimpleTypes.h:36,
                 from /public/home/tangwsh/PhysX/physx/include/foundation/PxMemory.h:33,
                 from /public/home/tangwsh/PhysX/physx/source/geomutils/src/cooking/GuCookingVolumeIntegration.cpp:33:
/public/home/tangwsh/PhysX/physx/include/foundation/PxPreprocessor.h:524: warning: "PX_SUPPORT_GPU_PHYSX" redefined
  524 |         #define PX_SUPPORT_GPU_PHYSX ((PX_X64 && (PX_WINDOWS_FAMILY || PX_LINUX)) || (PX_A64 && PX_LINUX))
      | 
<command-line>: note: this is the location of the previous definition
[ 26%] Building CXX object CMakeFiles/GeomUtils.dir/public/home/tangwsh/PhysX/physx/source/geomutils/src/cooking/GuRTreeCooking.cpp.o
In file included from /public/home/tangwsh/PhysX/physx/include/foundation/PxMath.h:33,
                 from /public/home/tangwsh/PhysX/physx/include/foundation/PxVec3.h:33,
                 from /public/home/tangwsh/PhysX/physx/include/foundation/PxQuat.h:33,
                 from /public/home/tangwsh/PhysX/physx/include/foundation/PxTransform.h:32,
                 from /public/home/tangwsh/PhysX/physx/include/foundation/PxBounds3.h:32,
                 from /public/home/tangwsh/PhysX/physx/source/geomutils/src/cooking/GuRTreeCooking.cpp:29:
/public/home/tangwsh/PhysX/physx/include/foundation/PxPreprocessor.h:524: warning: "PX_SUPPORT_GPU_PHYSX" redefined
  524 |         #define PX_SUPPORT_GPU_PHYSX ((PX_X64 && (PX_WINDOWS_FAMILY || PX_LINUX)) || (PX_A64 && PX_LINUX))
      | 
<command-line>: note: this is the location of the previous definition
[ 26%] Building CXX object CMakeFiles/GeomUtils.dir/public/home/tangwsh/PhysX/physx/source/geomutils/src/distance/GuDistancePointBox.cpp.o
In file included from /public/home/tangwsh/PhysX/physx/include/foundation/PxMath.h:33,
                 from /public/home/tangwsh/PhysX/physx/include/foundation/PxVec3.h:33,
                 from /public/home/tangwsh/PhysX/physx/include/foundation/PxQuat.h:33,
                 from /public/home/tangwsh/PhysX/physx/include/foundation/PxTransform.h:32,
                 from /public/home/tangwsh/PhysX/physx/source/geomutils/include/GuBox.h:33,
                 from /public/home/tangwsh/PhysX/physx/source/geomutils/src/distance/GuDistancePointBox.h:32,
                 from /public/home/tangwsh/PhysX/physx/source/geomutils/src/distance/GuDistancePointBox.cpp:29:
/public/home/tangwsh/PhysX/physx/include/foundation/PxPreprocessor.h:524: warning: "PX_SUPPORT_GPU_PHYSX" redefined
  524 |         #define PX_SUPPORT_GPU_PHYSX ((PX_X64 && (PX_WINDOWS_FAMILY || PX_LINUX)) || (PX_A64 && PX_LINUX))
      | 
<command-line>: note: this is the location of the previous definition
[ 27%] Building CXX object CMakeFiles/GeomUtils.dir/public/home/tangwsh/PhysX/physx/source/geomutils/src/distance/GuDistancePointTetrahedron.cpp.o
In file included from /public/home/tangwsh/PhysX/physx/include/foundation/PxMath.h:33,
                 from /public/home/tangwsh/PhysX/physx/include/foundation/PxVec3.h:33,
                 from /public/home/tangwsh/PhysX/physx/source/geomutils/include/GuDistancePointTetrahedron.h:32,
                 from /public/home/tangwsh/PhysX/physx/source/geomutils/src/distance/GuDistancePointTetrahedron.cpp:29:
/public/home/tangwsh/PhysX/physx/include/foundation/PxPreprocessor.h:524: warning: "PX_SUPPORT_GPU_PHYSX" redefined
  524 |         #define PX_SUPPORT_GPU_PHYSX ((PX_X64 && (PX_WINDOWS_FAMILY || PX_LINUX)) || (PX_A64 && PX_LINUX))
      | 
<command-line>: note: this is the location of the previous definition
[ 27%] Building CXX object CMakeFiles/GeomUtils.dir/public/home/tangwsh/PhysX/physx/source/geomutils/src/distance/GuDistancePointTriangle.cpp.o
In file included from /public/home/tangwsh/PhysX/physx/include/foundation/PxMath.h:33,
                 from /public/home/tangwsh/PhysX/physx/include/foundation/PxVec3.h:33,
                 from /public/home/tangwsh/PhysX/physx/source/geomutils/src/distance/GuDistancePointTriangle.cpp:29:
/public/home/tangwsh/PhysX/physx/include/foundation/PxPreprocessor.h:524: warning: "PX_SUPPORT_GPU_PHYSX" redefined
  524 |         #define PX_SUPPORT_GPU_PHYSX ((PX_X64 && (PX_WINDOWS_FAMILY || PX_LINUX)) || (PX_A64 && PX_LINUX))
      | 
<command-line>: note: this is the location of the previous definition
[ 27%] Building CXX object CMakeFiles/GeomUtils.dir/public/home/tangwsh/PhysX/physx/source/geomutils/src/distance/GuDistanceSegmentBox.cpp.o
In file included from /public/home/tangwsh/PhysX/physx/include/foundation/PxMath.h:33,
                 from /public/home/tangwsh/PhysX/physx/include/foundation/PxVec3.h:33,
                 from /public/home/tangwsh/PhysX/physx/include/foundation/PxMat33.h:32,
                 from /public/home/tangwsh/PhysX/physx/source/geomutils/include/GuDistanceSegmentBox.h:32,
                 from /public/home/tangwsh/PhysX/physx/source/geomutils/src/distance/GuDistanceSegmentBox.cpp:29:
/public/home/tangwsh/PhysX/physx/include/foundation/PxPreprocessor.h:524: warning: "PX_SUPPORT_GPU_PHYSX" redefined
  524 |         #define PX_SUPPORT_GPU_PHYSX ((PX_X64 && (PX_WINDOWS_FAMILY || PX_LINUX)) || (PX_A64 && PX_LINUX))
      | 
<command-line>: note: this is the location of the previous definition
[ 27%] Building CXX object CMakeFiles/GeomUtils.dir/public/home/tangwsh/PhysX/physx/source/geomutils/src/distance/GuDistanceSegmentSegment.cpp.o
In file included from /public/home/tangwsh/PhysX/physx/include/foundation/PxSimpleTypes.h:36,
                 from /public/home/tangwsh/PhysX/physx/include/common/PxPhysXCommonConfig.h:32,
                 from /public/home/tangwsh/PhysX/physx/source/geomutils/include/GuDistanceSegmentSegment.h:32,
                 from /public/home/tangwsh/PhysX/physx/source/geomutils/src/distance/GuDistanceSegmentSegment.cpp:29:
/public/home/tangwsh/PhysX/physx/include/foundation/PxPreprocessor.h:524: warning: "PX_SUPPORT_GPU_PHYSX" redefined
  524 |         #define PX_SUPPORT_GPU_PHYSX ((PX_X64 && (PX_WINDOWS_FAMILY || PX_LINUX)) || (PX_A64 && PX_LINUX))
      | 
<command-line>: note: this is the location of the previous definition
[ 27%] Building CXX object CMakeFiles/GeomUtils.dir/public/home/tangwsh/PhysX/physx/source/geomutils/src/distance/GuDistanceSegmentTriangle.cpp.o
In file included from /public/home/tangwsh/PhysX/physx/include/foundation/PxIntrinsics.h:32,
                 from /public/home/tangwsh/PhysX/physx/source/geomutils/src/distance/GuDistanceSegmentTriangle.cpp:29:
/public/home/tangwsh/PhysX/physx/include/foundation/PxPreprocessor.h:524: warning: "PX_SUPPORT_GPU_PHYSX" redefined
  524 |         #define PX_SUPPORT_GPU_PHYSX ((PX_X64 && (PX_WINDOWS_FAMILY || PX_LINUX)) || (PX_A64 && PX_LINUX))
      | 
<command-line>: note: this is the location of the previous definition
[ 28%] Building CXX object CMakeFiles/GeomUtils.dir/public/home/tangwsh/PhysX/physx/source/geomutils/src/distance/GuDistanceTriangleTriangle.cpp.o
In file included from /public/home/tangwsh/PhysX/physx/include/foundation/PxSimpleTypes.h:36,
                 from /public/home/tangwsh/PhysX/physx/include/common/PxPhysXCommonConfig.h:32,
                 from /public/home/tangwsh/PhysX/physx/source/geomutils/src/distance/GuDistanceTriangleTriangle.h:32,
                 from /public/home/tangwsh/PhysX/physx/source/geomutils/src/distance/GuDistanceTriangleTriangle.cpp:29:
/public/home/tangwsh/PhysX/physx/include/foundation/PxPreprocessor.h:524: warning: "PX_SUPPORT_GPU_PHYSX" redefined
  524 |         #define PX_SUPPORT_GPU_PHYSX ((PX_X64 && (PX_WINDOWS_FAMILY || PX_LINUX)) || (PX_A64 && PX_LINUX))
      | 
<command-line>: note: this is the location of the previous definition
[ 28%] Building CXX object CMakeFiles/GeomUtils.dir/public/home/tangwsh/PhysX/physx/source/geomutils/src/gjk/GuEPA.cpp.o
In file included from /public/home/tangwsh/PhysX/physx/include/foundation/PxIntrinsics.h:32,
                 from /public/home/tangwsh/PhysX/physx/include/foundation/PxVecMath.h:32,
                 from /public/home/tangwsh/PhysX/physx/source/geomutils/src/gjk/GuGJKUtil.h:32,
                 from /public/home/tangwsh/PhysX/physx/source/geomutils/src/gjk/GuEPA.h:32,
                 from /public/home/tangwsh/PhysX/physx/source/geomutils/src/gjk/GuEPA.cpp:29:
/public/home/tangwsh/PhysX/physx/include/foundation/PxPreprocessor.h:524: warning: "PX_SUPPORT_GPU_PHYSX" redefined
  524 |         #define PX_SUPPORT_GPU_PHYSX ((PX_X64 && (PX_WINDOWS_FAMILY || PX_LINUX)) || (PX_A64 && PX_LINUX))
      | 
<command-line>: note: this is the location of the previous definition
[ 28%] Building CXX object CMakeFiles/GeomUtils.dir/public/home/tangwsh/PhysX/physx/source/geomutils/src/gjk/GuGJKSimplex.cpp.o
In file included from /public/home/tangwsh/PhysX/physx/include/foundation/PxIntrinsics.h:32,
                 from /public/home/tangwsh/PhysX/physx/include/foundation/PxVecMath.h:32,
                 from /public/home/tangwsh/PhysX/physx/source/geomutils/src/gjk/GuGJKSimplex.h:32,
                 from /public/home/tangwsh/PhysX/physx/source/geomutils/src/gjk/GuGJKSimplex.cpp:29:
/public/home/tangwsh/PhysX/physx/include/foundation/PxPreprocessor.h:524: warning: "PX_SUPPORT_GPU_PHYSX" redefined
  524 |         #define PX_SUPPORT_GPU_PHYSX ((PX_X64 && (PX_WINDOWS_FAMILY || PX_LINUX)) || (PX_A64 && PX_LINUX))
      | 
<command-line>: note: this is the location of the previous definition
[ 28%] Building CXX object CMakeFiles/GeomUtils.dir/public/home/tangwsh/PhysX/physx/source/geomutils/src/gjk/GuGJKTest.cpp.o
In file included from /public/home/tangwsh/PhysX/physx/include/foundation/PxIntrinsics.h:32,
                 from /public/home/tangwsh/PhysX/physx/include/foundation/PxVecMath.h:32,
                 from /public/home/tangwsh/PhysX/physx/source/geomutils/src/gjk/GuVecConvex.h:32,
                 from /public/home/tangwsh/PhysX/physx/source/geomutils/src/gjk/GuGJKType.h:32,
                 from /public/home/tangwsh/PhysX/physx/source/geomutils/src/gjk/GuGJK.h:33,
                 from /public/home/tangwsh/PhysX/physx/source/geomutils/src/gjk/GuGJKTest.cpp:29:
/public/home/tangwsh/PhysX/physx/include/foundation/PxPreprocessor.h:524: warning: "PX_SUPPORT_GPU_PHYSX" redefined
  524 |         #define PX_SUPPORT_GPU_PHYSX ((PX_X64 && (PX_WINDOWS_FAMILY || PX_LINUX)) || (PX_A64 && PX_LINUX))
      | 
<command-line>: note: this is the location of the previous definition
[ 28%] Building CXX object CMakeFiles/GeomUtils.dir/public/home/tangwsh/PhysX/physx/source/geomutils/src/hf/GuHeightField.cpp.o
In file included from /public/home/tangwsh/PhysX/physx/include/foundation/PxSimpleTypes.h:36,
                 from /public/home/tangwsh/PhysX/physx/include/common/PxPhysXCommonConfig.h:32,
                 from /public/home/tangwsh/PhysX/physx/include/geometry/PxHeightFieldSample.h:32,
                 from /public/home/tangwsh/PhysX/physx/source/geomutils/src/hf/GuHeightField.h:32,
                 from /public/home/tangwsh/PhysX/physx/source/geomutils/src/hf/GuHeightField.cpp:29:
/public/home/tangwsh/PhysX/physx/include/foundation/PxPreprocessor.h:524: warning: "PX_SUPPORT_GPU_PHYSX" redefined
  524 |         #define PX_SUPPORT_GPU_PHYSX ((PX_X64 && (PX_WINDOWS_FAMILY || PX_LINUX)) || (PX_A64 && PX_LINUX))
      | 
<command-line>: note: this is the location of the previous definition
[ 29%] Building CXX object CMakeFiles/GeomUtils.dir/public/home/tangwsh/PhysX/physx/source/geomutils/src/hf/GuHeightFieldUtil.cpp.o
In file included from /public/home/tangwsh/PhysX/physx/include/foundation/PxSimpleTypes.h:36,
                 from /public/home/tangwsh/PhysX/physx/include/common/PxPhysXCommonConfig.h:32,
                 from /public/home/tangwsh/PhysX/physx/include/geometry/PxMeshScale.h:32,
                 from /public/home/tangwsh/PhysX/physx/source/geomutils/src/hf/GuHeightFieldUtil.cpp:29:
/public/home/tangwsh/PhysX/physx/include/foundation/PxPreprocessor.h:524: warning: "PX_SUPPORT_GPU_PHYSX" redefined
  524 |         #define PX_SUPPORT_GPU_PHYSX ((PX_X64 && (PX_WINDOWS_FAMILY || PX_LINUX)) || (PX_A64 && PX_LINUX))
      | 
<command-line>: note: this is the location of the previous definition
[ 29%] Building CXX object CMakeFiles/GeomUtils.dir/public/home/tangwsh/PhysX/physx/source/geomutils/src/hf/GuOverlapTestsHF.cpp.o
In file included from /public/home/tangwsh/PhysX/physx/include/foundation/PxMath.h:33,
                 from /public/home/tangwsh/PhysX/physx/include/foundation/PxVec3.h:33,
                 from /public/home/tangwsh/PhysX/physx/source/geomutils/include/GuOverlapTests.h:32,
                 from /public/home/tangwsh/PhysX/physx/source/geomutils/src/hf/GuOverlapTestsHF.cpp:29:
/public/home/tangwsh/PhysX/physx/include/foundation/PxPreprocessor.h:524: warning: "PX_SUPPORT_GPU_PHYSX" redefined
  524 |         #define PX_SUPPORT_GPU_PHYSX ((PX_X64 && (PX_WINDOWS_FAMILY || PX_LINUX)) || (PX_A64 && PX_LINUX))
      | 
<command-line>: note: this is the location of the previous definition
[ 29%] Building CXX object CMakeFiles/GeomUtils.dir/public/home/tangwsh/PhysX/physx/source/geomutils/src/hf/GuSweepsHF.cpp.o
In file included from /public/home/tangwsh/PhysX/physx/include/foundation/PxMath.h:33,
                 from /public/home/tangwsh/PhysX/physx/include/foundation/PxVec3.h:33,
                 from /public/home/tangwsh/PhysX/physx/include/foundation/PxQuat.h:33,
                 from /public/home/tangwsh/PhysX/physx/include/foundation/PxTransform.h:32,
                 from /public/home/tangwsh/PhysX/physx/source/geomutils/include/GuSweepTests.h:32,
                 from /public/home/tangwsh/PhysX/physx/source/geomutils/src/hf/GuSweepsHF.cpp:29:
/public/home/tangwsh/PhysX/physx/include/foundation/PxPreprocessor.h:524: warning: "PX_SUPPORT_GPU_PHYSX" redefined
  524 |         #define PX_SUPPORT_GPU_PHYSX ((PX_X64 && (PX_WINDOWS_FAMILY || PX_LINUX)) || (PX_A64 && PX_LINUX))
      | 
<command-line>: note: this is the location of the previous definition
[ 29%] Building CXX object CMakeFiles/GeomUtils.dir/public/home/tangwsh/PhysX/physx/source/geomutils/src/intersection/GuIntersectionBoxBox.cpp.o
In file included from /public/home/tangwsh/PhysX/physx/include/foundation/PxMath.h:33,
                 from /public/home/tangwsh/PhysX/physx/include/foundation/PxVec3.h:33,
                 from /public/home/tangwsh/PhysX/physx/include/foundation/PxMat33.h:32,
                 from /public/home/tangwsh/PhysX/physx/source/geomutils/include/GuIntersectionBoxBox.h:32,
                 from /public/home/tangwsh/PhysX/physx/source/geomutils/src/intersection/GuIntersectionBoxBox.cpp:29:
/public/home/tangwsh/PhysX/physx/include/foundation/PxPreprocessor.h:524: warning: "PX_SUPPORT_GPU_PHYSX" redefined
  524 |         #define PX_SUPPORT_GPU_PHYSX ((PX_X64 && (PX_WINDOWS_FAMILY || PX_LINUX)) || (PX_A64 && PX_LINUX))
      | 
<command-line>: note: this is the location of the previous definition
[ 29%] Building CXX object CMakeFiles/GeomUtils.dir/public/home/tangwsh/PhysX/physx/source/geomutils/src/intersection/GuIntersectionCapsuleTriangle.cpp.o
In file included from /public/home/tangwsh/PhysX/physx/include/foundation/PxMath.h:33,
                 from /public/home/tangwsh/PhysX/physx/include/foundation/PxVec3.h:33,
                 from /public/home/tangwsh/PhysX/physx/source/geomutils/include/GuSegment.h:32,
                 from /public/home/tangwsh/PhysX/physx/source/geomutils/include/GuCapsule.h:33,
                 from /public/home/tangwsh/PhysX/physx/source/geomutils/src/intersection/GuIntersectionCapsuleTriangle.h:32,
                 from /public/home/tangwsh/PhysX/physx/source/geomutils/src/intersection/GuIntersectionCapsuleTriangle.cpp:29:
/public/home/tangwsh/PhysX/physx/include/foundation/PxPreprocessor.h:524: warning: "PX_SUPPORT_GPU_PHYSX" redefined
  524 |         #define PX_SUPPORT_GPU_PHYSX ((PX_X64 && (PX_WINDOWS_FAMILY || PX_LINUX)) || (PX_A64 && PX_LINUX))
      | 
<command-line>: note: this is the location of the previous definition
[ 30%] Building CXX object CMakeFiles/GeomUtils.dir/public/home/tangwsh/PhysX/physx/source/geomutils/src/intersection/GuIntersectionEdgeEdge.cpp.o
In file included from /public/home/tangwsh/PhysX/physx/include/foundation/PxMath.h:33,
                 from /public/home/tangwsh/PhysX/physx/include/foundation/PxVec3.h:33,
                 from /public/home/tangwsh/PhysX/physx/source/geomutils/src/intersection/GuIntersectionEdgeEdge.h:32,
                 from /public/home/tangwsh/PhysX/physx/source/geomutils/src/intersection/GuIntersectionEdgeEdge.cpp:29:
/public/home/tangwsh/PhysX/physx/include/foundation/PxPreprocessor.h:524: warning: "PX_SUPPORT_GPU_PHYSX" redefined
  524 |         #define PX_SUPPORT_GPU_PHYSX ((PX_X64 && (PX_WINDOWS_FAMILY || PX_LINUX)) || (PX_A64 && PX_LINUX))
      | 
<command-line>: note: this is the location of the previous definition
[ 30%] Building CXX object CMakeFiles/GeomUtils.dir/public/home/tangwsh/PhysX/physx/source/geomutils/src/intersection/GuIntersectionRayBox.cpp.o
In file included from /public/home/tangwsh/PhysX/physx/include/foundation/PxMath.h:33,
                 from /public/home/tangwsh/PhysX/physx/include/foundation/PxVec3.h:33,
                 from /public/home/tangwsh/PhysX/physx/source/geomutils/src/intersection/GuIntersectionRayBox.cpp:29:
/public/home/tangwsh/PhysX/physx/include/foundation/PxPreprocessor.h:524: warning: "PX_SUPPORT_GPU_PHYSX" redefined
  524 |         #define PX_SUPPORT_GPU_PHYSX ((PX_X64 && (PX_WINDOWS_FAMILY || PX_LINUX)) || (PX_A64 && PX_LINUX))
      | 
<command-line>: note: this is the location of the previous definition
[ 30%] Building CXX object CMakeFiles/GeomUtils.dir/public/home/tangwsh/PhysX/physx/source/geomutils/src/intersection/GuIntersectionRayCapsule.cpp.o
In file included from /public/home/tangwsh/PhysX/physx/include/foundation/PxMath.h:33,
                 from /public/home/tangwsh/PhysX/physx/include/foundation/PxVec3.h:33,
                 from /public/home/tangwsh/PhysX/physx/source/geomutils/include/GuSegment.h:32,
                 from /public/home/tangwsh/PhysX/physx/source/geomutils/include/GuCapsule.h:33,
                 from /public/home/tangwsh/PhysX/physx/source/geomutils/src/intersection/GuIntersectionRayCapsule.h:32,
                 from /public/home/tangwsh/PhysX/physx/source/geomutils/src/intersection/GuIntersectionRayCapsule.cpp:29:
/public/home/tangwsh/PhysX/physx/include/foundation/PxPreprocessor.h:524: warning: "PX_SUPPORT_GPU_PHYSX" redefined
  524 |         #define PX_SUPPORT_GPU_PHYSX ((PX_X64 && (PX_WINDOWS_FAMILY || PX_LINUX)) || (PX_A64 && PX_LINUX))
      | 
<command-line>: note: this is the location of the previous definition
[ 30%] Building CXX object CMakeFiles/GeomUtils.dir/public/home/tangwsh/PhysX/physx/source/geomutils/src/intersection/GuIntersectionRaySphere.cpp.o
In file included from /public/home/tangwsh/PhysX/physx/include/foundation/PxMath.h:33,
                 from /public/home/tangwsh/PhysX/physx/include/foundation/PxVec3.h:33,
                 from /public/home/tangwsh/PhysX/physx/source/geomutils/src/intersection/GuIntersectionRaySphere.cpp:29:
/public/home/tangwsh/PhysX/physx/include/foundation/PxPreprocessor.h:524: warning: "PX_SUPPORT_GPU_PHYSX" redefined
  524 |         #define PX_SUPPORT_GPU_PHYSX ((PX_X64 && (PX_WINDOWS_FAMILY || PX_LINUX)) || (PX_A64 && PX_LINUX))
      | 
<command-line>: note: this is the location of the previous definition
[ 30%] Building CXX object CMakeFiles/GeomUtils.dir/public/home/tangwsh/PhysX/physx/source/geomutils/src/intersection/GuIntersectionSphereBox.cpp.o
In file included from /public/home/tangwsh/PhysX/physx/include/foundation/PxMath.h:33,
                 from /public/home/tangwsh/PhysX/physx/include/foundation/PxVec3.h:33,
                 from /public/home/tangwsh/PhysX/physx/source/geomutils/include/GuSphere.h:32,
                 from /public/home/tangwsh/PhysX/physx/source/geomutils/src/intersection/GuIntersectionSphereBox.cpp:30:
/public/home/tangwsh/PhysX/physx/include/foundation/PxPreprocessor.h:524: warning: "PX_SUPPORT_GPU_PHYSX" redefined
  524 |         #define PX_SUPPORT_GPU_PHYSX ((PX_X64 && (PX_WINDOWS_FAMILY || PX_LINUX)) || (PX_A64 && PX_LINUX))
      | 
<command-line>: note: this is the location of the previous definition
[ 31%] Building CXX object CMakeFiles/GeomUtils.dir/public/home/tangwsh/PhysX/physx/source/geomutils/src/intersection/GuIntersectionTetrahedronBox.cpp.o
In file included from /public/home/tangwsh/PhysX/physx/include/foundation/PxMath.h:33,
                 from /public/home/tangwsh/PhysX/physx/include/foundation/PxVec3.h:33,
                 from /public/home/tangwsh/PhysX/physx/source/geomutils/include/GuIntersectionTetrahedronBox.h:32,
                 from /public/home/tangwsh/PhysX/physx/source/geomutils/src/intersection/GuIntersectionTetrahedronBox.cpp:29:
/public/home/tangwsh/PhysX/physx/include/foundation/PxPreprocessor.h:524: warning: "PX_SUPPORT_GPU_PHYSX" redefined
  524 |         #define PX_SUPPORT_GPU_PHYSX ((PX_X64 && (PX_WINDOWS_FAMILY || PX_LINUX)) || (PX_A64 && PX_LINUX))
      | 
<command-line>: note: this is the location of the previous definition
[ 31%] Building CXX object CMakeFiles/GeomUtils.dir/public/home/tangwsh/PhysX/physx/source/geomutils/src/intersection/GuIntersectionTriangleBox.cpp.o
In file included from /public/home/tangwsh/PhysX/physx/include/foundation/PxMath.h:33,
                 from /public/home/tangwsh/PhysX/physx/include/foundation/PxVec3.h:33,
                 from /public/home/tangwsh/PhysX/physx/include/foundation/PxMat33.h:32,
                 from /public/home/tangwsh/PhysX/physx/source/geomutils/include/GuIntersectionTriangleBox.h:32,
                 from /public/home/tangwsh/PhysX/physx/source/geomutils/src/intersection/GuIntersectionTriangleBox.cpp:29:
/public/home/tangwsh/PhysX/physx/include/foundation/PxPreprocessor.h:524: warning: "PX_SUPPORT_GPU_PHYSX" redefined
  524 |         #define PX_SUPPORT_GPU_PHYSX ((PX_X64 && (PX_WINDOWS_FAMILY || PX_LINUX)) || (PX_A64 && PX_LINUX))
      | 
<command-line>: note: this is the location of the previous definition
[ 31%] Building CXX object CMakeFiles/GeomUtils.dir/public/home/tangwsh/PhysX/physx/source/geomutils/src/intersection/GuIntersectionTriangleTriangle.cpp.o
In file included from /public/home/tangwsh/PhysX/physx/include/foundation/PxMath.h:33,
                 from /public/home/tangwsh/PhysX/physx/include/foundation/PxVec3.h:33,
                 from /public/home/tangwsh/PhysX/physx/source/geomutils/include/GuSegment.h:32,
                 from /public/home/tangwsh/PhysX/physx/source/geomutils/include/GuIntersectionTriangleTriangle.h:32,
                 from /public/home/tangwsh/PhysX/physx/source/geomutils/src/intersection/GuIntersectionTriangleTriangle.cpp:29:
/public/home/tangwsh/PhysX/physx/include/foundation/PxPreprocessor.h:524: warning: "PX_SUPPORT_GPU_PHYSX" redefined
  524 |         #define PX_SUPPORT_GPU_PHYSX ((PX_X64 && (PX_WINDOWS_FAMILY || PX_LINUX)) || (PX_A64 && PX_LINUX))
      | 
<command-line>: note: this is the location of the previous definition
[ 31%] Building CXX object CMakeFiles/GeomUtils.dir/public/home/tangwsh/PhysX/physx/source/geomutils/src/mesh/GuBV32.cpp.o
In file included from /public/home/tangwsh/PhysX/physx/include/foundation/PxSimpleTypes.h:36,
                 from /public/home/tangwsh/PhysX/physx/include/foundation/PxMemory.h:33,
                 from /public/home/tangwsh/PhysX/physx/source/geomutils/src/mesh/GuBV32.cpp:29:
/public/home/tangwsh/PhysX/physx/include/foundation/PxPreprocessor.h:524: warning: "PX_SUPPORT_GPU_PHYSX" redefined
  524 |         #define PX_SUPPORT_GPU_PHYSX ((PX_X64 && (PX_WINDOWS_FAMILY || PX_LINUX)) || (PX_A64 && PX_LINUX))
      | 
<command-line>: note: this is the location of the previous definition
[ 31%] Building CXX object CMakeFiles/GeomUtils.dir/public/home/tangwsh/PhysX/physx/source/geomutils/src/mesh/GuBV32Build.cpp.o
In file included from /public/home/tangwsh/PhysX/physx/include/foundation/PxMath.h:33,
                 from /public/home/tangwsh/PhysX/physx/include/foundation/PxVec4.h:32,
                 from /public/home/tangwsh/PhysX/physx/source/geomutils/src/mesh/GuBV32Build.cpp:29:
/public/home/tangwsh/PhysX/physx/include/foundation/PxPreprocessor.h:524: warning: "PX_SUPPORT_GPU_PHYSX" redefined
  524 |         #define PX_SUPPORT_GPU_PHYSX ((PX_X64 && (PX_WINDOWS_FAMILY || PX_LINUX)) || (PX_A64 && PX_LINUX))
      | 
<command-line>: note: this is the location of the previous definition
[ 32%] Building CXX object CMakeFiles/GeomUtils.dir/public/home/tangwsh/PhysX/physx/source/geomutils/src/mesh/GuBV4.cpp.o
In file included from /public/home/tangwsh/PhysX/physx/include/foundation/PxSimpleTypes.h:36,
                 from /public/home/tangwsh/PhysX/physx/include/foundation/PxMemory.h:33,
                 from /public/home/tangwsh/PhysX/physx/source/geomutils/src/mesh/GuBV4.cpp:29:
/public/home/tangwsh/PhysX/physx/include/foundation/PxPreprocessor.h:524: warning: "PX_SUPPORT_GPU_PHYSX" redefined
  524 |         #define PX_SUPPORT_GPU_PHYSX ((PX_X64 && (PX_WINDOWS_FAMILY || PX_LINUX)) || (PX_A64 && PX_LINUX))
      | 
<command-line>: note: this is the location of the previous definition
[ 32%] Building CXX object CMakeFiles/GeomUtils.dir/public/home/tangwsh/PhysX/physx/source/geomutils/src/mesh/GuBV4Build.cpp.o
In file included from /public/home/tangwsh/PhysX/physx/include/foundation/PxMath.h:33,
                 from /public/home/tangwsh/PhysX/physx/include/foundation/PxVec4.h:32,
                 from /public/home/tangwsh/PhysX/physx/source/geomutils/src/mesh/GuBV4Build.cpp:29:
/public/home/tangwsh/PhysX/physx/include/foundation/PxPreprocessor.h:524: warning: "PX_SUPPORT_GPU_PHYSX" redefined
  524 |         #define PX_SUPPORT_GPU_PHYSX ((PX_X64 && (PX_WINDOWS_FAMILY || PX_LINUX)) || (PX_A64 && PX_LINUX))
      | 
<command-line>: note: this is the location of the previous definition
[ 32%] Building CXX object CMakeFiles/GeomUtils.dir/public/home/tangwsh/PhysX/physx/source/geomutils/src/mesh/GuBV4_AABBSweep.cpp.o
In file included from /public/home/tangwsh/PhysX/physx/include/foundation/PxMath.h:33,
                 from /public/home/tangwsh/PhysX/physx/include/foundation/PxVec3.h:33,
                 from /public/home/tangwsh/PhysX/physx/include/foundation/PxQuat.h:33,
                 from /public/home/tangwsh/PhysX/physx/include/foundation/PxTransform.h:32,
                 from /public/home/tangwsh/PhysX/physx/include/foundation/PxBounds3.h:32,
                 from /public/home/tangwsh/PhysX/physx/source/geomutils/src/mesh/GuBV4.h:32,
                 from /public/home/tangwsh/PhysX/physx/source/geomutils/src/mesh/GuBV4_AABBSweep.cpp:29:
/public/home/tangwsh/PhysX/physx/include/foundation/PxPreprocessor.h:524: warning: "PX_SUPPORT_GPU_PHYSX" redefined
  524 |         #define PX_SUPPORT_GPU_PHYSX ((PX_X64 && (PX_WINDOWS_FAMILY || PX_LINUX)) || (PX_A64 && PX_LINUX))
      | 
<command-line>: note: this is the location of the previous definition
[ 32%] Building CXX object CMakeFiles/GeomUtils.dir/public/home/tangwsh/PhysX/physx/source/geomutils/src/mesh/GuBV4_BoxOverlap.cpp.o
In file included from /public/home/tangwsh/PhysX/physx/include/foundation/PxMath.h:33,
                 from /public/home/tangwsh/PhysX/physx/include/foundation/PxVec3.h:33,
                 from /public/home/tangwsh/PhysX/physx/include/foundation/PxQuat.h:33,
                 from /public/home/tangwsh/PhysX/physx/include/foundation/PxTransform.h:32,
                 from /public/home/tangwsh/PhysX/physx/include/foundation/PxBounds3.h:32,
                 from /public/home/tangwsh/PhysX/physx/source/geomutils/src/mesh/GuBV4.h:32,
                 from /public/home/tangwsh/PhysX/physx/source/geomutils/src/mesh/GuBV4_BoxOverlap.cpp:29:
/public/home/tangwsh/PhysX/physx/include/foundation/PxPreprocessor.h:524: warning: "PX_SUPPORT_GPU_PHYSX" redefined
  524 |         #define PX_SUPPORT_GPU_PHYSX ((PX_X64 && (PX_WINDOWS_FAMILY || PX_LINUX)) || (PX_A64 && PX_LINUX))
      | 
<command-line>: note: this is the location of the previous definition
[ 32%] Building CXX object CMakeFiles/GeomUtils.dir/public/home/tangwsh/PhysX/physx/source/geomutils/src/mesh/GuBV4_CapsuleSweep.cpp.o
In file included from /public/home/tangwsh/PhysX/physx/include/foundation/PxMath.h:33,
                 from /public/home/tangwsh/PhysX/physx/include/foundation/PxVec3.h:33,
                 from /public/home/tangwsh/PhysX/physx/include/foundation/PxQuat.h:33,
                 from /public/home/tangwsh/PhysX/physx/include/foundation/PxTransform.h:32,
                 from /public/home/tangwsh/PhysX/physx/include/foundation/PxBounds3.h:32,
                 from /public/home/tangwsh/PhysX/physx/source/geomutils/src/mesh/GuBV4.h:32,
                 from /public/home/tangwsh/PhysX/physx/source/geomutils/src/mesh/GuBV4_CapsuleSweep.cpp:29:
/public/home/tangwsh/PhysX/physx/include/foundation/PxPreprocessor.h:524: warning: "PX_SUPPORT_GPU_PHYSX" redefined
  524 |         #define PX_SUPPORT_GPU_PHYSX ((PX_X64 && (PX_WINDOWS_FAMILY || PX_LINUX)) || (PX_A64 && PX_LINUX))
      | 
<command-line>: note: this is the location of the previous definition
[ 33%] Building CXX object CMakeFiles/GeomUtils.dir/public/home/tangwsh/PhysX/physx/source/geomutils/src/mesh/GuBV4_CapsuleSweepAA.cpp.o
In file included from /public/home/tangwsh/PhysX/physx/include/foundation/PxMath.h:33,
                 from /public/home/tangwsh/PhysX/physx/include/foundation/PxVec3.h:33,
                 from /public/home/tangwsh/PhysX/physx/include/foundation/PxQuat.h:33,
                 from /public/home/tangwsh/PhysX/physx/include/foundation/PxTransform.h:32,
                 from /public/home/tangwsh/PhysX/physx/include/foundation/PxBounds3.h:32,
                 from /public/home/tangwsh/PhysX/physx/source/geomutils/src/mesh/GuBV4.h:32,
                 from /public/home/tangwsh/PhysX/physx/source/geomutils/src/mesh/GuBV4_CapsuleSweepAA.cpp:29:
/public/home/tangwsh/PhysX/physx/include/foundation/PxPreprocessor.h:524: warning: "PX_SUPPORT_GPU_PHYSX" redefined
  524 |         #define PX_SUPPORT_GPU_PHYSX ((PX_X64 && (PX_WINDOWS_FAMILY || PX_LINUX)) || (PX_A64 && PX_LINUX))
      | 
<command-line>: note: this is the location of the previous definition
[ 33%] Building CXX object CMakeFiles/GeomUtils.dir/public/home/tangwsh/PhysX/physx/source/geomutils/src/mesh/GuBV4_MeshMeshOverlap.cpp.o
In file included from /public/home/tangwsh/PhysX/physx/include/foundation/PxMath.h:33,
                 from /public/home/tangwsh/PhysX/physx/include/foundation/PxVec3.h:33,
                 from /public/home/tangwsh/PhysX/physx/include/foundation/PxQuat.h:33,
                 from /public/home/tangwsh/PhysX/physx/include/foundation/PxTransform.h:32,
                 from /public/home/tangwsh/PhysX/physx/include/foundation/PxBounds3.h:32,
                 from /public/home/tangwsh/PhysX/physx/source/geomutils/src/mesh/GuBV4.h:32,
                 from /public/home/tangwsh/PhysX/physx/source/geomutils/src/mesh/GuBV4_MeshMeshOverlap.cpp:29:
/public/home/tangwsh/PhysX/physx/include/foundation/PxPreprocessor.h:524: warning: "PX_SUPPORT_GPU_PHYSX" redefined
  524 |         #define PX_SUPPORT_GPU_PHYSX ((PX_X64 && (PX_WINDOWS_FAMILY || PX_LINUX)) || (PX_A64 && PX_LINUX))
      | 
<command-line>: note: this is the location of the previous definition
[ 33%] Building CXX object CMakeFiles/GeomUtils.dir/public/home/tangwsh/PhysX/physx/source/geomutils/src/mesh/GuBV4_OBBSweep.cpp.o
In file included from /public/home/tangwsh/PhysX/physx/include/foundation/PxMath.h:33,
                 from /public/home/tangwsh/PhysX/physx/include/foundation/PxVec3.h:33,
                 from /public/home/tangwsh/PhysX/physx/include/foundation/PxQuat.h:33,
                 from /public/home/tangwsh/PhysX/physx/include/foundation/PxTransform.h:32,
                 from /public/home/tangwsh/PhysX/physx/include/foundation/PxBounds3.h:32,
                 from /public/home/tangwsh/PhysX/physx/source/geomutils/src/mesh/GuBV4.h:32,
                 from /public/home/tangwsh/PhysX/physx/source/geomutils/src/mesh/GuBV4_OBBSweep.cpp:29:
/public/home/tangwsh/PhysX/physx/include/foundation/PxPreprocessor.h:524: warning: "PX_SUPPORT_GPU_PHYSX" redefined
  524 |         #define PX_SUPPORT_GPU_PHYSX ((PX_X64 && (PX_WINDOWS_FAMILY || PX_LINUX)) || (PX_A64 && PX_LINUX))
      | 
<command-line>: note: this is the location of the previous definition
[ 33%] Building CXX object CMakeFiles/GeomUtils.dir/public/home/tangwsh/PhysX/physx/source/geomutils/src/mesh/GuBV4_Raycast.cpp.o
In file included from /public/home/tangwsh/PhysX/physx/include/foundation/PxMath.h:33,
                 from /public/home/tangwsh/PhysX/physx/include/foundation/PxVec3.h:33,
                 from /public/home/tangwsh/PhysX/physx/include/foundation/PxQuat.h:33,
                 from /public/home/tangwsh/PhysX/physx/include/foundation/PxTransform.h:32,
                 from /public/home/tangwsh/PhysX/physx/include/foundation/PxBounds3.h:32,
                 from /public/home/tangwsh/PhysX/physx/source/geomutils/src/mesh/GuBV4.h:32,
                 from /public/home/tangwsh/PhysX/physx/source/geomutils/src/mesh/GuBV4_Raycast.cpp:29:
/public/home/tangwsh/PhysX/physx/include/foundation/PxPreprocessor.h:524: warning: "PX_SUPPORT_GPU_PHYSX" redefined
  524 |         #define PX_SUPPORT_GPU_PHYSX ((PX_X64 && (PX_WINDOWS_FAMILY || PX_LINUX)) || (PX_A64 && PX_LINUX))
      | 
<command-line>: note: this is the location of the previous definition
[ 33%] Building CXX object CMakeFiles/GeomUtils.dir/public/home/tangwsh/PhysX/physx/source/geomutils/src/mesh/GuBV4_SphereOverlap.cpp.o
In file included from /public/home/tangwsh/PhysX/physx/include/foundation/PxMath.h:33,
                 from /public/home/tangwsh/PhysX/physx/include/foundation/PxVec3.h:33,
                 from /public/home/tangwsh/PhysX/physx/include/foundation/PxQuat.h:33,
                 from /public/home/tangwsh/PhysX/physx/include/foundation/PxTransform.h:32,
                 from /public/home/tangwsh/PhysX/physx/include/foundation/PxBounds3.h:32,
                 from /public/home/tangwsh/PhysX/physx/source/geomutils/src/mesh/GuBV4.h:32,
                 from /public/home/tangwsh/PhysX/physx/source/geomutils/src/mesh/GuBV4_SphereOverlap.cpp:29:
/public/home/tangwsh/PhysX/physx/include/foundation/PxPreprocessor.h:524: warning: "PX_SUPPORT_GPU_PHYSX" redefined
  524 |         #define PX_SUPPORT_GPU_PHYSX ((PX_X64 && (PX_WINDOWS_FAMILY || PX_LINUX)) || (PX_A64 && PX_LINUX))
      | 
<command-line>: note: this is the location of the previous definition
[ 34%] Building CXX object CMakeFiles/GeomUtils.dir/public/home/tangwsh/PhysX/physx/source/geomutils/src/mesh/GuBV4_SphereSweep.cpp.o
In file included from /public/home/tangwsh/PhysX/physx/include/foundation/PxSimpleTypes.h:36,
                 from /public/home/tangwsh/PhysX/physx/source/geomutils/src/mesh/GuBV4_SphereSweep.cpp:29:
/public/home/tangwsh/PhysX/physx/include/foundation/PxPreprocessor.h:524: warning: "PX_SUPPORT_GPU_PHYSX" redefined
  524 |         #define PX_SUPPORT_GPU_PHYSX ((PX_X64 && (PX_WINDOWS_FAMILY || PX_LINUX)) || (PX_A64 && PX_LINUX))
      | 
<command-line>: note: this is the location of the previous definition
[ 34%] Building CXX object CMakeFiles/GeomUtils.dir/public/home/tangwsh/PhysX/physx/source/geomutils/src/mesh/GuMeshQuery.cpp.o
In file included from /public/home/tangwsh/PhysX/physx/include/foundation/PxSimpleTypes.h:36,
                 from /public/home/tangwsh/PhysX/physx/include/foundation/PxProfiler.h:30,
                 from /public/home/tangwsh/PhysX/physx/include/common/PxProfileZone.h:30,
                 from /public/home/tangwsh/PhysX/physx/source/geomutils/src/mesh/GuMeshQuery.cpp:29:
/public/home/tangwsh/PhysX/physx/include/foundation/PxPreprocessor.h:524: warning: "PX_SUPPORT_GPU_PHYSX" redefined
  524 |         #define PX_SUPPORT_GPU_PHYSX ((PX_X64 && (PX_WINDOWS_FAMILY || PX_LINUX)) || (PX_A64 && PX_LINUX))
      | 
<command-line>: note: this is the location of the previous definition
[ 34%] Building CXX object CMakeFiles/GeomUtils.dir/public/home/tangwsh/PhysX/physx/source/geomutils/src/mesh/GuMidphaseBV4.cpp.o
In file included from /public/home/tangwsh/PhysX/physx/include/foundation/PxSimpleTypes.h:36,
                 from /public/home/tangwsh/PhysX/physx/include/common/PxPhysXCommonConfig.h:32,
                 from /public/home/tangwsh/PhysX/physx/include/geometry/PxGeometry.h:32,
                 from /public/home/tangwsh/PhysX/physx/include/geometry/PxTriangleMeshGeometry.h:31,
                 from /public/home/tangwsh/PhysX/physx/source/geomutils/src/mesh/GuMidphaseBV4.cpp:29:
/public/home/tangwsh/PhysX/physx/include/foundation/PxPreprocessor.h:524: warning: "PX_SUPPORT_GPU_PHYSX" redefined
  524 |         #define PX_SUPPORT_GPU_PHYSX ((PX_X64 && (PX_WINDOWS_FAMILY || PX_LINUX)) || (PX_A64 && PX_LINUX))
      | 
<command-line>: note: this is the location of the previous definition
[ 34%] Building CXX object CMakeFiles/GeomUtils.dir/public/home/tangwsh/PhysX/physx/source/geomutils/src/mesh/GuMidphaseRTree.cpp.o
In file included from /public/home/tangwsh/PhysX/physx/include/foundation/PxMath.h:33,
                 from /public/home/tangwsh/PhysX/physx/include/foundation/PxVec3.h:33,
                 from /public/home/tangwsh/PhysX/physx/source/geomutils/include/GuOverlapTests.h:32,
                 from /public/home/tangwsh/PhysX/physx/source/geomutils/src/mesh/GuMidphaseInterface.h:32,
                 from /public/home/tangwsh/PhysX/physx/source/geomutils/src/mesh/GuSweepMesh.h:32,
                 from /public/home/tangwsh/PhysX/physx/source/geomutils/src/mesh/GuMidphaseRTree.cpp:31:
/public/home/tangwsh/PhysX/physx/include/foundation/PxPreprocessor.h:524: warning: "PX_SUPPORT_GPU_PHYSX" redefined
  524 |         #define PX_SUPPORT_GPU_PHYSX ((PX_X64 && (PX_WINDOWS_FAMILY || PX_LINUX)) || (PX_A64 && PX_LINUX))
      | 
<command-line>: note: this is the location of the previous definition
[ 34%] Building CXX object CMakeFiles/GeomUtils.dir/public/home/tangwsh/PhysX/physx/source/geomutils/src/mesh/GuOverlapTestsMesh.cpp.o
In file included from /public/home/tangwsh/PhysX/physx/include/foundation/PxSimpleTypes.h:36,
                 from /public/home/tangwsh/PhysX/physx/include/common/PxPhysXCommonConfig.h:32,
                 from /public/home/tangwsh/PhysX/physx/include/geometry/PxGeometry.h:32,
                 from /public/home/tangwsh/PhysX/physx/include/geometry/PxSphereGeometry.h:31,
                 from /public/home/tangwsh/PhysX/physx/source/geomutils/src/mesh/GuOverlapTestsMesh.cpp:29:
/public/home/tangwsh/PhysX/physx/include/foundation/PxPreprocessor.h:524: warning: "PX_SUPPORT_GPU_PHYSX" redefined
  524 |         #define PX_SUPPORT_GPU_PHYSX ((PX_X64 && (PX_WINDOWS_FAMILY || PX_LINUX)) || (PX_A64 && PX_LINUX))
      | 
<command-line>: note: this is the location of the previous definition
[ 35%] Building CXX object CMakeFiles/GeomUtils.dir/public/home/tangwsh/PhysX/physx/source/geomutils/src/mesh/GuRTree.cpp.o
In file included from /public/home/tangwsh/PhysX/physx/source/geomutils/src/mesh/GuRTree.cpp:29:
/public/home/tangwsh/PhysX/physx/include/foundation/PxPreprocessor.h:524: warning: "PX_SUPPORT_GPU_PHYSX" redefined
  524 |         #define PX_SUPPORT_GPU_PHYSX ((PX_X64 && (PX_WINDOWS_FAMILY || PX_LINUX)) || (PX_A64 && PX_LINUX))
      | 
<command-line>: note: this is the location of the previous definition
[ 35%] Building CXX object CMakeFiles/GeomUtils.dir/public/home/tangwsh/PhysX/physx/source/geomutils/src/mesh/GuRTreeQueries.cpp.o
In file included from /public/home/tangwsh/PhysX/physx/include/foundation/PxMath.h:33,
                 from /public/home/tangwsh/PhysX/physx/include/foundation/PxVec3.h:33,
                 from /public/home/tangwsh/PhysX/physx/include/foundation/PxQuat.h:33,
                 from /public/home/tangwsh/PhysX/physx/include/foundation/PxTransform.h:32,
                 from /public/home/tangwsh/PhysX/physx/include/foundation/PxBounds3.h:32,
                 from /public/home/tangwsh/PhysX/physx/source/geomutils/src/mesh/GuRTreeQueries.cpp:51:
/public/home/tangwsh/PhysX/physx/include/foundation/PxPreprocessor.h:524: warning: "PX_SUPPORT_GPU_PHYSX" redefined
  524 |         #define PX_SUPPORT_GPU_PHYSX ((PX_X64 && (PX_WINDOWS_FAMILY || PX_LINUX)) || (PX_A64 && PX_LINUX))
      | 
<command-line>: note: this is the location of the previous definition
[ 35%] Building CXX object CMakeFiles/GeomUtils.dir/public/home/tangwsh/PhysX/physx/source/geomutils/src/mesh/GuSweepsMesh.cpp.o
In file included from /public/home/tangwsh/PhysX/physx/include/foundation/PxMath.h:33,
                 from /public/home/tangwsh/PhysX/physx/include/foundation/PxVec3.h:33,
                 from /public/home/tangwsh/PhysX/physx/include/foundation/PxQuat.h:33,
                 from /public/home/tangwsh/PhysX/physx/include/foundation/PxTransform.h:32,
                 from /public/home/tangwsh/PhysX/physx/source/geomutils/include/GuSweepTests.h:32,
                 from /public/home/tangwsh/PhysX/physx/source/geomutils/src/mesh/GuSweepsMesh.cpp:29:
/public/home/tangwsh/PhysX/physx/include/foundation/PxPreprocessor.h:524: warning: "PX_SUPPORT_GPU_PHYSX" redefined
  524 |         #define PX_SUPPORT_GPU_PHYSX ((PX_X64 && (PX_WINDOWS_FAMILY || PX_LINUX)) || (PX_A64 && PX_LINUX))
      | 
<command-line>: note: this is the location of the previous definition
[ 35%] Building CXX object CMakeFiles/GeomUtils.dir/public/home/tangwsh/PhysX/physx/source/geomutils/src/mesh/GuTetrahedronMesh.cpp.o
In file included from /public/home/tangwsh/PhysX/physx/include/foundation/PxMath.h:33,
                 from /public/home/tangwsh/PhysX/physx/include/foundation/PxVec3.h:33,
                 from /public/home/tangwsh/PhysX/physx/source/geomutils/include/GuOverlapTests.h:32,
                 from /public/home/tangwsh/PhysX/physx/source/geomutils/src/mesh/GuMidphaseInterface.h:32,
                 from /public/home/tangwsh/PhysX/physx/source/geomutils/src/mesh/GuTetrahedronMesh.cpp:29:
/public/home/tangwsh/PhysX/physx/include/foundation/PxPreprocessor.h:524: warning: "PX_SUPPORT_GPU_PHYSX" redefined
  524 |         #define PX_SUPPORT_GPU_PHYSX ((PX_X64 && (PX_WINDOWS_FAMILY || PX_LINUX)) || (PX_A64 && PX_LINUX))
      | 
<command-line>: note: this is the location of the previous definition
[ 35%] Building CXX object CMakeFiles/GeomUtils.dir/public/home/tangwsh/PhysX/physx/source/geomutils/src/mesh/GuTetrahedronMeshUtils.cpp.o
In file included from /public/home/tangwsh/PhysX/physx/include/foundation/PxSimpleTypes.h:36,
                 from /public/home/tangwsh/PhysX/physx/include/foundation/PxIO.h:33,
                 from /public/home/tangwsh/PhysX/physx/source/geomutils/src/mesh/GuTetrahedronMesh.h:32,
                 from /public/home/tangwsh/PhysX/physx/source/geomutils/src/mesh/GuTetrahedronMeshUtils.h:30,
                 from /public/home/tangwsh/PhysX/physx/source/geomutils/src/mesh/GuTetrahedronMeshUtils.cpp:27:
/public/home/tangwsh/PhysX/physx/include/foundation/PxPreprocessor.h:524: warning: "PX_SUPPORT_GPU_PHYSX" redefined
  524 |         #define PX_SUPPORT_GPU_PHYSX ((PX_X64 && (PX_WINDOWS_FAMILY || PX_LINUX)) || (PX_A64 && PX_LINUX))
      | 
<command-line>: note: this is the location of the previous definition
[ 36%] Building CXX object CMakeFiles/GeomUtils.dir/public/home/tangwsh/PhysX/physx/source/geomutils/src/mesh/GuTriangleMesh.cpp.o
In file included from /public/home/tangwsh/PhysX/physx/include/foundation/PxMath.h:33,
                 from /public/home/tangwsh/PhysX/physx/include/foundation/PxVec3.h:33,
                 from /public/home/tangwsh/PhysX/physx/source/geomutils/include/GuOverlapTests.h:32,
                 from /public/home/tangwsh/PhysX/physx/source/geomutils/src/mesh/GuMidphaseInterface.h:32,
                 from /public/home/tangwsh/PhysX/physx/source/geomutils/src/mesh/GuTriangleMesh.cpp:29:
/public/home/tangwsh/PhysX/physx/include/foundation/PxPreprocessor.h:524: warning: "PX_SUPPORT_GPU_PHYSX" redefined
  524 |         #define PX_SUPPORT_GPU_PHYSX ((PX_X64 && (PX_WINDOWS_FAMILY || PX_LINUX)) || (PX_A64 && PX_LINUX))
      | 
<command-line>: note: this is the location of the previous definition
In file included from /public/home/tangwsh/PhysX/physx/include/foundation/PxMath.h:33,
                 from /public/home/tangwsh/PhysX/physx/include/foundation/PxVec3.h:33,
                 from /public/home/tangwsh/PhysX/physx/source/geomutils/include/GuOverlapTests.h:32,
                 from /public/home/tangwsh/PhysX/physx/source/geomutils/src/mesh/GuMidphaseInterface.h:32,
                 from /public/home/tangwsh/PhysX/physx/source/geomutils/src/mesh/GuTriangleMesh.cpp:29:
/public/home/tangwsh/PhysX/physx/source/geomutils/src/mesh/GuTriangleMesh.cpp: In constructor ‘physx::Gu::TriangleMesh::TriangleMesh(physx::Gu::MeshFactory*, physx::Gu::TriangleMeshData&)’:
/public/home/tangwsh/PhysX/physx/source/geomutils/src/mesh/GuTriangleMesh.cpp:95:45: warning: ‘offsetof’ within non-standard-layout type ‘physx::Gu::TriangleMesh’ is conditionally-supported [-Winvalid-offsetof]
   95 |         PX_COMPILE_TIME_ASSERT(PX_OFFSET_OF(TriangleMesh, mExtraTrigData)>=PX_OFFSET_OF(TriangleMesh, mAABB)+4);
/public/home/tangwsh/PhysX/physx/include/foundation/PxPreprocessor.h:430:51: note: in definition of macro ‘PX_COMPILE_TIME_ASSERT’
  430 | #define PX_COMPILE_TIME_ASSERT(exp) static_assert(exp, "")
      |                                                   ^~~
/public/home/tangwsh/PhysX/physx/source/geomutils/src/mesh/GuTriangleMesh.cpp:95:32: note: in expansion of macro ‘PX_OFFSET_OF’
   95 |         PX_COMPILE_TIME_ASSERT(PX_OFFSET_OF(TriangleMesh, mExtraTrigData)>=PX_OFFSET_OF(TriangleMesh, mAABB)+4);
      |                                ^~~~~~~~~~~~
/public/home/tangwsh/PhysX/physx/source/geomutils/src/mesh/GuTriangleMesh.cpp:95:89: warning: ‘offsetof’ within non-standard-layout type ‘physx::Gu::TriangleMesh’ is conditionally-supported [-Winvalid-offsetof]
   95 |         PX_COMPILE_TIME_ASSERT(PX_OFFSET_OF(TriangleMesh, mExtraTrigData)>=PX_OFFSET_OF(TriangleMesh, mAABB)+4);
/public/home/tangwsh/PhysX/physx/include/foundation/PxPreprocessor.h:430:51: note: in definition of macro ‘PX_COMPILE_TIME_ASSERT’
  430 | #define PX_COMPILE_TIME_ASSERT(exp) static_assert(exp, "")
      |                                                   ^~~
/public/home/tangwsh/PhysX/physx/source/geomutils/src/mesh/GuTriangleMesh.cpp:95:76: note: in expansion of macro ‘PX_OFFSET_OF’
   95 |         PX_COMPILE_TIME_ASSERT(PX_OFFSET_OF(TriangleMesh, mExtraTrigData)>=PX_OFFSET_OF(TriangleMesh, mAABB)+4);
      |                                                                            ^~~~~~~~~~~~
[ 36%] Building CXX object CMakeFiles/GeomUtils.dir/public/home/tangwsh/PhysX/physx/source/geomutils/src/mesh/GuTriangleMeshBV4.cpp.o
In file included from /public/home/tangwsh/PhysX/physx/include/foundation/PxSimpleTypes.h:36,
                 from /public/home/tangwsh/PhysX/physx/include/foundation/PxIO.h:33,
                 from /public/home/tangwsh/PhysX/physx/source/geomutils/src/mesh/GuTriangleMesh.h:32,
                 from /public/home/tangwsh/PhysX/physx/source/geomutils/src/mesh/GuTriangleMeshBV4.cpp:29:
/public/home/tangwsh/PhysX/physx/include/foundation/PxPreprocessor.h:524: warning: "PX_SUPPORT_GPU_PHYSX" redefined
  524 |         #define PX_SUPPORT_GPU_PHYSX ((PX_X64 && (PX_WINDOWS_FAMILY || PX_LINUX)) || (PX_A64 && PX_LINUX))
      | 
<command-line>: note: this is the location of the previous definition
[ 36%] Building CXX object CMakeFiles/GeomUtils.dir/public/home/tangwsh/PhysX/physx/source/geomutils/src/mesh/GuTriangleMeshRTree.cpp.o
In file included from /public/home/tangwsh/PhysX/physx/include/foundation/PxSimpleTypes.h:36,
                 from /public/home/tangwsh/PhysX/physx/include/foundation/PxIO.h:33,
                 from /public/home/tangwsh/PhysX/physx/source/geomutils/src/mesh/GuTriangleMesh.h:32,
                 from /public/home/tangwsh/PhysX/physx/source/geomutils/src/mesh/GuTriangleMeshRTree.cpp:29:
/public/home/tangwsh/PhysX/physx/include/foundation/PxPreprocessor.h:524: warning: "PX_SUPPORT_GPU_PHYSX" redefined
  524 |         #define PX_SUPPORT_GPU_PHYSX ((PX_X64 && (PX_WINDOWS_FAMILY || PX_LINUX)) || (PX_A64 && PX_LINUX))
      | 
<command-line>: note: this is the location of the previous definition
[ 36%] Building CXX object CMakeFiles/GeomUtils.dir/public/home/tangwsh/PhysX/physx/source/geomutils/src/pcm/GuPCMContactBoxBox.cpp.o
In file included from /public/home/tangwsh/PhysX/physx/include/foundation/PxSimpleTypes.h:36,
                 from /public/home/tangwsh/PhysX/physx/include/common/PxPhysXCommonConfig.h:32,
                 from /public/home/tangwsh/PhysX/physx/include/PxPhysXConfig.h:35,
                 from /public/home/tangwsh/PhysX/physx/include/geomutils/PxContactBuffer.h:32,
                 from /public/home/tangwsh/PhysX/physx/source/geomutils/src/pcm/GuPCMContactBoxBox.cpp:29:
/public/home/tangwsh/PhysX/physx/include/foundation/PxPreprocessor.h:524: warning: "PX_SUPPORT_GPU_PHYSX" redefined
  524 |         #define PX_SUPPORT_GPU_PHYSX ((PX_X64 && (PX_WINDOWS_FAMILY || PX_LINUX)) || (PX_A64 && PX_LINUX))
      | 
<command-line>: note: this is the location of the previous definition
In file included from /public/home/tangwsh/PhysX/physx/include/foundation/PxSimpleTypes.h:36,
                 from /public/home/tangwsh/PhysX/physx/include/common/PxPhysXCommonConfig.h:32,
                 from /public/home/tangwsh/PhysX/physx/include/PxPhysXConfig.h:35,
                 from /public/home/tangwsh/PhysX/physx/include/geomutils/PxContactBuffer.h:32,
                 from /public/home/tangwsh/PhysX/physx/source/geomutils/src/pcm/GuPCMContactBoxBox.cpp:29:
/public/home/tangwsh/PhysX/physx/source/geomutils/src/GuGeometryChecks.h:93:37: warning: ‘offsetof’ within non-standard-layout type ‘physx::PxCapsuleGeometry’ is conditionally-supported [-Winvalid-offsetof]
   93 | PX_COMPILE_TIME_ASSERT(PX_OFFSET_OF(physx::PxCapsuleGeometry, radius) == PX_OFFSET_OF(physx::PxSphereGeometry, radius));
/public/home/tangwsh/PhysX/physx/include/foundation/PxPreprocessor.h:430:51: note: in definition of macro ‘PX_COMPILE_TIME_ASSERT’
  430 | #define PX_COMPILE_TIME_ASSERT(exp) static_assert(exp, "")
      |                                                   ^~~
/public/home/tangwsh/PhysX/physx/source/geomutils/src/GuGeometryChecks.h:93:24: note: in expansion of macro ‘PX_OFFSET_OF’
   93 | PX_COMPILE_TIME_ASSERT(PX_OFFSET_OF(physx::PxCapsuleGeometry, radius) == PX_OFFSET_OF(physx::PxSphereGeometry, radius));
      |                        ^~~~~~~~~~~~
/public/home/tangwsh/PhysX/physx/source/geomutils/src/GuGeometryChecks.h:93:87: warning: ‘offsetof’ within non-standard-layout type ‘physx::PxSphereGeometry’ is conditionally-supported [-Winvalid-offsetof]
   93 | PX_COMPILE_TIME_ASSERT(PX_OFFSET_OF(physx::PxCapsuleGeometry, radius) == PX_OFFSET_OF(physx::PxSphereGeometry, radius));
/public/home/tangwsh/PhysX/physx/include/foundation/PxPreprocessor.h:430:51: note: in definition of macro ‘PX_COMPILE_TIME_ASSERT’
  430 | #define PX_COMPILE_TIME_ASSERT(exp) static_assert(exp, "")
      |                                                   ^~~
/public/home/tangwsh/PhysX/physx/source/geomutils/src/GuGeometryChecks.h:93:74: note: in expansion of macro ‘PX_OFFSET_OF’
   93 | PX_COMPILE_TIME_ASSERT(PX_OFFSET_OF(physx::PxCapsuleGeometry, radius) == PX_OFFSET_OF(physx::PxSphereGeometry, radius));
      |                                                                          ^~~~~~~~~~~~
[ 36%] Building CXX object CMakeFiles/GeomUtils.dir/public/home/tangwsh/PhysX/physx/source/geomutils/src/pcm/GuPCMContactBoxConvex.cpp.o
In file included from /public/home/tangwsh/PhysX/physx/include/foundation/PxSimpleTypes.h:36,
                 from /public/home/tangwsh/PhysX/physx/include/common/PxPhysXCommonConfig.h:32,
                 from /public/home/tangwsh/PhysX/physx/include/PxPhysXConfig.h:35,
                 from /public/home/tangwsh/PhysX/physx/include/geomutils/PxContactBuffer.h:32,
                 from /public/home/tangwsh/PhysX/physx/source/geomutils/src/pcm/GuPCMContactBoxConvex.cpp:29:
/public/home/tangwsh/PhysX/physx/include/foundation/PxPreprocessor.h:524: warning: "PX_SUPPORT_GPU_PHYSX" redefined
  524 |         #define PX_SUPPORT_GPU_PHYSX ((PX_X64 && (PX_WINDOWS_FAMILY || PX_LINUX)) || (PX_A64 && PX_LINUX))
      | 
<command-line>: note: this is the location of the previous definition
In file included from /public/home/tangwsh/PhysX/physx/include/foundation/PxSimpleTypes.h:36,
                 from /public/home/tangwsh/PhysX/physx/include/common/PxPhysXCommonConfig.h:32,
                 from /public/home/tangwsh/PhysX/physx/include/PxPhysXConfig.h:35,
                 from /public/home/tangwsh/PhysX/physx/include/geomutils/PxContactBuffer.h:32,
                 from /public/home/tangwsh/PhysX/physx/source/geomutils/src/pcm/GuPCMContactBoxConvex.cpp:29:
/public/home/tangwsh/PhysX/physx/source/geomutils/src/GuGeometryChecks.h:93:37: warning: ‘offsetof’ within non-standard-layout type ‘physx::PxCapsuleGeometry’ is conditionally-supported [-Winvalid-offsetof]
   93 | PX_COMPILE_TIME_ASSERT(PX_OFFSET_OF(physx::PxCapsuleGeometry, radius) == PX_OFFSET_OF(physx::PxSphereGeometry, radius));
/public/home/tangwsh/PhysX/physx/include/foundation/PxPreprocessor.h:430:51: note: in definition of macro ‘PX_COMPILE_TIME_ASSERT’
  430 | #define PX_COMPILE_TIME_ASSERT(exp) static_assert(exp, "")
      |                                                   ^~~
/public/home/tangwsh/PhysX/physx/source/geomutils/src/GuGeometryChecks.h:93:24: note: in expansion of macro ‘PX_OFFSET_OF’
   93 | PX_COMPILE_TIME_ASSERT(PX_OFFSET_OF(physx::PxCapsuleGeometry, radius) == PX_OFFSET_OF(physx::PxSphereGeometry, radius));
      |                        ^~~~~~~~~~~~
/public/home/tangwsh/PhysX/physx/source/geomutils/src/GuGeometryChecks.h:93:87: warning: ‘offsetof’ within non-standard-layout type ‘physx::PxSphereGeometry’ is conditionally-supported [-Winvalid-offsetof]
   93 | PX_COMPILE_TIME_ASSERT(PX_OFFSET_OF(physx::PxCapsuleGeometry, radius) == PX_OFFSET_OF(physx::PxSphereGeometry, radius));
/public/home/tangwsh/PhysX/physx/include/foundation/PxPreprocessor.h:430:51: note: in definition of macro ‘PX_COMPILE_TIME_ASSERT’
  430 | #define PX_COMPILE_TIME_ASSERT(exp) static_assert(exp, "")
      |                                                   ^~~
/public/home/tangwsh/PhysX/physx/source/geomutils/src/GuGeometryChecks.h:93:74: note: in expansion of macro ‘PX_OFFSET_OF’
   93 | PX_COMPILE_TIME_ASSERT(PX_OFFSET_OF(physx::PxCapsuleGeometry, radius) == PX_OFFSET_OF(physx::PxSphereGeometry, radius));
      |                                                                          ^~~~~~~~~~~~
[ 37%] Building CXX object CMakeFiles/GeomUtils.dir/public/home/tangwsh/PhysX/physx/source/geomutils/src/pcm/GuPCMContactCapsuleBox.cpp.o
In file included from /public/home/tangwsh/PhysX/physx/include/foundation/PxSimpleTypes.h:36,
                 from /public/home/tangwsh/PhysX/physx/include/common/PxPhysXCommonConfig.h:32,
                 from /public/home/tangwsh/PhysX/physx/include/PxPhysXConfig.h:35,
                 from /public/home/tangwsh/PhysX/physx/include/geomutils/PxContactBuffer.h:32,
                 from /public/home/tangwsh/PhysX/physx/source/geomutils/src/pcm/GuPCMContactCapsuleBox.cpp:29:
/public/home/tangwsh/PhysX/physx/include/foundation/PxPreprocessor.h:524: warning: "PX_SUPPORT_GPU_PHYSX" redefined
  524 |         #define PX_SUPPORT_GPU_PHYSX ((PX_X64 && (PX_WINDOWS_FAMILY || PX_LINUX)) || (PX_A64 && PX_LINUX))
      | 
<command-line>: note: this is the location of the previous definition
In file included from /public/home/tangwsh/PhysX/physx/include/foundation/PxSimpleTypes.h:36,
                 from /public/home/tangwsh/PhysX/physx/include/common/PxPhysXCommonConfig.h:32,
                 from /public/home/tangwsh/PhysX/physx/include/PxPhysXConfig.h:35,
                 from /public/home/tangwsh/PhysX/physx/include/geomutils/PxContactBuffer.h:32,
                 from /public/home/tangwsh/PhysX/physx/source/geomutils/src/pcm/GuPCMContactCapsuleBox.cpp:29:
/public/home/tangwsh/PhysX/physx/source/geomutils/src/GuGeometryChecks.h:93:37: warning: ‘offsetof’ within non-standard-layout type ‘physx::PxCapsuleGeometry’ is conditionally-supported [-Winvalid-offsetof]
   93 | PX_COMPILE_TIME_ASSERT(PX_OFFSET_OF(physx::PxCapsuleGeometry, radius) == PX_OFFSET_OF(physx::PxSphereGeometry, radius));
/public/home/tangwsh/PhysX/physx/include/foundation/PxPreprocessor.h:430:51: note: in definition of macro ‘PX_COMPILE_TIME_ASSERT’
  430 | #define PX_COMPILE_TIME_ASSERT(exp) static_assert(exp, "")
      |                                                   ^~~
/public/home/tangwsh/PhysX/physx/source/geomutils/src/GuGeometryChecks.h:93:24: note: in expansion of macro ‘PX_OFFSET_OF’
   93 | PX_COMPILE_TIME_ASSERT(PX_OFFSET_OF(physx::PxCapsuleGeometry, radius) == PX_OFFSET_OF(physx::PxSphereGeometry, radius));
      |                        ^~~~~~~~~~~~
/public/home/tangwsh/PhysX/physx/source/geomutils/src/GuGeometryChecks.h:93:87: warning: ‘offsetof’ within non-standard-layout type ‘physx::PxSphereGeometry’ is conditionally-supported [-Winvalid-offsetof]
   93 | PX_COMPILE_TIME_ASSERT(PX_OFFSET_OF(physx::PxCapsuleGeometry, radius) == PX_OFFSET_OF(physx::PxSphereGeometry, radius));
/public/home/tangwsh/PhysX/physx/include/foundation/PxPreprocessor.h:430:51: note: in definition of macro ‘PX_COMPILE_TIME_ASSERT’
  430 | #define PX_COMPILE_TIME_ASSERT(exp) static_assert(exp, "")
      |                                                   ^~~
/public/home/tangwsh/PhysX/physx/source/geomutils/src/GuGeometryChecks.h:93:74: note: in expansion of macro ‘PX_OFFSET_OF’
   93 | PX_COMPILE_TIME_ASSERT(PX_OFFSET_OF(physx::PxCapsuleGeometry, radius) == PX_OFFSET_OF(physx::PxSphereGeometry, radius));
      |                                                                          ^~~~~~~~~~~~
[ 37%] Building CXX object CMakeFiles/GeomUtils.dir/public/home/tangwsh/PhysX/physx/source/geomutils/src/pcm/GuPCMContactCapsuleCapsule.cpp.o
In file included from /public/home/tangwsh/PhysX/physx/include/foundation/PxSimpleTypes.h:36,
                 from /public/home/tangwsh/PhysX/physx/include/common/PxPhysXCommonConfig.h:32,
                 from /public/home/tangwsh/PhysX/physx/include/PxPhysXConfig.h:35,
                 from /public/home/tangwsh/PhysX/physx/include/geomutils/PxContactBuffer.h:32,
                 from /public/home/tangwsh/PhysX/physx/source/geomutils/src/pcm/GuPCMContactCapsuleCapsule.cpp:29:
/public/home/tangwsh/PhysX/physx/include/foundation/PxPreprocessor.h:524: warning: "PX_SUPPORT_GPU_PHYSX" redefined
  524 |         #define PX_SUPPORT_GPU_PHYSX ((PX_X64 && (PX_WINDOWS_FAMILY || PX_LINUX)) || (PX_A64 && PX_LINUX))
      | 
<command-line>: note: this is the location of the previous definition
In file included from /public/home/tangwsh/PhysX/physx/include/foundation/PxSimpleTypes.h:36,
                 from /public/home/tangwsh/PhysX/physx/include/common/PxPhysXCommonConfig.h:32,
                 from /public/home/tangwsh/PhysX/physx/include/PxPhysXConfig.h:35,
                 from /public/home/tangwsh/PhysX/physx/include/geomutils/PxContactBuffer.h:32,
                 from /public/home/tangwsh/PhysX/physx/source/geomutils/src/pcm/GuPCMContactCapsuleCapsule.cpp:29:
/public/home/tangwsh/PhysX/physx/source/geomutils/src/GuGeometryChecks.h:93:37: warning: ‘offsetof’ within non-standard-layout type ‘physx::PxCapsuleGeometry’ is conditionally-supported [-Winvalid-offsetof]
   93 | PX_COMPILE_TIME_ASSERT(PX_OFFSET_OF(physx::PxCapsuleGeometry, radius) == PX_OFFSET_OF(physx::PxSphereGeometry, radius));
/public/home/tangwsh/PhysX/physx/include/foundation/PxPreprocessor.h:430:51: note: in definition of macro ‘PX_COMPILE_TIME_ASSERT’
  430 | #define PX_COMPILE_TIME_ASSERT(exp) static_assert(exp, "")
      |                                                   ^~~
/public/home/tangwsh/PhysX/physx/source/geomutils/src/GuGeometryChecks.h:93:24: note: in expansion of macro ‘PX_OFFSET_OF’
   93 | PX_COMPILE_TIME_ASSERT(PX_OFFSET_OF(physx::PxCapsuleGeometry, radius) == PX_OFFSET_OF(physx::PxSphereGeometry, radius));
      |                        ^~~~~~~~~~~~
/public/home/tangwsh/PhysX/physx/source/geomutils/src/GuGeometryChecks.h:93:87: warning: ‘offsetof’ within non-standard-layout type ‘physx::PxSphereGeometry’ is conditionally-supported [-Winvalid-offsetof]
   93 | PX_COMPILE_TIME_ASSERT(PX_OFFSET_OF(physx::PxCapsuleGeometry, radius) == PX_OFFSET_OF(physx::PxSphereGeometry, radius));
/public/home/tangwsh/PhysX/physx/include/foundation/PxPreprocessor.h:430:51: note: in definition of macro ‘PX_COMPILE_TIME_ASSERT’
  430 | #define PX_COMPILE_TIME_ASSERT(exp) static_assert(exp, "")
      |                                                   ^~~
/public/home/tangwsh/PhysX/physx/source/geomutils/src/GuGeometryChecks.h:93:74: note: in expansion of macro ‘PX_OFFSET_OF’
   93 | PX_COMPILE_TIME_ASSERT(PX_OFFSET_OF(physx::PxCapsuleGeometry, radius) == PX_OFFSET_OF(physx::PxSphereGeometry, radius));
      |                                                                          ^~~~~~~~~~~~
[ 37%] Building CXX object CMakeFiles/GeomUtils.dir/public/home/tangwsh/PhysX/physx/source/geomutils/src/pcm/GuPCMContactCapsuleConvex.cpp.o
In file included from /public/home/tangwsh/PhysX/physx/include/foundation/PxSimpleTypes.h:36,
                 from /public/home/tangwsh/PhysX/physx/include/common/PxPhysXCommonConfig.h:32,
                 from /public/home/tangwsh/PhysX/physx/include/PxPhysXConfig.h:35,
                 from /public/home/tangwsh/PhysX/physx/include/geomutils/PxContactBuffer.h:32,
                 from /public/home/tangwsh/PhysX/physx/source/geomutils/src/pcm/GuPCMContactCapsuleConvex.cpp:29:
/public/home/tangwsh/PhysX/physx/include/foundation/PxPreprocessor.h:524: warning: "PX_SUPPORT_GPU_PHYSX" redefined
  524 |         #define PX_SUPPORT_GPU_PHYSX ((PX_X64 && (PX_WINDOWS_FAMILY || PX_LINUX)) || (PX_A64 && PX_LINUX))
      | 
<command-line>: note: this is the location of the previous definition
In file included from /public/home/tangwsh/PhysX/physx/include/foundation/PxSimpleTypes.h:36,
                 from /public/home/tangwsh/PhysX/physx/include/common/PxPhysXCommonConfig.h:32,
                 from /public/home/tangwsh/PhysX/physx/include/PxPhysXConfig.h:35,
                 from /public/home/tangwsh/PhysX/physx/include/geomutils/PxContactBuffer.h:32,
                 from /public/home/tangwsh/PhysX/physx/source/geomutils/src/pcm/GuPCMContactCapsuleConvex.cpp:29:
/public/home/tangwsh/PhysX/physx/source/geomutils/src/GuGeometryChecks.h:93:37: warning: ‘offsetof’ within non-standard-layout type ‘physx::PxCapsuleGeometry’ is conditionally-supported [-Winvalid-offsetof]
   93 | PX_COMPILE_TIME_ASSERT(PX_OFFSET_OF(physx::PxCapsuleGeometry, radius) == PX_OFFSET_OF(physx::PxSphereGeometry, radius));
/public/home/tangwsh/PhysX/physx/include/foundation/PxPreprocessor.h:430:51: note: in definition of macro ‘PX_COMPILE_TIME_ASSERT’
  430 | #define PX_COMPILE_TIME_ASSERT(exp) static_assert(exp, "")
      |                                                   ^~~
/public/home/tangwsh/PhysX/physx/source/geomutils/src/GuGeometryChecks.h:93:24: note: in expansion of macro ‘PX_OFFSET_OF’
   93 | PX_COMPILE_TIME_ASSERT(PX_OFFSET_OF(physx::PxCapsuleGeometry, radius) == PX_OFFSET_OF(physx::PxSphereGeometry, radius));
      |                        ^~~~~~~~~~~~
/public/home/tangwsh/PhysX/physx/source/geomutils/src/GuGeometryChecks.h:93:87: warning: ‘offsetof’ within non-standard-layout type ‘physx::PxSphereGeometry’ is conditionally-supported [-Winvalid-offsetof]
   93 | PX_COMPILE_TIME_ASSERT(PX_OFFSET_OF(physx::PxCapsuleGeometry, radius) == PX_OFFSET_OF(physx::PxSphereGeometry, radius));
/public/home/tangwsh/PhysX/physx/include/foundation/PxPreprocessor.h:430:51: note: in definition of macro ‘PX_COMPILE_TIME_ASSERT’
  430 | #define PX_COMPILE_TIME_ASSERT(exp) static_assert(exp, "")
      |                                                   ^~~
/public/home/tangwsh/PhysX/physx/source/geomutils/src/GuGeometryChecks.h:93:74: note: in expansion of macro ‘PX_OFFSET_OF’
   93 | PX_COMPILE_TIME_ASSERT(PX_OFFSET_OF(physx::PxCapsuleGeometry, radius) == PX_OFFSET_OF(physx::PxSphereGeometry, radius));
      |                                                                          ^~~~~~~~~~~~
[ 37%] Building CXX object CMakeFiles/GeomUtils.dir/public/home/tangwsh/PhysX/physx/source/geomutils/src/pcm/GuPCMContactCapsuleHeightField.cpp.o
In file included from /public/home/tangwsh/PhysX/physx/include/foundation/PxMath.h:33,
                 from /public/home/tangwsh/PhysX/physx/include/foundation/PxVec3.h:33,
                 from /public/home/tangwsh/PhysX/physx/include/geometry/PxTriangleMesh.h:32,
                 from /public/home/tangwsh/PhysX/physx/source/geomutils/src/pcm/GuPCMContactCapsuleHeightField.cpp:29:
/public/home/tangwsh/PhysX/physx/include/foundation/PxPreprocessor.h:524: warning: "PX_SUPPORT_GPU_PHYSX" redefined
  524 |         #define PX_SUPPORT_GPU_PHYSX ((PX_X64 && (PX_WINDOWS_FAMILY || PX_LINUX)) || (PX_A64 && PX_LINUX))
      | 
<command-line>: note: this is the location of the previous definition
In file included from /public/home/tangwsh/PhysX/physx/include/foundation/PxMath.h:33,
                 from /public/home/tangwsh/PhysX/physx/include/foundation/PxVec3.h:33,
                 from /public/home/tangwsh/PhysX/physx/include/geometry/PxTriangleMesh.h:32,
                 from /public/home/tangwsh/PhysX/physx/source/geomutils/src/pcm/GuPCMContactCapsuleHeightField.cpp:29:
/public/home/tangwsh/PhysX/physx/source/geomutils/src/GuGeometryChecks.h:93:37: warning: ‘offsetof’ within non-standard-layout type ‘physx::PxCapsuleGeometry’ is conditionally-supported [-Winvalid-offsetof]
   93 | PX_COMPILE_TIME_ASSERT(PX_OFFSET_OF(physx::PxCapsuleGeometry, radius) == PX_OFFSET_OF(physx::PxSphereGeometry, radius));
/public/home/tangwsh/PhysX/physx/include/foundation/PxPreprocessor.h:430:51: note: in definition of macro ‘PX_COMPILE_TIME_ASSERT’
  430 | #define PX_COMPILE_TIME_ASSERT(exp) static_assert(exp, "")
      |                                                   ^~~
/public/home/tangwsh/PhysX/physx/source/geomutils/src/GuGeometryChecks.h:93:24: note: in expansion of macro ‘PX_OFFSET_OF’
   93 | PX_COMPILE_TIME_ASSERT(PX_OFFSET_OF(physx::PxCapsuleGeometry, radius) == PX_OFFSET_OF(physx::PxSphereGeometry, radius));
      |                        ^~~~~~~~~~~~
/public/home/tangwsh/PhysX/physx/source/geomutils/src/GuGeometryChecks.h:93:87: warning: ‘offsetof’ within non-standard-layout type ‘physx::PxSphereGeometry’ is conditionally-supported [-Winvalid-offsetof]
   93 | PX_COMPILE_TIME_ASSERT(PX_OFFSET_OF(physx::PxCapsuleGeometry, radius) == PX_OFFSET_OF(physx::PxSphereGeometry, radius));
/public/home/tangwsh/PhysX/physx/include/foundation/PxPreprocessor.h:430:51: note: in definition of macro ‘PX_COMPILE_TIME_ASSERT’
  430 | #define PX_COMPILE_TIME_ASSERT(exp) static_assert(exp, "")
      |                                                   ^~~
/public/home/tangwsh/PhysX/physx/source/geomutils/src/GuGeometryChecks.h:93:74: note: in expansion of macro ‘PX_OFFSET_OF’
   93 | PX_COMPILE_TIME_ASSERT(PX_OFFSET_OF(physx::PxCapsuleGeometry, radius) == PX_OFFSET_OF(physx::PxSphereGeometry, radius));
      |                                                                          ^~~~~~~~~~~~
[ 38%] Building CXX object CMakeFiles/GeomUtils.dir/public/home/tangwsh/PhysX/physx/source/geomutils/src/pcm/GuPCMContactCapsuleMesh.cpp.o
In file included from /public/home/tangwsh/PhysX/physx/include/foundation/PxIntrinsics.h:32,
                 from /public/home/tangwsh/PhysX/physx/include/foundation/PxVecMath.h:32,
                 from /public/home/tangwsh/PhysX/physx/source/geomutils/src/gjk/GuVecConvex.h:32,
                 from /public/home/tangwsh/PhysX/physx/source/geomutils/src/gjk/GuVecTriangle.h:32,
                 from /public/home/tangwsh/PhysX/physx/source/geomutils/src/pcm/GuPCMContactCapsuleMesh.cpp:29:
/public/home/tangwsh/PhysX/physx/include/foundation/PxPreprocessor.h:524: warning: "PX_SUPPORT_GPU_PHYSX" redefined
  524 |         #define PX_SUPPORT_GPU_PHYSX ((PX_X64 && (PX_WINDOWS_FAMILY || PX_LINUX)) || (PX_A64 && PX_LINUX))
      | 
<command-line>: note: this is the location of the previous definition
In file included from /public/home/tangwsh/PhysX/physx/include/foundation/PxIntrinsics.h:32,
                 from /public/home/tangwsh/PhysX/physx/include/foundation/PxVecMath.h:32,
                 from /public/home/tangwsh/PhysX/physx/source/geomutils/src/gjk/GuVecConvex.h:32,
                 from /public/home/tangwsh/PhysX/physx/source/geomutils/src/gjk/GuVecTriangle.h:32,
                 from /public/home/tangwsh/PhysX/physx/source/geomutils/src/pcm/GuPCMContactCapsuleMesh.cpp:29:
/public/home/tangwsh/PhysX/physx/source/geomutils/src/GuGeometryChecks.h:93:37: warning: ‘offsetof’ within non-standard-layout type ‘physx::PxCapsuleGeometry’ is conditionally-supported [-Winvalid-offsetof]
   93 | PX_COMPILE_TIME_ASSERT(PX_OFFSET_OF(physx::PxCapsuleGeometry, radius) == PX_OFFSET_OF(physx::PxSphereGeometry, radius));
/public/home/tangwsh/PhysX/physx/include/foundation/PxPreprocessor.h:430:51: note: in definition of macro ‘PX_COMPILE_TIME_ASSERT’
  430 | #define PX_COMPILE_TIME_ASSERT(exp) static_assert(exp, "")
      |                                                   ^~~
/public/home/tangwsh/PhysX/physx/source/geomutils/src/GuGeometryChecks.h:93:24: note: in expansion of macro ‘PX_OFFSET_OF’
   93 | PX_COMPILE_TIME_ASSERT(PX_OFFSET_OF(physx::PxCapsuleGeometry, radius) == PX_OFFSET_OF(physx::PxSphereGeometry, radius));
      |                        ^~~~~~~~~~~~
/public/home/tangwsh/PhysX/physx/source/geomutils/src/GuGeometryChecks.h:93:87: warning: ‘offsetof’ within non-standard-layout type ‘physx::PxSphereGeometry’ is conditionally-supported [-Winvalid-offsetof]
   93 | PX_COMPILE_TIME_ASSERT(PX_OFFSET_OF(physx::PxCapsuleGeometry, radius) == PX_OFFSET_OF(physx::PxSphereGeometry, radius));
/public/home/tangwsh/PhysX/physx/include/foundation/PxPreprocessor.h:430:51: note: in definition of macro ‘PX_COMPILE_TIME_ASSERT’
  430 | #define PX_COMPILE_TIME_ASSERT(exp) static_assert(exp, "")
      |                                                   ^~~
/public/home/tangwsh/PhysX/physx/source/geomutils/src/GuGeometryChecks.h:93:74: note: in expansion of macro ‘PX_OFFSET_OF’
   93 | PX_COMPILE_TIME_ASSERT(PX_OFFSET_OF(physx::PxCapsuleGeometry, radius) == PX_OFFSET_OF(physx::PxSphereGeometry, radius));
      |                                                                          ^~~~~~~~~~~~
[ 38%] Building CXX object CMakeFiles/GeomUtils.dir/public/home/tangwsh/PhysX/physx/source/geomutils/src/pcm/GuPCMContactConvexCommon.cpp.o
In file included from /public/home/tangwsh/PhysX/physx/include/foundation/PxIntrinsics.h:32,
                 from /public/home/tangwsh/PhysX/physx/include/foundation/PxVecMath.h:32,
                 from /public/home/tangwsh/PhysX/physx/source/geomutils/src/gjk/GuVecConvex.h:32,
                 from /public/home/tangwsh/PhysX/physx/source/geomutils/src/gjk/GuVecTriangle.h:32,
                 from /public/home/tangwsh/PhysX/physx/source/geomutils/src/pcm/GuPCMContactConvexCommon.cpp:29:
/public/home/tangwsh/PhysX/physx/include/foundation/PxPreprocessor.h:524: warning: "PX_SUPPORT_GPU_PHYSX" redefined
  524 |         #define PX_SUPPORT_GPU_PHYSX ((PX_X64 && (PX_WINDOWS_FAMILY || PX_LINUX)) || (PX_A64 && PX_LINUX))
      | 
<command-line>: note: this is the location of the previous definition
[ 38%] Building CXX object CMakeFiles/GeomUtils.dir/public/home/tangwsh/PhysX/physx/source/geomutils/src/pcm/GuPCMContactConvexConvex.cpp.o
In file included from /public/home/tangwsh/PhysX/physx/include/foundation/PxSimpleTypes.h:36,
                 from /public/home/tangwsh/PhysX/physx/include/common/PxPhysXCommonConfig.h:32,
                 from /public/home/tangwsh/PhysX/physx/include/PxPhysXConfig.h:35,
                 from /public/home/tangwsh/PhysX/physx/include/geomutils/PxContactBuffer.h:32,
                 from /public/home/tangwsh/PhysX/physx/source/geomutils/src/pcm/GuPCMContactConvexConvex.cpp:29:
/public/home/tangwsh/PhysX/physx/include/foundation/PxPreprocessor.h:524: warning: "PX_SUPPORT_GPU_PHYSX" redefined
  524 |         #define PX_SUPPORT_GPU_PHYSX ((PX_X64 && (PX_WINDOWS_FAMILY || PX_LINUX)) || (PX_A64 && PX_LINUX))
      | 
<command-line>: note: this is the location of the previous definition
In file included from /public/home/tangwsh/PhysX/physx/include/foundation/PxSimpleTypes.h:36,
                 from /public/home/tangwsh/PhysX/physx/include/common/PxPhysXCommonConfig.h:32,
                 from /public/home/tangwsh/PhysX/physx/include/PxPhysXConfig.h:35,
                 from /public/home/tangwsh/PhysX/physx/include/geomutils/PxContactBuffer.h:32,
                 from /public/home/tangwsh/PhysX/physx/source/geomutils/src/pcm/GuPCMContactConvexConvex.cpp:29:
/public/home/tangwsh/PhysX/physx/source/geomutils/src/GuGeometryChecks.h:93:37: warning: ‘offsetof’ within non-standard-layout type ‘physx::PxCapsuleGeometry’ is conditionally-supported [-Winvalid-offsetof]
   93 | PX_COMPILE_TIME_ASSERT(PX_OFFSET_OF(physx::PxCapsuleGeometry, radius) == PX_OFFSET_OF(physx::PxSphereGeometry, radius));
/public/home/tangwsh/PhysX/physx/include/foundation/PxPreprocessor.h:430:51: note: in definition of macro ‘PX_COMPILE_TIME_ASSERT’
  430 | #define PX_COMPILE_TIME_ASSERT(exp) static_assert(exp, "")
      |                                                   ^~~
/public/home/tangwsh/PhysX/physx/source/geomutils/src/GuGeometryChecks.h:93:24: note: in expansion of macro ‘PX_OFFSET_OF’
   93 | PX_COMPILE_TIME_ASSERT(PX_OFFSET_OF(physx::PxCapsuleGeometry, radius) == PX_OFFSET_OF(physx::PxSphereGeometry, radius));
      |                        ^~~~~~~~~~~~
/public/home/tangwsh/PhysX/physx/source/geomutils/src/GuGeometryChecks.h:93:87: warning: ‘offsetof’ within non-standard-layout type ‘physx::PxSphereGeometry’ is conditionally-supported [-Winvalid-offsetof]
   93 | PX_COMPILE_TIME_ASSERT(PX_OFFSET_OF(physx::PxCapsuleGeometry, radius) == PX_OFFSET_OF(physx::PxSphereGeometry, radius));
/public/home/tangwsh/PhysX/physx/include/foundation/PxPreprocessor.h:430:51: note: in definition of macro ‘PX_COMPILE_TIME_ASSERT’
  430 | #define PX_COMPILE_TIME_ASSERT(exp) static_assert(exp, "")
      |                                                   ^~~
/public/home/tangwsh/PhysX/physx/source/geomutils/src/GuGeometryChecks.h:93:74: note: in expansion of macro ‘PX_OFFSET_OF’
   93 | PX_COMPILE_TIME_ASSERT(PX_OFFSET_OF(physx::PxCapsuleGeometry, radius) == PX_OFFSET_OF(physx::PxSphereGeometry, radius));
      |                                                                          ^~~~~~~~~~~~
[ 38%] Building CXX object CMakeFiles/GeomUtils.dir/public/home/tangwsh/PhysX/physx/source/geomutils/src/pcm/GuPCMContactConvexHeightField.cpp.o
In file included from /public/home/tangwsh/PhysX/physx/include/foundation/PxMath.h:33,
                 from /public/home/tangwsh/PhysX/physx/include/foundation/PxVec3.h:33,
                 from /public/home/tangwsh/PhysX/physx/include/geometry/PxTriangleMesh.h:32,
                 from /public/home/tangwsh/PhysX/physx/source/geomutils/src/pcm/GuPCMContactConvexHeightField.cpp:29:
/public/home/tangwsh/PhysX/physx/include/foundation/PxPreprocessor.h:524: warning: "PX_SUPPORT_GPU_PHYSX" redefined
  524 |         #define PX_SUPPORT_GPU_PHYSX ((PX_X64 && (PX_WINDOWS_FAMILY || PX_LINUX)) || (PX_A64 && PX_LINUX))
      | 
<command-line>: note: this is the location of the previous definition
In file included from /public/home/tangwsh/PhysX/physx/include/foundation/PxMath.h:33,
                 from /public/home/tangwsh/PhysX/physx/include/foundation/PxVec3.h:33,
                 from /public/home/tangwsh/PhysX/physx/include/geometry/PxTriangleMesh.h:32,
                 from /public/home/tangwsh/PhysX/physx/source/geomutils/src/pcm/GuPCMContactConvexHeightField.cpp:29:
/public/home/tangwsh/PhysX/physx/source/geomutils/src/GuGeometryChecks.h:93:37: warning: ‘offsetof’ within non-standard-layout type ‘physx::PxCapsuleGeometry’ is conditionally-supported [-Winvalid-offsetof]
   93 | PX_COMPILE_TIME_ASSERT(PX_OFFSET_OF(physx::PxCapsuleGeometry, radius) == PX_OFFSET_OF(physx::PxSphereGeometry, radius));
/public/home/tangwsh/PhysX/physx/include/foundation/PxPreprocessor.h:430:51: note: in definition of macro ‘PX_COMPILE_TIME_ASSERT’
  430 | #define PX_COMPILE_TIME_ASSERT(exp) static_assert(exp, "")
      |                                                   ^~~
/public/home/tangwsh/PhysX/physx/source/geomutils/src/GuGeometryChecks.h:93:24: note: in expansion of macro ‘PX_OFFSET_OF’
   93 | PX_COMPILE_TIME_ASSERT(PX_OFFSET_OF(physx::PxCapsuleGeometry, radius) == PX_OFFSET_OF(physx::PxSphereGeometry, radius));
      |                        ^~~~~~~~~~~~
/public/home/tangwsh/PhysX/physx/source/geomutils/src/GuGeometryChecks.h:93:87: warning: ‘offsetof’ within non-standard-layout type ‘physx::PxSphereGeometry’ is conditionally-supported [-Winvalid-offsetof]
   93 | PX_COMPILE_TIME_ASSERT(PX_OFFSET_OF(physx::PxCapsuleGeometry, radius) == PX_OFFSET_OF(physx::PxSphereGeometry, radius));
/public/home/tangwsh/PhysX/physx/include/foundation/PxPreprocessor.h:430:51: note: in definition of macro ‘PX_COMPILE_TIME_ASSERT’
  430 | #define PX_COMPILE_TIME_ASSERT(exp) static_assert(exp, "")
      |                                                   ^~~
/public/home/tangwsh/PhysX/physx/source/geomutils/src/GuGeometryChecks.h:93:74: note: in expansion of macro ‘PX_OFFSET_OF’
   93 | PX_COMPILE_TIME_ASSERT(PX_OFFSET_OF(physx::PxCapsuleGeometry, radius) == PX_OFFSET_OF(physx::PxSphereGeometry, radius));
      |                                                                          ^~~~~~~~~~~~
[ 38%] Building CXX object CMakeFiles/GeomUtils.dir/public/home/tangwsh/PhysX/physx/source/geomutils/src/pcm/GuPCMContactConvexMesh.cpp.o
In file included from /public/home/tangwsh/PhysX/physx/include/foundation/PxMath.h:33,
                 from /public/home/tangwsh/PhysX/physx/include/foundation/PxVec3.h:33,
                 from /public/home/tangwsh/PhysX/physx/include/geometry/PxTriangleMesh.h:32,
                 from /public/home/tangwsh/PhysX/physx/source/geomutils/src/pcm/GuPCMContactConvexMesh.cpp:29:
/public/home/tangwsh/PhysX/physx/include/foundation/PxPreprocessor.h:524: warning: "PX_SUPPORT_GPU_PHYSX" redefined
  524 |         #define PX_SUPPORT_GPU_PHYSX ((PX_X64 && (PX_WINDOWS_FAMILY || PX_LINUX)) || (PX_A64 && PX_LINUX))
      | 
<command-line>: note: this is the location of the previous definition
In file included from /public/home/tangwsh/PhysX/physx/include/foundation/PxMath.h:33,
                 from /public/home/tangwsh/PhysX/physx/include/foundation/PxVec3.h:33,
                 from /public/home/tangwsh/PhysX/physx/include/geometry/PxTriangleMesh.h:32,
                 from /public/home/tangwsh/PhysX/physx/source/geomutils/src/pcm/GuPCMContactConvexMesh.cpp:29:
/public/home/tangwsh/PhysX/physx/source/geomutils/src/GuGeometryChecks.h:93:37: warning: ‘offsetof’ within non-standard-layout type ‘physx::PxCapsuleGeometry’ is conditionally-supported [-Winvalid-offsetof]
   93 | PX_COMPILE_TIME_ASSERT(PX_OFFSET_OF(physx::PxCapsuleGeometry, radius) == PX_OFFSET_OF(physx::PxSphereGeometry, radius));
/public/home/tangwsh/PhysX/physx/include/foundation/PxPreprocessor.h:430:51: note: in definition of macro ‘PX_COMPILE_TIME_ASSERT’
  430 | #define PX_COMPILE_TIME_ASSERT(exp) static_assert(exp, "")
      |                                                   ^~~
/public/home/tangwsh/PhysX/physx/source/geomutils/src/GuGeometryChecks.h:93:24: note: in expansion of macro ‘PX_OFFSET_OF’
   93 | PX_COMPILE_TIME_ASSERT(PX_OFFSET_OF(physx::PxCapsuleGeometry, radius) == PX_OFFSET_OF(physx::PxSphereGeometry, radius));
      |                        ^~~~~~~~~~~~
/public/home/tangwsh/PhysX/physx/source/geomutils/src/GuGeometryChecks.h:93:87: warning: ‘offsetof’ within non-standard-layout type ‘physx::PxSphereGeometry’ is conditionally-supported [-Winvalid-offsetof]
   93 | PX_COMPILE_TIME_ASSERT(PX_OFFSET_OF(physx::PxCapsuleGeometry, radius) == PX_OFFSET_OF(physx::PxSphereGeometry, radius));
/public/home/tangwsh/PhysX/physx/include/foundation/PxPreprocessor.h:430:51: note: in definition of macro ‘PX_COMPILE_TIME_ASSERT’
  430 | #define PX_COMPILE_TIME_ASSERT(exp) static_assert(exp, "")
      |                                                   ^~~
/public/home/tangwsh/PhysX/physx/source/geomutils/src/GuGeometryChecks.h:93:74: note: in expansion of macro ‘PX_OFFSET_OF’
   93 | PX_COMPILE_TIME_ASSERT(PX_OFFSET_OF(physx::PxCapsuleGeometry, radius) == PX_OFFSET_OF(physx::PxSphereGeometry, radius));
      |                                                                          ^~~~~~~~~~~~
[ 39%] Building CXX object CMakeFiles/GeomUtils.dir/public/home/tangwsh/PhysX/physx/source/geomutils/src/pcm/GuPCMContactCustomGeometry.cpp.o
In file included from /public/home/tangwsh/PhysX/physx/include/foundation/PxSimpleTypes.h:36,
                 from /public/home/tangwsh/PhysX/physx/include/common/PxPhysXCommonConfig.h:32,
                 from /public/home/tangwsh/PhysX/physx/include/PxPhysXConfig.h:35,
                 from /public/home/tangwsh/PhysX/physx/include/geomutils/PxContactBuffer.h:32,
                 from /public/home/tangwsh/PhysX/physx/source/geomutils/src/pcm/GuPCMContactCustomGeometry.cpp:29:
/public/home/tangwsh/PhysX/physx/include/foundation/PxPreprocessor.h:524: warning: "PX_SUPPORT_GPU_PHYSX" redefined
  524 |         #define PX_SUPPORT_GPU_PHYSX ((PX_X64 && (PX_WINDOWS_FAMILY || PX_LINUX)) || (PX_A64 && PX_LINUX))
      | 
<command-line>: note: this is the location of the previous definition
In file included from /public/home/tangwsh/PhysX/physx/include/foundation/PxSimpleTypes.h:36,
                 from /public/home/tangwsh/PhysX/physx/include/common/PxPhysXCommonConfig.h:32,
                 from /public/home/tangwsh/PhysX/physx/include/PxPhysXConfig.h:35,
                 from /public/home/tangwsh/PhysX/physx/include/geomutils/PxContactBuffer.h:32,
                 from /public/home/tangwsh/PhysX/physx/source/geomutils/src/pcm/GuPCMContactCustomGeometry.cpp:29:
/public/home/tangwsh/PhysX/physx/source/geomutils/src/GuGeometryChecks.h:93:37: warning: ‘offsetof’ within non-standard-layout type ‘physx::PxCapsuleGeometry’ is conditionally-supported [-Winvalid-offsetof]
   93 | PX_COMPILE_TIME_ASSERT(PX_OFFSET_OF(physx::PxCapsuleGeometry, radius) == PX_OFFSET_OF(physx::PxSphereGeometry, radius));
/public/home/tangwsh/PhysX/physx/include/foundation/PxPreprocessor.h:430:51: note: in definition of macro ‘PX_COMPILE_TIME_ASSERT’
  430 | #define PX_COMPILE_TIME_ASSERT(exp) static_assert(exp, "")
      |                                                   ^~~
/public/home/tangwsh/PhysX/physx/source/geomutils/src/GuGeometryChecks.h:93:24: note: in expansion of macro ‘PX_OFFSET_OF’
   93 | PX_COMPILE_TIME_ASSERT(PX_OFFSET_OF(physx::PxCapsuleGeometry, radius) == PX_OFFSET_OF(physx::PxSphereGeometry, radius));
      |                        ^~~~~~~~~~~~
/public/home/tangwsh/PhysX/physx/source/geomutils/src/GuGeometryChecks.h:93:87: warning: ‘offsetof’ within non-standard-layout type ‘physx::PxSphereGeometry’ is conditionally-supported [-Winvalid-offsetof]
   93 | PX_COMPILE_TIME_ASSERT(PX_OFFSET_OF(physx::PxCapsuleGeometry, radius) == PX_OFFSET_OF(physx::PxSphereGeometry, radius));
/public/home/tangwsh/PhysX/physx/include/foundation/PxPreprocessor.h:430:51: note: in definition of macro ‘PX_COMPILE_TIME_ASSERT’
  430 | #define PX_COMPILE_TIME_ASSERT(exp) static_assert(exp, "")
      |                                                   ^~~
/public/home/tangwsh/PhysX/physx/source/geomutils/src/GuGeometryChecks.h:93:74: note: in expansion of macro ‘PX_OFFSET_OF’
   93 | PX_COMPILE_TIME_ASSERT(PX_OFFSET_OF(physx::PxCapsuleGeometry, radius) == PX_OFFSET_OF(physx::PxSphereGeometry, radius));
      |                                                                          ^~~~~~~~~~~~
[ 39%] Building CXX object CMakeFiles/GeomUtils.dir/public/home/tangwsh/PhysX/physx/source/geomutils/src/pcm/GuPCMContactGenBoxConvex.cpp.o
In file included from /public/home/tangwsh/PhysX/physx/include/foundation/PxSimpleTypes.h:36,
                 from /public/home/tangwsh/PhysX/physx/include/common/PxPhysXCommonConfig.h:32,
                 from /public/home/tangwsh/PhysX/physx/source/geomutils/src/convex/GuConvexSupportTable.h:32,
                 from /public/home/tangwsh/PhysX/physx/source/geomutils/src/pcm/GuPCMContactGen.h:32,
                 from /public/home/tangwsh/PhysX/physx/source/geomutils/src/pcm/GuPCMContactGenBoxConvex.cpp:29:
/public/home/tangwsh/PhysX/physx/include/foundation/PxPreprocessor.h:524: warning: "PX_SUPPORT_GPU_PHYSX" redefined
  524 |         #define PX_SUPPORT_GPU_PHYSX ((PX_X64 && (PX_WINDOWS_FAMILY || PX_LINUX)) || (PX_A64 && PX_LINUX))
      | 
<command-line>: note: this is the location of the previous definition
[ 39%] Building CXX object CMakeFiles/GeomUtils.dir/public/home/tangwsh/PhysX/physx/source/geomutils/src/pcm/GuPCMContactGenSphereCapsule.cpp.o
In file included from /public/home/tangwsh/PhysX/physx/include/foundation/PxSimpleTypes.h:36,
                 from /public/home/tangwsh/PhysX/physx/include/common/PxPhysXCommonConfig.h:32,
                 from /public/home/tangwsh/PhysX/physx/source/geomutils/src/convex/GuConvexSupportTable.h:32,
                 from /public/home/tangwsh/PhysX/physx/source/geomutils/src/pcm/GuPCMContactGen.h:32,
                 from /public/home/tangwsh/PhysX/physx/source/geomutils/src/pcm/GuPCMContactGenSphereCapsule.cpp:29:
/public/home/tangwsh/PhysX/physx/include/foundation/PxPreprocessor.h:524: warning: "PX_SUPPORT_GPU_PHYSX" redefined
  524 |         #define PX_SUPPORT_GPU_PHYSX ((PX_X64 && (PX_WINDOWS_FAMILY || PX_LINUX)) || (PX_A64 && PX_LINUX))
      | 
<command-line>: note: this is the location of the previous definition
[ 39%] Building CXX object CMakeFiles/GeomUtils.dir/public/home/tangwsh/PhysX/physx/source/geomutils/src/pcm/GuPCMContactGenUtil.cpp.o
In file included from /public/home/tangwsh/PhysX/physx/include/foundation/PxIntrinsics.h:32,
                 from /public/home/tangwsh/PhysX/physx/include/foundation/PxVecMath.h:32,
                 from /public/home/tangwsh/PhysX/physx/source/geomutils/src/pcm/GuPCMContactGenUtil.h:32,
                 from /public/home/tangwsh/PhysX/physx/source/geomutils/src/pcm/GuPCMContactGenUtil.cpp:29:
/public/home/tangwsh/PhysX/physx/include/foundation/PxPreprocessor.h:524: warning: "PX_SUPPORT_GPU_PHYSX" redefined
  524 |         #define PX_SUPPORT_GPU_PHYSX ((PX_X64 && (PX_WINDOWS_FAMILY || PX_LINUX)) || (PX_A64 && PX_LINUX))
      | 
<command-line>: note: this is the location of the previous definition
[ 39%] Building CXX object CMakeFiles/GeomUtils.dir/public/home/tangwsh/PhysX/physx/source/geomutils/src/pcm/GuPCMContactPlaneBox.cpp.o
In file included from /public/home/tangwsh/PhysX/physx/include/foundation/PxSimpleTypes.h:36,
                 from /public/home/tangwsh/PhysX/physx/include/common/PxPhysXCommonConfig.h:32,
                 from /public/home/tangwsh/PhysX/physx/include/PxPhysXConfig.h:35,
                 from /public/home/tangwsh/PhysX/physx/include/geomutils/PxContactBuffer.h:32,
                 from /public/home/tangwsh/PhysX/physx/source/geomutils/src/pcm/GuPCMContactPlaneBox.cpp:29:
/public/home/tangwsh/PhysX/physx/include/foundation/PxPreprocessor.h:524: warning: "PX_SUPPORT_GPU_PHYSX" redefined
  524 |         #define PX_SUPPORT_GPU_PHYSX ((PX_X64 && (PX_WINDOWS_FAMILY || PX_LINUX)) || (PX_A64 && PX_LINUX))
      | 
<command-line>: note: this is the location of the previous definition
In file included from /public/home/tangwsh/PhysX/physx/include/foundation/PxSimpleTypes.h:36,
                 from /public/home/tangwsh/PhysX/physx/include/common/PxPhysXCommonConfig.h:32,
                 from /public/home/tangwsh/PhysX/physx/include/PxPhysXConfig.h:35,
                 from /public/home/tangwsh/PhysX/physx/include/geomutils/PxContactBuffer.h:32,
                 from /public/home/tangwsh/PhysX/physx/source/geomutils/src/pcm/GuPCMContactPlaneBox.cpp:29:
/public/home/tangwsh/PhysX/physx/source/geomutils/src/GuGeometryChecks.h:93:37: warning: ‘offsetof’ within non-standard-layout type ‘physx::PxCapsuleGeometry’ is conditionally-supported [-Winvalid-offsetof]
   93 | PX_COMPILE_TIME_ASSERT(PX_OFFSET_OF(physx::PxCapsuleGeometry, radius) == PX_OFFSET_OF(physx::PxSphereGeometry, radius));
/public/home/tangwsh/PhysX/physx/include/foundation/PxPreprocessor.h:430:51: note: in definition of macro ‘PX_COMPILE_TIME_ASSERT’
  430 | #define PX_COMPILE_TIME_ASSERT(exp) static_assert(exp, "")
      |                                                   ^~~
/public/home/tangwsh/PhysX/physx/source/geomutils/src/GuGeometryChecks.h:93:24: note: in expansion of macro ‘PX_OFFSET_OF’
   93 | PX_COMPILE_TIME_ASSERT(PX_OFFSET_OF(physx::PxCapsuleGeometry, radius) == PX_OFFSET_OF(physx::PxSphereGeometry, radius));
      |                        ^~~~~~~~~~~~
/public/home/tangwsh/PhysX/physx/source/geomutils/src/GuGeometryChecks.h:93:87: warning: ‘offsetof’ within non-standard-layout type ‘physx::PxSphereGeometry’ is conditionally-supported [-Winvalid-offsetof]
   93 | PX_COMPILE_TIME_ASSERT(PX_OFFSET_OF(physx::PxCapsuleGeometry, radius) == PX_OFFSET_OF(physx::PxSphereGeometry, radius));
/public/home/tangwsh/PhysX/physx/include/foundation/PxPreprocessor.h:430:51: note: in definition of macro ‘PX_COMPILE_TIME_ASSERT’
  430 | #define PX_COMPILE_TIME_ASSERT(exp) static_assert(exp, "")
      |                                                   ^~~
/public/home/tangwsh/PhysX/physx/source/geomutils/src/GuGeometryChecks.h:93:74: note: in expansion of macro ‘PX_OFFSET_OF’
   93 | PX_COMPILE_TIME_ASSERT(PX_OFFSET_OF(physx::PxCapsuleGeometry, radius) == PX_OFFSET_OF(physx::PxSphereGeometry, radius));
      |                                                                          ^~~~~~~~~~~~
[ 40%] Building CXX object CMakeFiles/GeomUtils.dir/public/home/tangwsh/PhysX/physx/source/geomutils/src/pcm/GuPCMContactPlaneCapsule.cpp.o
In file included from /public/home/tangwsh/PhysX/physx/include/foundation/PxSimpleTypes.h:36,
                 from /public/home/tangwsh/PhysX/physx/include/common/PxPhysXCommonConfig.h:32,
                 from /public/home/tangwsh/PhysX/physx/include/PxPhysXConfig.h:35,
                 from /public/home/tangwsh/PhysX/physx/include/geomutils/PxContactBuffer.h:32,
                 from /public/home/tangwsh/PhysX/physx/source/geomutils/src/pcm/GuPCMContactPlaneCapsule.cpp:29:
/public/home/tangwsh/PhysX/physx/include/foundation/PxPreprocessor.h:524: warning: "PX_SUPPORT_GPU_PHYSX" redefined
  524 |         #define PX_SUPPORT_GPU_PHYSX ((PX_X64 && (PX_WINDOWS_FAMILY || PX_LINUX)) || (PX_A64 && PX_LINUX))
      | 
<command-line>: note: this is the location of the previous definition
In file included from /public/home/tangwsh/PhysX/physx/include/foundation/PxSimpleTypes.h:36,
                 from /public/home/tangwsh/PhysX/physx/include/common/PxPhysXCommonConfig.h:32,
                 from /public/home/tangwsh/PhysX/physx/include/PxPhysXConfig.h:35,
                 from /public/home/tangwsh/PhysX/physx/include/geomutils/PxContactBuffer.h:32,
                 from /public/home/tangwsh/PhysX/physx/source/geomutils/src/pcm/GuPCMContactPlaneCapsule.cpp:29:
/public/home/tangwsh/PhysX/physx/source/geomutils/src/GuGeometryChecks.h:93:37: warning: ‘offsetof’ within non-standard-layout type ‘physx::PxCapsuleGeometry’ is conditionally-supported [-Winvalid-offsetof]
   93 | PX_COMPILE_TIME_ASSERT(PX_OFFSET_OF(physx::PxCapsuleGeometry, radius) == PX_OFFSET_OF(physx::PxSphereGeometry, radius));
/public/home/tangwsh/PhysX/physx/include/foundation/PxPreprocessor.h:430:51: note: in definition of macro ‘PX_COMPILE_TIME_ASSERT’
  430 | #define PX_COMPILE_TIME_ASSERT(exp) static_assert(exp, "")
      |                                                   ^~~
/public/home/tangwsh/PhysX/physx/source/geomutils/src/GuGeometryChecks.h:93:24: note: in expansion of macro ‘PX_OFFSET_OF’
   93 | PX_COMPILE_TIME_ASSERT(PX_OFFSET_OF(physx::PxCapsuleGeometry, radius) == PX_OFFSET_OF(physx::PxSphereGeometry, radius));
      |                        ^~~~~~~~~~~~
/public/home/tangwsh/PhysX/physx/source/geomutils/src/GuGeometryChecks.h:93:87: warning: ‘offsetof’ within non-standard-layout type ‘physx::PxSphereGeometry’ is conditionally-supported [-Winvalid-offsetof]
   93 | PX_COMPILE_TIME_ASSERT(PX_OFFSET_OF(physx::PxCapsuleGeometry, radius) == PX_OFFSET_OF(physx::PxSphereGeometry, radius));
/public/home/tangwsh/PhysX/physx/include/foundation/PxPreprocessor.h:430:51: note: in definition of macro ‘PX_COMPILE_TIME_ASSERT’
  430 | #define PX_COMPILE_TIME_ASSERT(exp) static_assert(exp, "")
      |                                                   ^~~
/public/home/tangwsh/PhysX/physx/source/geomutils/src/GuGeometryChecks.h:93:74: note: in expansion of macro ‘PX_OFFSET_OF’
   93 | PX_COMPILE_TIME_ASSERT(PX_OFFSET_OF(physx::PxCapsuleGeometry, radius) == PX_OFFSET_OF(physx::PxSphereGeometry, radius));
      |                                                                          ^~~~~~~~~~~~
[ 40%] Building CXX object CMakeFiles/GeomUtils.dir/public/home/tangwsh/PhysX/physx/source/geomutils/src/pcm/GuPCMContactPlaneConvex.cpp.o
In file included from /public/home/tangwsh/PhysX/physx/include/foundation/PxSimpleTypes.h:36,
                 from /public/home/tangwsh/PhysX/physx/include/common/PxPhysXCommonConfig.h:32,
                 from /public/home/tangwsh/PhysX/physx/include/PxPhysXConfig.h:35,
                 from /public/home/tangwsh/PhysX/physx/include/geomutils/PxContactBuffer.h:32,
                 from /public/home/tangwsh/PhysX/physx/source/geomutils/src/pcm/GuPCMContactPlaneConvex.cpp:29:
/public/home/tangwsh/PhysX/physx/include/foundation/PxPreprocessor.h:524: warning: "PX_SUPPORT_GPU_PHYSX" redefined
  524 |         #define PX_SUPPORT_GPU_PHYSX ((PX_X64 && (PX_WINDOWS_FAMILY || PX_LINUX)) || (PX_A64 && PX_LINUX))
      | 
<command-line>: note: this is the location of the previous definition
In file included from /public/home/tangwsh/PhysX/physx/include/foundation/PxSimpleTypes.h:36,
                 from /public/home/tangwsh/PhysX/physx/include/common/PxPhysXCommonConfig.h:32,
                 from /public/home/tangwsh/PhysX/physx/include/PxPhysXConfig.h:35,
                 from /public/home/tangwsh/PhysX/physx/include/geomutils/PxContactBuffer.h:32,
                 from /public/home/tangwsh/PhysX/physx/source/geomutils/src/pcm/GuPCMContactPlaneConvex.cpp:29:
/public/home/tangwsh/PhysX/physx/source/geomutils/src/GuGeometryChecks.h:93:37: warning: ‘offsetof’ within non-standard-layout type ‘physx::PxCapsuleGeometry’ is conditionally-supported [-Winvalid-offsetof]
   93 | PX_COMPILE_TIME_ASSERT(PX_OFFSET_OF(physx::PxCapsuleGeometry, radius) == PX_OFFSET_OF(physx::PxSphereGeometry, radius));
/public/home/tangwsh/PhysX/physx/include/foundation/PxPreprocessor.h:430:51: note: in definition of macro ‘PX_COMPILE_TIME_ASSERT’
  430 | #define PX_COMPILE_TIME_ASSERT(exp) static_assert(exp, "")
      |                                                   ^~~
/public/home/tangwsh/PhysX/physx/source/geomutils/src/GuGeometryChecks.h:93:24: note: in expansion of macro ‘PX_OFFSET_OF’
   93 | PX_COMPILE_TIME_ASSERT(PX_OFFSET_OF(physx::PxCapsuleGeometry, radius) == PX_OFFSET_OF(physx::PxSphereGeometry, radius));
      |                        ^~~~~~~~~~~~
/public/home/tangwsh/PhysX/physx/source/geomutils/src/GuGeometryChecks.h:93:87: warning: ‘offsetof’ within non-standard-layout type ‘physx::PxSphereGeometry’ is conditionally-supported [-Winvalid-offsetof]
   93 | PX_COMPILE_TIME_ASSERT(PX_OFFSET_OF(physx::PxCapsuleGeometry, radius) == PX_OFFSET_OF(physx::PxSphereGeometry, radius));
/public/home/tangwsh/PhysX/physx/include/foundation/PxPreprocessor.h:430:51: note: in definition of macro ‘PX_COMPILE_TIME_ASSERT’
  430 | #define PX_COMPILE_TIME_ASSERT(exp) static_assert(exp, "")
      |                                                   ^~~
/public/home/tangwsh/PhysX/physx/source/geomutils/src/GuGeometryChecks.h:93:74: note: in expansion of macro ‘PX_OFFSET_OF’
   93 | PX_COMPILE_TIME_ASSERT(PX_OFFSET_OF(physx::PxCapsuleGeometry, radius) == PX_OFFSET_OF(physx::PxSphereGeometry, radius));
      |                                                                          ^~~~~~~~~~~~
[ 40%] Building CXX object CMakeFiles/GeomUtils.dir/public/home/tangwsh/PhysX/physx/source/geomutils/src/pcm/GuPCMContactSphereBox.cpp.o
In file included from /public/home/tangwsh/PhysX/physx/include/foundation/PxSimpleTypes.h:36,
                 from /public/home/tangwsh/PhysX/physx/include/common/PxPhysXCommonConfig.h:32,
                 from /public/home/tangwsh/PhysX/physx/include/PxPhysXConfig.h:35,
                 from /public/home/tangwsh/PhysX/physx/include/geomutils/PxContactBuffer.h:32,
                 from /public/home/tangwsh/PhysX/physx/source/geomutils/src/pcm/GuPCMContactSphereBox.cpp:29:
/public/home/tangwsh/PhysX/physx/include/foundation/PxPreprocessor.h:524: warning: "PX_SUPPORT_GPU_PHYSX" redefined
  524 |         #define PX_SUPPORT_GPU_PHYSX ((PX_X64 && (PX_WINDOWS_FAMILY || PX_LINUX)) || (PX_A64 && PX_LINUX))
      | 
<command-line>: note: this is the location of the previous definition
In file included from /public/home/tangwsh/PhysX/physx/include/foundation/PxSimpleTypes.h:36,
                 from /public/home/tangwsh/PhysX/physx/include/common/PxPhysXCommonConfig.h:32,
                 from /public/home/tangwsh/PhysX/physx/include/PxPhysXConfig.h:35,
                 from /public/home/tangwsh/PhysX/physx/include/geomutils/PxContactBuffer.h:32,
                 from /public/home/tangwsh/PhysX/physx/source/geomutils/src/pcm/GuPCMContactSphereBox.cpp:29:
/public/home/tangwsh/PhysX/physx/source/geomutils/src/GuGeometryChecks.h:93:37: warning: ‘offsetof’ within non-standard-layout type ‘physx::PxCapsuleGeometry’ is conditionally-supported [-Winvalid-offsetof]
   93 | PX_COMPILE_TIME_ASSERT(PX_OFFSET_OF(physx::PxCapsuleGeometry, radius) == PX_OFFSET_OF(physx::PxSphereGeometry, radius));
/public/home/tangwsh/PhysX/physx/include/foundation/PxPreprocessor.h:430:51: note: in definition of macro ‘PX_COMPILE_TIME_ASSERT’
  430 | #define PX_COMPILE_TIME_ASSERT(exp) static_assert(exp, "")
      |                                                   ^~~
/public/home/tangwsh/PhysX/physx/source/geomutils/src/GuGeometryChecks.h:93:24: note: in expansion of macro ‘PX_OFFSET_OF’
   93 | PX_COMPILE_TIME_ASSERT(PX_OFFSET_OF(physx::PxCapsuleGeometry, radius) == PX_OFFSET_OF(physx::PxSphereGeometry, radius));
      |                        ^~~~~~~~~~~~
/public/home/tangwsh/PhysX/physx/source/geomutils/src/GuGeometryChecks.h:93:87: warning: ‘offsetof’ within non-standard-layout type ‘physx::PxSphereGeometry’ is conditionally-supported [-Winvalid-offsetof]
   93 | PX_COMPILE_TIME_ASSERT(PX_OFFSET_OF(physx::PxCapsuleGeometry, radius) == PX_OFFSET_OF(physx::PxSphereGeometry, radius));
/public/home/tangwsh/PhysX/physx/include/foundation/PxPreprocessor.h:430:51: note: in definition of macro ‘PX_COMPILE_TIME_ASSERT’
  430 | #define PX_COMPILE_TIME_ASSERT(exp) static_assert(exp, "")
      |                                                   ^~~
/public/home/tangwsh/PhysX/physx/source/geomutils/src/GuGeometryChecks.h:93:74: note: in expansion of macro ‘PX_OFFSET_OF’
   93 | PX_COMPILE_TIME_ASSERT(PX_OFFSET_OF(physx::PxCapsuleGeometry, radius) == PX_OFFSET_OF(physx::PxSphereGeometry, radius));
      |                                                                          ^~~~~~~~~~~~
[ 40%] Building CXX object CMakeFiles/GeomUtils.dir/public/home/tangwsh/PhysX/physx/source/geomutils/src/pcm/GuPCMContactSphereCapsule.cpp.o
In file included from /public/home/tangwsh/PhysX/physx/include/foundation/PxSimpleTypes.h:36,
                 from /public/home/tangwsh/PhysX/physx/include/common/PxPhysXCommonConfig.h:32,
                 from /public/home/tangwsh/PhysX/physx/include/PxPhysXConfig.h:35,
                 from /public/home/tangwsh/PhysX/physx/include/geomutils/PxContactBuffer.h:32,
                 from /public/home/tangwsh/PhysX/physx/source/geomutils/src/pcm/GuPCMContactSphereCapsule.cpp:29:
/public/home/tangwsh/PhysX/physx/include/foundation/PxPreprocessor.h:524: warning: "PX_SUPPORT_GPU_PHYSX" redefined
  524 |         #define PX_SUPPORT_GPU_PHYSX ((PX_X64 && (PX_WINDOWS_FAMILY || PX_LINUX)) || (PX_A64 && PX_LINUX))
      | 
<command-line>: note: this is the location of the previous definition
In file included from /public/home/tangwsh/PhysX/physx/include/foundation/PxSimpleTypes.h:36,
                 from /public/home/tangwsh/PhysX/physx/include/common/PxPhysXCommonConfig.h:32,
                 from /public/home/tangwsh/PhysX/physx/include/PxPhysXConfig.h:35,
                 from /public/home/tangwsh/PhysX/physx/include/geomutils/PxContactBuffer.h:32,
                 from /public/home/tangwsh/PhysX/physx/source/geomutils/src/pcm/GuPCMContactSphereCapsule.cpp:29:
/public/home/tangwsh/PhysX/physx/source/geomutils/src/GuGeometryChecks.h:93:37: warning: ‘offsetof’ within non-standard-layout type ‘physx::PxCapsuleGeometry’ is conditionally-supported [-Winvalid-offsetof]
   93 | PX_COMPILE_TIME_ASSERT(PX_OFFSET_OF(physx::PxCapsuleGeometry, radius) == PX_OFFSET_OF(physx::PxSphereGeometry, radius));
/public/home/tangwsh/PhysX/physx/include/foundation/PxPreprocessor.h:430:51: note: in definition of macro ‘PX_COMPILE_TIME_ASSERT’
  430 | #define PX_COMPILE_TIME_ASSERT(exp) static_assert(exp, "")
      |                                                   ^~~
/public/home/tangwsh/PhysX/physx/source/geomutils/src/GuGeometryChecks.h:93:24: note: in expansion of macro ‘PX_OFFSET_OF’
   93 | PX_COMPILE_TIME_ASSERT(PX_OFFSET_OF(physx::PxCapsuleGeometry, radius) == PX_OFFSET_OF(physx::PxSphereGeometry, radius));
      |                        ^~~~~~~~~~~~
/public/home/tangwsh/PhysX/physx/source/geomutils/src/GuGeometryChecks.h:93:87: warning: ‘offsetof’ within non-standard-layout type ‘physx::PxSphereGeometry’ is conditionally-supported [-Winvalid-offsetof]
   93 | PX_COMPILE_TIME_ASSERT(PX_OFFSET_OF(physx::PxCapsuleGeometry, radius) == PX_OFFSET_OF(physx::PxSphereGeometry, radius));
/public/home/tangwsh/PhysX/physx/include/foundation/PxPreprocessor.h:430:51: note: in definition of macro ‘PX_COMPILE_TIME_ASSERT’
  430 | #define PX_COMPILE_TIME_ASSERT(exp) static_assert(exp, "")
      |                                                   ^~~
/public/home/tangwsh/PhysX/physx/source/geomutils/src/GuGeometryChecks.h:93:74: note: in expansion of macro ‘PX_OFFSET_OF’
   93 | PX_COMPILE_TIME_ASSERT(PX_OFFSET_OF(physx::PxCapsuleGeometry, radius) == PX_OFFSET_OF(physx::PxSphereGeometry, radius));
      |                                                                          ^~~~~~~~~~~~
[ 40%] Building CXX object CMakeFiles/GeomUtils.dir/public/home/tangwsh/PhysX/physx/source/geomutils/src/pcm/GuPCMContactSphereConvex.cpp.o
In file included from /public/home/tangwsh/PhysX/physx/include/foundation/PxSimpleTypes.h:36,
                 from /public/home/tangwsh/PhysX/physx/include/common/PxPhysXCommonConfig.h:32,
                 from /public/home/tangwsh/PhysX/physx/include/PxPhysXConfig.h:35,
                 from /public/home/tangwsh/PhysX/physx/include/geomutils/PxContactBuffer.h:32,
                 from /public/home/tangwsh/PhysX/physx/source/geomutils/src/pcm/GuPCMContactSphereConvex.cpp:29:
/public/home/tangwsh/PhysX/physx/include/foundation/PxPreprocessor.h:524: warning: "PX_SUPPORT_GPU_PHYSX" redefined
  524 |         #define PX_SUPPORT_GPU_PHYSX ((PX_X64 && (PX_WINDOWS_FAMILY || PX_LINUX)) || (PX_A64 && PX_LINUX))
      | 
<command-line>: note: this is the location of the previous definition
In file included from /public/home/tangwsh/PhysX/physx/include/foundation/PxSimpleTypes.h:36,
                 from /public/home/tangwsh/PhysX/physx/include/common/PxPhysXCommonConfig.h:32,
                 from /public/home/tangwsh/PhysX/physx/include/PxPhysXConfig.h:35,
                 from /public/home/tangwsh/PhysX/physx/include/geomutils/PxContactBuffer.h:32,
                 from /public/home/tangwsh/PhysX/physx/source/geomutils/src/pcm/GuPCMContactSphereConvex.cpp:29:
/public/home/tangwsh/PhysX/physx/source/geomutils/src/GuGeometryChecks.h:93:37: warning: ‘offsetof’ within non-standard-layout type ‘physx::PxCapsuleGeometry’ is conditionally-supported [-Winvalid-offsetof]
   93 | PX_COMPILE_TIME_ASSERT(PX_OFFSET_OF(physx::PxCapsuleGeometry, radius) == PX_OFFSET_OF(physx::PxSphereGeometry, radius));
/public/home/tangwsh/PhysX/physx/include/foundation/PxPreprocessor.h:430:51: note: in definition of macro ‘PX_COMPILE_TIME_ASSERT’
  430 | #define PX_COMPILE_TIME_ASSERT(exp) static_assert(exp, "")
      |                                                   ^~~
/public/home/tangwsh/PhysX/physx/source/geomutils/src/GuGeometryChecks.h:93:24: note: in expansion of macro ‘PX_OFFSET_OF’
   93 | PX_COMPILE_TIME_ASSERT(PX_OFFSET_OF(physx::PxCapsuleGeometry, radius) == PX_OFFSET_OF(physx::PxSphereGeometry, radius));
      |                        ^~~~~~~~~~~~
/public/home/tangwsh/PhysX/physx/source/geomutils/src/GuGeometryChecks.h:93:87: warning: ‘offsetof’ within non-standard-layout type ‘physx::PxSphereGeometry’ is conditionally-supported [-Winvalid-offsetof]
   93 | PX_COMPILE_TIME_ASSERT(PX_OFFSET_OF(physx::PxCapsuleGeometry, radius) == PX_OFFSET_OF(physx::PxSphereGeometry, radius));
/public/home/tangwsh/PhysX/physx/include/foundation/PxPreprocessor.h:430:51: note: in definition of macro ‘PX_COMPILE_TIME_ASSERT’
  430 | #define PX_COMPILE_TIME_ASSERT(exp) static_assert(exp, "")
      |                                                   ^~~
/public/home/tangwsh/PhysX/physx/source/geomutils/src/GuGeometryChecks.h:93:74: note: in expansion of macro ‘PX_OFFSET_OF’
   93 | PX_COMPILE_TIME_ASSERT(PX_OFFSET_OF(physx::PxCapsuleGeometry, radius) == PX_OFFSET_OF(physx::PxSphereGeometry, radius));
      |                                                                          ^~~~~~~~~~~~
[ 41%] Building CXX object CMakeFiles/GeomUtils.dir/public/home/tangwsh/PhysX/physx/source/geomutils/src/pcm/GuPCMContactSphereHeightField.cpp.o
In file included from /public/home/tangwsh/PhysX/physx/include/foundation/PxMath.h:33,
                 from /public/home/tangwsh/PhysX/physx/include/foundation/PxVec3.h:33,
                 from /public/home/tangwsh/PhysX/physx/include/geometry/PxTriangleMesh.h:32,
                 from /public/home/tangwsh/PhysX/physx/source/geomutils/src/pcm/GuPCMContactSphereHeightField.cpp:29:
/public/home/tangwsh/PhysX/physx/include/foundation/PxPreprocessor.h:524: warning: "PX_SUPPORT_GPU_PHYSX" redefined
  524 |         #define PX_SUPPORT_GPU_PHYSX ((PX_X64 && (PX_WINDOWS_FAMILY || PX_LINUX)) || (PX_A64 && PX_LINUX))
      | 
<command-line>: note: this is the location of the previous definition
In file included from /public/home/tangwsh/PhysX/physx/include/foundation/PxMath.h:33,
                 from /public/home/tangwsh/PhysX/physx/include/foundation/PxVec3.h:33,
                 from /public/home/tangwsh/PhysX/physx/include/geometry/PxTriangleMesh.h:32,
                 from /public/home/tangwsh/PhysX/physx/source/geomutils/src/pcm/GuPCMContactSphereHeightField.cpp:29:
/public/home/tangwsh/PhysX/physx/source/geomutils/src/GuGeometryChecks.h:93:37: warning: ‘offsetof’ within non-standard-layout type ‘physx::PxCapsuleGeometry’ is conditionally-supported [-Winvalid-offsetof]
   93 | PX_COMPILE_TIME_ASSERT(PX_OFFSET_OF(physx::PxCapsuleGeometry, radius) == PX_OFFSET_OF(physx::PxSphereGeometry, radius));
/public/home/tangwsh/PhysX/physx/include/foundation/PxPreprocessor.h:430:51: note: in definition of macro ‘PX_COMPILE_TIME_ASSERT’
  430 | #define PX_COMPILE_TIME_ASSERT(exp) static_assert(exp, "")
      |                                                   ^~~
/public/home/tangwsh/PhysX/physx/source/geomutils/src/GuGeometryChecks.h:93:24: note: in expansion of macro ‘PX_OFFSET_OF’
   93 | PX_COMPILE_TIME_ASSERT(PX_OFFSET_OF(physx::PxCapsuleGeometry, radius) == PX_OFFSET_OF(physx::PxSphereGeometry, radius));
      |                        ^~~~~~~~~~~~
/public/home/tangwsh/PhysX/physx/source/geomutils/src/GuGeometryChecks.h:93:87: warning: ‘offsetof’ within non-standard-layout type ‘physx::PxSphereGeometry’ is conditionally-supported [-Winvalid-offsetof]
   93 | PX_COMPILE_TIME_ASSERT(PX_OFFSET_OF(physx::PxCapsuleGeometry, radius) == PX_OFFSET_OF(physx::PxSphereGeometry, radius));
/public/home/tangwsh/PhysX/physx/include/foundation/PxPreprocessor.h:430:51: note: in definition of macro ‘PX_COMPILE_TIME_ASSERT’
  430 | #define PX_COMPILE_TIME_ASSERT(exp) static_assert(exp, "")
      |                                                   ^~~
/public/home/tangwsh/PhysX/physx/source/geomutils/src/GuGeometryChecks.h:93:74: note: in expansion of macro ‘PX_OFFSET_OF’
   93 | PX_COMPILE_TIME_ASSERT(PX_OFFSET_OF(physx::PxCapsuleGeometry, radius) == PX_OFFSET_OF(physx::PxSphereGeometry, radius));
      |                                                                          ^~~~~~~~~~~~
[ 41%] Building CXX object CMakeFiles/GeomUtils.dir/public/home/tangwsh/PhysX/physx/source/geomutils/src/pcm/GuPCMContactSphereMesh.cpp.o
In file included from /public/home/tangwsh/PhysX/physx/include/foundation/PxFoundationConfig.h:32,
                 from /public/home/tangwsh/PhysX/physx/include/foundation/PxAssert.h:33,
                 from /public/home/tangwsh/PhysX/physx/include/foundation/PxSortInternals.h:33,
                 from /public/home/tangwsh/PhysX/physx/include/foundation/PxSort.h:33,
                 from /public/home/tangwsh/PhysX/physx/source/geomutils/src/pcm/GuPCMContactSphereMesh.cpp:29:
/public/home/tangwsh/PhysX/physx/include/foundation/PxPreprocessor.h:524: warning: "PX_SUPPORT_GPU_PHYSX" redefined
  524 |         #define PX_SUPPORT_GPU_PHYSX ((PX_X64 && (PX_WINDOWS_FAMILY || PX_LINUX)) || (PX_A64 && PX_LINUX))
      | 
<command-line>: note: this is the location of the previous definition
In file included from /public/home/tangwsh/PhysX/physx/include/foundation/PxFoundationConfig.h:32,
                 from /public/home/tangwsh/PhysX/physx/include/foundation/PxAssert.h:33,
                 from /public/home/tangwsh/PhysX/physx/include/foundation/PxSortInternals.h:33,
                 from /public/home/tangwsh/PhysX/physx/include/foundation/PxSort.h:33,
                 from /public/home/tangwsh/PhysX/physx/source/geomutils/src/pcm/GuPCMContactSphereMesh.cpp:29:
/public/home/tangwsh/PhysX/physx/source/geomutils/src/GuGeometryChecks.h:93:37: warning: ‘offsetof’ within non-standard-layout type ‘physx::PxCapsuleGeometry’ is conditionally-supported [-Winvalid-offsetof]
   93 | PX_COMPILE_TIME_ASSERT(PX_OFFSET_OF(physx::PxCapsuleGeometry, radius) == PX_OFFSET_OF(physx::PxSphereGeometry, radius));
/public/home/tangwsh/PhysX/physx/include/foundation/PxPreprocessor.h:430:51: note: in definition of macro ‘PX_COMPILE_TIME_ASSERT’
  430 | #define PX_COMPILE_TIME_ASSERT(exp) static_assert(exp, "")
      |                                                   ^~~
/public/home/tangwsh/PhysX/physx/source/geomutils/src/GuGeometryChecks.h:93:24: note: in expansion of macro ‘PX_OFFSET_OF’
   93 | PX_COMPILE_TIME_ASSERT(PX_OFFSET_OF(physx::PxCapsuleGeometry, radius) == PX_OFFSET_OF(physx::PxSphereGeometry, radius));
      |                        ^~~~~~~~~~~~
/public/home/tangwsh/PhysX/physx/source/geomutils/src/GuGeometryChecks.h:93:87: warning: ‘offsetof’ within non-standard-layout type ‘physx::PxSphereGeometry’ is conditionally-supported [-Winvalid-offsetof]
   93 | PX_COMPILE_TIME_ASSERT(PX_OFFSET_OF(physx::PxCapsuleGeometry, radius) == PX_OFFSET_OF(physx::PxSphereGeometry, radius));
/public/home/tangwsh/PhysX/physx/include/foundation/PxPreprocessor.h:430:51: note: in definition of macro ‘PX_COMPILE_TIME_ASSERT’
  430 | #define PX_COMPILE_TIME_ASSERT(exp) static_assert(exp, "")
      |                                                   ^~~
/public/home/tangwsh/PhysX/physx/source/geomutils/src/GuGeometryChecks.h:93:74: note: in expansion of macro ‘PX_OFFSET_OF’
   93 | PX_COMPILE_TIME_ASSERT(PX_OFFSET_OF(physx::PxCapsuleGeometry, radius) == PX_OFFSET_OF(physx::PxSphereGeometry, radius));
      |                                                                          ^~~~~~~~~~~~
[ 41%] Building CXX object CMakeFiles/GeomUtils.dir/public/home/tangwsh/PhysX/physx/source/geomutils/src/pcm/GuPCMContactSpherePlane.cpp.o
In file included from /public/home/tangwsh/PhysX/physx/include/foundation/PxSimpleTypes.h:36,
                 from /public/home/tangwsh/PhysX/physx/include/common/PxPhysXCommonConfig.h:32,
                 from /public/home/tangwsh/PhysX/physx/include/PxPhysXConfig.h:35,
                 from /public/home/tangwsh/PhysX/physx/include/geomutils/PxContactBuffer.h:32,
                 from /public/home/tangwsh/PhysX/physx/source/geomutils/src/pcm/GuPCMContactSpherePlane.cpp:29:
/public/home/tangwsh/PhysX/physx/include/foundation/PxPreprocessor.h:524: warning: "PX_SUPPORT_GPU_PHYSX" redefined
  524 |         #define PX_SUPPORT_GPU_PHYSX ((PX_X64 && (PX_WINDOWS_FAMILY || PX_LINUX)) || (PX_A64 && PX_LINUX))
      | 
<command-line>: note: this is the location of the previous definition
In file included from /public/home/tangwsh/PhysX/physx/include/foundation/PxSimpleTypes.h:36,
                 from /public/home/tangwsh/PhysX/physx/include/common/PxPhysXCommonConfig.h:32,
                 from /public/home/tangwsh/PhysX/physx/include/PxPhysXConfig.h:35,
                 from /public/home/tangwsh/PhysX/physx/include/geomutils/PxContactBuffer.h:32,
                 from /public/home/tangwsh/PhysX/physx/source/geomutils/src/pcm/GuPCMContactSpherePlane.cpp:29:
/public/home/tangwsh/PhysX/physx/source/geomutils/src/GuGeometryChecks.h:93:37: warning: ‘offsetof’ within non-standard-layout type ‘physx::PxCapsuleGeometry’ is conditionally-supported [-Winvalid-offsetof]
   93 | PX_COMPILE_TIME_ASSERT(PX_OFFSET_OF(physx::PxCapsuleGeometry, radius) == PX_OFFSET_OF(physx::PxSphereGeometry, radius));
/public/home/tangwsh/PhysX/physx/include/foundation/PxPreprocessor.h:430:51: note: in definition of macro ‘PX_COMPILE_TIME_ASSERT’
  430 | #define PX_COMPILE_TIME_ASSERT(exp) static_assert(exp, "")
      |                                                   ^~~
/public/home/tangwsh/PhysX/physx/source/geomutils/src/GuGeometryChecks.h:93:24: note: in expansion of macro ‘PX_OFFSET_OF’
   93 | PX_COMPILE_TIME_ASSERT(PX_OFFSET_OF(physx::PxCapsuleGeometry, radius) == PX_OFFSET_OF(physx::PxSphereGeometry, radius));
      |                        ^~~~~~~~~~~~
/public/home/tangwsh/PhysX/physx/source/geomutils/src/GuGeometryChecks.h:93:87: warning: ‘offsetof’ within non-standard-layout type ‘physx::PxSphereGeometry’ is conditionally-supported [-Winvalid-offsetof]
   93 | PX_COMPILE_TIME_ASSERT(PX_OFFSET_OF(physx::PxCapsuleGeometry, radius) == PX_OFFSET_OF(physx::PxSphereGeometry, radius));
/public/home/tangwsh/PhysX/physx/include/foundation/PxPreprocessor.h:430:51: note: in definition of macro ‘PX_COMPILE_TIME_ASSERT’
  430 | #define PX_COMPILE_TIME_ASSERT(exp) static_assert(exp, "")
      |                                                   ^~~
/public/home/tangwsh/PhysX/physx/source/geomutils/src/GuGeometryChecks.h:93:74: note: in expansion of macro ‘PX_OFFSET_OF’
   93 | PX_COMPILE_TIME_ASSERT(PX_OFFSET_OF(physx::PxCapsuleGeometry, radius) == PX_OFFSET_OF(physx::PxSphereGeometry, radius));
      |                                                                          ^~~~~~~~~~~~
[ 41%] Building CXX object CMakeFiles/GeomUtils.dir/public/home/tangwsh/PhysX/physx/source/geomutils/src/pcm/GuPCMContactSphereSphere.cpp.o
In file included from /public/home/tangwsh/PhysX/physx/include/foundation/PxSimpleTypes.h:36,
                 from /public/home/tangwsh/PhysX/physx/include/common/PxPhysXCommonConfig.h:32,
                 from /public/home/tangwsh/PhysX/physx/include/PxPhysXConfig.h:35,
                 from /public/home/tangwsh/PhysX/physx/include/geomutils/PxContactBuffer.h:32,
                 from /public/home/tangwsh/PhysX/physx/source/geomutils/src/pcm/GuPCMContactSphereSphere.cpp:29:
/public/home/tangwsh/PhysX/physx/include/foundation/PxPreprocessor.h:524: warning: "PX_SUPPORT_GPU_PHYSX" redefined
  524 |         #define PX_SUPPORT_GPU_PHYSX ((PX_X64 && (PX_WINDOWS_FAMILY || PX_LINUX)) || (PX_A64 && PX_LINUX))
      | 
<command-line>: note: this is the location of the previous definition
In file included from /public/home/tangwsh/PhysX/physx/include/foundation/PxSimpleTypes.h:36,
                 from /public/home/tangwsh/PhysX/physx/include/common/PxPhysXCommonConfig.h:32,
                 from /public/home/tangwsh/PhysX/physx/include/PxPhysXConfig.h:35,
                 from /public/home/tangwsh/PhysX/physx/include/geomutils/PxContactBuffer.h:32,
                 from /public/home/tangwsh/PhysX/physx/source/geomutils/src/pcm/GuPCMContactSphereSphere.cpp:29:
/public/home/tangwsh/PhysX/physx/source/geomutils/src/GuGeometryChecks.h:93:37: warning: ‘offsetof’ within non-standard-layout type ‘physx::PxCapsuleGeometry’ is conditionally-supported [-Winvalid-offsetof]
   93 | PX_COMPILE_TIME_ASSERT(PX_OFFSET_OF(physx::PxCapsuleGeometry, radius) == PX_OFFSET_OF(physx::PxSphereGeometry, radius));
/public/home/tangwsh/PhysX/physx/include/foundation/PxPreprocessor.h:430:51: note: in definition of macro ‘PX_COMPILE_TIME_ASSERT’
  430 | #define PX_COMPILE_TIME_ASSERT(exp) static_assert(exp, "")
      |                                                   ^~~
/public/home/tangwsh/PhysX/physx/source/geomutils/src/GuGeometryChecks.h:93:24: note: in expansion of macro ‘PX_OFFSET_OF’
   93 | PX_COMPILE_TIME_ASSERT(PX_OFFSET_OF(physx::PxCapsuleGeometry, radius) == PX_OFFSET_OF(physx::PxSphereGeometry, radius));
      |                        ^~~~~~~~~~~~
/public/home/tangwsh/PhysX/physx/source/geomutils/src/GuGeometryChecks.h:93:87: warning: ‘offsetof’ within non-standard-layout type ‘physx::PxSphereGeometry’ is conditionally-supported [-Winvalid-offsetof]
   93 | PX_COMPILE_TIME_ASSERT(PX_OFFSET_OF(physx::PxCapsuleGeometry, radius) == PX_OFFSET_OF(physx::PxSphereGeometry, radius));
/public/home/tangwsh/PhysX/physx/include/foundation/PxPreprocessor.h:430:51: note: in definition of macro ‘PX_COMPILE_TIME_ASSERT’
  430 | #define PX_COMPILE_TIME_ASSERT(exp) static_assert(exp, "")
      |                                                   ^~~
/public/home/tangwsh/PhysX/physx/source/geomutils/src/GuGeometryChecks.h:93:74: note: in expansion of macro ‘PX_OFFSET_OF’
   93 | PX_COMPILE_TIME_ASSERT(PX_OFFSET_OF(physx::PxCapsuleGeometry, radius) == PX_OFFSET_OF(physx::PxSphereGeometry, radius));
      |                                                                          ^~~~~~~~~~~~
[ 41%] Building CXX object CMakeFiles/GeomUtils.dir/public/home/tangwsh/PhysX/physx/source/geomutils/src/pcm/GuPCMShapeConvex.cpp.o
In file included from /public/home/tangwsh/PhysX/physx/include/foundation/PxSimpleTypes.h:36,
                 from /public/home/tangwsh/PhysX/physx/include/common/PxPhysXCommonConfig.h:32,
                 from /public/home/tangwsh/PhysX/physx/source/geomutils/src/convex/GuConvexSupportTable.h:32,
                 from /public/home/tangwsh/PhysX/physx/source/geomutils/src/pcm/GuPCMShapeConvex.h:32,
                 from /public/home/tangwsh/PhysX/physx/source/geomutils/src/pcm/GuPCMShapeConvex.cpp:29:
/public/home/tangwsh/PhysX/physx/include/foundation/PxPreprocessor.h:524: warning: "PX_SUPPORT_GPU_PHYSX" redefined
  524 |         #define PX_SUPPORT_GPU_PHYSX ((PX_X64 && (PX_WINDOWS_FAMILY || PX_LINUX)) || (PX_A64 && PX_LINUX))
      | 
<command-line>: note: this is the location of the previous definition
[ 42%] Building CXX object CMakeFiles/GeomUtils.dir/public/home/tangwsh/PhysX/physx/source/geomutils/src/pcm/GuPCMTriangleContactGen.cpp.o
In file included from /public/home/tangwsh/PhysX/physx/include/foundation/PxIntrinsics.h:32,
                 from /public/home/tangwsh/PhysX/physx/include/foundation/PxVecMath.h:32,
                 from /public/home/tangwsh/PhysX/physx/source/geomutils/src/pcm/GuPCMContactGenUtil.h:32,
                 from /public/home/tangwsh/PhysX/physx/source/geomutils/src/pcm/GuPCMTriangleContactGen.h:32,
                 from /public/home/tangwsh/PhysX/physx/source/geomutils/src/pcm/GuPCMTriangleContactGen.cpp:29:
/public/home/tangwsh/PhysX/physx/include/foundation/PxPreprocessor.h:524: warning: "PX_SUPPORT_GPU_PHYSX" redefined
  524 |         #define PX_SUPPORT_GPU_PHYSX ((PX_X64 && (PX_WINDOWS_FAMILY || PX_LINUX)) || (PX_A64 && PX_LINUX))
      | 
<command-line>: note: this is the location of the previous definition
[ 42%] Building CXX object CMakeFiles/GeomUtils.dir/public/home/tangwsh/PhysX/physx/source/geomutils/src/pcm/GuPersistentContactManifold.cpp.o
In file included from /public/home/tangwsh/PhysX/physx/include/foundation/PxSimpleTypes.h:36,
                 from /public/home/tangwsh/PhysX/physx/include/foundation/PxMemory.h:33,
                 from /public/home/tangwsh/PhysX/physx/source/geomutils/src/pcm/GuPersistentContactManifold.cpp:29:
/public/home/tangwsh/PhysX/physx/include/foundation/PxPreprocessor.h:524: warning: "PX_SUPPORT_GPU_PHYSX" redefined
  524 |         #define PX_SUPPORT_GPU_PHYSX ((PX_X64 && (PX_WINDOWS_FAMILY || PX_LINUX)) || (PX_A64 && PX_LINUX))
      | 
<command-line>: note: this is the location of the previous definition
[ 42%] Building CXX object CMakeFiles/GeomUtils.dir/public/home/tangwsh/PhysX/physx/source/geomutils/src/sweep/GuSweepBoxBox.cpp.o
In file included from /public/home/tangwsh/PhysX/physx/include/foundation/PxMath.h:33,
                 from /public/home/tangwsh/PhysX/physx/include/foundation/PxVec3.h:33,
                 from /public/home/tangwsh/PhysX/physx/source/geomutils/src/sweep/GuSweepBoxBox.h:32,
                 from /public/home/tangwsh/PhysX/physx/source/geomutils/src/sweep/GuSweepBoxBox.cpp:29:
/public/home/tangwsh/PhysX/physx/include/foundation/PxPreprocessor.h:524: warning: "PX_SUPPORT_GPU_PHYSX" redefined
  524 |         #define PX_SUPPORT_GPU_PHYSX ((PX_X64 && (PX_WINDOWS_FAMILY || PX_LINUX)) || (PX_A64 && PX_LINUX))
      | 
<command-line>: note: this is the location of the previous definition
[ 42%] Building CXX object CMakeFiles/GeomUtils.dir/public/home/tangwsh/PhysX/physx/source/geomutils/src/sweep/GuSweepBoxSphere.cpp.o
In file included from /public/home/tangwsh/PhysX/physx/include/foundation/PxMath.h:33,
                 from /public/home/tangwsh/PhysX/physx/include/foundation/PxVec3.h:33,
                 from /public/home/tangwsh/PhysX/physx/source/geomutils/src/sweep/GuSweepBoxSphere.h:32,
                 from /public/home/tangwsh/PhysX/physx/source/geomutils/src/sweep/GuSweepBoxSphere.cpp:29:
/public/home/tangwsh/PhysX/physx/include/foundation/PxPreprocessor.h:524: warning: "PX_SUPPORT_GPU_PHYSX" redefined
  524 |         #define PX_SUPPORT_GPU_PHYSX ((PX_X64 && (PX_WINDOWS_FAMILY || PX_LINUX)) || (PX_A64 && PX_LINUX))
      | 
<command-line>: note: this is the location of the previous definition
[ 42%] Building CXX object CMakeFiles/GeomUtils.dir/public/home/tangwsh/PhysX/physx/source/geomutils/src/sweep/GuSweepBoxTriangle_FeatureBased.cpp.o
In file included from /public/home/tangwsh/PhysX/physx/include/foundation/PxMath.h:33,
                 from /public/home/tangwsh/PhysX/physx/include/foundation/PxVec3.h:33,
                 from /public/home/tangwsh/PhysX/physx/include/foundation/PxQuat.h:33,
                 from /public/home/tangwsh/PhysX/physx/include/foundation/PxTransform.h:32,
                 from /public/home/tangwsh/PhysX/physx/include/foundation/PxBounds3.h:32,
                 from /public/home/tangwsh/PhysX/physx/source/geomutils/src/sweep/GuSweepBoxTriangle_FeatureBased.cpp:29:
/public/home/tangwsh/PhysX/physx/include/foundation/PxPreprocessor.h:524: warning: "PX_SUPPORT_GPU_PHYSX" redefined
  524 |         #define PX_SUPPORT_GPU_PHYSX ((PX_X64 && (PX_WINDOWS_FAMILY || PX_LINUX)) || (PX_A64 && PX_LINUX))
      | 
<command-line>: note: this is the location of the previous definition
[ 43%] Building CXX object CMakeFiles/GeomUtils.dir/public/home/tangwsh/PhysX/physx/source/geomutils/src/sweep/GuSweepBoxTriangle_SAT.cpp.o
In file included from /public/home/tangwsh/PhysX/physx/include/foundation/PxSimpleTypes.h:36,
                 from /public/home/tangwsh/PhysX/physx/include/common/PxPhysXCommonConfig.h:32,
                 from /public/home/tangwsh/PhysX/physx/include/geometry/PxTriangle.h:32,
                 from /public/home/tangwsh/PhysX/physx/source/geomutils/src/sweep/GuSweepBoxTriangle_SAT.h:32,
                 from /public/home/tangwsh/PhysX/physx/source/geomutils/src/sweep/GuSweepBoxTriangle_SAT.cpp:29:
/public/home/tangwsh/PhysX/physx/include/foundation/PxPreprocessor.h:524: warning: "PX_SUPPORT_GPU_PHYSX" redefined
  524 |         #define PX_SUPPORT_GPU_PHYSX ((PX_X64 && (PX_WINDOWS_FAMILY || PX_LINUX)) || (PX_A64 && PX_LINUX))
      | 
<command-line>: note: this is the location of the previous definition
[ 43%] Building CXX object CMakeFiles/GeomUtils.dir/public/home/tangwsh/PhysX/physx/source/geomutils/src/sweep/GuSweepCapsuleBox.cpp.o
In file included from /public/home/tangwsh/PhysX/physx/include/foundation/PxMath.h:33,
                 from /public/home/tangwsh/PhysX/physx/include/foundation/PxVec3.h:33,
                 from /public/home/tangwsh/PhysX/physx/include/foundation/PxQuat.h:33,
                 from /public/home/tangwsh/PhysX/physx/include/foundation/PxTransform.h:32,
                 from /public/home/tangwsh/PhysX/physx/include/foundation/PxBounds3.h:32,
                 from /public/home/tangwsh/PhysX/physx/source/geomutils/src/sweep/GuSweepCapsuleBox.cpp:29:
/public/home/tangwsh/PhysX/physx/include/foundation/PxPreprocessor.h:524: warning: "PX_SUPPORT_GPU_PHYSX" redefined
  524 |         #define PX_SUPPORT_GPU_PHYSX ((PX_X64 && (PX_WINDOWS_FAMILY || PX_LINUX)) || (PX_A64 && PX_LINUX))
      | 
<command-line>: note: this is the location of the previous definition
[ 43%] Building CXX object CMakeFiles/GeomUtils.dir/public/home/tangwsh/PhysX/physx/source/geomutils/src/sweep/GuSweepCapsuleCapsule.cpp.o
In file included from /public/home/tangwsh/PhysX/physx/include/foundation/PxSimpleTypes.h:36,
                 from /public/home/tangwsh/PhysX/physx/include/common/PxPhysXCommonConfig.h:32,
                 from /public/home/tangwsh/PhysX/physx/include/geometry/PxTriangle.h:32,
                 from /public/home/tangwsh/PhysX/physx/source/geomutils/src/sweep/GuSweepCapsuleCapsule.cpp:29:
/public/home/tangwsh/PhysX/physx/include/foundation/PxPreprocessor.h:524: warning: "PX_SUPPORT_GPU_PHYSX" redefined
  524 |         #define PX_SUPPORT_GPU_PHYSX ((PX_X64 && (PX_WINDOWS_FAMILY || PX_LINUX)) || (PX_A64 && PX_LINUX))
      | 
<command-line>: note: this is the location of the previous definition
[ 43%] Building CXX object CMakeFiles/GeomUtils.dir/public/home/tangwsh/PhysX/physx/source/geomutils/src/sweep/GuSweepCapsuleTriangle.cpp.o
In file included from /public/home/tangwsh/PhysX/physx/include/foundation/PxMath.h:33,
                 from /public/home/tangwsh/PhysX/physx/include/foundation/PxVec3.h:33,
                 from /public/home/tangwsh/PhysX/physx/source/geomutils/src/sweep/GuSweepCapsuleTriangle.h:32,
                 from /public/home/tangwsh/PhysX/physx/source/geomutils/src/sweep/GuSweepCapsuleTriangle.cpp:29:
/public/home/tangwsh/PhysX/physx/include/foundation/PxPreprocessor.h:524: warning: "PX_SUPPORT_GPU_PHYSX" redefined
  524 |         #define PX_SUPPORT_GPU_PHYSX ((PX_X64 && (PX_WINDOWS_FAMILY || PX_LINUX)) || (PX_A64 && PX_LINUX))
      | 
<command-line>: note: this is the location of the previous definition
[ 43%] Building CXX object CMakeFiles/GeomUtils.dir/public/home/tangwsh/PhysX/physx/source/geomutils/src/sweep/GuSweepSphereCapsule.cpp.o
In file included from /public/home/tangwsh/PhysX/physx/include/foundation/PxMath.h:33,
                 from /public/home/tangwsh/PhysX/physx/include/foundation/PxVec3.h:33,
                 from /public/home/tangwsh/PhysX/physx/source/geomutils/src/sweep/GuSweepSphereCapsule.h:32,
                 from /public/home/tangwsh/PhysX/physx/source/geomutils/src/sweep/GuSweepSphereCapsule.cpp:29:
/public/home/tangwsh/PhysX/physx/include/foundation/PxPreprocessor.h:524: warning: "PX_SUPPORT_GPU_PHYSX" redefined
  524 |         #define PX_SUPPORT_GPU_PHYSX ((PX_X64 && (PX_WINDOWS_FAMILY || PX_LINUX)) || (PX_A64 && PX_LINUX))
      | 
<command-line>: note: this is the location of the previous definition
[ 44%] Building CXX object CMakeFiles/GeomUtils.dir/public/home/tangwsh/PhysX/physx/source/geomutils/src/sweep/GuSweepSphereSphere.cpp.o
In file included from /public/home/tangwsh/PhysX/physx/include/foundation/PxMath.h:33,
                 from /public/home/tangwsh/PhysX/physx/include/foundation/PxVec3.h:33,
                 from /public/home/tangwsh/PhysX/physx/source/geomutils/src/sweep/GuSweepSphereSphere.h:32,
                 from /public/home/tangwsh/PhysX/physx/source/geomutils/src/sweep/GuSweepSphereSphere.cpp:29:
/public/home/tangwsh/PhysX/physx/include/foundation/PxPreprocessor.h:524: warning: "PX_SUPPORT_GPU_PHYSX" redefined
  524 |         #define PX_SUPPORT_GPU_PHYSX ((PX_X64 && (PX_WINDOWS_FAMILY || PX_LINUX)) || (PX_A64 && PX_LINUX))
      | 
<command-line>: note: this is the location of the previous definition
[ 44%] Building CXX object CMakeFiles/GeomUtils.dir/public/home/tangwsh/PhysX/physx/source/geomutils/src/sweep/GuSweepSphereTriangle.cpp.o
In file included from /public/home/tangwsh/PhysX/physx/include/foundation/PxSimpleTypes.h:36,
                 from /public/home/tangwsh/PhysX/physx/include/common/PxPhysXCommonConfig.h:32,
                 from /public/home/tangwsh/PhysX/physx/include/geometry/PxTriangle.h:32,
                 from /public/home/tangwsh/PhysX/physx/source/geomutils/src/sweep/GuSweepTriangleUtils.h:32,
                 from /public/home/tangwsh/PhysX/physx/source/geomutils/src/sweep/GuSweepSphereTriangle.h:32,
                 from /public/home/tangwsh/PhysX/physx/source/geomutils/src/sweep/GuSweepSphereTriangle.cpp:29:
/public/home/tangwsh/PhysX/physx/include/foundation/PxPreprocessor.h:524: warning: "PX_SUPPORT_GPU_PHYSX" redefined
  524 |         #define PX_SUPPORT_GPU_PHYSX ((PX_X64 && (PX_WINDOWS_FAMILY || PX_LINUX)) || (PX_A64 && PX_LINUX))
      | 
<command-line>: note: this is the location of the previous definition
[ 44%] Building CXX object CMakeFiles/GeomUtils.dir/public/home/tangwsh/PhysX/physx/source/geomutils/src/sweep/GuSweepTriangleUtils.cpp.o
In file included from /public/home/tangwsh/PhysX/physx/include/foundation/PxMath.h:33,
                 from /public/home/tangwsh/PhysX/physx/include/foundation/PxVec3.h:33,
                 from /public/home/tangwsh/PhysX/physx/include/foundation/PxQuat.h:33,
                 from /public/home/tangwsh/PhysX/physx/include/foundation/PxTransform.h:32,
                 from /public/home/tangwsh/PhysX/physx/include/foundation/PxBounds3.h:32,
                 from /public/home/tangwsh/PhysX/physx/source/geomutils/src/sweep/GuSweepTriangleUtils.cpp:29:
/public/home/tangwsh/PhysX/physx/include/foundation/PxPreprocessor.h:524: warning: "PX_SUPPORT_GPU_PHYSX" redefined
  524 |         #define PX_SUPPORT_GPU_PHYSX ((PX_X64 && (PX_WINDOWS_FAMILY || PX_LINUX)) || (PX_A64 && PX_LINUX))
      | 
<command-line>: note: this is the location of the previous definition
[ 44%] Linking CXX static library libGeomUtils.a
[ 44%] Built target GeomUtils
[ 44%] Building CXX object CMakeFiles/LowLevelAABB.dir/public/home/tangwsh/PhysX/physx/source/lowlevelaabb/src/BpAABBManager.cpp.o
In file included from /public/home/tangwsh/PhysX/physx/include/foundation/PxFoundationConfig.h:32,
                 from /public/home/tangwsh/PhysX/physx/include/foundation/PxAllocatorCallback.h:33,
                 from /public/home/tangwsh/PhysX/physx/include/foundation/PxAllocator.h:32,
                 from /public/home/tangwsh/PhysX/physx/include/foundation/PxHashInternals.h:32,
                 from /public/home/tangwsh/PhysX/physx/include/foundation/PxHashSet.h:32,
                 from /public/home/tangwsh/PhysX/physx/source/lowlevelaabb/include/BpAABBManager.h:32,
                 from /public/home/tangwsh/PhysX/physx/source/lowlevelaabb/src/BpAABBManager.cpp:29:
/public/home/tangwsh/PhysX/physx/include/foundation/PxPreprocessor.h:524: warning: "PX_SUPPORT_GPU_PHYSX" redefined
  524 |         #define PX_SUPPORT_GPU_PHYSX ((PX_X64 && (PX_WINDOWS_FAMILY || PX_LINUX)) || (PX_A64 && PX_LINUX))
      | 
<command-line>: note: this is the location of the previous definition
[ 44%] Building CXX object CMakeFiles/LowLevelAABB.dir/public/home/tangwsh/PhysX/physx/source/lowlevelaabb/src/BpAABBManagerBase.cpp.o
In file included from /public/home/tangwsh/PhysX/physx/include/foundation/PxFoundationConfig.h:32,
                 from /public/home/tangwsh/PhysX/physx/include/foundation/PxAllocatorCallback.h:33,
                 from /public/home/tangwsh/PhysX/physx/include/foundation/PxAllocator.h:32,
                 from /public/home/tangwsh/PhysX/physx/source/lowlevelaabb/include/BpAABBManagerBase.h:32,
                 from /public/home/tangwsh/PhysX/physx/source/lowlevelaabb/src/BpAABBManagerBase.cpp:29:
/public/home/tangwsh/PhysX/physx/include/foundation/PxPreprocessor.h:524: warning: "PX_SUPPORT_GPU_PHYSX" redefined
  524 |         #define PX_SUPPORT_GPU_PHYSX ((PX_X64 && (PX_WINDOWS_FAMILY || PX_LINUX)) || (PX_A64 && PX_LINUX))
      | 
<command-line>: note: this is the location of the previous definition
[ 44%] Building CXX object CMakeFiles/LowLevelAABB.dir/public/home/tangwsh/PhysX/physx/source/lowlevelaabb/src/BpBroadPhase.cpp.o
In file included from /public/home/tangwsh/PhysX/physx/include/foundation/PxFoundationConfig.h:32,
                 from /public/home/tangwsh/PhysX/physx/include/foundation/PxAllocatorCallback.h:33,
                 from /public/home/tangwsh/PhysX/physx/include/foundation/PxAllocator.h:32,
                 from /public/home/tangwsh/PhysX/physx/include/foundation/PxUserAllocated.h:32,
                 from /public/home/tangwsh/PhysX/physx/source/lowlevelaabb/include/BpBroadPhase.h:32,
                 from /public/home/tangwsh/PhysX/physx/source/lowlevelaabb/src/BpBroadPhase.cpp:29:
/public/home/tangwsh/PhysX/physx/include/foundation/PxPreprocessor.h:524: warning: "PX_SUPPORT_GPU_PHYSX" redefined
  524 |         #define PX_SUPPORT_GPU_PHYSX ((PX_X64 && (PX_WINDOWS_FAMILY || PX_LINUX)) || (PX_A64 && PX_LINUX))
      | 
<command-line>: note: this is the location of the previous definition
[ 45%] Building CXX object CMakeFiles/LowLevelAABB.dir/public/home/tangwsh/PhysX/physx/source/lowlevelaabb/src/BpBroadPhaseABP.cpp.o
In file included from /public/home/tangwsh/PhysX/physx/include/foundation/PxSimpleTypes.h:36,
                 from /public/home/tangwsh/PhysX/physx/include/foundation/PxProfiler.h:30,
                 from /public/home/tangwsh/PhysX/physx/source/lowlevelaabb/src/BpBroadPhaseABP.cpp:29:
/public/home/tangwsh/PhysX/physx/include/foundation/PxPreprocessor.h:524: warning: "PX_SUPPORT_GPU_PHYSX" redefined
  524 |         #define PX_SUPPORT_GPU_PHYSX ((PX_X64 && (PX_WINDOWS_FAMILY || PX_LINUX)) || (PX_A64 && PX_LINUX))
      | 
<command-line>: note: this is the location of the previous definition
[ 45%] Building CXX object CMakeFiles/LowLevelAABB.dir/public/home/tangwsh/PhysX/physx/source/lowlevelaabb/src/BpBroadPhaseMBP.cpp.o
In file included from /public/home/tangwsh/PhysX/physx/include/foundation/PxFoundationConfig.h:32,
                 from /public/home/tangwsh/PhysX/physx/include/foundation/PxAllocatorCallback.h:33,
                 from /public/home/tangwsh/PhysX/physx/include/foundation/PxAllocator.h:32,
                 from /public/home/tangwsh/PhysX/physx/include/foundation/PxUserAllocated.h:32,
                 from /public/home/tangwsh/PhysX/physx/source/lowlevelaabb/include/BpBroadPhase.h:32,
                 from /public/home/tangwsh/PhysX/physx/source/lowlevelaabb/src/BpBroadPhaseMBP.h:32,
                 from /public/home/tangwsh/PhysX/physx/source/lowlevelaabb/src/BpBroadPhaseMBP.cpp:29:
/public/home/tangwsh/PhysX/physx/include/foundation/PxPreprocessor.h:524: warning: "PX_SUPPORT_GPU_PHYSX" redefined
  524 |         #define PX_SUPPORT_GPU_PHYSX ((PX_X64 && (PX_WINDOWS_FAMILY || PX_LINUX)) || (PX_A64 && PX_LINUX))
      | 
<command-line>: note: this is the location of the previous definition
[ 45%] Building CXX object CMakeFiles/LowLevelAABB.dir/public/home/tangwsh/PhysX/physx/source/lowlevelaabb/src/BpBroadPhaseSap.cpp.o
In file included from /public/home/tangwsh/PhysX/physx/include/foundation/PxMath.h:33,
                 from /public/home/tangwsh/PhysX/physx/source/lowlevelaabb/src/BpBroadPhaseSap.cpp:29:
/public/home/tangwsh/PhysX/physx/include/foundation/PxPreprocessor.h:524: warning: "PX_SUPPORT_GPU_PHYSX" redefined
  524 |         #define PX_SUPPORT_GPU_PHYSX ((PX_X64 && (PX_WINDOWS_FAMILY || PX_LINUX)) || (PX_A64 && PX_LINUX))
      | 
<command-line>: note: this is the location of the previous definition
[ 45%] Building CXX object CMakeFiles/LowLevelAABB.dir/public/home/tangwsh/PhysX/physx/source/lowlevelaabb/src/BpBroadPhaseSapAux.cpp.o
In file included from /public/home/tangwsh/PhysX/physx/include/foundation/PxFoundationConfig.h:32,
                 from /public/home/tangwsh/PhysX/physx/include/foundation/PxAssert.h:33,
                 from /public/home/tangwsh/PhysX/physx/source/lowlevelaabb/src/BpBroadPhaseSapAux.h:32,
                 from /public/home/tangwsh/PhysX/physx/source/lowlevelaabb/src/BpBroadPhaseSapAux.cpp:29:
/public/home/tangwsh/PhysX/physx/include/foundation/PxPreprocessor.h:524: warning: "PX_SUPPORT_GPU_PHYSX" redefined
  524 |         #define PX_SUPPORT_GPU_PHYSX ((PX_X64 && (PX_WINDOWS_FAMILY || PX_LINUX)) || (PX_A64 && PX_LINUX))
      | 
<command-line>: note: this is the location of the previous definition
[ 45%] Building CXX object CMakeFiles/LowLevelAABB.dir/public/home/tangwsh/PhysX/physx/source/lowlevelaabb/src/BpBroadPhaseShared.cpp.o
In file included from /public/home/tangwsh/PhysX/physx/include/foundation/PxSimpleTypes.h:36,
                 from /public/home/tangwsh/PhysX/physx/include/common/PxPhysXCommonConfig.h:32,
                 from /public/home/tangwsh/PhysX/physx/include/PxPhysXConfig.h:35,
                 from /public/home/tangwsh/PhysX/physx/source/lowlevel/api/include/PxvConfig.h:34,
                 from /public/home/tangwsh/PhysX/physx/source/lowlevelaabb/include/BpFiltering.h:32,
                 from /public/home/tangwsh/PhysX/physx/source/lowlevelaabb/src/BpBroadPhaseIntegerAABB.h:32,
                 from /public/home/tangwsh/PhysX/physx/source/lowlevelaabb/src/BpBroadPhaseShared.h:32,
                 from /public/home/tangwsh/PhysX/physx/source/lowlevelaabb/src/BpBroadPhaseShared.cpp:29:
/public/home/tangwsh/PhysX/physx/include/foundation/PxPreprocessor.h:524: warning: "PX_SUPPORT_GPU_PHYSX" redefined
  524 |         #define PX_SUPPORT_GPU_PHYSX ((PX_X64 && (PX_WINDOWS_FAMILY || PX_LINUX)) || (PX_A64 && PX_LINUX))
      | 
<command-line>: note: this is the location of the previous definition
[ 46%] Building CXX object CMakeFiles/LowLevelAABB.dir/public/home/tangwsh/PhysX/physx/source/lowlevelaabb/src/BpBroadPhaseUpdate.cpp.o
In file included from /public/home/tangwsh/PhysX/physx/include/foundation/PxFoundationConfig.h:32,
                 from /public/home/tangwsh/PhysX/physx/include/foundation/PxAllocatorCallback.h:33,
                 from /public/home/tangwsh/PhysX/physx/include/foundation/PxAllocator.h:32,
                 from /public/home/tangwsh/PhysX/physx/include/foundation/PxUserAllocated.h:32,
                 from /public/home/tangwsh/PhysX/physx/source/lowlevelaabb/include/BpBroadPhase.h:32,
                 from /public/home/tangwsh/PhysX/physx/source/lowlevelaabb/src/BpBroadPhaseUpdate.cpp:29:
/public/home/tangwsh/PhysX/physx/include/foundation/PxPreprocessor.h:524: warning: "PX_SUPPORT_GPU_PHYSX" redefined
  524 |         #define PX_SUPPORT_GPU_PHYSX ((PX_X64 && (PX_WINDOWS_FAMILY || PX_LINUX)) || (PX_A64 && PX_LINUX))
      | 
<command-line>: note: this is the location of the previous definition
[ 46%] Building CXX object CMakeFiles/LowLevelAABB.dir/public/home/tangwsh/PhysX/physx/source/lowlevelaabb/src/BpFiltering.cpp.o
In file included from /public/home/tangwsh/PhysX/physx/include/foundation/PxSimpleTypes.h:36,
                 from /public/home/tangwsh/PhysX/physx/include/common/PxPhysXCommonConfig.h:32,
                 from /public/home/tangwsh/PhysX/physx/include/PxPhysXConfig.h:35,
                 from /public/home/tangwsh/PhysX/physx/source/lowlevel/api/include/PxvConfig.h:34,
                 from /public/home/tangwsh/PhysX/physx/source/lowlevelaabb/include/BpFiltering.h:32,
                 from /public/home/tangwsh/PhysX/physx/source/lowlevelaabb/src/BpFiltering.cpp:29:
/public/home/tangwsh/PhysX/physx/include/foundation/PxPreprocessor.h:524: warning: "PX_SUPPORT_GPU_PHYSX" redefined
  524 |         #define PX_SUPPORT_GPU_PHYSX ((PX_X64 && (PX_WINDOWS_FAMILY || PX_LINUX)) || (PX_A64 && PX_LINUX))
      | 
<command-line>: note: this is the location of the previous definition
[ 46%] Linking CXX static library libLowLevelAABB.a
[ 46%] Built target LowLevelAABB
[ 46%] Building CXX object CMakeFiles/LowLevelDynamics.dir/public/home/tangwsh/PhysX/physx/source/lowleveldynamics/src/DyAllocator.cpp.o
In file included from /public/home/tangwsh/PhysX/physx/include/foundation/PxSimpleTypes.h:36,
                 from /public/home/tangwsh/PhysX/physx/include/foundation/PxFoundation.h:33,
                 from /public/home/tangwsh/PhysX/physx/source/lowleveldynamics/src/DyAllocator.h:32,
                 from /public/home/tangwsh/PhysX/physx/source/lowleveldynamics/src/DyAllocator.cpp:29:
/public/home/tangwsh/PhysX/physx/include/foundation/PxPreprocessor.h:524: warning: "PX_SUPPORT_GPU_PHYSX" redefined
  524 |         #define PX_SUPPORT_GPU_PHYSX ((PX_X64 && (PX_WINDOWS_FAMILY || PX_LINUX)) || (PX_A64 && PX_LINUX))
      | 
<command-line>: note: this is the location of the previous definition
[ 46%] Building CXX object CMakeFiles/LowLevelDynamics.dir/public/home/tangwsh/PhysX/physx/source/lowleveldynamics/src/DyArticulationContactPrep.cpp.o
In file included from /public/home/tangwsh/PhysX/physx/source/lowleveldynamics/src/DyArticulationContactPrep.cpp:29:
/public/home/tangwsh/PhysX/physx/include/foundation/PxPreprocessor.h:524: warning: "PX_SUPPORT_GPU_PHYSX" redefined
  524 |         #define PX_SUPPORT_GPU_PHYSX ((PX_X64 && (PX_WINDOWS_FAMILY || PX_LINUX)) || (PX_A64 && PX_LINUX))
      | 
<command-line>: note: this is the location of the previous definition
In file included from /public/home/tangwsh/PhysX/physx/source/lowleveldynamics/src/DyArticulationContactPrep.cpp:29:
/public/home/tangwsh/PhysX/physx/source/geomutils/src/GuGeometryChecks.h:93:37: warning: ‘offsetof’ within non-standard-layout type ‘physx::PxCapsuleGeometry’ is conditionally-supported [-Winvalid-offsetof]
   93 | PX_COMPILE_TIME_ASSERT(PX_OFFSET_OF(physx::PxCapsuleGeometry, radius) == PX_OFFSET_OF(physx::PxSphereGeometry, radius));
/public/home/tangwsh/PhysX/physx/include/foundation/PxPreprocessor.h:430:51: note: in definition of macro ‘PX_COMPILE_TIME_ASSERT’
  430 | #define PX_COMPILE_TIME_ASSERT(exp) static_assert(exp, "")
      |                                                   ^~~
/public/home/tangwsh/PhysX/physx/source/geomutils/src/GuGeometryChecks.h:93:24: note: in expansion of macro ‘PX_OFFSET_OF’
   93 | PX_COMPILE_TIME_ASSERT(PX_OFFSET_OF(physx::PxCapsuleGeometry, radius) == PX_OFFSET_OF(physx::PxSphereGeometry, radius));
      |                        ^~~~~~~~~~~~
/public/home/tangwsh/PhysX/physx/source/geomutils/src/GuGeometryChecks.h:93:87: warning: ‘offsetof’ within non-standard-layout type ‘physx::PxSphereGeometry’ is conditionally-supported [-Winvalid-offsetof]
   93 | PX_COMPILE_TIME_ASSERT(PX_OFFSET_OF(physx::PxCapsuleGeometry, radius) == PX_OFFSET_OF(physx::PxSphereGeometry, radius));
/public/home/tangwsh/PhysX/physx/include/foundation/PxPreprocessor.h:430:51: note: in definition of macro ‘PX_COMPILE_TIME_ASSERT’
  430 | #define PX_COMPILE_TIME_ASSERT(exp) static_assert(exp, "")
      |                                                   ^~~
/public/home/tangwsh/PhysX/physx/source/geomutils/src/GuGeometryChecks.h:93:74: note: in expansion of macro ‘PX_OFFSET_OF’
   93 | PX_COMPILE_TIME_ASSERT(PX_OFFSET_OF(physx::PxCapsuleGeometry, radius) == PX_OFFSET_OF(physx::PxSphereGeometry, radius));
      |                                                                          ^~~~~~~~~~~~
[ 47%] Building CXX object CMakeFiles/LowLevelDynamics.dir/public/home/tangwsh/PhysX/physx/source/lowleveldynamics/src/DyArticulationMimicJoint.cpp.o
In file included from /public/home/tangwsh/PhysX/physx/include/foundation/PxMath.h:33,
                 from /public/home/tangwsh/PhysX/physx/include/foundation/PxVec3.h:33,
                 from /public/home/tangwsh/PhysX/physx/source/lowleveldynamics/include/DyFeatherstoneArticulation.h:32,
                 from /public/home/tangwsh/PhysX/physx/source/lowleveldynamics/src/DyArticulationMimicJoint.cpp:29:
/public/home/tangwsh/PhysX/physx/include/foundation/PxPreprocessor.h:524: warning: "PX_SUPPORT_GPU_PHYSX" redefined
  524 |         #define PX_SUPPORT_GPU_PHYSX ((PX_X64 && (PX_WINDOWS_FAMILY || PX_LINUX)) || (PX_A64 && PX_LINUX))
      | 
<command-line>: note: this is the location of the previous definition
[ 47%] Building CXX object CMakeFiles/LowLevelDynamics.dir/public/home/tangwsh/PhysX/physx/source/lowleveldynamics/src/DyConstraintPartition.cpp.o
In file included from /public/home/tangwsh/PhysX/physx/include/foundation/PxSimpleTypes.h:36,
                 from /public/home/tangwsh/PhysX/physx/include/common/PxPhysXCommonConfig.h:32,
                 from /public/home/tangwsh/PhysX/physx/include/PxPhysXConfig.h:35,
                 from /public/home/tangwsh/PhysX/physx/include/PxSceneQueryDesc.h:32,
                 from /public/home/tangwsh/PhysX/physx/include/PxSceneDesc.h:32,
                 from /public/home/tangwsh/PhysX/physx/source/lowleveldynamics/include/DyContext.h:32,
                 from /public/home/tangwsh/PhysX/physx/source/lowleveldynamics/src/DyDynamicsBase.h:32,
                 from /public/home/tangwsh/PhysX/physx/source/lowleveldynamics/src/DyDynamics.h:32,
                 from /public/home/tangwsh/PhysX/physx/source/lowleveldynamics/src/DyConstraintPartition.h:32,
                 from /public/home/tangwsh/PhysX/physx/source/lowleveldynamics/src/DyConstraintPartition.cpp:27:
/public/home/tangwsh/PhysX/physx/include/foundation/PxPreprocessor.h:524: warning: "PX_SUPPORT_GPU_PHYSX" redefined
  524 |         #define PX_SUPPORT_GPU_PHYSX ((PX_X64 && (PX_WINDOWS_FAMILY || PX_LINUX)) || (PX_A64 && PX_LINUX))
      | 
<command-line>: note: this is the location of the previous definition
In file included from /public/home/tangwsh/PhysX/physx/include/foundation/PxSimpleTypes.h:36,
                 from /public/home/tangwsh/PhysX/physx/include/common/PxPhysXCommonConfig.h:32,
                 from /public/home/tangwsh/PhysX/physx/include/PxPhysXConfig.h:35,
                 from /public/home/tangwsh/PhysX/physx/include/PxSceneQueryDesc.h:32,
                 from /public/home/tangwsh/PhysX/physx/include/PxSceneDesc.h:32,
                 from /public/home/tangwsh/PhysX/physx/source/lowleveldynamics/include/DyContext.h:32,
                 from /public/home/tangwsh/PhysX/physx/source/lowleveldynamics/src/DyDynamicsBase.h:32,
                 from /public/home/tangwsh/PhysX/physx/source/lowleveldynamics/src/DyDynamics.h:32,
                 from /public/home/tangwsh/PhysX/physx/source/lowleveldynamics/src/DyConstraintPartition.h:32,
                 from /public/home/tangwsh/PhysX/physx/source/lowleveldynamics/src/DyConstraintPartition.cpp:27:
/public/home/tangwsh/PhysX/physx/source/geomutils/src/GuGeometryChecks.h:93:37: warning: ‘offsetof’ within non-standard-layout type ‘physx::PxCapsuleGeometry’ is conditionally-supported [-Winvalid-offsetof]
   93 | PX_COMPILE_TIME_ASSERT(PX_OFFSET_OF(physx::PxCapsuleGeometry, radius) == PX_OFFSET_OF(physx::PxSphereGeometry, radius));
/public/home/tangwsh/PhysX/physx/include/foundation/PxPreprocessor.h:430:51: note: in definition of macro ‘PX_COMPILE_TIME_ASSERT’
  430 | #define PX_COMPILE_TIME_ASSERT(exp) static_assert(exp, "")
      |                                                   ^~~
/public/home/tangwsh/PhysX/physx/source/geomutils/src/GuGeometryChecks.h:93:24: note: in expansion of macro ‘PX_OFFSET_OF’
   93 | PX_COMPILE_TIME_ASSERT(PX_OFFSET_OF(physx::PxCapsuleGeometry, radius) == PX_OFFSET_OF(physx::PxSphereGeometry, radius));
      |                        ^~~~~~~~~~~~
/public/home/tangwsh/PhysX/physx/source/geomutils/src/GuGeometryChecks.h:93:87: warning: ‘offsetof’ within non-standard-layout type ‘physx::PxSphereGeometry’ is conditionally-supported [-Winvalid-offsetof]
   93 | PX_COMPILE_TIME_ASSERT(PX_OFFSET_OF(physx::PxCapsuleGeometry, radius) == PX_OFFSET_OF(physx::PxSphereGeometry, radius));
/public/home/tangwsh/PhysX/physx/include/foundation/PxPreprocessor.h:430:51: note: in definition of macro ‘PX_COMPILE_TIME_ASSERT’
  430 | #define PX_COMPILE_TIME_ASSERT(exp) static_assert(exp, "")
      |                                                   ^~~
/public/home/tangwsh/PhysX/physx/source/geomutils/src/GuGeometryChecks.h:93:74: note: in expansion of macro ‘PX_OFFSET_OF’
   93 | PX_COMPILE_TIME_ASSERT(PX_OFFSET_OF(physx::PxCapsuleGeometry, radius) == PX_OFFSET_OF(physx::PxSphereGeometry, radius));
      |                                                                          ^~~~~~~~~~~~
[ 47%] Building CXX object CMakeFiles/LowLevelDynamics.dir/public/home/tangwsh/PhysX/physx/source/lowleveldynamics/src/DyConstraintSetup.cpp.o
In file included from /public/home/tangwsh/PhysX/physx/include/foundation/PxSimpleTypes.h:36,
                 from /public/home/tangwsh/PhysX/physx/include/foundation/PxMemory.h:33,
                 from /public/home/tangwsh/PhysX/physx/source/lowleveldynamics/src/DyConstraintSetup.cpp:29:
/public/home/tangwsh/PhysX/physx/include/foundation/PxPreprocessor.h:524: warning: "PX_SUPPORT_GPU_PHYSX" redefined
  524 |         #define PX_SUPPORT_GPU_PHYSX ((PX_X64 && (PX_WINDOWS_FAMILY || PX_LINUX)) || (PX_A64 && PX_LINUX))
      | 
<command-line>: note: this is the location of the previous definition
[ 47%] Building CXX object CMakeFiles/LowLevelDynamics.dir/public/home/tangwsh/PhysX/physx/source/lowleveldynamics/src/DyConstraintSetupBlock.cpp.o
In file included from /public/home/tangwsh/PhysX/physx/include/foundation/PxSimpleTypes.h:36,
                 from /public/home/tangwsh/PhysX/physx/include/foundation/PxMemory.h:33,
                 from /public/home/tangwsh/PhysX/physx/source/lowleveldynamics/src/DyConstraintSetupBlock.cpp:29:
/public/home/tangwsh/PhysX/physx/include/foundation/PxPreprocessor.h:524: warning: "PX_SUPPORT_GPU_PHYSX" redefined
  524 |         #define PX_SUPPORT_GPU_PHYSX ((PX_X64 && (PX_WINDOWS_FAMILY || PX_LINUX)) || (PX_A64 && PX_LINUX))
      | 
<command-line>: note: this is the location of the previous definition
[ 47%] Building CXX object CMakeFiles/LowLevelDynamics.dir/public/home/tangwsh/PhysX/physx/source/lowleveldynamics/src/DyContactPrep.cpp.o
In file included from /public/home/tangwsh/PhysX/physx/source/lowleveldynamics/src/DyContactPrep.cpp:29:
/public/home/tangwsh/PhysX/physx/include/foundation/PxPreprocessor.h:524: warning: "PX_SUPPORT_GPU_PHYSX" redefined
  524 |         #define PX_SUPPORT_GPU_PHYSX ((PX_X64 && (PX_WINDOWS_FAMILY || PX_LINUX)) || (PX_A64 && PX_LINUX))
      | 
<command-line>: note: this is the location of the previous definition
In file included from /public/home/tangwsh/PhysX/physx/source/lowleveldynamics/src/DyContactPrep.cpp:29:
/public/home/tangwsh/PhysX/physx/source/geomutils/src/GuGeometryChecks.h:93:37: warning: ‘offsetof’ within non-standard-layout type ‘physx::PxCapsuleGeometry’ is conditionally-supported [-Winvalid-offsetof]
   93 | PX_COMPILE_TIME_ASSERT(PX_OFFSET_OF(physx::PxCapsuleGeometry, radius) == PX_OFFSET_OF(physx::PxSphereGeometry, radius));
/public/home/tangwsh/PhysX/physx/include/foundation/PxPreprocessor.h:430:51: note: in definition of macro ‘PX_COMPILE_TIME_ASSERT’
  430 | #define PX_COMPILE_TIME_ASSERT(exp) static_assert(exp, "")
      |                                                   ^~~
/public/home/tangwsh/PhysX/physx/source/geomutils/src/GuGeometryChecks.h:93:24: note: in expansion of macro ‘PX_OFFSET_OF’
   93 | PX_COMPILE_TIME_ASSERT(PX_OFFSET_OF(physx::PxCapsuleGeometry, radius) == PX_OFFSET_OF(physx::PxSphereGeometry, radius));
      |                        ^~~~~~~~~~~~
/public/home/tangwsh/PhysX/physx/source/geomutils/src/GuGeometryChecks.h:93:87: warning: ‘offsetof’ within non-standard-layout type ‘physx::PxSphereGeometry’ is conditionally-supported [-Winvalid-offsetof]
   93 | PX_COMPILE_TIME_ASSERT(PX_OFFSET_OF(physx::PxCapsuleGeometry, radius) == PX_OFFSET_OF(physx::PxSphereGeometry, radius));
/public/home/tangwsh/PhysX/physx/include/foundation/PxPreprocessor.h:430:51: note: in definition of macro ‘PX_COMPILE_TIME_ASSERT’
  430 | #define PX_COMPILE_TIME_ASSERT(exp) static_assert(exp, "")
      |                                                   ^~~
/public/home/tangwsh/PhysX/physx/source/geomutils/src/GuGeometryChecks.h:93:74: note: in expansion of macro ‘PX_OFFSET_OF’
   93 | PX_COMPILE_TIME_ASSERT(PX_OFFSET_OF(physx::PxCapsuleGeometry, radius) == PX_OFFSET_OF(physx::PxSphereGeometry, radius));
      |                                                                          ^~~~~~~~~~~~
[ 48%] Building CXX object CMakeFiles/LowLevelDynamics.dir/public/home/tangwsh/PhysX/physx/source/lowleveldynamics/src/DyContactPrep4.cpp.o
In file included from /public/home/tangwsh/PhysX/physx/source/lowleveldynamics/src/DyContactPrep4.cpp:29:
/public/home/tangwsh/PhysX/physx/include/foundation/PxPreprocessor.h:524: warning: "PX_SUPPORT_GPU_PHYSX" redefined
  524 |         #define PX_SUPPORT_GPU_PHYSX ((PX_X64 && (PX_WINDOWS_FAMILY || PX_LINUX)) || (PX_A64 && PX_LINUX))
      | 
<command-line>: note: this is the location of the previous definition
In file included from /public/home/tangwsh/PhysX/physx/source/lowleveldynamics/src/DyContactPrep4.cpp:29:
/public/home/tangwsh/PhysX/physx/source/geomutils/src/GuGeometryChecks.h:93:37: warning: ‘offsetof’ within non-standard-layout type ‘physx::PxCapsuleGeometry’ is conditionally-supported [-Winvalid-offsetof]
   93 | PX_COMPILE_TIME_ASSERT(PX_OFFSET_OF(physx::PxCapsuleGeometry, radius) == PX_OFFSET_OF(physx::PxSphereGeometry, radius));
/public/home/tangwsh/PhysX/physx/include/foundation/PxPreprocessor.h:430:51: note: in definition of macro ‘PX_COMPILE_TIME_ASSERT’
  430 | #define PX_COMPILE_TIME_ASSERT(exp) static_assert(exp, "")
      |                                                   ^~~
/public/home/tangwsh/PhysX/physx/source/geomutils/src/GuGeometryChecks.h:93:24: note: in expansion of macro ‘PX_OFFSET_OF’
   93 | PX_COMPILE_TIME_ASSERT(PX_OFFSET_OF(physx::PxCapsuleGeometry, radius) == PX_OFFSET_OF(physx::PxSphereGeometry, radius));
      |                        ^~~~~~~~~~~~
/public/home/tangwsh/PhysX/physx/source/geomutils/src/GuGeometryChecks.h:93:87: warning: ‘offsetof’ within non-standard-layout type ‘physx::PxSphereGeometry’ is conditionally-supported [-Winvalid-offsetof]
   93 | PX_COMPILE_TIME_ASSERT(PX_OFFSET_OF(physx::PxCapsuleGeometry, radius) == PX_OFFSET_OF(physx::PxSphereGeometry, radius));
/public/home/tangwsh/PhysX/physx/include/foundation/PxPreprocessor.h:430:51: note: in definition of macro ‘PX_COMPILE_TIME_ASSERT’
  430 | #define PX_COMPILE_TIME_ASSERT(exp) static_assert(exp, "")
      |                                                   ^~~
/public/home/tangwsh/PhysX/physx/source/geomutils/src/GuGeometryChecks.h:93:74: note: in expansion of macro ‘PX_OFFSET_OF’
   93 | PX_COMPILE_TIME_ASSERT(PX_OFFSET_OF(physx::PxCapsuleGeometry, radius) == PX_OFFSET_OF(physx::PxSphereGeometry, radius));
      |                                                                          ^~~~~~~~~~~~
[ 48%] Building CXX object CMakeFiles/LowLevelDynamics.dir/public/home/tangwsh/PhysX/physx/source/lowleveldynamics/src/DyDynamics.cpp.o
In file included from /public/home/tangwsh/PhysX/physx/include/foundation/PxSimpleTypes.h:36,
                 from /public/home/tangwsh/PhysX/physx/include/foundation/PxTime.h:32,
                 from /public/home/tangwsh/PhysX/physx/source/lowleveldynamics/src/DyDynamics.cpp:29:
/public/home/tangwsh/PhysX/physx/include/foundation/PxPreprocessor.h:524: warning: "PX_SUPPORT_GPU_PHYSX" redefined
  524 |         #define PX_SUPPORT_GPU_PHYSX ((PX_X64 && (PX_WINDOWS_FAMILY || PX_LINUX)) || (PX_A64 && PX_LINUX))
      | 
<command-line>: note: this is the location of the previous definition
In file included from /public/home/tangwsh/PhysX/physx/include/foundation/PxSimpleTypes.h:36,
                 from /public/home/tangwsh/PhysX/physx/include/foundation/PxTime.h:32,
                 from /public/home/tangwsh/PhysX/physx/source/lowleveldynamics/src/DyDynamics.cpp:29:
/public/home/tangwsh/PhysX/physx/source/geomutils/src/GuGeometryChecks.h:93:37: warning: ‘offsetof’ within non-standard-layout type ‘physx::PxCapsuleGeometry’ is conditionally-supported [-Winvalid-offsetof]
   93 | PX_COMPILE_TIME_ASSERT(PX_OFFSET_OF(physx::PxCapsuleGeometry, radius) == PX_OFFSET_OF(physx::PxSphereGeometry, radius));
/public/home/tangwsh/PhysX/physx/include/foundation/PxPreprocessor.h:430:51: note: in definition of macro ‘PX_COMPILE_TIME_ASSERT’
  430 | #define PX_COMPILE_TIME_ASSERT(exp) static_assert(exp, "")
      |                                                   ^~~
/public/home/tangwsh/PhysX/physx/source/geomutils/src/GuGeometryChecks.h:93:24: note: in expansion of macro ‘PX_OFFSET_OF’
   93 | PX_COMPILE_TIME_ASSERT(PX_OFFSET_OF(physx::PxCapsuleGeometry, radius) == PX_OFFSET_OF(physx::PxSphereGeometry, radius));
      |                        ^~~~~~~~~~~~
/public/home/tangwsh/PhysX/physx/source/geomutils/src/GuGeometryChecks.h:93:87: warning: ‘offsetof’ within non-standard-layout type ‘physx::PxSphereGeometry’ is conditionally-supported [-Winvalid-offsetof]
   93 | PX_COMPILE_TIME_ASSERT(PX_OFFSET_OF(physx::PxCapsuleGeometry, radius) == PX_OFFSET_OF(physx::PxSphereGeometry, radius));
/public/home/tangwsh/PhysX/physx/include/foundation/PxPreprocessor.h:430:51: note: in definition of macro ‘PX_COMPILE_TIME_ASSERT’
  430 | #define PX_COMPILE_TIME_ASSERT(exp) static_assert(exp, "")
      |                                                   ^~~
/public/home/tangwsh/PhysX/physx/source/geomutils/src/GuGeometryChecks.h:93:74: note: in expansion of macro ‘PX_OFFSET_OF’
   93 | PX_COMPILE_TIME_ASSERT(PX_OFFSET_OF(physx::PxCapsuleGeometry, radius) == PX_OFFSET_OF(physx::PxSphereGeometry, radius));
      |                                                                          ^~~~~~~~~~~~
[ 48%] Building CXX object CMakeFiles/LowLevelDynamics.dir/public/home/tangwsh/PhysX/physx/source/lowleveldynamics/src/DyDynamicsBase.cpp.o
In file included from /public/home/tangwsh/PhysX/physx/include/foundation/PxSimpleTypes.h:36,
                 from /public/home/tangwsh/PhysX/physx/include/common/PxPhysXCommonConfig.h:32,
                 from /public/home/tangwsh/PhysX/physx/include/PxPhysXConfig.h:35,
                 from /public/home/tangwsh/PhysX/physx/include/PxSceneQueryDesc.h:32,
                 from /public/home/tangwsh/PhysX/physx/include/PxSceneDesc.h:32,
                 from /public/home/tangwsh/PhysX/physx/source/lowleveldynamics/include/DyContext.h:32,
                 from /public/home/tangwsh/PhysX/physx/source/lowleveldynamics/src/DyDynamicsBase.h:32,
                 from /public/home/tangwsh/PhysX/physx/source/lowleveldynamics/src/DyDynamicsBase.cpp:29:
/public/home/tangwsh/PhysX/physx/include/foundation/PxPreprocessor.h:524: warning: "PX_SUPPORT_GPU_PHYSX" redefined
  524 |         #define PX_SUPPORT_GPU_PHYSX ((PX_X64 && (PX_WINDOWS_FAMILY || PX_LINUX)) || (PX_A64 && PX_LINUX))
      | 
<command-line>: note: this is the location of the previous definition
In file included from /public/home/tangwsh/PhysX/physx/include/foundation/PxSimpleTypes.h:36,
                 from /public/home/tangwsh/PhysX/physx/include/common/PxPhysXCommonConfig.h:32,
                 from /public/home/tangwsh/PhysX/physx/include/PxPhysXConfig.h:35,
                 from /public/home/tangwsh/PhysX/physx/include/PxSceneQueryDesc.h:32,
                 from /public/home/tangwsh/PhysX/physx/include/PxSceneDesc.h:32,
                 from /public/home/tangwsh/PhysX/physx/source/lowleveldynamics/include/DyContext.h:32,
                 from /public/home/tangwsh/PhysX/physx/source/lowleveldynamics/src/DyDynamicsBase.h:32,
                 from /public/home/tangwsh/PhysX/physx/source/lowleveldynamics/src/DyDynamicsBase.cpp:29:
/public/home/tangwsh/PhysX/physx/source/geomutils/src/GuGeometryChecks.h:93:37: warning: ‘offsetof’ within non-standard-layout type ‘physx::PxCapsuleGeometry’ is conditionally-supported [-Winvalid-offsetof]
   93 | PX_COMPILE_TIME_ASSERT(PX_OFFSET_OF(physx::PxCapsuleGeometry, radius) == PX_OFFSET_OF(physx::PxSphereGeometry, radius));
/public/home/tangwsh/PhysX/physx/include/foundation/PxPreprocessor.h:430:51: note: in definition of macro ‘PX_COMPILE_TIME_ASSERT’
  430 | #define PX_COMPILE_TIME_ASSERT(exp) static_assert(exp, "")
      |                                                   ^~~
/public/home/tangwsh/PhysX/physx/source/geomutils/src/GuGeometryChecks.h:93:24: note: in expansion of macro ‘PX_OFFSET_OF’
   93 | PX_COMPILE_TIME_ASSERT(PX_OFFSET_OF(physx::PxCapsuleGeometry, radius) == PX_OFFSET_OF(physx::PxSphereGeometry, radius));
      |                        ^~~~~~~~~~~~
/public/home/tangwsh/PhysX/physx/source/geomutils/src/GuGeometryChecks.h:93:87: warning: ‘offsetof’ within non-standard-layout type ‘physx::PxSphereGeometry’ is conditionally-supported [-Winvalid-offsetof]
   93 | PX_COMPILE_TIME_ASSERT(PX_OFFSET_OF(physx::PxCapsuleGeometry, radius) == PX_OFFSET_OF(physx::PxSphereGeometry, radius));
/public/home/tangwsh/PhysX/physx/include/foundation/PxPreprocessor.h:430:51: note: in definition of macro ‘PX_COMPILE_TIME_ASSERT’
  430 | #define PX_COMPILE_TIME_ASSERT(exp) static_assert(exp, "")
      |                                                   ^~~
/public/home/tangwsh/PhysX/physx/source/geomutils/src/GuGeometryChecks.h:93:74: note: in expansion of macro ‘PX_OFFSET_OF’
   93 | PX_COMPILE_TIME_ASSERT(PX_OFFSET_OF(physx::PxCapsuleGeometry, radius) == PX_OFFSET_OF(physx::PxSphereGeometry, radius));
      |                                                                          ^~~~~~~~~~~~
[ 48%] Building CXX object CMakeFiles/LowLevelDynamics.dir/public/home/tangwsh/PhysX/physx/source/lowleveldynamics/src/DyFeatherstoneArticulation.cpp.o
In file included from /public/home/tangwsh/PhysX/physx/include/foundation/PxFoundationConfig.h:32,
                 from /public/home/tangwsh/PhysX/physx/include/foundation/PxMathUtils.h:33,
                 from /public/home/tangwsh/PhysX/physx/source/lowleveldynamics/src/DyFeatherstoneArticulation.cpp:29:
/public/home/tangwsh/PhysX/physx/include/foundation/PxPreprocessor.h:524: warning: "PX_SUPPORT_GPU_PHYSX" redefined
  524 |         #define PX_SUPPORT_GPU_PHYSX ((PX_X64 && (PX_WINDOWS_FAMILY || PX_LINUX)) || (PX_A64 && PX_LINUX))
      | 
<command-line>: note: this is the location of the previous definition
In file included from /public/home/tangwsh/PhysX/physx/include/foundation/PxFoundationConfig.h:32,
                 from /public/home/tangwsh/PhysX/physx/include/foundation/PxMathUtils.h:33,
                 from /public/home/tangwsh/PhysX/physx/source/lowleveldynamics/src/DyFeatherstoneArticulation.cpp:29:
/public/home/tangwsh/PhysX/physx/source/geomutils/src/GuGeometryChecks.h:93:37: warning: ‘offsetof’ within non-standard-layout type ‘physx::PxCapsuleGeometry’ is conditionally-supported [-Winvalid-offsetof]
   93 | PX_COMPILE_TIME_ASSERT(PX_OFFSET_OF(physx::PxCapsuleGeometry, radius) == PX_OFFSET_OF(physx::PxSphereGeometry, radius));
/public/home/tangwsh/PhysX/physx/include/foundation/PxPreprocessor.h:430:51: note: in definition of macro ‘PX_COMPILE_TIME_ASSERT’
  430 | #define PX_COMPILE_TIME_ASSERT(exp) static_assert(exp, "")
      |                                                   ^~~
/public/home/tangwsh/PhysX/physx/source/geomutils/src/GuGeometryChecks.h:93:24: note: in expansion of macro ‘PX_OFFSET_OF’
   93 | PX_COMPILE_TIME_ASSERT(PX_OFFSET_OF(physx::PxCapsuleGeometry, radius) == PX_OFFSET_OF(physx::PxSphereGeometry, radius));
      |                        ^~~~~~~~~~~~
/public/home/tangwsh/PhysX/physx/source/geomutils/src/GuGeometryChecks.h:93:87: warning: ‘offsetof’ within non-standard-layout type ‘physx::PxSphereGeometry’ is conditionally-supported [-Winvalid-offsetof]
   93 | PX_COMPILE_TIME_ASSERT(PX_OFFSET_OF(physx::PxCapsuleGeometry, radius) == PX_OFFSET_OF(physx::PxSphereGeometry, radius));
/public/home/tangwsh/PhysX/physx/include/foundation/PxPreprocessor.h:430:51: note: in definition of macro ‘PX_COMPILE_TIME_ASSERT’
  430 | #define PX_COMPILE_TIME_ASSERT(exp) static_assert(exp, "")
      |                                                   ^~~
/public/home/tangwsh/PhysX/physx/source/geomutils/src/GuGeometryChecks.h:93:74: note: in expansion of macro ‘PX_OFFSET_OF’
   93 | PX_COMPILE_TIME_ASSERT(PX_OFFSET_OF(physx::PxCapsuleGeometry, radius) == PX_OFFSET_OF(physx::PxSphereGeometry, radius));
      |                                                                          ^~~~~~~~~~~~
[ 48%] Building CXX object CMakeFiles/LowLevelDynamics.dir/public/home/tangwsh/PhysX/physx/source/lowleveldynamics/src/DyFeatherstoneForwardDynamic.cpp.o
In file included from /public/home/tangwsh/PhysX/physx/include/foundation/PxFoundationConfig.h:32,
                 from /public/home/tangwsh/PhysX/physx/include/foundation/PxMathUtils.h:33,
                 from /public/home/tangwsh/PhysX/physx/source/lowleveldynamics/src/DyFeatherstoneForwardDynamic.cpp:30:
/public/home/tangwsh/PhysX/physx/include/foundation/PxPreprocessor.h:524: warning: "PX_SUPPORT_GPU_PHYSX" redefined
  524 |         #define PX_SUPPORT_GPU_PHYSX ((PX_X64 && (PX_WINDOWS_FAMILY || PX_LINUX)) || (PX_A64 && PX_LINUX))
      | 
<command-line>: note: this is the location of the previous definition
In file included from /public/home/tangwsh/PhysX/physx/include/foundation/PxFoundationConfig.h:32,
                 from /public/home/tangwsh/PhysX/physx/include/foundation/PxMathUtils.h:33,
                 from /public/home/tangwsh/PhysX/physx/source/lowleveldynamics/src/DyFeatherstoneForwardDynamic.cpp:30:
/public/home/tangwsh/PhysX/physx/source/geomutils/src/GuGeometryChecks.h:93:37: warning: ‘offsetof’ within non-standard-layout type ‘physx::PxCapsuleGeometry’ is conditionally-supported [-Winvalid-offsetof]
   93 | PX_COMPILE_TIME_ASSERT(PX_OFFSET_OF(physx::PxCapsuleGeometry, radius) == PX_OFFSET_OF(physx::PxSphereGeometry, radius));
/public/home/tangwsh/PhysX/physx/include/foundation/PxPreprocessor.h:430:51: note: in definition of macro ‘PX_COMPILE_TIME_ASSERT’
  430 | #define PX_COMPILE_TIME_ASSERT(exp) static_assert(exp, "")
      |                                                   ^~~
/public/home/tangwsh/PhysX/physx/source/geomutils/src/GuGeometryChecks.h:93:24: note: in expansion of macro ‘PX_OFFSET_OF’
   93 | PX_COMPILE_TIME_ASSERT(PX_OFFSET_OF(physx::PxCapsuleGeometry, radius) == PX_OFFSET_OF(physx::PxSphereGeometry, radius));
      |                        ^~~~~~~~~~~~
/public/home/tangwsh/PhysX/physx/source/geomutils/src/GuGeometryChecks.h:93:87: warning: ‘offsetof’ within non-standard-layout type ‘physx::PxSphereGeometry’ is conditionally-supported [-Winvalid-offsetof]
   93 | PX_COMPILE_TIME_ASSERT(PX_OFFSET_OF(physx::PxCapsuleGeometry, radius) == PX_OFFSET_OF(physx::PxSphereGeometry, radius));
/public/home/tangwsh/PhysX/physx/include/foundation/PxPreprocessor.h:430:51: note: in definition of macro ‘PX_COMPILE_TIME_ASSERT’
  430 | #define PX_COMPILE_TIME_ASSERT(exp) static_assert(exp, "")
      |                                                   ^~~
/public/home/tangwsh/PhysX/physx/source/geomutils/src/GuGeometryChecks.h:93:74: note: in expansion of macro ‘PX_OFFSET_OF’
   93 | PX_COMPILE_TIME_ASSERT(PX_OFFSET_OF(physx::PxCapsuleGeometry, radius) == PX_OFFSET_OF(physx::PxSphereGeometry, radius));
      |                                                                          ^~~~~~~~~~~~
[ 49%] Building CXX object CMakeFiles/LowLevelDynamics.dir/public/home/tangwsh/PhysX/physx/source/lowleveldynamics/src/DyFeatherstoneInverseDynamic.cpp.o
In file included from /public/home/tangwsh/PhysX/physx/include/foundation/PxFoundationConfig.h:32,
                 from /public/home/tangwsh/PhysX/physx/include/foundation/PxMathUtils.h:33,
                 from /public/home/tangwsh/PhysX/physx/source/common/src/CmConeLimitHelper.h:38,
                 from /public/home/tangwsh/PhysX/physx/source/lowleveldynamics/src/DyFeatherstoneInverseDynamic.cpp:30:
/public/home/tangwsh/PhysX/physx/include/foundation/PxPreprocessor.h:524: warning: "PX_SUPPORT_GPU_PHYSX" redefined
  524 |         #define PX_SUPPORT_GPU_PHYSX ((PX_X64 && (PX_WINDOWS_FAMILY || PX_LINUX)) || (PX_A64 && PX_LINUX))
      | 
<command-line>: note: this is the location of the previous definition
In file included from /public/home/tangwsh/PhysX/physx/include/foundation/PxFoundationConfig.h:32,
                 from /public/home/tangwsh/PhysX/physx/include/foundation/PxMathUtils.h:33,
                 from /public/home/tangwsh/PhysX/physx/source/common/src/CmConeLimitHelper.h:38,
                 from /public/home/tangwsh/PhysX/physx/source/lowleveldynamics/src/DyFeatherstoneInverseDynamic.cpp:30:
/public/home/tangwsh/PhysX/physx/source/geomutils/src/GuGeometryChecks.h:93:37: warning: ‘offsetof’ within non-standard-layout type ‘physx::PxCapsuleGeometry’ is conditionally-supported [-Winvalid-offsetof]
   93 | PX_COMPILE_TIME_ASSERT(PX_OFFSET_OF(physx::PxCapsuleGeometry, radius) == PX_OFFSET_OF(physx::PxSphereGeometry, radius));
/public/home/tangwsh/PhysX/physx/include/foundation/PxPreprocessor.h:430:51: note: in definition of macro ‘PX_COMPILE_TIME_ASSERT’
  430 | #define PX_COMPILE_TIME_ASSERT(exp) static_assert(exp, "")
      |                                                   ^~~
/public/home/tangwsh/PhysX/physx/source/geomutils/src/GuGeometryChecks.h:93:24: note: in expansion of macro ‘PX_OFFSET_OF’
   93 | PX_COMPILE_TIME_ASSERT(PX_OFFSET_OF(physx::PxCapsuleGeometry, radius) == PX_OFFSET_OF(physx::PxSphereGeometry, radius));
      |                        ^~~~~~~~~~~~
/public/home/tangwsh/PhysX/physx/source/geomutils/src/GuGeometryChecks.h:93:87: warning: ‘offsetof’ within non-standard-layout type ‘physx::PxSphereGeometry’ is conditionally-supported [-Winvalid-offsetof]
   93 | PX_COMPILE_TIME_ASSERT(PX_OFFSET_OF(physx::PxCapsuleGeometry, radius) == PX_OFFSET_OF(physx::PxSphereGeometry, radius));
/public/home/tangwsh/PhysX/physx/include/foundation/PxPreprocessor.h:430:51: note: in definition of macro ‘PX_COMPILE_TIME_ASSERT’
  430 | #define PX_COMPILE_TIME_ASSERT(exp) static_assert(exp, "")
      |                                                   ^~~
/public/home/tangwsh/PhysX/physx/source/geomutils/src/GuGeometryChecks.h:93:74: note: in expansion of macro ‘PX_OFFSET_OF’
   93 | PX_COMPILE_TIME_ASSERT(PX_OFFSET_OF(physx::PxCapsuleGeometry, radius) == PX_OFFSET_OF(physx::PxSphereGeometry, radius));
      |                                                                          ^~~~~~~~~~~~
[ 49%] Building CXX object CMakeFiles/LowLevelDynamics.dir/public/home/tangwsh/PhysX/physx/source/lowleveldynamics/src/DyFrictionCorrelation.cpp.o
In file included from /public/home/tangwsh/PhysX/physx/include/foundation/PxSimpleTypes.h:36,
                 from /public/home/tangwsh/PhysX/physx/include/common/PxPhysXCommonConfig.h:32,
                 from /public/home/tangwsh/PhysX/physx/include/PxPhysXConfig.h:35,
                 from /public/home/tangwsh/PhysX/physx/source/lowlevel/api/include/PxvConfig.h:34,
                 from /public/home/tangwsh/PhysX/physx/source/lowleveldynamics/src/DyFrictionCorrelation.cpp:29:
/public/home/tangwsh/PhysX/physx/include/foundation/PxPreprocessor.h:524: warning: "PX_SUPPORT_GPU_PHYSX" redefined
  524 |         #define PX_SUPPORT_GPU_PHYSX ((PX_X64 && (PX_WINDOWS_FAMILY || PX_LINUX)) || (PX_A64 && PX_LINUX))
      | 
<command-line>: note: this is the location of the previous definition
[ 49%] Building CXX object CMakeFiles/LowLevelDynamics.dir/public/home/tangwsh/PhysX/physx/source/lowleveldynamics/src/DyRigidBodyToSolverBody.cpp.o
In file included from /public/home/tangwsh/PhysX/physx/include/foundation/PxMath.h:33,
                 from /public/home/tangwsh/PhysX/physx/include/foundation/PxVec3.h:33,
                 from /public/home/tangwsh/PhysX/physx/source/common/src/CmUtils.h:32,
                 from /public/home/tangwsh/PhysX/physx/source/lowleveldynamics/src/DyRigidBodyToSolverBody.cpp:29:
/public/home/tangwsh/PhysX/physx/include/foundation/PxPreprocessor.h:524: warning: "PX_SUPPORT_GPU_PHYSX" redefined
  524 |         #define PX_SUPPORT_GPU_PHYSX ((PX_X64 && (PX_WINDOWS_FAMILY || PX_LINUX)) || (PX_A64 && PX_LINUX))
      | 
<command-line>: note: this is the location of the previous definition
[ 49%] Building CXX object CMakeFiles/LowLevelDynamics.dir/public/home/tangwsh/PhysX/physx/source/lowleveldynamics/src/DySleep.cpp.o
In file included from /public/home/tangwsh/PhysX/physx/include/foundation/PxMath.h:33,
                 from /public/home/tangwsh/PhysX/physx/include/foundation/PxVec3.h:33,
                 from /public/home/tangwsh/PhysX/physx/source/lowlevel/api/include/PxvDynamics.h:32,
                 from /public/home/tangwsh/PhysX/physx/source/lowleveldynamics/src/DySleep.h:32,
                 from /public/home/tangwsh/PhysX/physx/source/lowleveldynamics/src/DySleep.cpp:29:
/public/home/tangwsh/PhysX/physx/include/foundation/PxPreprocessor.h:524: warning: "PX_SUPPORT_GPU_PHYSX" redefined
  524 |         #define PX_SUPPORT_GPU_PHYSX ((PX_X64 && (PX_WINDOWS_FAMILY || PX_LINUX)) || (PX_A64 && PX_LINUX))
      | 
<command-line>: note: this is the location of the previous definition
[ 49%] Building CXX object CMakeFiles/LowLevelDynamics.dir/public/home/tangwsh/PhysX/physx/source/lowleveldynamics/src/DySolverConstraints.cpp.o
In file included from /public/home/tangwsh/PhysX/physx/source/lowleveldynamics/src/DySolverConstraints.cpp:29:
/public/home/tangwsh/PhysX/physx/include/foundation/PxPreprocessor.h:524: warning: "PX_SUPPORT_GPU_PHYSX" redefined
  524 |         #define PX_SUPPORT_GPU_PHYSX ((PX_X64 && (PX_WINDOWS_FAMILY || PX_LINUX)) || (PX_A64 && PX_LINUX))
      | 
<command-line>: note: this is the location of the previous definition
[ 50%] Building CXX object CMakeFiles/LowLevelDynamics.dir/public/home/tangwsh/PhysX/physx/source/lowleveldynamics/src/DySolverConstraintsBlock.cpp.o
In file included from /public/home/tangwsh/PhysX/physx/source/lowleveldynamics/src/DySolverConstraintsBlock.cpp:29:
/public/home/tangwsh/PhysX/physx/include/foundation/PxPreprocessor.h:524: warning: "PX_SUPPORT_GPU_PHYSX" redefined
  524 |         #define PX_SUPPORT_GPU_PHYSX ((PX_X64 && (PX_WINDOWS_FAMILY || PX_LINUX)) || (PX_A64 && PX_LINUX))
      | 
<command-line>: note: this is the location of the previous definition
[ 50%] Building CXX object CMakeFiles/LowLevelDynamics.dir/public/home/tangwsh/PhysX/physx/source/lowleveldynamics/src/DySolverControl.cpp.o
In file included from /public/home/tangwsh/PhysX/physx/source/lowleveldynamics/src/DySolverControl.cpp:29:
/public/home/tangwsh/PhysX/physx/include/foundation/PxPreprocessor.h:524: warning: "PX_SUPPORT_GPU_PHYSX" redefined
  524 |         #define PX_SUPPORT_GPU_PHYSX ((PX_X64 && (PX_WINDOWS_FAMILY || PX_LINUX)) || (PX_A64 && PX_LINUX))
      | 
<command-line>: note: this is the location of the previous definition
[ 50%] Building CXX object CMakeFiles/LowLevelDynamics.dir/public/home/tangwsh/PhysX/physx/source/lowleveldynamics/src/DySolverCore.cpp.o
In file included from /public/home/tangwsh/PhysX/physx/source/lowleveldynamics/src/DySolverCore.cpp:29:
/public/home/tangwsh/PhysX/physx/include/foundation/PxPreprocessor.h:524: warning: "PX_SUPPORT_GPU_PHYSX" redefined
  524 |         #define PX_SUPPORT_GPU_PHYSX ((PX_X64 && (PX_WINDOWS_FAMILY || PX_LINUX)) || (PX_A64 && PX_LINUX))
      | 
<command-line>: note: this is the location of the previous definition
[ 50%] Building CXX object CMakeFiles/LowLevelDynamics.dir/public/home/tangwsh/PhysX/physx/source/lowleveldynamics/src/DyTGSContactPrep.cpp.o
In file included from /public/home/tangwsh/PhysX/physx/source/lowleveldynamics/src/DyTGSContactPrep.cpp:29:
/public/home/tangwsh/PhysX/physx/include/foundation/PxPreprocessor.h:524: warning: "PX_SUPPORT_GPU_PHYSX" redefined
  524 |         #define PX_SUPPORT_GPU_PHYSX ((PX_X64 && (PX_WINDOWS_FAMILY || PX_LINUX)) || (PX_A64 && PX_LINUX))
      | 
<command-line>: note: this is the location of the previous definition
In file included from /public/home/tangwsh/PhysX/physx/source/lowleveldynamics/src/DyTGSContactPrep.cpp:29:
/public/home/tangwsh/PhysX/physx/source/geomutils/src/GuGeometryChecks.h:93:37: warning: ‘offsetof’ within non-standard-layout type ‘physx::PxCapsuleGeometry’ is conditionally-supported [-Winvalid-offsetof]
   93 | PX_COMPILE_TIME_ASSERT(PX_OFFSET_OF(physx::PxCapsuleGeometry, radius) == PX_OFFSET_OF(physx::PxSphereGeometry, radius));
/public/home/tangwsh/PhysX/physx/include/foundation/PxPreprocessor.h:430:51: note: in definition of macro ‘PX_COMPILE_TIME_ASSERT’
  430 | #define PX_COMPILE_TIME_ASSERT(exp) static_assert(exp, "")
      |                                                   ^~~
/public/home/tangwsh/PhysX/physx/source/geomutils/src/GuGeometryChecks.h:93:24: note: in expansion of macro ‘PX_OFFSET_OF’
   93 | PX_COMPILE_TIME_ASSERT(PX_OFFSET_OF(physx::PxCapsuleGeometry, radius) == PX_OFFSET_OF(physx::PxSphereGeometry, radius));
      |                        ^~~~~~~~~~~~
/public/home/tangwsh/PhysX/physx/source/geomutils/src/GuGeometryChecks.h:93:87: warning: ‘offsetof’ within non-standard-layout type ‘physx::PxSphereGeometry’ is conditionally-supported [-Winvalid-offsetof]
   93 | PX_COMPILE_TIME_ASSERT(PX_OFFSET_OF(physx::PxCapsuleGeometry, radius) == PX_OFFSET_OF(physx::PxSphereGeometry, radius));
/public/home/tangwsh/PhysX/physx/include/foundation/PxPreprocessor.h:430:51: note: in definition of macro ‘PX_COMPILE_TIME_ASSERT’
  430 | #define PX_COMPILE_TIME_ASSERT(exp) static_assert(exp, "")
      |                                                   ^~~
/public/home/tangwsh/PhysX/physx/source/geomutils/src/GuGeometryChecks.h:93:74: note: in expansion of macro ‘PX_OFFSET_OF’
   93 | PX_COMPILE_TIME_ASSERT(PX_OFFSET_OF(physx::PxCapsuleGeometry, radius) == PX_OFFSET_OF(physx::PxSphereGeometry, radius));
      |                                                                          ^~~~~~~~~~~~
[ 50%] Building CXX object CMakeFiles/LowLevelDynamics.dir/public/home/tangwsh/PhysX/physx/source/lowleveldynamics/src/DyTGSContactPrepBlock.cpp.o
In file included from /public/home/tangwsh/PhysX/physx/source/lowleveldynamics/src/DyTGSContactPrepBlock.cpp:29:
/public/home/tangwsh/PhysX/physx/include/foundation/PxPreprocessor.h:524: warning: "PX_SUPPORT_GPU_PHYSX" redefined
  524 |         #define PX_SUPPORT_GPU_PHYSX ((PX_X64 && (PX_WINDOWS_FAMILY || PX_LINUX)) || (PX_A64 && PX_LINUX))
      | 
<command-line>: note: this is the location of the previous definition
In file included from /public/home/tangwsh/PhysX/physx/source/lowleveldynamics/src/DyTGSContactPrepBlock.cpp:29:
/public/home/tangwsh/PhysX/physx/source/geomutils/src/GuGeometryChecks.h:93:37: warning: ‘offsetof’ within non-standard-layout type ‘physx::PxCapsuleGeometry’ is conditionally-supported [-Winvalid-offsetof]
   93 | PX_COMPILE_TIME_ASSERT(PX_OFFSET_OF(physx::PxCapsuleGeometry, radius) == PX_OFFSET_OF(physx::PxSphereGeometry, radius));
/public/home/tangwsh/PhysX/physx/include/foundation/PxPreprocessor.h:430:51: note: in definition of macro ‘PX_COMPILE_TIME_ASSERT’
  430 | #define PX_COMPILE_TIME_ASSERT(exp) static_assert(exp, "")
      |                                                   ^~~
/public/home/tangwsh/PhysX/physx/source/geomutils/src/GuGeometryChecks.h:93:24: note: in expansion of macro ‘PX_OFFSET_OF’
   93 | PX_COMPILE_TIME_ASSERT(PX_OFFSET_OF(physx::PxCapsuleGeometry, radius) == PX_OFFSET_OF(physx::PxSphereGeometry, radius));
      |                        ^~~~~~~~~~~~
/public/home/tangwsh/PhysX/physx/source/geomutils/src/GuGeometryChecks.h:93:87: warning: ‘offsetof’ within non-standard-layout type ‘physx::PxSphereGeometry’ is conditionally-supported [-Winvalid-offsetof]
   93 | PX_COMPILE_TIME_ASSERT(PX_OFFSET_OF(physx::PxCapsuleGeometry, radius) == PX_OFFSET_OF(physx::PxSphereGeometry, radius));
/public/home/tangwsh/PhysX/physx/include/foundation/PxPreprocessor.h:430:51: note: in definition of macro ‘PX_COMPILE_TIME_ASSERT’
  430 | #define PX_COMPILE_TIME_ASSERT(exp) static_assert(exp, "")
      |                                                   ^~~
/public/home/tangwsh/PhysX/physx/source/geomutils/src/GuGeometryChecks.h:93:74: note: in expansion of macro ‘PX_OFFSET_OF’
   93 | PX_COMPILE_TIME_ASSERT(PX_OFFSET_OF(physx::PxCapsuleGeometry, radius) == PX_OFFSET_OF(physx::PxSphereGeometry, radius));
      |                                                                          ^~~~~~~~~~~~
[ 51%] Building CXX object CMakeFiles/LowLevelDynamics.dir/public/home/tangwsh/PhysX/physx/source/lowleveldynamics/src/DyTGSDynamics.cpp.o
In file included from /public/home/tangwsh/PhysX/physx/include/foundation/PxSimpleTypes.h:36,
                 from /public/home/tangwsh/PhysX/physx/include/foundation/PxTime.h:32,
                 from /public/home/tangwsh/PhysX/physx/source/lowleveldynamics/src/DyTGSDynamics.cpp:29:
/public/home/tangwsh/PhysX/physx/include/foundation/PxPreprocessor.h:524: warning: "PX_SUPPORT_GPU_PHYSX" redefined
  524 |         #define PX_SUPPORT_GPU_PHYSX ((PX_X64 && (PX_WINDOWS_FAMILY || PX_LINUX)) || (PX_A64 && PX_LINUX))
      | 
<command-line>: note: this is the location of the previous definition
In file included from /public/home/tangwsh/PhysX/physx/include/foundation/PxSimpleTypes.h:36,
                 from /public/home/tangwsh/PhysX/physx/include/foundation/PxTime.h:32,
                 from /public/home/tangwsh/PhysX/physx/source/lowleveldynamics/src/DyTGSDynamics.cpp:29:
/public/home/tangwsh/PhysX/physx/source/geomutils/src/GuGeometryChecks.h:93:37: warning: ‘offsetof’ within non-standard-layout type ‘physx::PxCapsuleGeometry’ is conditionally-supported [-Winvalid-offsetof]
   93 | PX_COMPILE_TIME_ASSERT(PX_OFFSET_OF(physx::PxCapsuleGeometry, radius) == PX_OFFSET_OF(physx::PxSphereGeometry, radius));
/public/home/tangwsh/PhysX/physx/include/foundation/PxPreprocessor.h:430:51: note: in definition of macro ‘PX_COMPILE_TIME_ASSERT’
  430 | #define PX_COMPILE_TIME_ASSERT(exp) static_assert(exp, "")
      |                                                   ^~~
/public/home/tangwsh/PhysX/physx/source/geomutils/src/GuGeometryChecks.h:93:24: note: in expansion of macro ‘PX_OFFSET_OF’
   93 | PX_COMPILE_TIME_ASSERT(PX_OFFSET_OF(physx::PxCapsuleGeometry, radius) == PX_OFFSET_OF(physx::PxSphereGeometry, radius));
      |                        ^~~~~~~~~~~~
/public/home/tangwsh/PhysX/physx/source/geomutils/src/GuGeometryChecks.h:93:87: warning: ‘offsetof’ within non-standard-layout type ‘physx::PxSphereGeometry’ is conditionally-supported [-Winvalid-offsetof]
   93 | PX_COMPILE_TIME_ASSERT(PX_OFFSET_OF(physx::PxCapsuleGeometry, radius) == PX_OFFSET_OF(physx::PxSphereGeometry, radius));
/public/home/tangwsh/PhysX/physx/include/foundation/PxPreprocessor.h:430:51: note: in definition of macro ‘PX_COMPILE_TIME_ASSERT’
  430 | #define PX_COMPILE_TIME_ASSERT(exp) static_assert(exp, "")
      |                                                   ^~~
/public/home/tangwsh/PhysX/physx/source/geomutils/src/GuGeometryChecks.h:93:74: note: in expansion of macro ‘PX_OFFSET_OF’
   93 | PX_COMPILE_TIME_ASSERT(PX_OFFSET_OF(physx::PxCapsuleGeometry, radius) == PX_OFFSET_OF(physx::PxSphereGeometry, radius));
      |                                                                          ^~~~~~~~~~~~
[ 51%] Building CXX object CMakeFiles/LowLevelDynamics.dir/public/home/tangwsh/PhysX/physx/source/lowleveldynamics/src/DyThreadContext.cpp.o
In file included from /public/home/tangwsh/PhysX/physx/include/foundation/PxMath.h:33,
                 from /public/home/tangwsh/PhysX/physx/include/foundation/PxVec3.h:33,
                 from /public/home/tangwsh/PhysX/physx/include/foundation/PxQuat.h:33,
                 from /public/home/tangwsh/PhysX/physx/include/foundation/PxTransform.h:32,
                 from /public/home/tangwsh/PhysX/physx/source/lowleveldynamics/src/DyThreadContext.h:32,
                 from /public/home/tangwsh/PhysX/physx/source/lowleveldynamics/src/DyThreadContext.cpp:29:
/public/home/tangwsh/PhysX/physx/include/foundation/PxPreprocessor.h:524: warning: "PX_SUPPORT_GPU_PHYSX" redefined
  524 |         #define PX_SUPPORT_GPU_PHYSX ((PX_X64 && (PX_WINDOWS_FAMILY || PX_LINUX)) || (PX_A64 && PX_LINUX))
      | 
<command-line>: note: this is the location of the previous definition
[ 51%] Building CXX object CMakeFiles/LowLevelDynamics.dir/public/home/tangwsh/PhysX/physx/source/lowleveldynamics/src/DyThresholdTable.cpp.o
In file included from /public/home/tangwsh/PhysX/physx/include/foundation/PxSimpleTypes.h:36,
                 from /public/home/tangwsh/PhysX/physx/include/foundation/PxMemory.h:33,
                 from /public/home/tangwsh/PhysX/physx/source/lowleveldynamics/src/DyThresholdTable.cpp:29:
/public/home/tangwsh/PhysX/physx/include/foundation/PxPreprocessor.h:524: warning: "PX_SUPPORT_GPU_PHYSX" redefined
  524 |         #define PX_SUPPORT_GPU_PHYSX ((PX_X64 && (PX_WINDOWS_FAMILY || PX_LINUX)) || (PX_A64 && PX_LINUX))
      | 
<command-line>: note: this is the location of the previous definition
[ 51%] Linking CXX static library libLowLevelDynamics.a
[ 51%] Built target LowLevelDynamics
[ 51%] Building CXX object CMakeFiles/SceneQuery.dir/public/home/tangwsh/PhysX/physx/source/scenequery/src/SqCompoundPruner.cpp.o
In file included from /public/home/tangwsh/PhysX/physx/include/foundation/PxMath.h:33,
                 from /public/home/tangwsh/PhysX/physx/include/foundation/PxVec3.h:33,
                 from /public/home/tangwsh/PhysX/physx/include/foundation/PxQuat.h:33,
                 from /public/home/tangwsh/PhysX/physx/include/foundation/PxTransform.h:32,
                 from /public/home/tangwsh/PhysX/physx/include/foundation/PxBounds3.h:32,
                 from /public/home/tangwsh/PhysX/physx/source/scenequery/include/SqPruner.h:32,
                 from /public/home/tangwsh/PhysX/physx/source/scenequery/src/SqCompoundPruningPool.h:32,
                 from /public/home/tangwsh/PhysX/physx/source/scenequery/src/SqCompoundPruner.h:32,
                 from /public/home/tangwsh/PhysX/physx/source/scenequery/src/SqCompoundPruner.cpp:29:
/public/home/tangwsh/PhysX/physx/include/foundation/PxPreprocessor.h:524: warning: "PX_SUPPORT_GPU_PHYSX" redefined
  524 |         #define PX_SUPPORT_GPU_PHYSX ((PX_X64 && (PX_WINDOWS_FAMILY || PX_LINUX)) || (PX_A64 && PX_LINUX))
      | 
<command-line>: note: this is the location of the previous definition
[ 51%] Building CXX object CMakeFiles/SceneQuery.dir/public/home/tangwsh/PhysX/physx/source/scenequery/src/SqCompoundPruningPool.cpp.o
In file included from /public/home/tangwsh/PhysX/physx/include/foundation/PxFoundationConfig.h:32,
                 from /public/home/tangwsh/PhysX/physx/include/foundation/PxAllocatorCallback.h:33,
                 from /public/home/tangwsh/PhysX/physx/include/foundation/PxAllocator.h:32,
                 from /public/home/tangwsh/PhysX/physx/source/scenequery/src/SqCompoundPruningPool.cpp:29:
/public/home/tangwsh/PhysX/physx/include/foundation/PxPreprocessor.h:524: warning: "PX_SUPPORT_GPU_PHYSX" redefined
  524 |         #define PX_SUPPORT_GPU_PHYSX ((PX_X64 && (PX_WINDOWS_FAMILY || PX_LINUX)) || (PX_A64 && PX_LINUX))
      | 
<command-line>: note: this is the location of the previous definition
[ 52%] Building CXX object CMakeFiles/SceneQuery.dir/public/home/tangwsh/PhysX/physx/source/scenequery/src/SqFactory.cpp.o
In file included from /public/home/tangwsh/PhysX/physx/include/foundation/PxSimpleTypes.h:36,
                 from /public/home/tangwsh/PhysX/physx/source/scenequery/include/SqFactory.h:32,
                 from /public/home/tangwsh/PhysX/physx/source/scenequery/src/SqFactory.cpp:29:
/public/home/tangwsh/PhysX/physx/include/foundation/PxPreprocessor.h:524: warning: "PX_SUPPORT_GPU_PHYSX" redefined
  524 |         #define PX_SUPPORT_GPU_PHYSX ((PX_X64 && (PX_WINDOWS_FAMILY || PX_LINUX)) || (PX_A64 && PX_LINUX))
      | 
<command-line>: note: this is the location of the previous definition
[ 52%] Building CXX object CMakeFiles/SceneQuery.dir/public/home/tangwsh/PhysX/physx/source/scenequery/src/SqManager.cpp.o
In file included from /public/home/tangwsh/PhysX/physx/include/foundation/PxSimpleTypes.h:36,
                 from /public/home/tangwsh/PhysX/physx/include/common/PxPhysXCommonConfig.h:32,
                 from /public/home/tangwsh/PhysX/physx/source/scenequery/include/SqManager.h:36,
                 from /public/home/tangwsh/PhysX/physx/source/scenequery/src/SqManager.cpp:33:
/public/home/tangwsh/PhysX/physx/include/foundation/PxPreprocessor.h:524: warning: "PX_SUPPORT_GPU_PHYSX" redefined
  524 |         #define PX_SUPPORT_GPU_PHYSX ((PX_X64 && (PX_WINDOWS_FAMILY || PX_LINUX)) || (PX_A64 && PX_LINUX))
      | 
<command-line>: note: this is the location of the previous definition
[ 52%] Building CXX object CMakeFiles/SceneQuery.dir/public/home/tangwsh/PhysX/physx/source/scenequery/src/SqQuery.cpp.o
In file included from /public/home/tangwsh/PhysX/physx/include/foundation/PxSimpleTypes.h:36,
                 from /public/home/tangwsh/PhysX/physx/source/scenequery/include/SqQuery.h:36,
                 from /public/home/tangwsh/PhysX/physx/source/scenequery/src/SqQuery.cpp:33:
/public/home/tangwsh/PhysX/physx/include/foundation/PxPreprocessor.h:524: warning: "PX_SUPPORT_GPU_PHYSX" redefined
  524 |         #define PX_SUPPORT_GPU_PHYSX ((PX_X64 && (PX_WINDOWS_FAMILY || PX_LINUX)) || (PX_A64 && PX_LINUX))
      | 
<command-line>: note: this is the location of the previous definition
[ 52%] Linking CXX static library libSceneQuery.a
[ 52%] Built target SceneQuery
[ 52%] Building CXX object CMakeFiles/SimulationController.dir/public/home/tangwsh/PhysX/physx/source/simulationcontroller/src/ScActorCore.cpp.o
In file included from /public/home/tangwsh/PhysX/physx/include/foundation/PxSimpleTypes.h:36,
                 from /public/home/tangwsh/PhysX/physx/include/foundation/PxIO.h:33,
                 from /public/home/tangwsh/PhysX/physx/include/foundation/PxBitAndData.h:32,
                 from /public/home/tangwsh/PhysX/physx/source/simulationcontroller/include/ScActorCore.h:32,
                 from /public/home/tangwsh/PhysX/physx/source/simulationcontroller/src/ScActorCore.cpp:29:
/public/home/tangwsh/PhysX/physx/include/foundation/PxPreprocessor.h:524: warning: "PX_SUPPORT_GPU_PHYSX" redefined
  524 |         #define PX_SUPPORT_GPU_PHYSX ((PX_X64 && (PX_WINDOWS_FAMILY || PX_LINUX)) || (PX_A64 && PX_LINUX))
      | 
<command-line>: note: this is the location of the previous definition
In file included from /public/home/tangwsh/PhysX/physx/include/foundation/PxSimpleTypes.h:36,
                 from /public/home/tangwsh/PhysX/physx/include/foundation/PxIO.h:33,
                 from /public/home/tangwsh/PhysX/physx/include/foundation/PxBitAndData.h:32,
                 from /public/home/tangwsh/PhysX/physx/source/simulationcontroller/include/ScActorCore.h:32,
                 from /public/home/tangwsh/PhysX/physx/source/simulationcontroller/src/ScActorCore.cpp:29:
/public/home/tangwsh/PhysX/physx/source/geomutils/src/GuGeometryChecks.h:93:37: warning: ‘offsetof’ within non-standard-layout type ‘physx::PxCapsuleGeometry’ is conditionally-supported [-Winvalid-offsetof]
   93 | PX_COMPILE_TIME_ASSERT(PX_OFFSET_OF(physx::PxCapsuleGeometry, radius) == PX_OFFSET_OF(physx::PxSphereGeometry, radius));
/public/home/tangwsh/PhysX/physx/include/foundation/PxPreprocessor.h:430:51: note: in definition of macro ‘PX_COMPILE_TIME_ASSERT’
  430 | #define PX_COMPILE_TIME_ASSERT(exp) static_assert(exp, "")
      |                                                   ^~~
/public/home/tangwsh/PhysX/physx/source/geomutils/src/GuGeometryChecks.h:93:24: note: in expansion of macro ‘PX_OFFSET_OF’
   93 | PX_COMPILE_TIME_ASSERT(PX_OFFSET_OF(physx::PxCapsuleGeometry, radius) == PX_OFFSET_OF(physx::PxSphereGeometry, radius));
      |                        ^~~~~~~~~~~~
/public/home/tangwsh/PhysX/physx/source/geomutils/src/GuGeometryChecks.h:93:87: warning: ‘offsetof’ within non-standard-layout type ‘physx::PxSphereGeometry’ is conditionally-supported [-Winvalid-offsetof]
   93 | PX_COMPILE_TIME_ASSERT(PX_OFFSET_OF(physx::PxCapsuleGeometry, radius) == PX_OFFSET_OF(physx::PxSphereGeometry, radius));
/public/home/tangwsh/PhysX/physx/include/foundation/PxPreprocessor.h:430:51: note: in definition of macro ‘PX_COMPILE_TIME_ASSERT’
  430 | #define PX_COMPILE_TIME_ASSERT(exp) static_assert(exp, "")
      |                                                   ^~~
/public/home/tangwsh/PhysX/physx/source/geomutils/src/GuGeometryChecks.h:93:74: note: in expansion of macro ‘PX_OFFSET_OF’
   93 | PX_COMPILE_TIME_ASSERT(PX_OFFSET_OF(physx::PxCapsuleGeometry, radius) == PX_OFFSET_OF(physx::PxSphereGeometry, radius));
      |                                                                          ^~~~~~~~~~~~
In file included from /public/home/tangwsh/PhysX/physx/source/simulationcontroller/src/ScElementSim.h:38,
                 from /public/home/tangwsh/PhysX/physx/source/simulationcontroller/src/ScShapeSimBase.h:30,
                 from /public/home/tangwsh/PhysX/physx/source/simulationcontroller/src/ScShapeSim.h:32,
                 from /public/home/tangwsh/PhysX/physx/source/simulationcontroller/src/ScActorCore.cpp:32:
/public/home/tangwsh/PhysX/physx/source/simulationcontroller/include/ScScene.h:222:15: warning: ‘physx::Sc::Scene’ has a field ‘physx::Sc::Scene::mOverlapFilterTaskHead’ whose type uses the anonymous namespace [-Wsubobject-linkage]
  222 |         class Scene : public PxUserAllocated
      |               ^~~~~
/public/home/tangwsh/PhysX/physx/source/simulationcontroller/include/ScScene.h:222:15: warning: ‘physx::Sc::Scene’ has a field ‘physx::Sc::Scene::mOverlapCreatedTaskHead’ whose type uses the anonymous namespace [-Wsubobject-linkage]
/public/home/tangwsh/PhysX/physx/source/simulationcontroller/include/ScScene.h:222:15: warning: ‘physx::Sc::Scene’ has a field ‘physx::Sc::Scene::mIslandInsertionTaskHead’ whose type uses the anonymous namespace [-Wsubobject-linkage]
[ 53%] Building CXX object CMakeFiles/SimulationController.dir/public/home/tangwsh/PhysX/physx/source/simulationcontroller/src/ScActorSim.cpp.o
In file included from /public/home/tangwsh/PhysX/physx/include/foundation/PxFoundationConfig.h:32,
                 from /public/home/tangwsh/PhysX/physx/include/foundation/PxAllocatorCallback.h:33,
                 from /public/home/tangwsh/PhysX/physx/include/foundation/PxAllocator.h:32,
                 from /public/home/tangwsh/PhysX/physx/include/foundation/PxUserAllocated.h:32,
                 from /public/home/tangwsh/PhysX/physx/source/simulationcontroller/src/ScActorSim.h:32,
                 from /public/home/tangwsh/PhysX/physx/source/simulationcontroller/src/ScActorSim.cpp:29:
/public/home/tangwsh/PhysX/physx/include/foundation/PxPreprocessor.h:524: warning: "PX_SUPPORT_GPU_PHYSX" redefined
  524 |         #define PX_SUPPORT_GPU_PHYSX ((PX_X64 && (PX_WINDOWS_FAMILY || PX_LINUX)) || (PX_A64 && PX_LINUX))
      | 
<command-line>: note: this is the location of the previous definition
In file included from /public/home/tangwsh/PhysX/physx/include/foundation/PxFoundationConfig.h:32,
                 from /public/home/tangwsh/PhysX/physx/include/foundation/PxAllocatorCallback.h:33,
                 from /public/home/tangwsh/PhysX/physx/include/foundation/PxAllocator.h:32,
                 from /public/home/tangwsh/PhysX/physx/include/foundation/PxUserAllocated.h:32,
                 from /public/home/tangwsh/PhysX/physx/source/simulationcontroller/src/ScActorSim.h:32,
                 from /public/home/tangwsh/PhysX/physx/source/simulationcontroller/src/ScActorSim.cpp:29:
/public/home/tangwsh/PhysX/physx/source/geomutils/src/GuGeometryChecks.h:93:37: warning: ‘offsetof’ within non-standard-layout type ‘physx::PxCapsuleGeometry’ is conditionally-supported [-Winvalid-offsetof]
   93 | PX_COMPILE_TIME_ASSERT(PX_OFFSET_OF(physx::PxCapsuleGeometry, radius) == PX_OFFSET_OF(physx::PxSphereGeometry, radius));
/public/home/tangwsh/PhysX/physx/include/foundation/PxPreprocessor.h:430:51: note: in definition of macro ‘PX_COMPILE_TIME_ASSERT’
  430 | #define PX_COMPILE_TIME_ASSERT(exp) static_assert(exp, "")
      |                                                   ^~~
/public/home/tangwsh/PhysX/physx/source/geomutils/src/GuGeometryChecks.h:93:24: note: in expansion of macro ‘PX_OFFSET_OF’
   93 | PX_COMPILE_TIME_ASSERT(PX_OFFSET_OF(physx::PxCapsuleGeometry, radius) == PX_OFFSET_OF(physx::PxSphereGeometry, radius));
      |                        ^~~~~~~~~~~~
/public/home/tangwsh/PhysX/physx/source/geomutils/src/GuGeometryChecks.h:93:87: warning: ‘offsetof’ within non-standard-layout type ‘physx::PxSphereGeometry’ is conditionally-supported [-Winvalid-offsetof]
   93 | PX_COMPILE_TIME_ASSERT(PX_OFFSET_OF(physx::PxCapsuleGeometry, radius) == PX_OFFSET_OF(physx::PxSphereGeometry, radius));
/public/home/tangwsh/PhysX/physx/include/foundation/PxPreprocessor.h:430:51: note: in definition of macro ‘PX_COMPILE_TIME_ASSERT’
  430 | #define PX_COMPILE_TIME_ASSERT(exp) static_assert(exp, "")
      |                                                   ^~~
/public/home/tangwsh/PhysX/physx/source/geomutils/src/GuGeometryChecks.h:93:74: note: in expansion of macro ‘PX_OFFSET_OF’
   93 | PX_COMPILE_TIME_ASSERT(PX_OFFSET_OF(physx::PxCapsuleGeometry, radius) == PX_OFFSET_OF(physx::PxSphereGeometry, radius));
      |                                                                          ^~~~~~~~~~~~
In file included from /public/home/tangwsh/PhysX/physx/source/simulationcontroller/src/ScElementSim.h:38,
                 from /public/home/tangwsh/PhysX/physx/source/simulationcontroller/src/ScActorSim.cpp:31:
/public/home/tangwsh/PhysX/physx/source/simulationcontroller/include/ScScene.h:222:15: warning: ‘physx::Sc::Scene’ has a field ‘physx::Sc::Scene::mOverlapFilterTaskHead’ whose type uses the anonymous namespace [-Wsubobject-linkage]
  222 |         class Scene : public PxUserAllocated
      |               ^~~~~
/public/home/tangwsh/PhysX/physx/source/simulationcontroller/include/ScScene.h:222:15: warning: ‘physx::Sc::Scene’ has a field ‘physx::Sc::Scene::mOverlapCreatedTaskHead’ whose type uses the anonymous namespace [-Wsubobject-linkage]
/public/home/tangwsh/PhysX/physx/source/simulationcontroller/include/ScScene.h:222:15: warning: ‘physx::Sc::Scene’ has a field ‘physx::Sc::Scene::mIslandInsertionTaskHead’ whose type uses the anonymous namespace [-Wsubobject-linkage]
[ 53%] Building CXX object CMakeFiles/SimulationController.dir/public/home/tangwsh/PhysX/physx/source/simulationcontroller/src/ScArticulationCore.cpp.o
In file included from /public/home/tangwsh/PhysX/physx/include/foundation/PxSimpleTypes.h:36,
                 from /public/home/tangwsh/PhysX/physx/include/foundation/PxIO.h:33,
                 from /public/home/tangwsh/PhysX/physx/include/foundation/PxBitAndData.h:32,
                 from /public/home/tangwsh/PhysX/physx/source/simulationcontroller/include/ScActorCore.h:32,
                 from /public/home/tangwsh/PhysX/physx/source/simulationcontroller/include/ScArticulationCore.h:32,
                 from /public/home/tangwsh/PhysX/physx/source/simulationcontroller/src/ScArticulationCore.cpp:30:
/public/home/tangwsh/PhysX/physx/include/foundation/PxPreprocessor.h:524: warning: "PX_SUPPORT_GPU_PHYSX" redefined
  524 |         #define PX_SUPPORT_GPU_PHYSX ((PX_X64 && (PX_WINDOWS_FAMILY || PX_LINUX)) || (PX_A64 && PX_LINUX))
      | 
<command-line>: note: this is the location of the previous definition
[ 53%] Building CXX object CMakeFiles/SimulationController.dir/public/home/tangwsh/PhysX/physx/source/simulationcontroller/src/ScArticulationJointCore.cpp.o
In file included from /public/home/tangwsh/PhysX/physx/include/foundation/PxMath.h:33,
                 from /public/home/tangwsh/PhysX/physx/include/foundation/PxVec3.h:33,
                 from /public/home/tangwsh/PhysX/physx/include/foundation/PxQuat.h:33,
                 from /public/home/tangwsh/PhysX/physx/include/foundation/PxTransform.h:32,
                 from /public/home/tangwsh/PhysX/physx/source/simulationcontroller/include/ScArticulationJointCore.h:32,
                 from /public/home/tangwsh/PhysX/physx/source/simulationcontroller/src/ScArticulationJointCore.cpp:29:
/public/home/tangwsh/PhysX/physx/include/foundation/PxPreprocessor.h:524: warning: "PX_SUPPORT_GPU_PHYSX" redefined
  524 |         #define PX_SUPPORT_GPU_PHYSX ((PX_X64 && (PX_WINDOWS_FAMILY || PX_LINUX)) || (PX_A64 && PX_LINUX))
      | 
<command-line>: note: this is the location of the previous definition
[ 53%] Building CXX object CMakeFiles/SimulationController.dir/public/home/tangwsh/PhysX/physx/source/simulationcontroller/src/ScArticulationJointSim.cpp.o
In file included from /public/home/tangwsh/PhysX/physx/include/foundation/PxFoundationConfig.h:32,
                 from /public/home/tangwsh/PhysX/physx/include/foundation/PxAllocatorCallback.h:33,
                 from /public/home/tangwsh/PhysX/physx/include/foundation/PxAllocator.h:32,
                 from /public/home/tangwsh/PhysX/physx/include/foundation/PxUserAllocated.h:32,
                 from /public/home/tangwsh/PhysX/physx/source/simulationcontroller/src/ScActorSim.h:32,
                 from /public/home/tangwsh/PhysX/physx/source/simulationcontroller/src/ScInteraction.h:33,
                 from /public/home/tangwsh/PhysX/physx/source/simulationcontroller/src/ScArticulationJointSim.h:32,
                 from /public/home/tangwsh/PhysX/physx/source/simulationcontroller/src/ScArticulationJointSim.cpp:29:
/public/home/tangwsh/PhysX/physx/include/foundation/PxPreprocessor.h:524: warning: "PX_SUPPORT_GPU_PHYSX" redefined
  524 |         #define PX_SUPPORT_GPU_PHYSX ((PX_X64 && (PX_WINDOWS_FAMILY || PX_LINUX)) || (PX_A64 && PX_LINUX))
      | 
<command-line>: note: this is the location of the previous definition
In file included from /public/home/tangwsh/PhysX/physx/include/foundation/PxFoundationConfig.h:32,
                 from /public/home/tangwsh/PhysX/physx/include/foundation/PxAllocatorCallback.h:33,
                 from /public/home/tangwsh/PhysX/physx/include/foundation/PxAllocator.h:32,
                 from /public/home/tangwsh/PhysX/physx/include/foundation/PxUserAllocated.h:32,
                 from /public/home/tangwsh/PhysX/physx/source/simulationcontroller/src/ScActorSim.h:32,
                 from /public/home/tangwsh/PhysX/physx/source/simulationcontroller/src/ScInteraction.h:33,
                 from /public/home/tangwsh/PhysX/physx/source/simulationcontroller/src/ScArticulationJointSim.h:32,
                 from /public/home/tangwsh/PhysX/physx/source/simulationcontroller/src/ScArticulationJointSim.cpp:29:
/public/home/tangwsh/PhysX/physx/source/geomutils/src/GuGeometryChecks.h:93:37: warning: ‘offsetof’ within non-standard-layout type ‘physx::PxCapsuleGeometry’ is conditionally-supported [-Winvalid-offsetof]
   93 | PX_COMPILE_TIME_ASSERT(PX_OFFSET_OF(physx::PxCapsuleGeometry, radius) == PX_OFFSET_OF(physx::PxSphereGeometry, radius));
/public/home/tangwsh/PhysX/physx/include/foundation/PxPreprocessor.h:430:51: note: in definition of macro ‘PX_COMPILE_TIME_ASSERT’
  430 | #define PX_COMPILE_TIME_ASSERT(exp) static_assert(exp, "")
      |                                                   ^~~
/public/home/tangwsh/PhysX/physx/source/geomutils/src/GuGeometryChecks.h:93:24: note: in expansion of macro ‘PX_OFFSET_OF’
   93 | PX_COMPILE_TIME_ASSERT(PX_OFFSET_OF(physx::PxCapsuleGeometry, radius) == PX_OFFSET_OF(physx::PxSphereGeometry, radius));
      |                        ^~~~~~~~~~~~
/public/home/tangwsh/PhysX/physx/source/geomutils/src/GuGeometryChecks.h:93:87: warning: ‘offsetof’ within non-standard-layout type ‘physx::PxSphereGeometry’ is conditionally-supported [-Winvalid-offsetof]
   93 | PX_COMPILE_TIME_ASSERT(PX_OFFSET_OF(physx::PxCapsuleGeometry, radius) == PX_OFFSET_OF(physx::PxSphereGeometry, radius));
/public/home/tangwsh/PhysX/physx/include/foundation/PxPreprocessor.h:430:51: note: in definition of macro ‘PX_COMPILE_TIME_ASSERT’
  430 | #define PX_COMPILE_TIME_ASSERT(exp) static_assert(exp, "")
      |                                                   ^~~
/public/home/tangwsh/PhysX/physx/source/geomutils/src/GuGeometryChecks.h:93:74: note: in expansion of macro ‘PX_OFFSET_OF’
   93 | PX_COMPILE_TIME_ASSERT(PX_OFFSET_OF(physx::PxCapsuleGeometry, radius) == PX_OFFSET_OF(physx::PxSphereGeometry, radius));
      |                                                                          ^~~~~~~~~~~~
In file included from /public/home/tangwsh/PhysX/physx/source/simulationcontroller/src/ScArticulationJointSim.cpp:32:
/public/home/tangwsh/PhysX/physx/source/simulationcontroller/include/ScScene.h:222:15: warning: ‘physx::Sc::Scene’ has a field ‘physx::Sc::Scene::mOverlapFilterTaskHead’ whose type uses the anonymous namespace [-Wsubobject-linkage]
  222 |         class Scene : public PxUserAllocated
      |               ^~~~~
/public/home/tangwsh/PhysX/physx/source/simulationcontroller/include/ScScene.h:222:15: warning: ‘physx::Sc::Scene’ has a field ‘physx::Sc::Scene::mOverlapCreatedTaskHead’ whose type uses the anonymous namespace [-Wsubobject-linkage]
/public/home/tangwsh/PhysX/physx/source/simulationcontroller/include/ScScene.h:222:15: warning: ‘physx::Sc::Scene’ has a field ‘physx::Sc::Scene::mIslandInsertionTaskHead’ whose type uses the anonymous namespace [-Wsubobject-linkage]
[ 53%] Building CXX object CMakeFiles/SimulationController.dir/public/home/tangwsh/PhysX/physx/source/simulationcontroller/src/ScArticulationMimicJointSim.cpp.o
In file included from /public/home/tangwsh/PhysX/physx/include/foundation/PxFoundationConfig.h:32,
                 from /public/home/tangwsh/PhysX/physx/include/foundation/PxAllocatorCallback.h:33,
                 from /public/home/tangwsh/PhysX/physx/include/foundation/PxAllocator.h:32,
                 from /public/home/tangwsh/PhysX/physx/include/foundation/PxUserAllocated.h:32,
                 from /public/home/tangwsh/PhysX/physx/source/simulationcontroller/src/ScArticulationMimicJointSim.h:32,
                 from /public/home/tangwsh/PhysX/physx/source/simulationcontroller/src/ScArticulationMimicJointSim.cpp:29:
/public/home/tangwsh/PhysX/physx/include/foundation/PxPreprocessor.h:524: warning: "PX_SUPPORT_GPU_PHYSX" redefined
  524 |         #define PX_SUPPORT_GPU_PHYSX ((PX_X64 && (PX_WINDOWS_FAMILY || PX_LINUX)) || (PX_A64 && PX_LINUX))
      | 
<command-line>: note: this is the location of the previous definition
[ 54%] Building CXX object CMakeFiles/SimulationController.dir/public/home/tangwsh/PhysX/physx/source/simulationcontroller/src/ScArticulationSim.cpp.o
In file included from /public/home/tangwsh/PhysX/physx/include/foundation/PxFoundationConfig.h:32,
                 from /public/home/tangwsh/PhysX/physx/include/foundation/PxAllocatorCallback.h:33,
                 from /public/home/tangwsh/PhysX/physx/include/foundation/PxAllocator.h:32,
                 from /public/home/tangwsh/PhysX/physx/include/foundation/PxUserAllocated.h:32,
                 from /public/home/tangwsh/PhysX/physx/source/simulationcontroller/src/ScArticulationSim.h:32,
                 from /public/home/tangwsh/PhysX/physx/source/simulationcontroller/src/ScArticulationSim.cpp:29:
/public/home/tangwsh/PhysX/physx/include/foundation/PxPreprocessor.h:524: warning: "PX_SUPPORT_GPU_PHYSX" redefined
  524 |         #define PX_SUPPORT_GPU_PHYSX ((PX_X64 && (PX_WINDOWS_FAMILY || PX_LINUX)) || (PX_A64 && PX_LINUX))
      | 
<command-line>: note: this is the location of the previous definition
In file included from /public/home/tangwsh/PhysX/physx/include/foundation/PxFoundationConfig.h:32,
                 from /public/home/tangwsh/PhysX/physx/include/foundation/PxAllocatorCallback.h:33,
                 from /public/home/tangwsh/PhysX/physx/include/foundation/PxAllocator.h:32,
                 from /public/home/tangwsh/PhysX/physx/include/foundation/PxUserAllocated.h:32,
                 from /public/home/tangwsh/PhysX/physx/source/simulationcontroller/src/ScArticulationSim.h:32,
                 from /public/home/tangwsh/PhysX/physx/source/simulationcontroller/src/ScArticulationSim.cpp:29:
/public/home/tangwsh/PhysX/physx/source/geomutils/src/GuGeometryChecks.h:93:37: warning: ‘offsetof’ within non-standard-layout type ‘physx::PxCapsuleGeometry’ is conditionally-supported [-Winvalid-offsetof]
   93 | PX_COMPILE_TIME_ASSERT(PX_OFFSET_OF(physx::PxCapsuleGeometry, radius) == PX_OFFSET_OF(physx::PxSphereGeometry, radius));
/public/home/tangwsh/PhysX/physx/include/foundation/PxPreprocessor.h:430:51: note: in definition of macro ‘PX_COMPILE_TIME_ASSERT’
  430 | #define PX_COMPILE_TIME_ASSERT(exp) static_assert(exp, "")
      |                                                   ^~~
/public/home/tangwsh/PhysX/physx/source/geomutils/src/GuGeometryChecks.h:93:24: note: in expansion of macro ‘PX_OFFSET_OF’
   93 | PX_COMPILE_TIME_ASSERT(PX_OFFSET_OF(physx::PxCapsuleGeometry, radius) == PX_OFFSET_OF(physx::PxSphereGeometry, radius));
      |                        ^~~~~~~~~~~~
/public/home/tangwsh/PhysX/physx/source/geomutils/src/GuGeometryChecks.h:93:87: warning: ‘offsetof’ within non-standard-layout type ‘physx::PxSphereGeometry’ is conditionally-supported [-Winvalid-offsetof]
   93 | PX_COMPILE_TIME_ASSERT(PX_OFFSET_OF(physx::PxCapsuleGeometry, radius) == PX_OFFSET_OF(physx::PxSphereGeometry, radius));
/public/home/tangwsh/PhysX/physx/include/foundation/PxPreprocessor.h:430:51: note: in definition of macro ‘PX_COMPILE_TIME_ASSERT’
  430 | #define PX_COMPILE_TIME_ASSERT(exp) static_assert(exp, "")
      |                                                   ^~~
/public/home/tangwsh/PhysX/physx/source/geomutils/src/GuGeometryChecks.h:93:74: note: in expansion of macro ‘PX_OFFSET_OF’
   93 | PX_COMPILE_TIME_ASSERT(PX_OFFSET_OF(physx::PxCapsuleGeometry, radius) == PX_OFFSET_OF(physx::PxSphereGeometry, radius));
      |                                                                          ^~~~~~~~~~~~
In file included from /public/home/tangwsh/PhysX/physx/source/simulationcontroller/src/ScArticulationSim.cpp:37:
/public/home/tangwsh/PhysX/physx/source/simulationcontroller/include/ScScene.h:222:15: warning: ‘physx::Sc::Scene’ has a field ‘physx::Sc::Scene::mOverlapFilterTaskHead’ whose type uses the anonymous namespace [-Wsubobject-linkage]
  222 |         class Scene : public PxUserAllocated
      |               ^~~~~
/public/home/tangwsh/PhysX/physx/source/simulationcontroller/include/ScScene.h:222:15: warning: ‘physx::Sc::Scene’ has a field ‘physx::Sc::Scene::mOverlapCreatedTaskHead’ whose type uses the anonymous namespace [-Wsubobject-linkage]
/public/home/tangwsh/PhysX/physx/source/simulationcontroller/include/ScScene.h:222:15: warning: ‘physx::Sc::Scene’ has a field ‘physx::Sc::Scene::mIslandInsertionTaskHead’ whose type uses the anonymous namespace [-Wsubobject-linkage]
[ 54%] Building CXX object CMakeFiles/SimulationController.dir/public/home/tangwsh/PhysX/physx/source/simulationcontroller/src/ScArticulationTendonCore.cpp.o
In file included from /public/home/tangwsh/PhysX/physx/include/foundation/PxMath.h:33,
                 from /public/home/tangwsh/PhysX/physx/include/foundation/PxVec3.h:33,
                 from /public/home/tangwsh/PhysX/physx/source/lowleveldynamics/include/DyArticulationTendon.h:33,
                 from /public/home/tangwsh/PhysX/physx/source/simulationcontroller/include/ScArticulationTendonCore.h:33,
                 from /public/home/tangwsh/PhysX/physx/source/simulationcontroller/src/ScArticulationTendonCore.cpp:29:
/public/home/tangwsh/PhysX/physx/include/foundation/PxPreprocessor.h:524: warning: "PX_SUPPORT_GPU_PHYSX" redefined
  524 |         #define PX_SUPPORT_GPU_PHYSX ((PX_X64 && (PX_WINDOWS_FAMILY || PX_LINUX)) || (PX_A64 && PX_LINUX))
      | 
<command-line>: note: this is the location of the previous definition
[ 54%] Building CXX object CMakeFiles/SimulationController.dir/public/home/tangwsh/PhysX/physx/source/simulationcontroller/src/ScArticulationTendonJointCore.cpp.o
In file included from /public/home/tangwsh/PhysX/physx/include/foundation/PxMath.h:33,
                 from /public/home/tangwsh/PhysX/physx/include/foundation/PxVec3.h:33,
                 from /public/home/tangwsh/PhysX/physx/source/simulationcontroller/include/ScArticulationTendonJointCore.h:33,
                 from /public/home/tangwsh/PhysX/physx/source/simulationcontroller/src/ScArticulationTendonJointCore.cpp:29:
/public/home/tangwsh/PhysX/physx/include/foundation/PxPreprocessor.h:524: warning: "PX_SUPPORT_GPU_PHYSX" redefined
  524 |         #define PX_SUPPORT_GPU_PHYSX ((PX_X64 && (PX_WINDOWS_FAMILY || PX_LINUX)) || (PX_A64 && PX_LINUX))
      | 
<command-line>: note: this is the location of the previous definition
[ 54%] Building CXX object CMakeFiles/SimulationController.dir/public/home/tangwsh/PhysX/physx/source/simulationcontroller/src/ScArticulationTendonSim.cpp.o
In file included from /public/home/tangwsh/PhysX/physx/include/foundation/PxFoundationConfig.h:32,
                 from /public/home/tangwsh/PhysX/physx/include/foundation/PxAllocatorCallback.h:33,
                 from /public/home/tangwsh/PhysX/physx/include/foundation/PxAllocator.h:32,
                 from /public/home/tangwsh/PhysX/physx/include/foundation/PxUserAllocated.h:32,
                 from /public/home/tangwsh/PhysX/physx/source/simulationcontroller/src/ScArticulationTendonSim.h:32,
                 from /public/home/tangwsh/PhysX/physx/source/simulationcontroller/src/ScArticulationTendonSim.cpp:29:
/public/home/tangwsh/PhysX/physx/include/foundation/PxPreprocessor.h:524: warning: "PX_SUPPORT_GPU_PHYSX" redefined
  524 |         #define PX_SUPPORT_GPU_PHYSX ((PX_X64 && (PX_WINDOWS_FAMILY || PX_LINUX)) || (PX_A64 && PX_LINUX))
      | 
<command-line>: note: this is the location of the previous definition
In file included from /public/home/tangwsh/PhysX/physx/include/foundation/PxFoundationConfig.h:32,
                 from /public/home/tangwsh/PhysX/physx/include/foundation/PxAllocatorCallback.h:33,
                 from /public/home/tangwsh/PhysX/physx/include/foundation/PxAllocator.h:32,
                 from /public/home/tangwsh/PhysX/physx/include/foundation/PxUserAllocated.h:32,
                 from /public/home/tangwsh/PhysX/physx/source/simulationcontroller/src/ScArticulationTendonSim.h:32,
                 from /public/home/tangwsh/PhysX/physx/source/simulationcontroller/src/ScArticulationTendonSim.cpp:29:
/public/home/tangwsh/PhysX/physx/source/geomutils/src/GuGeometryChecks.h:93:37: warning: ‘offsetof’ within non-standard-layout type ‘physx::PxCapsuleGeometry’ is conditionally-supported [-Winvalid-offsetof]
   93 | PX_COMPILE_TIME_ASSERT(PX_OFFSET_OF(physx::PxCapsuleGeometry, radius) == PX_OFFSET_OF(physx::PxSphereGeometry, radius));
/public/home/tangwsh/PhysX/physx/include/foundation/PxPreprocessor.h:430:51: note: in definition of macro ‘PX_COMPILE_TIME_ASSERT’
  430 | #define PX_COMPILE_TIME_ASSERT(exp) static_assert(exp, "")
      |                                                   ^~~
/public/home/tangwsh/PhysX/physx/source/geomutils/src/GuGeometryChecks.h:93:24: note: in expansion of macro ‘PX_OFFSET_OF’
   93 | PX_COMPILE_TIME_ASSERT(PX_OFFSET_OF(physx::PxCapsuleGeometry, radius) == PX_OFFSET_OF(physx::PxSphereGeometry, radius));
      |                        ^~~~~~~~~~~~
/public/home/tangwsh/PhysX/physx/source/geomutils/src/GuGeometryChecks.h:93:87: warning: ‘offsetof’ within non-standard-layout type ‘physx::PxSphereGeometry’ is conditionally-supported [-Winvalid-offsetof]
   93 | PX_COMPILE_TIME_ASSERT(PX_OFFSET_OF(physx::PxCapsuleGeometry, radius) == PX_OFFSET_OF(physx::PxSphereGeometry, radius));
/public/home/tangwsh/PhysX/physx/include/foundation/PxPreprocessor.h:430:51: note: in definition of macro ‘PX_COMPILE_TIME_ASSERT’
  430 | #define PX_COMPILE_TIME_ASSERT(exp) static_assert(exp, "")
      |                                                   ^~~
/public/home/tangwsh/PhysX/physx/source/geomutils/src/GuGeometryChecks.h:93:74: note: in expansion of macro ‘PX_OFFSET_OF’
   93 | PX_COMPILE_TIME_ASSERT(PX_OFFSET_OF(physx::PxCapsuleGeometry, radius) == PX_OFFSET_OF(physx::PxSphereGeometry, radius));
      |                                                                          ^~~~~~~~~~~~
In file included from /public/home/tangwsh/PhysX/physx/source/simulationcontroller/src/ScArticulationTendonSim.cpp:34:
/public/home/tangwsh/PhysX/physx/source/simulationcontroller/include/ScScene.h:222:15: warning: ‘physx::Sc::Scene’ has a field ‘physx::Sc::Scene::mOverlapFilterTaskHead’ whose type uses the anonymous namespace [-Wsubobject-linkage]
  222 |         class Scene : public PxUserAllocated
      |               ^~~~~
/public/home/tangwsh/PhysX/physx/source/simulationcontroller/include/ScScene.h:222:15: warning: ‘physx::Sc::Scene’ has a field ‘physx::Sc::Scene::mOverlapCreatedTaskHead’ whose type uses the anonymous namespace [-Wsubobject-linkage]
/public/home/tangwsh/PhysX/physx/source/simulationcontroller/include/ScScene.h:222:15: warning: ‘physx::Sc::Scene’ has a field ‘physx::Sc::Scene::mIslandInsertionTaskHead’ whose type uses the anonymous namespace [-Wsubobject-linkage]
[ 54%] Building CXX object CMakeFiles/SimulationController.dir/public/home/tangwsh/PhysX/physx/source/simulationcontroller/src/ScBodyCore.cpp.o
In file included from /public/home/tangwsh/PhysX/physx/include/foundation/PxMath.h:33,
                 from /public/home/tangwsh/PhysX/physx/include/foundation/PxVec3.h:33,
                 from /public/home/tangwsh/PhysX/physx/include/foundation/PxQuat.h:33,
                 from /public/home/tangwsh/PhysX/physx/include/foundation/PxTransform.h:32,
                 from /public/home/tangwsh/PhysX/physx/source/simulationcontroller/include/ScBodyCore.h:32,
                 from /public/home/tangwsh/PhysX/physx/source/simulationcontroller/src/ScBodyCore.cpp:29:
/public/home/tangwsh/PhysX/physx/include/foundation/PxPreprocessor.h:524: warning: "PX_SUPPORT_GPU_PHYSX" redefined
  524 |         #define PX_SUPPORT_GPU_PHYSX ((PX_X64 && (PX_WINDOWS_FAMILY || PX_LINUX)) || (PX_A64 && PX_LINUX))
      | 
<command-line>: note: this is the location of the previous definition
In file included from /public/home/tangwsh/PhysX/physx/include/foundation/PxMath.h:33,
                 from /public/home/tangwsh/PhysX/physx/include/foundation/PxVec3.h:33,
                 from /public/home/tangwsh/PhysX/physx/include/foundation/PxQuat.h:33,
                 from /public/home/tangwsh/PhysX/physx/include/foundation/PxTransform.h:32,
                 from /public/home/tangwsh/PhysX/physx/source/simulationcontroller/include/ScBodyCore.h:32,
                 from /public/home/tangwsh/PhysX/physx/source/simulationcontroller/src/ScBodyCore.cpp:29:
/public/home/tangwsh/PhysX/physx/source/geomutils/src/GuGeometryChecks.h:93:37: warning: ‘offsetof’ within non-standard-layout type ‘physx::PxCapsuleGeometry’ is conditionally-supported [-Winvalid-offsetof]
   93 | PX_COMPILE_TIME_ASSERT(PX_OFFSET_OF(physx::PxCapsuleGeometry, radius) == PX_OFFSET_OF(physx::PxSphereGeometry, radius));
/public/home/tangwsh/PhysX/physx/include/foundation/PxPreprocessor.h:430:51: note: in definition of macro ‘PX_COMPILE_TIME_ASSERT’
  430 | #define PX_COMPILE_TIME_ASSERT(exp) static_assert(exp, "")
      |                                                   ^~~
/public/home/tangwsh/PhysX/physx/source/geomutils/src/GuGeometryChecks.h:93:24: note: in expansion of macro ‘PX_OFFSET_OF’
   93 | PX_COMPILE_TIME_ASSERT(PX_OFFSET_OF(physx::PxCapsuleGeometry, radius) == PX_OFFSET_OF(physx::PxSphereGeometry, radius));
      |                        ^~~~~~~~~~~~
/public/home/tangwsh/PhysX/physx/source/geomutils/src/GuGeometryChecks.h:93:87: warning: ‘offsetof’ within non-standard-layout type ‘physx::PxSphereGeometry’ is conditionally-supported [-Winvalid-offsetof]
   93 | PX_COMPILE_TIME_ASSERT(PX_OFFSET_OF(physx::PxCapsuleGeometry, radius) == PX_OFFSET_OF(physx::PxSphereGeometry, radius));
/public/home/tangwsh/PhysX/physx/include/foundation/PxPreprocessor.h:430:51: note: in definition of macro ‘PX_COMPILE_TIME_ASSERT’
  430 | #define PX_COMPILE_TIME_ASSERT(exp) static_assert(exp, "")
      |                                                   ^~~
/public/home/tangwsh/PhysX/physx/source/geomutils/src/GuGeometryChecks.h:93:74: note: in expansion of macro ‘PX_OFFSET_OF’
   93 | PX_COMPILE_TIME_ASSERT(PX_OFFSET_OF(physx::PxCapsuleGeometry, radius) == PX_OFFSET_OF(physx::PxSphereGeometry, radius));
      |                                                                          ^~~~~~~~~~~~
In file included from /public/home/tangwsh/PhysX/physx/source/simulationcontroller/src/ScBodyCore.cpp:32:
/public/home/tangwsh/PhysX/physx/source/simulationcontroller/include/ScScene.h:222:15: warning: ‘physx::Sc::Scene’ has a field ‘physx::Sc::Scene::mOverlapFilterTaskHead’ whose type uses the anonymous namespace [-Wsubobject-linkage]
  222 |         class Scene : public PxUserAllocated
      |               ^~~~~
/public/home/tangwsh/PhysX/physx/source/simulationcontroller/include/ScScene.h:222:15: warning: ‘physx::Sc::Scene’ has a field ‘physx::Sc::Scene::mOverlapCreatedTaskHead’ whose type uses the anonymous namespace [-Wsubobject-linkage]
/public/home/tangwsh/PhysX/physx/source/simulationcontroller/include/ScScene.h:222:15: warning: ‘physx::Sc::Scene’ has a field ‘physx::Sc::Scene::mIslandInsertionTaskHead’ whose type uses the anonymous namespace [-Wsubobject-linkage]
[ 55%] Building CXX object CMakeFiles/SimulationController.dir/public/home/tangwsh/PhysX/physx/source/simulationcontroller/src/ScBodySim.cpp.o
In file included from /public/home/tangwsh/PhysX/physx/include/foundation/PxMath.h:33,
                 from /public/home/tangwsh/PhysX/physx/include/foundation/PxVec3.h:33,
                 from /public/home/tangwsh/PhysX/physx/include/foundation/PxUtilities.h:32,
                 from /public/home/tangwsh/PhysX/physx/source/simulationcontroller/src/ScBodySim.h:32,
                 from /public/home/tangwsh/PhysX/physx/source/simulationcontroller/src/ScBodySim.cpp:29:
/public/home/tangwsh/PhysX/physx/include/foundation/PxPreprocessor.h:524: warning: "PX_SUPPORT_GPU_PHYSX" redefined
  524 |         #define PX_SUPPORT_GPU_PHYSX ((PX_X64 && (PX_WINDOWS_FAMILY || PX_LINUX)) || (PX_A64 && PX_LINUX))
      | 
<command-line>: note: this is the location of the previous definition
In file included from /public/home/tangwsh/PhysX/physx/include/foundation/PxMath.h:33,
                 from /public/home/tangwsh/PhysX/physx/include/foundation/PxVec3.h:33,
                 from /public/home/tangwsh/PhysX/physx/include/foundation/PxUtilities.h:32,
                 from /public/home/tangwsh/PhysX/physx/source/simulationcontroller/src/ScBodySim.h:32,
                 from /public/home/tangwsh/PhysX/physx/source/simulationcontroller/src/ScBodySim.cpp:29:
/public/home/tangwsh/PhysX/physx/source/geomutils/src/GuGeometryChecks.h:93:37: warning: ‘offsetof’ within non-standard-layout type ‘physx::PxCapsuleGeometry’ is conditionally-supported [-Winvalid-offsetof]
   93 | PX_COMPILE_TIME_ASSERT(PX_OFFSET_OF(physx::PxCapsuleGeometry, radius) == PX_OFFSET_OF(physx::PxSphereGeometry, radius));
/public/home/tangwsh/PhysX/physx/include/foundation/PxPreprocessor.h:430:51: note: in definition of macro ‘PX_COMPILE_TIME_ASSERT’
  430 | #define PX_COMPILE_TIME_ASSERT(exp) static_assert(exp, "")
      |                                                   ^~~
/public/home/tangwsh/PhysX/physx/source/geomutils/src/GuGeometryChecks.h:93:24: note: in expansion of macro ‘PX_OFFSET_OF’
   93 | PX_COMPILE_TIME_ASSERT(PX_OFFSET_OF(physx::PxCapsuleGeometry, radius) == PX_OFFSET_OF(physx::PxSphereGeometry, radius));
      |                        ^~~~~~~~~~~~
/public/home/tangwsh/PhysX/physx/source/geomutils/src/GuGeometryChecks.h:93:87: warning: ‘offsetof’ within non-standard-layout type ‘physx::PxSphereGeometry’ is conditionally-supported [-Winvalid-offsetof]
   93 | PX_COMPILE_TIME_ASSERT(PX_OFFSET_OF(physx::PxCapsuleGeometry, radius) == PX_OFFSET_OF(physx::PxSphereGeometry, radius));
/public/home/tangwsh/PhysX/physx/include/foundation/PxPreprocessor.h:430:51: note: in definition of macro ‘PX_COMPILE_TIME_ASSERT’
  430 | #define PX_COMPILE_TIME_ASSERT(exp) static_assert(exp, "")
      |                                                   ^~~
/public/home/tangwsh/PhysX/physx/source/geomutils/src/GuGeometryChecks.h:93:74: note: in expansion of macro ‘PX_OFFSET_OF’
   93 | PX_COMPILE_TIME_ASSERT(PX_OFFSET_OF(physx::PxCapsuleGeometry, radius) == PX_OFFSET_OF(physx::PxSphereGeometry, radius));
      |                                                                          ^~~~~~~~~~~~
In file included from /public/home/tangwsh/PhysX/physx/source/simulationcontroller/src/ScElementSim.h:38,
                 from /public/home/tangwsh/PhysX/physx/source/simulationcontroller/src/ScShapeSimBase.h:30,
                 from /public/home/tangwsh/PhysX/physx/source/simulationcontroller/src/ScShapeSim.h:32,
                 from /public/home/tangwsh/PhysX/physx/source/simulationcontroller/src/ScBodySim.cpp:30:
/public/home/tangwsh/PhysX/physx/source/simulationcontroller/include/ScScene.h:222:15: warning: ‘physx::Sc::Scene’ has a field ‘physx::Sc::Scene::mOverlapFilterTaskHead’ whose type uses the anonymous namespace [-Wsubobject-linkage]
  222 |         class Scene : public PxUserAllocated
      |               ^~~~~
/public/home/tangwsh/PhysX/physx/source/simulationcontroller/include/ScScene.h:222:15: warning: ‘physx::Sc::Scene’ has a field ‘physx::Sc::Scene::mOverlapCreatedTaskHead’ whose type uses the anonymous namespace [-Wsubobject-linkage]
/public/home/tangwsh/PhysX/physx/source/simulationcontroller/include/ScScene.h:222:15: warning: ‘physx::Sc::Scene’ has a field ‘physx::Sc::Scene::mIslandInsertionTaskHead’ whose type uses the anonymous namespace [-Wsubobject-linkage]
[ 55%] Building CXX object CMakeFiles/SimulationController.dir/public/home/tangwsh/PhysX/physx/source/simulationcontroller/src/ScBroadphase.cpp.o
In file included from /public/home/tangwsh/PhysX/physx/include/foundation/PxSimpleTypes.h:36,
                 from /public/home/tangwsh/PhysX/physx/include/common/PxPhysXCommonConfig.h:32,
                 from /public/home/tangwsh/PhysX/physx/include/PxPhysXConfig.h:35,
                 from /public/home/tangwsh/PhysX/physx/source/lowlevel/api/include/PxvConfig.h:34,
                 from /public/home/tangwsh/PhysX/physx/source/simulationcontroller/include/ScBroadphase.h:32,
                 from /public/home/tangwsh/PhysX/physx/source/simulationcontroller/src/ScBroadphase.cpp:29:
/public/home/tangwsh/PhysX/physx/include/foundation/PxPreprocessor.h:524: warning: "PX_SUPPORT_GPU_PHYSX" redefined
  524 |         #define PX_SUPPORT_GPU_PHYSX ((PX_X64 && (PX_WINDOWS_FAMILY || PX_LINUX)) || (PX_A64 && PX_LINUX))
      | 
<command-line>: note: this is the location of the previous definition
In file included from /public/home/tangwsh/PhysX/physx/include/foundation/PxSimpleTypes.h:36,
                 from /public/home/tangwsh/PhysX/physx/include/common/PxPhysXCommonConfig.h:32,
                 from /public/home/tangwsh/PhysX/physx/include/PxPhysXConfig.h:35,
                 from /public/home/tangwsh/PhysX/physx/source/lowlevel/api/include/PxvConfig.h:34,
                 from /public/home/tangwsh/PhysX/physx/source/simulationcontroller/include/ScBroadphase.h:32,
                 from /public/home/tangwsh/PhysX/physx/source/simulationcontroller/src/ScBroadphase.cpp:29:
/public/home/tangwsh/PhysX/physx/source/geomutils/src/GuGeometryChecks.h:93:37: warning: ‘offsetof’ within non-standard-layout type ‘physx::PxCapsuleGeometry’ is conditionally-supported [-Winvalid-offsetof]
   93 | PX_COMPILE_TIME_ASSERT(PX_OFFSET_OF(physx::PxCapsuleGeometry, radius) == PX_OFFSET_OF(physx::PxSphereGeometry, radius));
/public/home/tangwsh/PhysX/physx/include/foundation/PxPreprocessor.h:430:51: note: in definition of macro ‘PX_COMPILE_TIME_ASSERT’
  430 | #define PX_COMPILE_TIME_ASSERT(exp) static_assert(exp, "")
      |                                                   ^~~
/public/home/tangwsh/PhysX/physx/source/geomutils/src/GuGeometryChecks.h:93:24: note: in expansion of macro ‘PX_OFFSET_OF’
   93 | PX_COMPILE_TIME_ASSERT(PX_OFFSET_OF(physx::PxCapsuleGeometry, radius) == PX_OFFSET_OF(physx::PxSphereGeometry, radius));
      |                        ^~~~~~~~~~~~
/public/home/tangwsh/PhysX/physx/source/geomutils/src/GuGeometryChecks.h:93:87: warning: ‘offsetof’ within non-standard-layout type ‘physx::PxSphereGeometry’ is conditionally-supported [-Winvalid-offsetof]
   93 | PX_COMPILE_TIME_ASSERT(PX_OFFSET_OF(physx::PxCapsuleGeometry, radius) == PX_OFFSET_OF(physx::PxSphereGeometry, radius));
/public/home/tangwsh/PhysX/physx/include/foundation/PxPreprocessor.h:430:51: note: in definition of macro ‘PX_COMPILE_TIME_ASSERT’
  430 | #define PX_COMPILE_TIME_ASSERT(exp) static_assert(exp, "")
      |                                                   ^~~
/public/home/tangwsh/PhysX/physx/source/geomutils/src/GuGeometryChecks.h:93:74: note: in expansion of macro ‘PX_OFFSET_OF’
   93 | PX_COMPILE_TIME_ASSERT(PX_OFFSET_OF(physx::PxCapsuleGeometry, radius) == PX_OFFSET_OF(physx::PxSphereGeometry, radius));
      |                                                                          ^~~~~~~~~~~~
In file included from /public/home/tangwsh/PhysX/physx/source/simulationcontroller/src/ScElementSim.h:38,
                 from /public/home/tangwsh/PhysX/physx/source/simulationcontroller/src/ScShapeSimBase.h:30,
                 from /public/home/tangwsh/PhysX/physx/source/simulationcontroller/src/ScShapeSim.h:32,
                 from /public/home/tangwsh/PhysX/physx/source/simulationcontroller/src/ScBroadphase.cpp:31:
/public/home/tangwsh/PhysX/physx/source/simulationcontroller/include/ScScene.h:222:15: warning: ‘physx::Sc::Scene’ has a field ‘physx::Sc::Scene::mOverlapFilterTaskHead’ whose type uses the anonymous namespace [-Wsubobject-linkage]
  222 |         class Scene : public PxUserAllocated
      |               ^~~~~
/public/home/tangwsh/PhysX/physx/source/simulationcontroller/include/ScScene.h:222:15: warning: ‘physx::Sc::Scene’ has a field ‘physx::Sc::Scene::mOverlapCreatedTaskHead’ whose type uses the anonymous namespace [-Wsubobject-linkage]
/public/home/tangwsh/PhysX/physx/source/simulationcontroller/include/ScScene.h:222:15: warning: ‘physx::Sc::Scene’ has a field ‘physx::Sc::Scene::mIslandInsertionTaskHead’ whose type uses the anonymous namespace [-Wsubobject-linkage]
[ 55%] Building CXX object CMakeFiles/SimulationController.dir/public/home/tangwsh/PhysX/physx/source/simulationcontroller/src/ScCCD.cpp.o
In file included from /public/home/tangwsh/PhysX/physx/include/foundation/PxSimpleTypes.h:36,
                 from /public/home/tangwsh/PhysX/physx/include/foundation/PxProfiler.h:30,
                 from /public/home/tangwsh/PhysX/physx/include/common/PxProfileZone.h:30,
                 from /public/home/tangwsh/PhysX/physx/source/simulationcontroller/src/ScCCD.cpp:29:
/public/home/tangwsh/PhysX/physx/include/foundation/PxPreprocessor.h:524: warning: "PX_SUPPORT_GPU_PHYSX" redefined
  524 |         #define PX_SUPPORT_GPU_PHYSX ((PX_X64 && (PX_WINDOWS_FAMILY || PX_LINUX)) || (PX_A64 && PX_LINUX))
      | 
<command-line>: note: this is the location of the previous definition
In file included from /public/home/tangwsh/PhysX/physx/include/foundation/PxSimpleTypes.h:36,
                 from /public/home/tangwsh/PhysX/physx/include/foundation/PxProfiler.h:30,
                 from /public/home/tangwsh/PhysX/physx/include/common/PxProfileZone.h:30,
                 from /public/home/tangwsh/PhysX/physx/source/simulationcontroller/src/ScCCD.cpp:29:
/public/home/tangwsh/PhysX/physx/source/geomutils/src/GuGeometryChecks.h:93:37: warning: ‘offsetof’ within non-standard-layout type ‘physx::PxCapsuleGeometry’ is conditionally-supported [-Winvalid-offsetof]
   93 | PX_COMPILE_TIME_ASSERT(PX_OFFSET_OF(physx::PxCapsuleGeometry, radius) == PX_OFFSET_OF(physx::PxSphereGeometry, radius));
/public/home/tangwsh/PhysX/physx/include/foundation/PxPreprocessor.h:430:51: note: in definition of macro ‘PX_COMPILE_TIME_ASSERT’
  430 | #define PX_COMPILE_TIME_ASSERT(exp) static_assert(exp, "")
      |                                                   ^~~
/public/home/tangwsh/PhysX/physx/source/geomutils/src/GuGeometryChecks.h:93:24: note: in expansion of macro ‘PX_OFFSET_OF’
   93 | PX_COMPILE_TIME_ASSERT(PX_OFFSET_OF(physx::PxCapsuleGeometry, radius) == PX_OFFSET_OF(physx::PxSphereGeometry, radius));
      |                        ^~~~~~~~~~~~
/public/home/tangwsh/PhysX/physx/source/geomutils/src/GuGeometryChecks.h:93:87: warning: ‘offsetof’ within non-standard-layout type ‘physx::PxSphereGeometry’ is conditionally-supported [-Winvalid-offsetof]
   93 | PX_COMPILE_TIME_ASSERT(PX_OFFSET_OF(physx::PxCapsuleGeometry, radius) == PX_OFFSET_OF(physx::PxSphereGeometry, radius));
/public/home/tangwsh/PhysX/physx/include/foundation/PxPreprocessor.h:430:51: note: in definition of macro ‘PX_COMPILE_TIME_ASSERT’
  430 | #define PX_COMPILE_TIME_ASSERT(exp) static_assert(exp, "")
      |                                                   ^~~
/public/home/tangwsh/PhysX/physx/source/geomutils/src/GuGeometryChecks.h:93:74: note: in expansion of macro ‘PX_OFFSET_OF’
   93 | PX_COMPILE_TIME_ASSERT(PX_OFFSET_OF(physx::PxCapsuleGeometry, radius) == PX_OFFSET_OF(physx::PxSphereGeometry, radius));
      |                                                                          ^~~~~~~~~~~~
In file included from /public/home/tangwsh/PhysX/physx/source/simulationcontroller/src/ScElementSim.h:38,
                 from /public/home/tangwsh/PhysX/physx/source/simulationcontroller/src/ScShapeSimBase.h:30,
                 from /public/home/tangwsh/PhysX/physx/source/simulationcontroller/src/ScShapeSim.h:32,
                 from /public/home/tangwsh/PhysX/physx/source/simulationcontroller/src/ScCCD.cpp:31:
/public/home/tangwsh/PhysX/physx/source/simulationcontroller/include/ScScene.h:222:15: warning: ‘physx::Sc::Scene’ has a field ‘physx::Sc::Scene::mOverlapFilterTaskHead’ whose type uses the anonymous namespace [-Wsubobject-linkage]
  222 |         class Scene : public PxUserAllocated
      |               ^~~~~
/public/home/tangwsh/PhysX/physx/source/simulationcontroller/include/ScScene.h:222:15: warning: ‘physx::Sc::Scene’ has a field ‘physx::Sc::Scene::mOverlapCreatedTaskHead’ whose type uses the anonymous namespace [-Wsubobject-linkage]
/public/home/tangwsh/PhysX/physx/source/simulationcontroller/include/ScScene.h:222:15: warning: ‘physx::Sc::Scene’ has a field ‘physx::Sc::Scene::mIslandInsertionTaskHead’ whose type uses the anonymous namespace [-Wsubobject-linkage]
[ 55%] Building CXX object CMakeFiles/SimulationController.dir/public/home/tangwsh/PhysX/physx/source/simulationcontroller/src/ScConstraintBreakage.cpp.o
In file included from /public/home/tangwsh/PhysX/physx/include/foundation/PxSimpleTypes.h:36,
                 from /public/home/tangwsh/PhysX/physx/include/common/PxPhysXCommonConfig.h:32,
                 from /public/home/tangwsh/PhysX/physx/include/PxPhysXConfig.h:35,
                 from /public/home/tangwsh/PhysX/physx/source/simulationcontroller/include/ScScene.h:32,
                 from /public/home/tangwsh/PhysX/physx/source/simulationcontroller/src/ScConstraintBreakage.cpp:29:
/public/home/tangwsh/PhysX/physx/include/foundation/PxPreprocessor.h:524: warning: "PX_SUPPORT_GPU_PHYSX" redefined
  524 |         #define PX_SUPPORT_GPU_PHYSX ((PX_X64 && (PX_WINDOWS_FAMILY || PX_LINUX)) || (PX_A64 && PX_LINUX))
      | 
<command-line>: note: this is the location of the previous definition
In file included from /public/home/tangwsh/PhysX/physx/include/foundation/PxSimpleTypes.h:36,
                 from /public/home/tangwsh/PhysX/physx/include/common/PxPhysXCommonConfig.h:32,
                 from /public/home/tangwsh/PhysX/physx/include/PxPhysXConfig.h:35,
                 from /public/home/tangwsh/PhysX/physx/source/simulationcontroller/include/ScScene.h:32,
                 from /public/home/tangwsh/PhysX/physx/source/simulationcontroller/src/ScConstraintBreakage.cpp:29:
/public/home/tangwsh/PhysX/physx/source/geomutils/src/GuGeometryChecks.h:93:37: warning: ‘offsetof’ within non-standard-layout type ‘physx::PxCapsuleGeometry’ is conditionally-supported [-Winvalid-offsetof]
   93 | PX_COMPILE_TIME_ASSERT(PX_OFFSET_OF(physx::PxCapsuleGeometry, radius) == PX_OFFSET_OF(physx::PxSphereGeometry, radius));
/public/home/tangwsh/PhysX/physx/include/foundation/PxPreprocessor.h:430:51: note: in definition of macro ‘PX_COMPILE_TIME_ASSERT’
  430 | #define PX_COMPILE_TIME_ASSERT(exp) static_assert(exp, "")
      |                                                   ^~~
/public/home/tangwsh/PhysX/physx/source/geomutils/src/GuGeometryChecks.h:93:24: note: in expansion of macro ‘PX_OFFSET_OF’
   93 | PX_COMPILE_TIME_ASSERT(PX_OFFSET_OF(physx::PxCapsuleGeometry, radius) == PX_OFFSET_OF(physx::PxSphereGeometry, radius));
      |                        ^~~~~~~~~~~~
/public/home/tangwsh/PhysX/physx/source/geomutils/src/GuGeometryChecks.h:93:87: warning: ‘offsetof’ within non-standard-layout type ‘physx::PxSphereGeometry’ is conditionally-supported [-Winvalid-offsetof]
   93 | PX_COMPILE_TIME_ASSERT(PX_OFFSET_OF(physx::PxCapsuleGeometry, radius) == PX_OFFSET_OF(physx::PxSphereGeometry, radius));
/public/home/tangwsh/PhysX/physx/include/foundation/PxPreprocessor.h:430:51: note: in definition of macro ‘PX_COMPILE_TIME_ASSERT’
  430 | #define PX_COMPILE_TIME_ASSERT(exp) static_assert(exp, "")
      |                                                   ^~~
/public/home/tangwsh/PhysX/physx/source/geomutils/src/GuGeometryChecks.h:93:74: note: in expansion of macro ‘PX_OFFSET_OF’
   93 | PX_COMPILE_TIME_ASSERT(PX_OFFSET_OF(physx::PxCapsuleGeometry, radius) == PX_OFFSET_OF(physx::PxSphereGeometry, radius));
      |                                                                          ^~~~~~~~~~~~
In file included from /public/home/tangwsh/PhysX/physx/source/simulationcontroller/src/ScConstraintBreakage.cpp:29:
/public/home/tangwsh/PhysX/physx/source/simulationcontroller/include/ScScene.h:222:15: warning: ‘physx::Sc::Scene’ has a field ‘physx::Sc::Scene::mOverlapFilterTaskHead’ whose type uses the anonymous namespace [-Wsubobject-linkage]
  222 |         class Scene : public PxUserAllocated
      |               ^~~~~
/public/home/tangwsh/PhysX/physx/source/simulationcontroller/include/ScScene.h:222:15: warning: ‘physx::Sc::Scene’ has a field ‘physx::Sc::Scene::mOverlapCreatedTaskHead’ whose type uses the anonymous namespace [-Wsubobject-linkage]
/public/home/tangwsh/PhysX/physx/source/simulationcontroller/include/ScScene.h:222:15: warning: ‘physx::Sc::Scene’ has a field ‘physx::Sc::Scene::mIslandInsertionTaskHead’ whose type uses the anonymous namespace [-Wsubobject-linkage]
[ 55%] Building CXX object CMakeFiles/SimulationController.dir/public/home/tangwsh/PhysX/physx/source/simulationcontroller/src/ScConstraintCore.cpp.o
In file included from /public/home/tangwsh/PhysX/physx/include/foundation/PxSimpleTypes.h:36,
                 from /public/home/tangwsh/PhysX/physx/include/common/PxPhysXCommonConfig.h:32,
                 from /public/home/tangwsh/PhysX/physx/include/PxPhysXConfig.h:35,
                 from /public/home/tangwsh/PhysX/physx/include/PxConstraint.h:33,
                 from /public/home/tangwsh/PhysX/physx/source/simulationcontroller/include/ScConstraintCore.h:32,
                 from /public/home/tangwsh/PhysX/physx/source/simulationcontroller/src/ScConstraintCore.cpp:29:
/public/home/tangwsh/PhysX/physx/include/foundation/PxPreprocessor.h:524: warning: "PX_SUPPORT_GPU_PHYSX" redefined
  524 |         #define PX_SUPPORT_GPU_PHYSX ((PX_X64 && (PX_WINDOWS_FAMILY || PX_LINUX)) || (PX_A64 && PX_LINUX))
      | 
<command-line>: note: this is the location of the previous definition
[ 56%] Building CXX object CMakeFiles/SimulationController.dir/public/home/tangwsh/PhysX/physx/source/simulationcontroller/src/ScConstraintInteraction.cpp.o
In file included from /public/home/tangwsh/PhysX/physx/include/foundation/PxFoundationConfig.h:32,
                 from /public/home/tangwsh/PhysX/physx/include/foundation/PxAllocatorCallback.h:33,
                 from /public/home/tangwsh/PhysX/physx/include/foundation/PxAllocator.h:32,
                 from /public/home/tangwsh/PhysX/physx/include/foundation/PxUserAllocated.h:32,
                 from /public/home/tangwsh/PhysX/physx/source/simulationcontroller/src/ScActorSim.h:32,
                 from /public/home/tangwsh/PhysX/physx/source/simulationcontroller/src/ScInteraction.h:33,
                 from /public/home/tangwsh/PhysX/physx/source/simulationcontroller/src/ScConstraintInteraction.h:32,
                 from /public/home/tangwsh/PhysX/physx/source/simulationcontroller/src/ScConstraintInteraction.cpp:29:
/public/home/tangwsh/PhysX/physx/include/foundation/PxPreprocessor.h:524: warning: "PX_SUPPORT_GPU_PHYSX" redefined
  524 |         #define PX_SUPPORT_GPU_PHYSX ((PX_X64 && (PX_WINDOWS_FAMILY || PX_LINUX)) || (PX_A64 && PX_LINUX))
      | 
<command-line>: note: this is the location of the previous definition
In file included from /public/home/tangwsh/PhysX/physx/include/foundation/PxFoundationConfig.h:32,
                 from /public/home/tangwsh/PhysX/physx/include/foundation/PxAllocatorCallback.h:33,
                 from /public/home/tangwsh/PhysX/physx/include/foundation/PxAllocator.h:32,
                 from /public/home/tangwsh/PhysX/physx/include/foundation/PxUserAllocated.h:32,
                 from /public/home/tangwsh/PhysX/physx/source/simulationcontroller/src/ScActorSim.h:32,
                 from /public/home/tangwsh/PhysX/physx/source/simulationcontroller/src/ScInteraction.h:33,
                 from /public/home/tangwsh/PhysX/physx/source/simulationcontroller/src/ScConstraintInteraction.h:32,
                 from /public/home/tangwsh/PhysX/physx/source/simulationcontroller/src/ScConstraintInteraction.cpp:29:
/public/home/tangwsh/PhysX/physx/source/geomutils/src/GuGeometryChecks.h:93:37: warning: ‘offsetof’ within non-standard-layout type ‘physx::PxCapsuleGeometry’ is conditionally-supported [-Winvalid-offsetof]
   93 | PX_COMPILE_TIME_ASSERT(PX_OFFSET_OF(physx::PxCapsuleGeometry, radius) == PX_OFFSET_OF(physx::PxSphereGeometry, radius));
/public/home/tangwsh/PhysX/physx/include/foundation/PxPreprocessor.h:430:51: note: in definition of macro ‘PX_COMPILE_TIME_ASSERT’
  430 | #define PX_COMPILE_TIME_ASSERT(exp) static_assert(exp, "")
      |                                                   ^~~
/public/home/tangwsh/PhysX/physx/source/geomutils/src/GuGeometryChecks.h:93:24: note: in expansion of macro ‘PX_OFFSET_OF’
   93 | PX_COMPILE_TIME_ASSERT(PX_OFFSET_OF(physx::PxCapsuleGeometry, radius) == PX_OFFSET_OF(physx::PxSphereGeometry, radius));
      |                        ^~~~~~~~~~~~
/public/home/tangwsh/PhysX/physx/source/geomutils/src/GuGeometryChecks.h:93:87: warning: ‘offsetof’ within non-standard-layout type ‘physx::PxSphereGeometry’ is conditionally-supported [-Winvalid-offsetof]
   93 | PX_COMPILE_TIME_ASSERT(PX_OFFSET_OF(physx::PxCapsuleGeometry, radius) == PX_OFFSET_OF(physx::PxSphereGeometry, radius));
/public/home/tangwsh/PhysX/physx/include/foundation/PxPreprocessor.h:430:51: note: in definition of macro ‘PX_COMPILE_TIME_ASSERT’
  430 | #define PX_COMPILE_TIME_ASSERT(exp) static_assert(exp, "")
      |                                                   ^~~
/public/home/tangwsh/PhysX/physx/source/geomutils/src/GuGeometryChecks.h:93:74: note: in expansion of macro ‘PX_OFFSET_OF’
   93 | PX_COMPILE_TIME_ASSERT(PX_OFFSET_OF(physx::PxCapsuleGeometry, radius) == PX_OFFSET_OF(physx::PxSphereGeometry, radius));
      |                                                                          ^~~~~~~~~~~~
In file included from /public/home/tangwsh/PhysX/physx/source/simulationcontroller/src/ScConstraintInteraction.cpp:32:
/public/home/tangwsh/PhysX/physx/source/simulationcontroller/include/ScScene.h:222:15: warning: ‘physx::Sc::Scene’ has a field ‘physx::Sc::Scene::mOverlapFilterTaskHead’ whose type uses the anonymous namespace [-Wsubobject-linkage]
  222 |         class Scene : public PxUserAllocated
      |               ^~~~~
/public/home/tangwsh/PhysX/physx/source/simulationcontroller/include/ScScene.h:222:15: warning: ‘physx::Sc::Scene’ has a field ‘physx::Sc::Scene::mOverlapCreatedTaskHead’ whose type uses the anonymous namespace [-Wsubobject-linkage]
/public/home/tangwsh/PhysX/physx/source/simulationcontroller/include/ScScene.h:222:15: warning: ‘physx::Sc::Scene’ has a field ‘physx::Sc::Scene::mIslandInsertionTaskHead’ whose type uses the anonymous namespace [-Wsubobject-linkage]
[ 56%] Building CXX object CMakeFiles/SimulationController.dir/public/home/tangwsh/PhysX/physx/source/simulationcontroller/src/ScConstraintSim.cpp.o
In file included from /public/home/tangwsh/PhysX/physx/include/foundation/PxMath.h:33,
                 from /public/home/tangwsh/PhysX/physx/include/foundation/PxVec3.h:33,
                 from /public/home/tangwsh/PhysX/physx/include/foundation/PxUtilities.h:32,
                 from /public/home/tangwsh/PhysX/physx/source/simulationcontroller/src/ScBodySim.h:32,
                 from /public/home/tangwsh/PhysX/physx/source/simulationcontroller/src/ScConstraintSim.cpp:29:
/public/home/tangwsh/PhysX/physx/include/foundation/PxPreprocessor.h:524: warning: "PX_SUPPORT_GPU_PHYSX" redefined
  524 |         #define PX_SUPPORT_GPU_PHYSX ((PX_X64 && (PX_WINDOWS_FAMILY || PX_LINUX)) || (PX_A64 && PX_LINUX))
      | 
<command-line>: note: this is the location of the previous definition
In file included from /public/home/tangwsh/PhysX/physx/include/foundation/PxMath.h:33,
                 from /public/home/tangwsh/PhysX/physx/include/foundation/PxVec3.h:33,
                 from /public/home/tangwsh/PhysX/physx/include/foundation/PxUtilities.h:32,
                 from /public/home/tangwsh/PhysX/physx/source/simulationcontroller/src/ScBodySim.h:32,
                 from /public/home/tangwsh/PhysX/physx/source/simulationcontroller/src/ScConstraintSim.cpp:29:
/public/home/tangwsh/PhysX/physx/source/geomutils/src/GuGeometryChecks.h:93:37: warning: ‘offsetof’ within non-standard-layout type ‘physx::PxCapsuleGeometry’ is conditionally-supported [-Winvalid-offsetof]
   93 | PX_COMPILE_TIME_ASSERT(PX_OFFSET_OF(physx::PxCapsuleGeometry, radius) == PX_OFFSET_OF(physx::PxSphereGeometry, radius));
/public/home/tangwsh/PhysX/physx/include/foundation/PxPreprocessor.h:430:51: note: in definition of macro ‘PX_COMPILE_TIME_ASSERT’
  430 | #define PX_COMPILE_TIME_ASSERT(exp) static_assert(exp, "")
      |                                                   ^~~
/public/home/tangwsh/PhysX/physx/source/geomutils/src/GuGeometryChecks.h:93:24: note: in expansion of macro ‘PX_OFFSET_OF’
   93 | PX_COMPILE_TIME_ASSERT(PX_OFFSET_OF(physx::PxCapsuleGeometry, radius) == PX_OFFSET_OF(physx::PxSphereGeometry, radius));
      |                        ^~~~~~~~~~~~
/public/home/tangwsh/PhysX/physx/source/geomutils/src/GuGeometryChecks.h:93:87: warning: ‘offsetof’ within non-standard-layout type ‘physx::PxSphereGeometry’ is conditionally-supported [-Winvalid-offsetof]
   93 | PX_COMPILE_TIME_ASSERT(PX_OFFSET_OF(physx::PxCapsuleGeometry, radius) == PX_OFFSET_OF(physx::PxSphereGeometry, radius));
/public/home/tangwsh/PhysX/physx/include/foundation/PxPreprocessor.h:430:51: note: in definition of macro ‘PX_COMPILE_TIME_ASSERT’
  430 | #define PX_COMPILE_TIME_ASSERT(exp) static_assert(exp, "")
      |                                                   ^~~
/public/home/tangwsh/PhysX/physx/source/geomutils/src/GuGeometryChecks.h:93:74: note: in expansion of macro ‘PX_OFFSET_OF’
   93 | PX_COMPILE_TIME_ASSERT(PX_OFFSET_OF(physx::PxCapsuleGeometry, radius) == PX_OFFSET_OF(physx::PxSphereGeometry, radius));
      |                                                                          ^~~~~~~~~~~~
In file included from /public/home/tangwsh/PhysX/physx/source/simulationcontroller/src/ScElementSim.h:38,
                 from /public/home/tangwsh/PhysX/physx/source/simulationcontroller/src/ScElementSimInteraction.h:33,
                 from /public/home/tangwsh/PhysX/physx/source/simulationcontroller/src/ScConstraintSim.cpp:34:
/public/home/tangwsh/PhysX/physx/source/simulationcontroller/include/ScScene.h:222:15: warning: ‘physx::Sc::Scene’ has a field ‘physx::Sc::Scene::mOverlapFilterTaskHead’ whose type uses the anonymous namespace [-Wsubobject-linkage]
  222 |         class Scene : public PxUserAllocated
      |               ^~~~~
/public/home/tangwsh/PhysX/physx/source/simulationcontroller/include/ScScene.h:222:15: warning: ‘physx::Sc::Scene’ has a field ‘physx::Sc::Scene::mOverlapCreatedTaskHead’ whose type uses the anonymous namespace [-Wsubobject-linkage]
/public/home/tangwsh/PhysX/physx/source/simulationcontroller/include/ScScene.h:222:15: warning: ‘physx::Sc::Scene’ has a field ‘physx::Sc::Scene::mIslandInsertionTaskHead’ whose type uses the anonymous namespace [-Wsubobject-linkage]
[ 56%] Building CXX object CMakeFiles/SimulationController.dir/public/home/tangwsh/PhysX/physx/source/simulationcontroller/src/ScDeformableSurfaceCore.cpp.o
In file included from /public/home/tangwsh/PhysX/physx/source/simulationcontroller/src/ScDeformableSurfaceCore.cpp:29:
/public/home/tangwsh/PhysX/physx/include/foundation/PxPreprocessor.h:524: warning: "PX_SUPPORT_GPU_PHYSX" redefined
  524 |         #define PX_SUPPORT_GPU_PHYSX ((PX_X64 && (PX_WINDOWS_FAMILY || PX_LINUX)) || (PX_A64 && PX_LINUX))
      | 
<command-line>: note: this is the location of the previous definition
In file included from /public/home/tangwsh/PhysX/physx/source/simulationcontroller/src/ScDeformableSurfaceCore.cpp:29:
/public/home/tangwsh/PhysX/physx/source/geomutils/src/GuGeometryChecks.h:93:37: warning: ‘offsetof’ within non-standard-layout type ‘physx::PxCapsuleGeometry’ is conditionally-supported [-Winvalid-offsetof]
   93 | PX_COMPILE_TIME_ASSERT(PX_OFFSET_OF(physx::PxCapsuleGeometry, radius) == PX_OFFSET_OF(physx::PxSphereGeometry, radius));
/public/home/tangwsh/PhysX/physx/include/foundation/PxPreprocessor.h:430:51: note: in definition of macro ‘PX_COMPILE_TIME_ASSERT’
  430 | #define PX_COMPILE_TIME_ASSERT(exp) static_assert(exp, "")
      |                                                   ^~~
/public/home/tangwsh/PhysX/physx/source/geomutils/src/GuGeometryChecks.h:93:24: note: in expansion of macro ‘PX_OFFSET_OF’
   93 | PX_COMPILE_TIME_ASSERT(PX_OFFSET_OF(physx::PxCapsuleGeometry, radius) == PX_OFFSET_OF(physx::PxSphereGeometry, radius));
      |                        ^~~~~~~~~~~~
/public/home/tangwsh/PhysX/physx/source/geomutils/src/GuGeometryChecks.h:93:87: warning: ‘offsetof’ within non-standard-layout type ‘physx::PxSphereGeometry’ is conditionally-supported [-Winvalid-offsetof]
   93 | PX_COMPILE_TIME_ASSERT(PX_OFFSET_OF(physx::PxCapsuleGeometry, radius) == PX_OFFSET_OF(physx::PxSphereGeometry, radius));
/public/home/tangwsh/PhysX/physx/include/foundation/PxPreprocessor.h:430:51: note: in definition of macro ‘PX_COMPILE_TIME_ASSERT’
  430 | #define PX_COMPILE_TIME_ASSERT(exp) static_assert(exp, "")
      |                                                   ^~~
/public/home/tangwsh/PhysX/physx/source/geomutils/src/GuGeometryChecks.h:93:74: note: in expansion of macro ‘PX_OFFSET_OF’
   93 | PX_COMPILE_TIME_ASSERT(PX_OFFSET_OF(physx::PxCapsuleGeometry, radius) == PX_OFFSET_OF(physx::PxSphereGeometry, radius));
      |                                                                          ^~~~~~~~~~~~
In file included from /public/home/tangwsh/PhysX/physx/source/simulationcontroller/src/ScElementSim.h:38,
                 from /public/home/tangwsh/PhysX/physx/source/simulationcontroller/src/ScShapeSimBase.h:30,
                 from /public/home/tangwsh/PhysX/physx/source/simulationcontroller/src/ScGpuActorSim.h:33,
                 from /public/home/tangwsh/PhysX/physx/source/simulationcontroller/src/ScDeformableSurfaceSim.h:35,
                 from /public/home/tangwsh/PhysX/physx/source/simulationcontroller/src/ScDeformableSurfaceCore.cpp:36:
/public/home/tangwsh/PhysX/physx/source/simulationcontroller/include/ScScene.h:222:15: warning: ‘physx::Sc::Scene’ has a field ‘physx::Sc::Scene::mOverlapFilterTaskHead’ whose type uses the anonymous namespace [-Wsubobject-linkage]
  222 |         class Scene : public PxUserAllocated
      |               ^~~~~
/public/home/tangwsh/PhysX/physx/source/simulationcontroller/include/ScScene.h:222:15: warning: ‘physx::Sc::Scene’ has a field ‘physx::Sc::Scene::mOverlapCreatedTaskHead’ whose type uses the anonymous namespace [-Wsubobject-linkage]
/public/home/tangwsh/PhysX/physx/source/simulationcontroller/include/ScScene.h:222:15: warning: ‘physx::Sc::Scene’ has a field ‘physx::Sc::Scene::mIslandInsertionTaskHead’ whose type uses the anonymous namespace [-Wsubobject-linkage]
[ 56%] Building CXX object CMakeFiles/SimulationController.dir/public/home/tangwsh/PhysX/physx/source/simulationcontroller/src/ScDeformableSurfaceSim.cpp.o
In file included from /public/home/tangwsh/PhysX/physx/source/simulationcontroller/src/ScDeformableSurfaceSim.cpp:27:
/public/home/tangwsh/PhysX/physx/include/foundation/PxPreprocessor.h:524: warning: "PX_SUPPORT_GPU_PHYSX" redefined
  524 |         #define PX_SUPPORT_GPU_PHYSX ((PX_X64 && (PX_WINDOWS_FAMILY || PX_LINUX)) || (PX_A64 && PX_LINUX))
      | 
<command-line>: note: this is the location of the previous definition
In file included from /public/home/tangwsh/PhysX/physx/source/simulationcontroller/src/ScDeformableSurfaceSim.cpp:27:
/public/home/tangwsh/PhysX/physx/source/geomutils/src/GuGeometryChecks.h:93:37: warning: ‘offsetof’ within non-standard-layout type ‘physx::PxCapsuleGeometry’ is conditionally-supported [-Winvalid-offsetof]
   93 | PX_COMPILE_TIME_ASSERT(PX_OFFSET_OF(physx::PxCapsuleGeometry, radius) == PX_OFFSET_OF(physx::PxSphereGeometry, radius));
/public/home/tangwsh/PhysX/physx/include/foundation/PxPreprocessor.h:430:51: note: in definition of macro ‘PX_COMPILE_TIME_ASSERT’
  430 | #define PX_COMPILE_TIME_ASSERT(exp) static_assert(exp, "")
      |                                                   ^~~
/public/home/tangwsh/PhysX/physx/source/geomutils/src/GuGeometryChecks.h:93:24: note: in expansion of macro ‘PX_OFFSET_OF’
   93 | PX_COMPILE_TIME_ASSERT(PX_OFFSET_OF(physx::PxCapsuleGeometry, radius) == PX_OFFSET_OF(physx::PxSphereGeometry, radius));
      |                        ^~~~~~~~~~~~
/public/home/tangwsh/PhysX/physx/source/geomutils/src/GuGeometryChecks.h:93:87: warning: ‘offsetof’ within non-standard-layout type ‘physx::PxSphereGeometry’ is conditionally-supported [-Winvalid-offsetof]
   93 | PX_COMPILE_TIME_ASSERT(PX_OFFSET_OF(physx::PxCapsuleGeometry, radius) == PX_OFFSET_OF(physx::PxSphereGeometry, radius));
/public/home/tangwsh/PhysX/physx/include/foundation/PxPreprocessor.h:430:51: note: in definition of macro ‘PX_COMPILE_TIME_ASSERT’
  430 | #define PX_COMPILE_TIME_ASSERT(exp) static_assert(exp, "")
      |                                                   ^~~
/public/home/tangwsh/PhysX/physx/source/geomutils/src/GuGeometryChecks.h:93:74: note: in expansion of macro ‘PX_OFFSET_OF’
   93 | PX_COMPILE_TIME_ASSERT(PX_OFFSET_OF(physx::PxCapsuleGeometry, radius) == PX_OFFSET_OF(physx::PxSphereGeometry, radius));
      |                                                                          ^~~~~~~~~~~~
In file included from /public/home/tangwsh/PhysX/physx/source/simulationcontroller/src/ScElementSim.h:38,
                 from /public/home/tangwsh/PhysX/physx/source/simulationcontroller/src/ScShapeSimBase.h:30,
                 from /public/home/tangwsh/PhysX/physx/source/simulationcontroller/src/ScGpuActorSim.h:33,
                 from /public/home/tangwsh/PhysX/physx/source/simulationcontroller/src/ScDeformableSurfaceSim.h:35,
                 from /public/home/tangwsh/PhysX/physx/source/simulationcontroller/src/ScDeformableSurfaceSim.cpp:31:
/public/home/tangwsh/PhysX/physx/source/simulationcontroller/include/ScScene.h:222:15: warning: ‘physx::Sc::Scene’ has a field ‘physx::Sc::Scene::mOverlapFilterTaskHead’ whose type uses the anonymous namespace [-Wsubobject-linkage]
  222 |         class Scene : public PxUserAllocated
      |               ^~~~~
/public/home/tangwsh/PhysX/physx/source/simulationcontroller/include/ScScene.h:222:15: warning: ‘physx::Sc::Scene’ has a field ‘physx::Sc::Scene::mOverlapCreatedTaskHead’ whose type uses the anonymous namespace [-Wsubobject-linkage]
/public/home/tangwsh/PhysX/physx/source/simulationcontroller/include/ScScene.h:222:15: warning: ‘physx::Sc::Scene’ has a field ‘physx::Sc::Scene::mIslandInsertionTaskHead’ whose type uses the anonymous namespace [-Wsubobject-linkage]
[ 56%] Building CXX object CMakeFiles/SimulationController.dir/public/home/tangwsh/PhysX/physx/source/simulationcontroller/src/ScDeformableVolumeCore.cpp.o
In file included from /public/home/tangwsh/PhysX/physx/source/simulationcontroller/src/ScDeformableVolumeCore.cpp:29:
/public/home/tangwsh/PhysX/physx/include/foundation/PxPreprocessor.h:524: warning: "PX_SUPPORT_GPU_PHYSX" redefined
  524 |         #define PX_SUPPORT_GPU_PHYSX ((PX_X64 && (PX_WINDOWS_FAMILY || PX_LINUX)) || (PX_A64 && PX_LINUX))
      | 
<command-line>: note: this is the location of the previous definition
In file included from /public/home/tangwsh/PhysX/physx/source/simulationcontroller/src/ScDeformableVolumeCore.cpp:29:
/public/home/tangwsh/PhysX/physx/source/geomutils/src/GuGeometryChecks.h:93:37: warning: ‘offsetof’ within non-standard-layout type ‘physx::PxCapsuleGeometry’ is conditionally-supported [-Winvalid-offsetof]
   93 | PX_COMPILE_TIME_ASSERT(PX_OFFSET_OF(physx::PxCapsuleGeometry, radius) == PX_OFFSET_OF(physx::PxSphereGeometry, radius));
/public/home/tangwsh/PhysX/physx/include/foundation/PxPreprocessor.h:430:51: note: in definition of macro ‘PX_COMPILE_TIME_ASSERT’
  430 | #define PX_COMPILE_TIME_ASSERT(exp) static_assert(exp, "")
      |                                                   ^~~
/public/home/tangwsh/PhysX/physx/source/geomutils/src/GuGeometryChecks.h:93:24: note: in expansion of macro ‘PX_OFFSET_OF’
   93 | PX_COMPILE_TIME_ASSERT(PX_OFFSET_OF(physx::PxCapsuleGeometry, radius) == PX_OFFSET_OF(physx::PxSphereGeometry, radius));
      |                        ^~~~~~~~~~~~
/public/home/tangwsh/PhysX/physx/source/geomutils/src/GuGeometryChecks.h:93:87: warning: ‘offsetof’ within non-standard-layout type ‘physx::PxSphereGeometry’ is conditionally-supported [-Winvalid-offsetof]
   93 | PX_COMPILE_TIME_ASSERT(PX_OFFSET_OF(physx::PxCapsuleGeometry, radius) == PX_OFFSET_OF(physx::PxSphereGeometry, radius));
/public/home/tangwsh/PhysX/physx/include/foundation/PxPreprocessor.h:430:51: note: in definition of macro ‘PX_COMPILE_TIME_ASSERT’
  430 | #define PX_COMPILE_TIME_ASSERT(exp) static_assert(exp, "")
      |                                                   ^~~
/public/home/tangwsh/PhysX/physx/source/geomutils/src/GuGeometryChecks.h:93:74: note: in expansion of macro ‘PX_OFFSET_OF’
   93 | PX_COMPILE_TIME_ASSERT(PX_OFFSET_OF(physx::PxCapsuleGeometry, radius) == PX_OFFSET_OF(physx::PxSphereGeometry, radius));
      |                                                                          ^~~~~~~~~~~~
In file included from /public/home/tangwsh/PhysX/physx/source/simulationcontroller/src/ScElementSim.h:38,
                 from /public/home/tangwsh/PhysX/physx/source/simulationcontroller/src/ScShapeSimBase.h:30,
                 from /public/home/tangwsh/PhysX/physx/source/simulationcontroller/src/ScGpuActorSim.h:33,
                 from /public/home/tangwsh/PhysX/physx/source/simulationcontroller/src/ScDeformableVolumeSim.h:35,
                 from /public/home/tangwsh/PhysX/physx/source/simulationcontroller/src/ScDeformableVolumeCore.cpp:37:
/public/home/tangwsh/PhysX/physx/source/simulationcontroller/include/ScScene.h:222:15: warning: ‘physx::Sc::Scene’ has a field ‘physx::Sc::Scene::mOverlapFilterTaskHead’ whose type uses the anonymous namespace [-Wsubobject-linkage]
  222 |         class Scene : public PxUserAllocated
      |               ^~~~~
/public/home/tangwsh/PhysX/physx/source/simulationcontroller/include/ScScene.h:222:15: warning: ‘physx::Sc::Scene’ has a field ‘physx::Sc::Scene::mOverlapCreatedTaskHead’ whose type uses the anonymous namespace [-Wsubobject-linkage]
/public/home/tangwsh/PhysX/physx/source/simulationcontroller/include/ScScene.h:222:15: warning: ‘physx::Sc::Scene’ has a field ‘physx::Sc::Scene::mIslandInsertionTaskHead’ whose type uses the anonymous namespace [-Wsubobject-linkage]
[ 57%] Building CXX object CMakeFiles/SimulationController.dir/public/home/tangwsh/PhysX/physx/source/simulationcontroller/src/ScDeformableVolumeSim.cpp.o
In file included from /public/home/tangwsh/PhysX/physx/source/simulationcontroller/src/ScDeformableVolumeSim.cpp:27:
/public/home/tangwsh/PhysX/physx/include/foundation/PxPreprocessor.h:524: warning: "PX_SUPPORT_GPU_PHYSX" redefined
  524 |         #define PX_SUPPORT_GPU_PHYSX ((PX_X64 && (PX_WINDOWS_FAMILY || PX_LINUX)) || (PX_A64 && PX_LINUX))
      | 
<command-line>: note: this is the location of the previous definition
In file included from /public/home/tangwsh/PhysX/physx/source/simulationcontroller/src/ScDeformableVolumeSim.cpp:27:
/public/home/tangwsh/PhysX/physx/source/geomutils/src/GuGeometryChecks.h:93:37: warning: ‘offsetof’ within non-standard-layout type ‘physx::PxCapsuleGeometry’ is conditionally-supported [-Winvalid-offsetof]
   93 | PX_COMPILE_TIME_ASSERT(PX_OFFSET_OF(physx::PxCapsuleGeometry, radius) == PX_OFFSET_OF(physx::PxSphereGeometry, radius));
/public/home/tangwsh/PhysX/physx/include/foundation/PxPreprocessor.h:430:51: note: in definition of macro ‘PX_COMPILE_TIME_ASSERT’
  430 | #define PX_COMPILE_TIME_ASSERT(exp) static_assert(exp, "")
      |                                                   ^~~
/public/home/tangwsh/PhysX/physx/source/geomutils/src/GuGeometryChecks.h:93:24: note: in expansion of macro ‘PX_OFFSET_OF’
   93 | PX_COMPILE_TIME_ASSERT(PX_OFFSET_OF(physx::PxCapsuleGeometry, radius) == PX_OFFSET_OF(physx::PxSphereGeometry, radius));
      |                        ^~~~~~~~~~~~
/public/home/tangwsh/PhysX/physx/source/geomutils/src/GuGeometryChecks.h:93:87: warning: ‘offsetof’ within non-standard-layout type ‘physx::PxSphereGeometry’ is conditionally-supported [-Winvalid-offsetof]
   93 | PX_COMPILE_TIME_ASSERT(PX_OFFSET_OF(physx::PxCapsuleGeometry, radius) == PX_OFFSET_OF(physx::PxSphereGeometry, radius));
/public/home/tangwsh/PhysX/physx/include/foundation/PxPreprocessor.h:430:51: note: in definition of macro ‘PX_COMPILE_TIME_ASSERT’
  430 | #define PX_COMPILE_TIME_ASSERT(exp) static_assert(exp, "")
      |                                                   ^~~
/public/home/tangwsh/PhysX/physx/source/geomutils/src/GuGeometryChecks.h:93:74: note: in expansion of macro ‘PX_OFFSET_OF’
   93 | PX_COMPILE_TIME_ASSERT(PX_OFFSET_OF(physx::PxCapsuleGeometry, radius) == PX_OFFSET_OF(physx::PxSphereGeometry, radius));
      |                                                                          ^~~~~~~~~~~~
In file included from /public/home/tangwsh/PhysX/physx/source/simulationcontroller/src/ScElementSim.h:38,
                 from /public/home/tangwsh/PhysX/physx/source/simulationcontroller/src/ScShapeSimBase.h:30,
                 from /public/home/tangwsh/PhysX/physx/source/simulationcontroller/src/ScGpuActorSim.h:33,
                 from /public/home/tangwsh/PhysX/physx/source/simulationcontroller/src/ScDeformableVolumeSim.h:35,
                 from /public/home/tangwsh/PhysX/physx/source/simulationcontroller/src/ScDeformableVolumeSim.cpp:31:
/public/home/tangwsh/PhysX/physx/source/simulationcontroller/include/ScScene.h:222:15: warning: ‘physx::Sc::Scene’ has a field ‘physx::Sc::Scene::mOverlapFilterTaskHead’ whose type uses the anonymous namespace [-Wsubobject-linkage]
  222 |         class Scene : public PxUserAllocated
      |               ^~~~~
/public/home/tangwsh/PhysX/physx/source/simulationcontroller/include/ScScene.h:222:15: warning: ‘physx::Sc::Scene’ has a field ‘physx::Sc::Scene::mOverlapCreatedTaskHead’ whose type uses the anonymous namespace [-Wsubobject-linkage]
/public/home/tangwsh/PhysX/physx/source/simulationcontroller/include/ScScene.h:222:15: warning: ‘physx::Sc::Scene’ has a field ‘physx::Sc::Scene::mIslandInsertionTaskHead’ whose type uses the anonymous namespace [-Wsubobject-linkage]
[ 57%] Building CXX object CMakeFiles/SimulationController.dir/public/home/tangwsh/PhysX/physx/source/simulationcontroller/src/ScElementInteractionMarker.cpp.o
In file included from /public/home/tangwsh/PhysX/physx/include/foundation/PxFoundationConfig.h:32,
                 from /public/home/tangwsh/PhysX/physx/include/foundation/PxAllocatorCallback.h:33,
                 from /public/home/tangwsh/PhysX/physx/include/foundation/PxAllocator.h:32,
                 from /public/home/tangwsh/PhysX/physx/include/foundation/PxUserAllocated.h:32,
                 from /public/home/tangwsh/PhysX/physx/source/simulationcontroller/src/ScActorSim.h:32,
                 from /public/home/tangwsh/PhysX/physx/source/simulationcontroller/src/ScInteraction.h:33,
                 from /public/home/tangwsh/PhysX/physx/source/simulationcontroller/src/ScElementSimInteraction.h:32,
                 from /public/home/tangwsh/PhysX/physx/source/simulationcontroller/src/ScElementInteractionMarker.h:32,
                 from /public/home/tangwsh/PhysX/physx/source/simulationcontroller/src/ScElementInteractionMarker.cpp:29:
/public/home/tangwsh/PhysX/physx/include/foundation/PxPreprocessor.h:524: warning: "PX_SUPPORT_GPU_PHYSX" redefined
  524 |         #define PX_SUPPORT_GPU_PHYSX ((PX_X64 && (PX_WINDOWS_FAMILY || PX_LINUX)) || (PX_A64 && PX_LINUX))
      | 
<command-line>: note: this is the location of the previous definition
In file included from /public/home/tangwsh/PhysX/physx/include/foundation/PxFoundationConfig.h:32,
                 from /public/home/tangwsh/PhysX/physx/include/foundation/PxAllocatorCallback.h:33,
                 from /public/home/tangwsh/PhysX/physx/include/foundation/PxAllocator.h:32,
                 from /public/home/tangwsh/PhysX/physx/include/foundation/PxUserAllocated.h:32,
                 from /public/home/tangwsh/PhysX/physx/source/simulationcontroller/src/ScActorSim.h:32,
                 from /public/home/tangwsh/PhysX/physx/source/simulationcontroller/src/ScInteraction.h:33,
                 from /public/home/tangwsh/PhysX/physx/source/simulationcontroller/src/ScElementSimInteraction.h:32,
                 from /public/home/tangwsh/PhysX/physx/source/simulationcontroller/src/ScElementInteractionMarker.h:32,
                 from /public/home/tangwsh/PhysX/physx/source/simulationcontroller/src/ScElementInteractionMarker.cpp:29:
/public/home/tangwsh/PhysX/physx/source/geomutils/src/GuGeometryChecks.h:93:37: warning: ‘offsetof’ within non-standard-layout type ‘physx::PxCapsuleGeometry’ is conditionally-supported [-Winvalid-offsetof]
   93 | PX_COMPILE_TIME_ASSERT(PX_OFFSET_OF(physx::PxCapsuleGeometry, radius) == PX_OFFSET_OF(physx::PxSphereGeometry, radius));
/public/home/tangwsh/PhysX/physx/include/foundation/PxPreprocessor.h:430:51: note: in definition of macro ‘PX_COMPILE_TIME_ASSERT’
  430 | #define PX_COMPILE_TIME_ASSERT(exp) static_assert(exp, "")
      |                                                   ^~~
/public/home/tangwsh/PhysX/physx/source/geomutils/src/GuGeometryChecks.h:93:24: note: in expansion of macro ‘PX_OFFSET_OF’
   93 | PX_COMPILE_TIME_ASSERT(PX_OFFSET_OF(physx::PxCapsuleGeometry, radius) == PX_OFFSET_OF(physx::PxSphereGeometry, radius));
      |                        ^~~~~~~~~~~~
/public/home/tangwsh/PhysX/physx/source/geomutils/src/GuGeometryChecks.h:93:87: warning: ‘offsetof’ within non-standard-layout type ‘physx::PxSphereGeometry’ is conditionally-supported [-Winvalid-offsetof]
   93 | PX_COMPILE_TIME_ASSERT(PX_OFFSET_OF(physx::PxCapsuleGeometry, radius) == PX_OFFSET_OF(physx::PxSphereGeometry, radius));
/public/home/tangwsh/PhysX/physx/include/foundation/PxPreprocessor.h:430:51: note: in definition of macro ‘PX_COMPILE_TIME_ASSERT’
  430 | #define PX_COMPILE_TIME_ASSERT(exp) static_assert(exp, "")
      |                                                   ^~~
/public/home/tangwsh/PhysX/physx/source/geomutils/src/GuGeometryChecks.h:93:74: note: in expansion of macro ‘PX_OFFSET_OF’
   93 | PX_COMPILE_TIME_ASSERT(PX_OFFSET_OF(physx::PxCapsuleGeometry, radius) == PX_OFFSET_OF(physx::PxSphereGeometry, radius));
      |                                                                          ^~~~~~~~~~~~
In file included from /public/home/tangwsh/PhysX/physx/source/simulationcontroller/src/ScElementSim.h:38,
                 from /public/home/tangwsh/PhysX/physx/source/simulationcontroller/src/ScElementSimInteraction.h:33,
                 from /public/home/tangwsh/PhysX/physx/source/simulationcontroller/src/ScElementInteractionMarker.h:32,
                 from /public/home/tangwsh/PhysX/physx/source/simulationcontroller/src/ScElementInteractionMarker.cpp:29:
/public/home/tangwsh/PhysX/physx/source/simulationcontroller/include/ScScene.h:222:15: warning: ‘physx::Sc::Scene’ has a field ‘physx::Sc::Scene::mOverlapFilterTaskHead’ whose type uses the anonymous namespace [-Wsubobject-linkage]
  222 |         class Scene : public PxUserAllocated
      |               ^~~~~
/public/home/tangwsh/PhysX/physx/source/simulationcontroller/include/ScScene.h:222:15: warning: ‘physx::Sc::Scene’ has a field ‘physx::Sc::Scene::mOverlapCreatedTaskHead’ whose type uses the anonymous namespace [-Wsubobject-linkage]
/public/home/tangwsh/PhysX/physx/source/simulationcontroller/include/ScScene.h:222:15: warning: ‘physx::Sc::Scene’ has a field ‘physx::Sc::Scene::mIslandInsertionTaskHead’ whose type uses the anonymous namespace [-Wsubobject-linkage]
[ 57%] Building CXX object CMakeFiles/SimulationController.dir/public/home/tangwsh/PhysX/physx/source/simulationcontroller/src/ScElementSim.cpp.o
In file included from /public/home/tangwsh/PhysX/physx/include/foundation/PxSimpleTypes.h:36,
                 from /public/home/tangwsh/PhysX/physx/include/common/PxPhysXCommonConfig.h:32,
                 from /public/home/tangwsh/PhysX/physx/include/PxPhysXConfig.h:35,
                 from /public/home/tangwsh/PhysX/physx/include/PxFiltering.h:32,
                 from /public/home/tangwsh/PhysX/physx/source/simulationcontroller/src/ScElementSim.h:32,
                 from /public/home/tangwsh/PhysX/physx/source/simulationcontroller/src/ScElementSim.cpp:29:
/public/home/tangwsh/PhysX/physx/include/foundation/PxPreprocessor.h:524: warning: "PX_SUPPORT_GPU_PHYSX" redefined
  524 |         #define PX_SUPPORT_GPU_PHYSX ((PX_X64 && (PX_WINDOWS_FAMILY || PX_LINUX)) || (PX_A64 && PX_LINUX))
      | 
<command-line>: note: this is the location of the previous definition
In file included from /public/home/tangwsh/PhysX/physx/include/foundation/PxSimpleTypes.h:36,
                 from /public/home/tangwsh/PhysX/physx/include/common/PxPhysXCommonConfig.h:32,
                 from /public/home/tangwsh/PhysX/physx/include/PxPhysXConfig.h:35,
                 from /public/home/tangwsh/PhysX/physx/include/PxFiltering.h:32,
                 from /public/home/tangwsh/PhysX/physx/source/simulationcontroller/src/ScElementSim.h:32,
                 from /public/home/tangwsh/PhysX/physx/source/simulationcontroller/src/ScElementSim.cpp:29:
/public/home/tangwsh/PhysX/physx/source/geomutils/src/GuGeometryChecks.h:93:37: warning: ‘offsetof’ within non-standard-layout type ‘physx::PxCapsuleGeometry’ is conditionally-supported [-Winvalid-offsetof]
   93 | PX_COMPILE_TIME_ASSERT(PX_OFFSET_OF(physx::PxCapsuleGeometry, radius) == PX_OFFSET_OF(physx::PxSphereGeometry, radius));
/public/home/tangwsh/PhysX/physx/include/foundation/PxPreprocessor.h:430:51: note: in definition of macro ‘PX_COMPILE_TIME_ASSERT’
  430 | #define PX_COMPILE_TIME_ASSERT(exp) static_assert(exp, "")
      |                                                   ^~~
/public/home/tangwsh/PhysX/physx/source/geomutils/src/GuGeometryChecks.h:93:24: note: in expansion of macro ‘PX_OFFSET_OF’
   93 | PX_COMPILE_TIME_ASSERT(PX_OFFSET_OF(physx::PxCapsuleGeometry, radius) == PX_OFFSET_OF(physx::PxSphereGeometry, radius));
      |                        ^~~~~~~~~~~~
/public/home/tangwsh/PhysX/physx/source/geomutils/src/GuGeometryChecks.h:93:87: warning: ‘offsetof’ within non-standard-layout type ‘physx::PxSphereGeometry’ is conditionally-supported [-Winvalid-offsetof]
   93 | PX_COMPILE_TIME_ASSERT(PX_OFFSET_OF(physx::PxCapsuleGeometry, radius) == PX_OFFSET_OF(physx::PxSphereGeometry, radius));
/public/home/tangwsh/PhysX/physx/include/foundation/PxPreprocessor.h:430:51: note: in definition of macro ‘PX_COMPILE_TIME_ASSERT’
  430 | #define PX_COMPILE_TIME_ASSERT(exp) static_assert(exp, "")
      |                                                   ^~~
/public/home/tangwsh/PhysX/physx/source/geomutils/src/GuGeometryChecks.h:93:74: note: in expansion of macro ‘PX_OFFSET_OF’
   93 | PX_COMPILE_TIME_ASSERT(PX_OFFSET_OF(physx::PxCapsuleGeometry, radius) == PX_OFFSET_OF(physx::PxSphereGeometry, radius));
      |                                                                          ^~~~~~~~~~~~
In file included from /public/home/tangwsh/PhysX/physx/source/simulationcontroller/src/ScElementSim.h:38,
                 from /public/home/tangwsh/PhysX/physx/source/simulationcontroller/src/ScElementSim.cpp:29:
/public/home/tangwsh/PhysX/physx/source/simulationcontroller/include/ScScene.h:222:15: warning: ‘physx::Sc::Scene’ has a field ‘physx::Sc::Scene::mOverlapFilterTaskHead’ whose type uses the anonymous namespace [-Wsubobject-linkage]
  222 |         class Scene : public PxUserAllocated
      |               ^~~~~
/public/home/tangwsh/PhysX/physx/source/simulationcontroller/include/ScScene.h:222:15: warning: ‘physx::Sc::Scene’ has a field ‘physx::Sc::Scene::mOverlapCreatedTaskHead’ whose type uses the anonymous namespace [-Wsubobject-linkage]
/public/home/tangwsh/PhysX/physx/source/simulationcontroller/include/ScScene.h:222:15: warning: ‘physx::Sc::Scene’ has a field ‘physx::Sc::Scene::mIslandInsertionTaskHead’ whose type uses the anonymous namespace [-Wsubobject-linkage]
[ 57%] Building CXX object CMakeFiles/SimulationController.dir/public/home/tangwsh/PhysX/physx/source/simulationcontroller/src/ScFiltering.cpp.o
In file included from /public/home/tangwsh/PhysX/physx/include/foundation/PxSimpleTypes.h:36,
                 from /public/home/tangwsh/PhysX/physx/include/common/PxPhysXCommonConfig.h:32,
                 from /public/home/tangwsh/PhysX/physx/include/PxPhysXConfig.h:35,
                 from /public/home/tangwsh/PhysX/physx/include/PxFiltering.h:32,
                 from /public/home/tangwsh/PhysX/physx/source/simulationcontroller/src/ScFiltering.h:32,
                 from /public/home/tangwsh/PhysX/physx/source/simulationcontroller/src/ScFiltering.cpp:29:
/public/home/tangwsh/PhysX/physx/include/foundation/PxPreprocessor.h:524: warning: "PX_SUPPORT_GPU_PHYSX" redefined
  524 |         #define PX_SUPPORT_GPU_PHYSX ((PX_X64 && (PX_WINDOWS_FAMILY || PX_LINUX)) || (PX_A64 && PX_LINUX))
      | 
<command-line>: note: this is the location of the previous definition
In file included from /public/home/tangwsh/PhysX/physx/include/foundation/PxSimpleTypes.h:36,
                 from /public/home/tangwsh/PhysX/physx/include/common/PxPhysXCommonConfig.h:32,
                 from /public/home/tangwsh/PhysX/physx/include/PxPhysXConfig.h:35,
                 from /public/home/tangwsh/PhysX/physx/include/PxFiltering.h:32,
                 from /public/home/tangwsh/PhysX/physx/source/simulationcontroller/src/ScFiltering.h:32,
                 from /public/home/tangwsh/PhysX/physx/source/simulationcontroller/src/ScFiltering.cpp:29:
/public/home/tangwsh/PhysX/physx/source/geomutils/src/GuGeometryChecks.h:93:37: warning: ‘offsetof’ within non-standard-layout type ‘physx::PxCapsuleGeometry’ is conditionally-supported [-Winvalid-offsetof]
   93 | PX_COMPILE_TIME_ASSERT(PX_OFFSET_OF(physx::PxCapsuleGeometry, radius) == PX_OFFSET_OF(physx::PxSphereGeometry, radius));
/public/home/tangwsh/PhysX/physx/include/foundation/PxPreprocessor.h:430:51: note: in definition of macro ‘PX_COMPILE_TIME_ASSERT’
  430 | #define PX_COMPILE_TIME_ASSERT(exp) static_assert(exp, "")
      |                                                   ^~~
/public/home/tangwsh/PhysX/physx/source/geomutils/src/GuGeometryChecks.h:93:24: note: in expansion of macro ‘PX_OFFSET_OF’
   93 | PX_COMPILE_TIME_ASSERT(PX_OFFSET_OF(physx::PxCapsuleGeometry, radius) == PX_OFFSET_OF(physx::PxSphereGeometry, radius));
      |                        ^~~~~~~~~~~~
/public/home/tangwsh/PhysX/physx/source/geomutils/src/GuGeometryChecks.h:93:87: warning: ‘offsetof’ within non-standard-layout type ‘physx::PxSphereGeometry’ is conditionally-supported [-Winvalid-offsetof]
   93 | PX_COMPILE_TIME_ASSERT(PX_OFFSET_OF(physx::PxCapsuleGeometry, radius) == PX_OFFSET_OF(physx::PxSphereGeometry, radius));
/public/home/tangwsh/PhysX/physx/include/foundation/PxPreprocessor.h:430:51: note: in definition of macro ‘PX_COMPILE_TIME_ASSERT’
  430 | #define PX_COMPILE_TIME_ASSERT(exp) static_assert(exp, "")
      |                                                   ^~~
/public/home/tangwsh/PhysX/physx/source/geomutils/src/GuGeometryChecks.h:93:74: note: in expansion of macro ‘PX_OFFSET_OF’
   93 | PX_COMPILE_TIME_ASSERT(PX_OFFSET_OF(physx::PxCapsuleGeometry, radius) == PX_OFFSET_OF(physx::PxSphereGeometry, radius));
      |                                                                          ^~~~~~~~~~~~
In file included from /public/home/tangwsh/PhysX/physx/source/simulationcontroller/src/ScElementSim.h:38,
                 from /public/home/tangwsh/PhysX/physx/source/simulationcontroller/src/ScElementSimInteraction.h:33,
                 from /public/home/tangwsh/PhysX/physx/source/simulationcontroller/src/ScShapeInteraction.h:32,
                 from /public/home/tangwsh/PhysX/physx/source/simulationcontroller/src/ScFiltering.cpp:30:
/public/home/tangwsh/PhysX/physx/source/simulationcontroller/include/ScScene.h:222:15: warning: ‘physx::Sc::Scene’ has a field ‘physx::Sc::Scene::mOverlapFilterTaskHead’ whose type uses the anonymous namespace [-Wsubobject-linkage]
  222 |         class Scene : public PxUserAllocated
      |               ^~~~~
/public/home/tangwsh/PhysX/physx/source/simulationcontroller/include/ScScene.h:222:15: warning: ‘physx::Sc::Scene’ has a field ‘physx::Sc::Scene::mOverlapCreatedTaskHead’ whose type uses the anonymous namespace [-Wsubobject-linkage]
/public/home/tangwsh/PhysX/physx/source/simulationcontroller/include/ScScene.h:222:15: warning: ‘physx::Sc::Scene’ has a field ‘physx::Sc::Scene::mIslandInsertionTaskHead’ whose type uses the anonymous namespace [-Wsubobject-linkage]
[ 57%] Building CXX object CMakeFiles/SimulationController.dir/public/home/tangwsh/PhysX/physx/source/simulationcontroller/src/ScGpuActorSim.cpp.o
In file included from /public/home/tangwsh/PhysX/physx/include/foundation/PxFoundationConfig.h:32,
                 from /public/home/tangwsh/PhysX/physx/include/foundation/PxAllocatorCallback.h:33,
                 from /public/home/tangwsh/PhysX/physx/include/foundation/PxAllocator.h:32,
                 from /public/home/tangwsh/PhysX/physx/include/foundation/PxUserAllocated.h:32,
                 from /public/home/tangwsh/PhysX/physx/source/simulationcontroller/src/ScActorSim.h:32,
                 from /public/home/tangwsh/PhysX/physx/source/simulationcontroller/src/ScGpuActorSim.h:32,
                 from /public/home/tangwsh/PhysX/physx/source/simulationcontroller/src/ScGpuActorSim.cpp:29:
/public/home/tangwsh/PhysX/physx/include/foundation/PxPreprocessor.h:524: warning: "PX_SUPPORT_GPU_PHYSX" redefined
  524 |         #define PX_SUPPORT_GPU_PHYSX ((PX_X64 && (PX_WINDOWS_FAMILY || PX_LINUX)) || (PX_A64 && PX_LINUX))
      | 
<command-line>: note: this is the location of the previous definition
In file included from /public/home/tangwsh/PhysX/physx/include/foundation/PxFoundationConfig.h:32,
                 from /public/home/tangwsh/PhysX/physx/include/foundation/PxAllocatorCallback.h:33,
                 from /public/home/tangwsh/PhysX/physx/include/foundation/PxAllocator.h:32,
                 from /public/home/tangwsh/PhysX/physx/include/foundation/PxUserAllocated.h:32,
                 from /public/home/tangwsh/PhysX/physx/source/simulationcontroller/src/ScActorSim.h:32,
                 from /public/home/tangwsh/PhysX/physx/source/simulationcontroller/src/ScGpuActorSim.h:32,
                 from /public/home/tangwsh/PhysX/physx/source/simulationcontroller/src/ScGpuActorSim.cpp:29:
/public/home/tangwsh/PhysX/physx/source/geomutils/src/GuGeometryChecks.h:93:37: warning: ‘offsetof’ within non-standard-layout type ‘physx::PxCapsuleGeometry’ is conditionally-supported [-Winvalid-offsetof]
   93 | PX_COMPILE_TIME_ASSERT(PX_OFFSET_OF(physx::PxCapsuleGeometry, radius) == PX_OFFSET_OF(physx::PxSphereGeometry, radius));
/public/home/tangwsh/PhysX/physx/include/foundation/PxPreprocessor.h:430:51: note: in definition of macro ‘PX_COMPILE_TIME_ASSERT’
  430 | #define PX_COMPILE_TIME_ASSERT(exp) static_assert(exp, "")
      |                                                   ^~~
/public/home/tangwsh/PhysX/physx/source/geomutils/src/GuGeometryChecks.h:93:24: note: in expansion of macro ‘PX_OFFSET_OF’
   93 | PX_COMPILE_TIME_ASSERT(PX_OFFSET_OF(physx::PxCapsuleGeometry, radius) == PX_OFFSET_OF(physx::PxSphereGeometry, radius));
      |                        ^~~~~~~~~~~~
/public/home/tangwsh/PhysX/physx/source/geomutils/src/GuGeometryChecks.h:93:87: warning: ‘offsetof’ within non-standard-layout type ‘physx::PxSphereGeometry’ is conditionally-supported [-Winvalid-offsetof]
   93 | PX_COMPILE_TIME_ASSERT(PX_OFFSET_OF(physx::PxCapsuleGeometry, radius) == PX_OFFSET_OF(physx::PxSphereGeometry, radius));
/public/home/tangwsh/PhysX/physx/include/foundation/PxPreprocessor.h:430:51: note: in definition of macro ‘PX_COMPILE_TIME_ASSERT’
  430 | #define PX_COMPILE_TIME_ASSERT(exp) static_assert(exp, "")
      |                                                   ^~~
/public/home/tangwsh/PhysX/physx/source/geomutils/src/GuGeometryChecks.h:93:74: note: in expansion of macro ‘PX_OFFSET_OF’
   93 | PX_COMPILE_TIME_ASSERT(PX_OFFSET_OF(physx::PxCapsuleGeometry, radius) == PX_OFFSET_OF(physx::PxSphereGeometry, radius));
      |                                                                          ^~~~~~~~~~~~
In file included from /public/home/tangwsh/PhysX/physx/source/simulationcontroller/src/ScElementSim.h:38,
                 from /public/home/tangwsh/PhysX/physx/source/simulationcontroller/src/ScShapeSimBase.h:30,
                 from /public/home/tangwsh/PhysX/physx/source/simulationcontroller/src/ScGpuActorSim.h:33,
                 from /public/home/tangwsh/PhysX/physx/source/simulationcontroller/src/ScGpuActorSim.cpp:29:
/public/home/tangwsh/PhysX/physx/source/simulationcontroller/include/ScScene.h:222:15: warning: ‘physx::Sc::Scene’ has a field ‘physx::Sc::Scene::mOverlapFilterTaskHead’ whose type uses the anonymous namespace [-Wsubobject-linkage]
  222 |         class Scene : public PxUserAllocated
      |               ^~~~~
/public/home/tangwsh/PhysX/physx/source/simulationcontroller/include/ScScene.h:222:15: warning: ‘physx::Sc::Scene’ has a field ‘physx::Sc::Scene::mOverlapCreatedTaskHead’ whose type uses the anonymous namespace [-Wsubobject-linkage]
/public/home/tangwsh/PhysX/physx/source/simulationcontroller/include/ScScene.h:222:15: warning: ‘physx::Sc::Scene’ has a field ‘physx::Sc::Scene::mIslandInsertionTaskHead’ whose type uses the anonymous namespace [-Wsubobject-linkage]
[ 58%] Building CXX object CMakeFiles/SimulationController.dir/public/home/tangwsh/PhysX/physx/source/simulationcontroller/src/ScInteraction.cpp.o
In file included from /public/home/tangwsh/PhysX/physx/include/foundation/PxFoundationConfig.h:32,
                 from /public/home/tangwsh/PhysX/physx/include/foundation/PxAllocatorCallback.h:33,
                 from /public/home/tangwsh/PhysX/physx/include/foundation/PxAllocator.h:32,
                 from /public/home/tangwsh/PhysX/physx/include/foundation/PxUserAllocated.h:32,
                 from /public/home/tangwsh/PhysX/physx/source/simulationcontroller/src/ScActorSim.h:32,
                 from /public/home/tangwsh/PhysX/physx/source/simulationcontroller/src/ScInteraction.h:33,
                 from /public/home/tangwsh/PhysX/physx/source/simulationcontroller/src/ScInteraction.cpp:30:
/public/home/tangwsh/PhysX/physx/include/foundation/PxPreprocessor.h:524: warning: "PX_SUPPORT_GPU_PHYSX" redefined
  524 |         #define PX_SUPPORT_GPU_PHYSX ((PX_X64 && (PX_WINDOWS_FAMILY || PX_LINUX)) || (PX_A64 && PX_LINUX))
      | 
<command-line>: note: this is the location of the previous definition
In file included from /public/home/tangwsh/PhysX/physx/include/foundation/PxFoundationConfig.h:32,
                 from /public/home/tangwsh/PhysX/physx/include/foundation/PxAllocatorCallback.h:33,
                 from /public/home/tangwsh/PhysX/physx/include/foundation/PxAllocator.h:32,
                 from /public/home/tangwsh/PhysX/physx/include/foundation/PxUserAllocated.h:32,
                 from /public/home/tangwsh/PhysX/physx/source/simulationcontroller/src/ScActorSim.h:32,
                 from /public/home/tangwsh/PhysX/physx/source/simulationcontroller/src/ScInteraction.h:33,
                 from /public/home/tangwsh/PhysX/physx/source/simulationcontroller/src/ScInteraction.cpp:30:
/public/home/tangwsh/PhysX/physx/source/geomutils/src/GuGeometryChecks.h:93:37: warning: ‘offsetof’ within non-standard-layout type ‘physx::PxCapsuleGeometry’ is conditionally-supported [-Winvalid-offsetof]
   93 | PX_COMPILE_TIME_ASSERT(PX_OFFSET_OF(physx::PxCapsuleGeometry, radius) == PX_OFFSET_OF(physx::PxSphereGeometry, radius));
/public/home/tangwsh/PhysX/physx/include/foundation/PxPreprocessor.h:430:51: note: in definition of macro ‘PX_COMPILE_TIME_ASSERT’
  430 | #define PX_COMPILE_TIME_ASSERT(exp) static_assert(exp, "")
      |                                                   ^~~
/public/home/tangwsh/PhysX/physx/source/geomutils/src/GuGeometryChecks.h:93:24: note: in expansion of macro ‘PX_OFFSET_OF’
   93 | PX_COMPILE_TIME_ASSERT(PX_OFFSET_OF(physx::PxCapsuleGeometry, radius) == PX_OFFSET_OF(physx::PxSphereGeometry, radius));
      |                        ^~~~~~~~~~~~
/public/home/tangwsh/PhysX/physx/source/geomutils/src/GuGeometryChecks.h:93:87: warning: ‘offsetof’ within non-standard-layout type ‘physx::PxSphereGeometry’ is conditionally-supported [-Winvalid-offsetof]
   93 | PX_COMPILE_TIME_ASSERT(PX_OFFSET_OF(physx::PxCapsuleGeometry, radius) == PX_OFFSET_OF(physx::PxSphereGeometry, radius));
/public/home/tangwsh/PhysX/physx/include/foundation/PxPreprocessor.h:430:51: note: in definition of macro ‘PX_COMPILE_TIME_ASSERT’
  430 | #define PX_COMPILE_TIME_ASSERT(exp) static_assert(exp, "")
      |                                                   ^~~
/public/home/tangwsh/PhysX/physx/source/geomutils/src/GuGeometryChecks.h:93:74: note: in expansion of macro ‘PX_OFFSET_OF’
   93 | PX_COMPILE_TIME_ASSERT(PX_OFFSET_OF(physx::PxCapsuleGeometry, radius) == PX_OFFSET_OF(physx::PxSphereGeometry, radius));
      |                                                                          ^~~~~~~~~~~~
In file included from /public/home/tangwsh/PhysX/physx/source/simulationcontroller/src/ScNPhaseCore.h:45,
                 from /public/home/tangwsh/PhysX/physx/source/simulationcontroller/src/ScInteraction.cpp:31:
/public/home/tangwsh/PhysX/physx/source/simulationcontroller/include/ScScene.h:222:15: warning: ‘physx::Sc::Scene’ has a field ‘physx::Sc::Scene::mOverlapFilterTaskHead’ whose type uses the anonymous namespace [-Wsubobject-linkage]
  222 |         class Scene : public PxUserAllocated
      |               ^~~~~
/public/home/tangwsh/PhysX/physx/source/simulationcontroller/include/ScScene.h:222:15: warning: ‘physx::Sc::Scene’ has a field ‘physx::Sc::Scene::mOverlapCreatedTaskHead’ whose type uses the anonymous namespace [-Wsubobject-linkage]
/public/home/tangwsh/PhysX/physx/source/simulationcontroller/include/ScScene.h:222:15: warning: ‘physx::Sc::Scene’ has a field ‘physx::Sc::Scene::mIslandInsertionTaskHead’ whose type uses the anonymous namespace [-Wsubobject-linkage]
[ 58%] Building CXX object CMakeFiles/SimulationController.dir/public/home/tangwsh/PhysX/physx/source/simulationcontroller/src/ScIterators.cpp.o
In file included from /public/home/tangwsh/PhysX/physx/include/foundation/PxMath.h:33,
                 from /public/home/tangwsh/PhysX/physx/include/foundation/PxVec3.h:33,
                 from /public/home/tangwsh/PhysX/physx/source/simulationcontroller/include/ScIterators.h:32,
                 from /public/home/tangwsh/PhysX/physx/source/simulationcontroller/src/ScIterators.cpp:30:
/public/home/tangwsh/PhysX/physx/include/foundation/PxPreprocessor.h:524: warning: "PX_SUPPORT_GPU_PHYSX" redefined
  524 |         #define PX_SUPPORT_GPU_PHYSX ((PX_X64 && (PX_WINDOWS_FAMILY || PX_LINUX)) || (PX_A64 && PX_LINUX))
      | 
<command-line>: note: this is the location of the previous definition
In file included from /public/home/tangwsh/PhysX/physx/include/foundation/PxMath.h:33,
                 from /public/home/tangwsh/PhysX/physx/include/foundation/PxVec3.h:33,
                 from /public/home/tangwsh/PhysX/physx/source/simulationcontroller/include/ScIterators.h:32,
                 from /public/home/tangwsh/PhysX/physx/source/simulationcontroller/src/ScIterators.cpp:30:
/public/home/tangwsh/PhysX/physx/source/geomutils/src/GuGeometryChecks.h:93:37: warning: ‘offsetof’ within non-standard-layout type ‘physx::PxCapsuleGeometry’ is conditionally-supported [-Winvalid-offsetof]
   93 | PX_COMPILE_TIME_ASSERT(PX_OFFSET_OF(physx::PxCapsuleGeometry, radius) == PX_OFFSET_OF(physx::PxSphereGeometry, radius));
/public/home/tangwsh/PhysX/physx/include/foundation/PxPreprocessor.h:430:51: note: in definition of macro ‘PX_COMPILE_TIME_ASSERT’
  430 | #define PX_COMPILE_TIME_ASSERT(exp) static_assert(exp, "")
      |                                                   ^~~
/public/home/tangwsh/PhysX/physx/source/geomutils/src/GuGeometryChecks.h:93:24: note: in expansion of macro ‘PX_OFFSET_OF’
   93 | PX_COMPILE_TIME_ASSERT(PX_OFFSET_OF(physx::PxCapsuleGeometry, radius) == PX_OFFSET_OF(physx::PxSphereGeometry, radius));
      |                        ^~~~~~~~~~~~
/public/home/tangwsh/PhysX/physx/source/geomutils/src/GuGeometryChecks.h:93:87: warning: ‘offsetof’ within non-standard-layout type ‘physx::PxSphereGeometry’ is conditionally-supported [-Winvalid-offsetof]
   93 | PX_COMPILE_TIME_ASSERT(PX_OFFSET_OF(physx::PxCapsuleGeometry, radius) == PX_OFFSET_OF(physx::PxSphereGeometry, radius));
/public/home/tangwsh/PhysX/physx/include/foundation/PxPreprocessor.h:430:51: note: in definition of macro ‘PX_COMPILE_TIME_ASSERT’
  430 | #define PX_COMPILE_TIME_ASSERT(exp) static_assert(exp, "")
      |                                                   ^~~
/public/home/tangwsh/PhysX/physx/source/geomutils/src/GuGeometryChecks.h:93:74: note: in expansion of macro ‘PX_OFFSET_OF’
   93 | PX_COMPILE_TIME_ASSERT(PX_OFFSET_OF(physx::PxCapsuleGeometry, radius) == PX_OFFSET_OF(physx::PxSphereGeometry, radius));
      |                                                                          ^~~~~~~~~~~~
In file included from /public/home/tangwsh/PhysX/physx/source/simulationcontroller/src/ScElementSim.h:38,
                 from /public/home/tangwsh/PhysX/physx/source/simulationcontroller/src/ScShapeSimBase.h:30,
                 from /public/home/tangwsh/PhysX/physx/source/simulationcontroller/src/ScShapeSim.h:32,
                 from /public/home/tangwsh/PhysX/physx/source/simulationcontroller/src/ScIterators.cpp:32:
/public/home/tangwsh/PhysX/physx/source/simulationcontroller/include/ScScene.h:222:15: warning: ‘physx::Sc::Scene’ has a field ‘physx::Sc::Scene::mOverlapFilterTaskHead’ whose type uses the anonymous namespace [-Wsubobject-linkage]
  222 |         class Scene : public PxUserAllocated
      |               ^~~~~
/public/home/tangwsh/PhysX/physx/source/simulationcontroller/include/ScScene.h:222:15: warning: ‘physx::Sc::Scene’ has a field ‘physx::Sc::Scene::mOverlapCreatedTaskHead’ whose type uses the anonymous namespace [-Wsubobject-linkage]
/public/home/tangwsh/PhysX/physx/source/simulationcontroller/include/ScScene.h:222:15: warning: ‘physx::Sc::Scene’ has a field ‘physx::Sc::Scene::mIslandInsertionTaskHead’ whose type uses the anonymous namespace [-Wsubobject-linkage]
[ 58%] Building CXX object CMakeFiles/SimulationController.dir/public/home/tangwsh/PhysX/physx/source/simulationcontroller/src/ScKinematics.cpp.o
In file included from /public/home/tangwsh/PhysX/physx/include/foundation/PxSimpleTypes.h:36,
                 from /public/home/tangwsh/PhysX/physx/include/foundation/PxProfiler.h:30,
                 from /public/home/tangwsh/PhysX/physx/include/common/PxProfileZone.h:30,
                 from /public/home/tangwsh/PhysX/physx/source/simulationcontroller/src/ScKinematics.cpp:29:
/public/home/tangwsh/PhysX/physx/include/foundation/PxPreprocessor.h:524: warning: "PX_SUPPORT_GPU_PHYSX" redefined
  524 |         #define PX_SUPPORT_GPU_PHYSX ((PX_X64 && (PX_WINDOWS_FAMILY || PX_LINUX)) || (PX_A64 && PX_LINUX))
      | 
<command-line>: note: this is the location of the previous definition
In file included from /public/home/tangwsh/PhysX/physx/include/foundation/PxSimpleTypes.h:36,
                 from /public/home/tangwsh/PhysX/physx/include/foundation/PxProfiler.h:30,
                 from /public/home/tangwsh/PhysX/physx/include/common/PxProfileZone.h:30,
                 from /public/home/tangwsh/PhysX/physx/source/simulationcontroller/src/ScKinematics.cpp:29:
/public/home/tangwsh/PhysX/physx/source/geomutils/src/GuGeometryChecks.h:93:37: warning: ‘offsetof’ within non-standard-layout type ‘physx::PxCapsuleGeometry’ is conditionally-supported [-Winvalid-offsetof]
   93 | PX_COMPILE_TIME_ASSERT(PX_OFFSET_OF(physx::PxCapsuleGeometry, radius) == PX_OFFSET_OF(physx::PxSphereGeometry, radius));
/public/home/tangwsh/PhysX/physx/include/foundation/PxPreprocessor.h:430:51: note: in definition of macro ‘PX_COMPILE_TIME_ASSERT’
  430 | #define PX_COMPILE_TIME_ASSERT(exp) static_assert(exp, "")
      |                                                   ^~~
/public/home/tangwsh/PhysX/physx/source/geomutils/src/GuGeometryChecks.h:93:24: note: in expansion of macro ‘PX_OFFSET_OF’
   93 | PX_COMPILE_TIME_ASSERT(PX_OFFSET_OF(physx::PxCapsuleGeometry, radius) == PX_OFFSET_OF(physx::PxSphereGeometry, radius));
      |                        ^~~~~~~~~~~~
/public/home/tangwsh/PhysX/physx/source/geomutils/src/GuGeometryChecks.h:93:87: warning: ‘offsetof’ within non-standard-layout type ‘physx::PxSphereGeometry’ is conditionally-supported [-Winvalid-offsetof]
   93 | PX_COMPILE_TIME_ASSERT(PX_OFFSET_OF(physx::PxCapsuleGeometry, radius) == PX_OFFSET_OF(physx::PxSphereGeometry, radius));
/public/home/tangwsh/PhysX/physx/include/foundation/PxPreprocessor.h:430:51: note: in definition of macro ‘PX_COMPILE_TIME_ASSERT’
  430 | #define PX_COMPILE_TIME_ASSERT(exp) static_assert(exp, "")
      |                                                   ^~~
/public/home/tangwsh/PhysX/physx/source/geomutils/src/GuGeometryChecks.h:93:74: note: in expansion of macro ‘PX_OFFSET_OF’
   93 | PX_COMPILE_TIME_ASSERT(PX_OFFSET_OF(physx::PxCapsuleGeometry, radius) == PX_OFFSET_OF(physx::PxSphereGeometry, radius));
      |                                                                          ^~~~~~~~~~~~
In file included from /public/home/tangwsh/PhysX/physx/source/simulationcontroller/src/ScKinematics.cpp:30:
/public/home/tangwsh/PhysX/physx/source/simulationcontroller/include/ScScene.h:222:15: warning: ‘physx::Sc::Scene’ has a field ‘physx::Sc::Scene::mOverlapFilterTaskHead’ whose type uses the anonymous namespace [-Wsubobject-linkage]
  222 |         class Scene : public PxUserAllocated
      |               ^~~~~
/public/home/tangwsh/PhysX/physx/source/simulationcontroller/include/ScScene.h:222:15: warning: ‘physx::Sc::Scene’ has a field ‘physx::Sc::Scene::mOverlapCreatedTaskHead’ whose type uses the anonymous namespace [-Wsubobject-linkage]
/public/home/tangwsh/PhysX/physx/source/simulationcontroller/include/ScScene.h:222:15: warning: ‘physx::Sc::Scene’ has a field ‘physx::Sc::Scene::mIslandInsertionTaskHead’ whose type uses the anonymous namespace [-Wsubobject-linkage]
[ 58%] Building CXX object CMakeFiles/SimulationController.dir/public/home/tangwsh/PhysX/physx/source/simulationcontroller/src/ScNPhaseCore.cpp.o
In file included from /public/home/tangwsh/PhysX/physx/include/foundation/PxSimpleTypes.h:36,
                 from /public/home/tangwsh/PhysX/physx/include/common/PxPhysXCommonConfig.h:32,
                 from /public/home/tangwsh/PhysX/physx/include/PxPhysXConfig.h:35,
                 from /public/home/tangwsh/PhysX/physx/include/PxSceneQueryDesc.h:32,
                 from /public/home/tangwsh/PhysX/physx/include/PxSceneDesc.h:32,
                 from /public/home/tangwsh/PhysX/physx/source/simulationcontroller/src/ScNPhaseCore.h:32,
                 from /public/home/tangwsh/PhysX/physx/source/simulationcontroller/src/ScNPhaseCore.cpp:29:
/public/home/tangwsh/PhysX/physx/include/foundation/PxPreprocessor.h:524: warning: "PX_SUPPORT_GPU_PHYSX" redefined
  524 |         #define PX_SUPPORT_GPU_PHYSX ((PX_X64 && (PX_WINDOWS_FAMILY || PX_LINUX)) || (PX_A64 && PX_LINUX))
      | 
<command-line>: note: this is the location of the previous definition
In file included from /public/home/tangwsh/PhysX/physx/include/foundation/PxSimpleTypes.h:36,
                 from /public/home/tangwsh/PhysX/physx/include/common/PxPhysXCommonConfig.h:32,
                 from /public/home/tangwsh/PhysX/physx/include/PxPhysXConfig.h:35,
                 from /public/home/tangwsh/PhysX/physx/include/PxSceneQueryDesc.h:32,
                 from /public/home/tangwsh/PhysX/physx/include/PxSceneDesc.h:32,
                 from /public/home/tangwsh/PhysX/physx/source/simulationcontroller/src/ScNPhaseCore.h:32,
                 from /public/home/tangwsh/PhysX/physx/source/simulationcontroller/src/ScNPhaseCore.cpp:29:
/public/home/tangwsh/PhysX/physx/source/geomutils/src/GuGeometryChecks.h:93:37: warning: ‘offsetof’ within non-standard-layout type ‘physx::PxCapsuleGeometry’ is conditionally-supported [-Winvalid-offsetof]
   93 | PX_COMPILE_TIME_ASSERT(PX_OFFSET_OF(physx::PxCapsuleGeometry, radius) == PX_OFFSET_OF(physx::PxSphereGeometry, radius));
/public/home/tangwsh/PhysX/physx/include/foundation/PxPreprocessor.h:430:51: note: in definition of macro ‘PX_COMPILE_TIME_ASSERT’
  430 | #define PX_COMPILE_TIME_ASSERT(exp) static_assert(exp, "")
      |                                                   ^~~
/public/home/tangwsh/PhysX/physx/source/geomutils/src/GuGeometryChecks.h:93:24: note: in expansion of macro ‘PX_OFFSET_OF’
   93 | PX_COMPILE_TIME_ASSERT(PX_OFFSET_OF(physx::PxCapsuleGeometry, radius) == PX_OFFSET_OF(physx::PxSphereGeometry, radius));
      |                        ^~~~~~~~~~~~
/public/home/tangwsh/PhysX/physx/source/geomutils/src/GuGeometryChecks.h:93:87: warning: ‘offsetof’ within non-standard-layout type ‘physx::PxSphereGeometry’ is conditionally-supported [-Winvalid-offsetof]
   93 | PX_COMPILE_TIME_ASSERT(PX_OFFSET_OF(physx::PxCapsuleGeometry, radius) == PX_OFFSET_OF(physx::PxSphereGeometry, radius));
/public/home/tangwsh/PhysX/physx/include/foundation/PxPreprocessor.h:430:51: note: in definition of macro ‘PX_COMPILE_TIME_ASSERT’
  430 | #define PX_COMPILE_TIME_ASSERT(exp) static_assert(exp, "")
      |                                                   ^~~
/public/home/tangwsh/PhysX/physx/source/geomutils/src/GuGeometryChecks.h:93:74: note: in expansion of macro ‘PX_OFFSET_OF’
   93 | PX_COMPILE_TIME_ASSERT(PX_OFFSET_OF(physx::PxCapsuleGeometry, radius) == PX_OFFSET_OF(physx::PxSphereGeometry, radius));
      |                                                                          ^~~~~~~~~~~~
In file included from /public/home/tangwsh/PhysX/physx/source/simulationcontroller/src/ScNPhaseCore.h:45,
                 from /public/home/tangwsh/PhysX/physx/source/simulationcontroller/src/ScNPhaseCore.cpp:29:
/public/home/tangwsh/PhysX/physx/source/simulationcontroller/include/ScScene.h:222:15: warning: ‘physx::Sc::Scene’ has a field ‘physx::Sc::Scene::mOverlapFilterTaskHead’ whose type uses the anonymous namespace [-Wsubobject-linkage]
  222 |         class Scene : public PxUserAllocated
      |               ^~~~~
/public/home/tangwsh/PhysX/physx/source/simulationcontroller/include/ScScene.h:222:15: warning: ‘physx::Sc::Scene’ has a field ‘physx::Sc::Scene::mOverlapCreatedTaskHead’ whose type uses the anonymous namespace [-Wsubobject-linkage]
/public/home/tangwsh/PhysX/physx/source/simulationcontroller/include/ScScene.h:222:15: warning: ‘physx::Sc::Scene’ has a field ‘physx::Sc::Scene::mIslandInsertionTaskHead’ whose type uses the anonymous namespace [-Wsubobject-linkage]
[ 58%] Building CXX object CMakeFiles/SimulationController.dir/public/home/tangwsh/PhysX/physx/source/simulationcontroller/src/ScParticleSystemCore.cpp.o
In file included from /public/home/tangwsh/PhysX/physx/source/simulationcontroller/src/ScParticleSystemCore.cpp:27:
/public/home/tangwsh/PhysX/physx/include/foundation/PxPreprocessor.h:524: warning: "PX_SUPPORT_GPU_PHYSX" redefined
  524 |         #define PX_SUPPORT_GPU_PHYSX ((PX_X64 && (PX_WINDOWS_FAMILY || PX_LINUX)) || (PX_A64 && PX_LINUX))
      | 
<command-line>: note: this is the location of the previous definition
In file included from /public/home/tangwsh/PhysX/physx/source/simulationcontroller/src/ScParticleSystemCore.cpp:27:
/public/home/tangwsh/PhysX/physx/source/geomutils/src/GuGeometryChecks.h:93:37: warning: ‘offsetof’ within non-standard-layout type ‘physx::PxCapsuleGeometry’ is conditionally-supported [-Winvalid-offsetof]
   93 | PX_COMPILE_TIME_ASSERT(PX_OFFSET_OF(physx::PxCapsuleGeometry, radius) == PX_OFFSET_OF(physx::PxSphereGeometry, radius));
/public/home/tangwsh/PhysX/physx/include/foundation/PxPreprocessor.h:430:51: note: in definition of macro ‘PX_COMPILE_TIME_ASSERT’
  430 | #define PX_COMPILE_TIME_ASSERT(exp) static_assert(exp, "")
      |                                                   ^~~
/public/home/tangwsh/PhysX/physx/source/geomutils/src/GuGeometryChecks.h:93:24: note: in expansion of macro ‘PX_OFFSET_OF’
   93 | PX_COMPILE_TIME_ASSERT(PX_OFFSET_OF(physx::PxCapsuleGeometry, radius) == PX_OFFSET_OF(physx::PxSphereGeometry, radius));
      |                        ^~~~~~~~~~~~
/public/home/tangwsh/PhysX/physx/source/geomutils/src/GuGeometryChecks.h:93:87: warning: ‘offsetof’ within non-standard-layout type ‘physx::PxSphereGeometry’ is conditionally-supported [-Winvalid-offsetof]
   93 | PX_COMPILE_TIME_ASSERT(PX_OFFSET_OF(physx::PxCapsuleGeometry, radius) == PX_OFFSET_OF(physx::PxSphereGeometry, radius));
/public/home/tangwsh/PhysX/physx/include/foundation/PxPreprocessor.h:430:51: note: in definition of macro ‘PX_COMPILE_TIME_ASSERT’
  430 | #define PX_COMPILE_TIME_ASSERT(exp) static_assert(exp, "")
      |                                                   ^~~
/public/home/tangwsh/PhysX/physx/source/geomutils/src/GuGeometryChecks.h:93:74: note: in expansion of macro ‘PX_OFFSET_OF’
   93 | PX_COMPILE_TIME_ASSERT(PX_OFFSET_OF(physx::PxCapsuleGeometry, radius) == PX_OFFSET_OF(physx::PxSphereGeometry, radius));
      |                                                                          ^~~~~~~~~~~~
In file included from /public/home/tangwsh/PhysX/physx/source/simulationcontroller/src/ScElementSim.h:38,
                 from /public/home/tangwsh/PhysX/physx/source/simulationcontroller/src/ScShapeSimBase.h:30,
                 from /public/home/tangwsh/PhysX/physx/source/simulationcontroller/src/ScGpuActorSim.h:33,
                 from /public/home/tangwsh/PhysX/physx/source/simulationcontroller/src/ScParticleSystemSim.h:33,
                 from /public/home/tangwsh/PhysX/physx/source/simulationcontroller/src/ScParticleSystemCore.cpp:34:
/public/home/tangwsh/PhysX/physx/source/simulationcontroller/include/ScScene.h:222:15: warning: ‘physx::Sc::Scene’ has a field ‘physx::Sc::Scene::mOverlapFilterTaskHead’ whose type uses the anonymous namespace [-Wsubobject-linkage]
  222 |         class Scene : public PxUserAllocated
      |               ^~~~~
/public/home/tangwsh/PhysX/physx/source/simulationcontroller/include/ScScene.h:222:15: warning: ‘physx::Sc::Scene’ has a field ‘physx::Sc::Scene::mOverlapCreatedTaskHead’ whose type uses the anonymous namespace [-Wsubobject-linkage]
/public/home/tangwsh/PhysX/physx/source/simulationcontroller/include/ScScene.h:222:15: warning: ‘physx::Sc::Scene’ has a field ‘physx::Sc::Scene::mIslandInsertionTaskHead’ whose type uses the anonymous namespace [-Wsubobject-linkage]
[ 59%] Building CXX object CMakeFiles/SimulationController.dir/public/home/tangwsh/PhysX/physx/source/simulationcontroller/src/ScParticleSystemShapeCore.cpp.o
In file included from /public/home/tangwsh/PhysX/physx/source/simulationcontroller/src/ScParticleSystemShapeCore.cpp:27:
/public/home/tangwsh/PhysX/physx/include/foundation/PxPreprocessor.h:524: warning: "PX_SUPPORT_GPU_PHYSX" redefined
  524 |         #define PX_SUPPORT_GPU_PHYSX ((PX_X64 && (PX_WINDOWS_FAMILY || PX_LINUX)) || (PX_A64 && PX_LINUX))
      | 
<command-line>: note: this is the location of the previous definition
In file included from /public/home/tangwsh/PhysX/physx/source/simulationcontroller/src/ScParticleSystemShapeCore.cpp:27:
/public/home/tangwsh/PhysX/physx/source/geomutils/src/GuGeometryChecks.h:93:37: warning: ‘offsetof’ within non-standard-layout type ‘physx::PxCapsuleGeometry’ is conditionally-supported [-Winvalid-offsetof]
   93 | PX_COMPILE_TIME_ASSERT(PX_OFFSET_OF(physx::PxCapsuleGeometry, radius) == PX_OFFSET_OF(physx::PxSphereGeometry, radius));
/public/home/tangwsh/PhysX/physx/include/foundation/PxPreprocessor.h:430:51: note: in definition of macro ‘PX_COMPILE_TIME_ASSERT’
  430 | #define PX_COMPILE_TIME_ASSERT(exp) static_assert(exp, "")
      |                                                   ^~~
/public/home/tangwsh/PhysX/physx/source/geomutils/src/GuGeometryChecks.h:93:24: note: in expansion of macro ‘PX_OFFSET_OF’
   93 | PX_COMPILE_TIME_ASSERT(PX_OFFSET_OF(physx::PxCapsuleGeometry, radius) == PX_OFFSET_OF(physx::PxSphereGeometry, radius));
      |                        ^~~~~~~~~~~~
/public/home/tangwsh/PhysX/physx/source/geomutils/src/GuGeometryChecks.h:93:87: warning: ‘offsetof’ within non-standard-layout type ‘physx::PxSphereGeometry’ is conditionally-supported [-Winvalid-offsetof]
   93 | PX_COMPILE_TIME_ASSERT(PX_OFFSET_OF(physx::PxCapsuleGeometry, radius) == PX_OFFSET_OF(physx::PxSphereGeometry, radius));
/public/home/tangwsh/PhysX/physx/include/foundation/PxPreprocessor.h:430:51: note: in definition of macro ‘PX_COMPILE_TIME_ASSERT’
  430 | #define PX_COMPILE_TIME_ASSERT(exp) static_assert(exp, "")
      |                                                   ^~~
/public/home/tangwsh/PhysX/physx/source/geomutils/src/GuGeometryChecks.h:93:74: note: in expansion of macro ‘PX_OFFSET_OF’
   93 | PX_COMPILE_TIME_ASSERT(PX_OFFSET_OF(physx::PxCapsuleGeometry, radius) == PX_OFFSET_OF(physx::PxSphereGeometry, radius));
      |                                                                          ^~~~~~~~~~~~
[ 59%] Building CXX object CMakeFiles/SimulationController.dir/public/home/tangwsh/PhysX/physx/source/simulationcontroller/src/ScParticleSystemSim.cpp.o
In file included from /public/home/tangwsh/PhysX/physx/source/simulationcontroller/src/ScParticleSystemSim.cpp:27:
/public/home/tangwsh/PhysX/physx/include/foundation/PxPreprocessor.h:524: warning: "PX_SUPPORT_GPU_PHYSX" redefined
  524 |         #define PX_SUPPORT_GPU_PHYSX ((PX_X64 && (PX_WINDOWS_FAMILY || PX_LINUX)) || (PX_A64 && PX_LINUX))
      | 
<command-line>: note: this is the location of the previous definition
In file included from /public/home/tangwsh/PhysX/physx/source/simulationcontroller/src/ScParticleSystemSim.cpp:27:
/public/home/tangwsh/PhysX/physx/source/geomutils/src/GuGeometryChecks.h:93:37: warning: ‘offsetof’ within non-standard-layout type ‘physx::PxCapsuleGeometry’ is conditionally-supported [-Winvalid-offsetof]
   93 | PX_COMPILE_TIME_ASSERT(PX_OFFSET_OF(physx::PxCapsuleGeometry, radius) == PX_OFFSET_OF(physx::PxSphereGeometry, radius));
/public/home/tangwsh/PhysX/physx/include/foundation/PxPreprocessor.h:430:51: note: in definition of macro ‘PX_COMPILE_TIME_ASSERT’
  430 | #define PX_COMPILE_TIME_ASSERT(exp) static_assert(exp, "")
      |                                                   ^~~
/public/home/tangwsh/PhysX/physx/source/geomutils/src/GuGeometryChecks.h:93:24: note: in expansion of macro ‘PX_OFFSET_OF’
   93 | PX_COMPILE_TIME_ASSERT(PX_OFFSET_OF(physx::PxCapsuleGeometry, radius) == PX_OFFSET_OF(physx::PxSphereGeometry, radius));
      |                        ^~~~~~~~~~~~
/public/home/tangwsh/PhysX/physx/source/geomutils/src/GuGeometryChecks.h:93:87: warning: ‘offsetof’ within non-standard-layout type ‘physx::PxSphereGeometry’ is conditionally-supported [-Winvalid-offsetof]
   93 | PX_COMPILE_TIME_ASSERT(PX_OFFSET_OF(physx::PxCapsuleGeometry, radius) == PX_OFFSET_OF(physx::PxSphereGeometry, radius));
/public/home/tangwsh/PhysX/physx/include/foundation/PxPreprocessor.h:430:51: note: in definition of macro ‘PX_COMPILE_TIME_ASSERT’
  430 | #define PX_COMPILE_TIME_ASSERT(exp) static_assert(exp, "")
      |                                                   ^~~
/public/home/tangwsh/PhysX/physx/source/geomutils/src/GuGeometryChecks.h:93:74: note: in expansion of macro ‘PX_OFFSET_OF’
   93 | PX_COMPILE_TIME_ASSERT(PX_OFFSET_OF(physx::PxCapsuleGeometry, radius) == PX_OFFSET_OF(physx::PxSphereGeometry, radius));
      |                                                                          ^~~~~~~~~~~~
In file included from /public/home/tangwsh/PhysX/physx/source/simulationcontroller/src/ScElementSim.h:38,
                 from /public/home/tangwsh/PhysX/physx/source/simulationcontroller/src/ScShapeSimBase.h:30,
                 from /public/home/tangwsh/PhysX/physx/source/simulationcontroller/src/ScGpuActorSim.h:33,
                 from /public/home/tangwsh/PhysX/physx/source/simulationcontroller/src/ScParticleSystemSim.h:33,
                 from /public/home/tangwsh/PhysX/physx/source/simulationcontroller/src/ScParticleSystemSim.cpp:31:
/public/home/tangwsh/PhysX/physx/source/simulationcontroller/include/ScScene.h:222:15: warning: ‘physx::Sc::Scene’ has a field ‘physx::Sc::Scene::mOverlapFilterTaskHead’ whose type uses the anonymous namespace [-Wsubobject-linkage]
  222 |         class Scene : public PxUserAllocated
      |               ^~~~~
/public/home/tangwsh/PhysX/physx/source/simulationcontroller/include/ScScene.h:222:15: warning: ‘physx::Sc::Scene’ has a field ‘physx::Sc::Scene::mOverlapCreatedTaskHead’ whose type uses the anonymous namespace [-Wsubobject-linkage]
/public/home/tangwsh/PhysX/physx/source/simulationcontroller/include/ScScene.h:222:15: warning: ‘physx::Sc::Scene’ has a field ‘physx::Sc::Scene::mIslandInsertionTaskHead’ whose type uses the anonymous namespace [-Wsubobject-linkage]
[ 59%] Building CXX object CMakeFiles/SimulationController.dir/public/home/tangwsh/PhysX/physx/source/simulationcontroller/src/ScPhysics.cpp.o
In file included from /public/home/tangwsh/PhysX/physx/include/foundation/PxSimpleTypes.h:36,
                 from /public/home/tangwsh/PhysX/physx/include/common/PxPhysXCommonConfig.h:32,
                 from /public/home/tangwsh/PhysX/physx/include/common/PxTolerancesScale.h:33,
                 from /public/home/tangwsh/PhysX/physx/source/simulationcontroller/src/ScPhysics.cpp:30:
/public/home/tangwsh/PhysX/physx/include/foundation/PxPreprocessor.h:524: warning: "PX_SUPPORT_GPU_PHYSX" redefined
  524 |         #define PX_SUPPORT_GPU_PHYSX ((PX_X64 && (PX_WINDOWS_FAMILY || PX_LINUX)) || (PX_A64 && PX_LINUX))
      | 
<command-line>: note: this is the location of the previous definition
In file included from /public/home/tangwsh/PhysX/physx/include/foundation/PxSimpleTypes.h:36,
                 from /public/home/tangwsh/PhysX/physx/include/common/PxPhysXCommonConfig.h:32,
                 from /public/home/tangwsh/PhysX/physx/include/common/PxTolerancesScale.h:33,
                 from /public/home/tangwsh/PhysX/physx/source/simulationcontroller/src/ScPhysics.cpp:30:
/public/home/tangwsh/PhysX/physx/source/geomutils/src/GuGeometryChecks.h:93:37: warning: ‘offsetof’ within non-standard-layout type ‘physx::PxCapsuleGeometry’ is conditionally-supported [-Winvalid-offsetof]
   93 | PX_COMPILE_TIME_ASSERT(PX_OFFSET_OF(physx::PxCapsuleGeometry, radius) == PX_OFFSET_OF(physx::PxSphereGeometry, radius));
/public/home/tangwsh/PhysX/physx/include/foundation/PxPreprocessor.h:430:51: note: in definition of macro ‘PX_COMPILE_TIME_ASSERT’
  430 | #define PX_COMPILE_TIME_ASSERT(exp) static_assert(exp, "")
      |                                                   ^~~
/public/home/tangwsh/PhysX/physx/source/geomutils/src/GuGeometryChecks.h:93:24: note: in expansion of macro ‘PX_OFFSET_OF’
   93 | PX_COMPILE_TIME_ASSERT(PX_OFFSET_OF(physx::PxCapsuleGeometry, radius) == PX_OFFSET_OF(physx::PxSphereGeometry, radius));
      |                        ^~~~~~~~~~~~
/public/home/tangwsh/PhysX/physx/source/geomutils/src/GuGeometryChecks.h:93:87: warning: ‘offsetof’ within non-standard-layout type ‘physx::PxSphereGeometry’ is conditionally-supported [-Winvalid-offsetof]
   93 | PX_COMPILE_TIME_ASSERT(PX_OFFSET_OF(physx::PxCapsuleGeometry, radius) == PX_OFFSET_OF(physx::PxSphereGeometry, radius));
/public/home/tangwsh/PhysX/physx/include/foundation/PxPreprocessor.h:430:51: note: in definition of macro ‘PX_COMPILE_TIME_ASSERT’
  430 | #define PX_COMPILE_TIME_ASSERT(exp) static_assert(exp, "")
      |                                                   ^~~
/public/home/tangwsh/PhysX/physx/source/geomutils/src/GuGeometryChecks.h:93:74: note: in expansion of macro ‘PX_OFFSET_OF’
   93 | PX_COMPILE_TIME_ASSERT(PX_OFFSET_OF(physx::PxCapsuleGeometry, radius) == PX_OFFSET_OF(physx::PxSphereGeometry, radius));
      |                                                                          ^~~~~~~~~~~~
In file included from /public/home/tangwsh/PhysX/physx/source/simulationcontroller/src/ScPhysics.cpp:33:
/public/home/tangwsh/PhysX/physx/source/simulationcontroller/include/ScScene.h:222:15: warning: ‘physx::Sc::Scene’ has a field ‘physx::Sc::Scene::mOverlapFilterTaskHead’ whose type uses the anonymous namespace [-Wsubobject-linkage]
  222 |         class Scene : public PxUserAllocated
      |               ^~~~~
/public/home/tangwsh/PhysX/physx/source/simulationcontroller/include/ScScene.h:222:15: warning: ‘physx::Sc::Scene’ has a field ‘physx::Sc::Scene::mOverlapCreatedTaskHead’ whose type uses the anonymous namespace [-Wsubobject-linkage]
/public/home/tangwsh/PhysX/physx/source/simulationcontroller/include/ScScene.h:222:15: warning: ‘physx::Sc::Scene’ has a field ‘physx::Sc::Scene::mIslandInsertionTaskHead’ whose type uses the anonymous namespace [-Wsubobject-linkage]
[ 59%] Building CXX object CMakeFiles/SimulationController.dir/public/home/tangwsh/PhysX/physx/source/simulationcontroller/src/ScPipeline.cpp.o
In file included from /public/home/tangwsh/PhysX/physx/include/foundation/PxSimpleTypes.h:36,
                 from /public/home/tangwsh/PhysX/physx/include/common/PxPhysXCommonConfig.h:32,
                 from /public/home/tangwsh/PhysX/physx/include/PxPhysXConfig.h:35,
                 from /public/home/tangwsh/PhysX/physx/source/simulationcontroller/include/ScScene.h:32,
                 from /public/home/tangwsh/PhysX/physx/source/simulationcontroller/src/ScPipeline.cpp:33:
/public/home/tangwsh/PhysX/physx/include/foundation/PxPreprocessor.h:524: warning: "PX_SUPPORT_GPU_PHYSX" redefined
  524 |         #define PX_SUPPORT_GPU_PHYSX ((PX_X64 && (PX_WINDOWS_FAMILY || PX_LINUX)) || (PX_A64 && PX_LINUX))
      | 
<command-line>: note: this is the location of the previous definition
In file included from /public/home/tangwsh/PhysX/physx/include/foundation/PxSimpleTypes.h:36,
                 from /public/home/tangwsh/PhysX/physx/include/common/PxPhysXCommonConfig.h:32,
                 from /public/home/tangwsh/PhysX/physx/include/PxPhysXConfig.h:35,
                 from /public/home/tangwsh/PhysX/physx/source/simulationcontroller/include/ScScene.h:32,
                 from /public/home/tangwsh/PhysX/physx/source/simulationcontroller/src/ScPipeline.cpp:33:
/public/home/tangwsh/PhysX/physx/source/geomutils/src/GuGeometryChecks.h:93:37: warning: ‘offsetof’ within non-standard-layout type ‘physx::PxCapsuleGeometry’ is conditionally-supported [-Winvalid-offsetof]
   93 | PX_COMPILE_TIME_ASSERT(PX_OFFSET_OF(physx::PxCapsuleGeometry, radius) == PX_OFFSET_OF(physx::PxSphereGeometry, radius));
/public/home/tangwsh/PhysX/physx/include/foundation/PxPreprocessor.h:430:51: note: in definition of macro ‘PX_COMPILE_TIME_ASSERT’
  430 | #define PX_COMPILE_TIME_ASSERT(exp) static_assert(exp, "")
      |                                                   ^~~
/public/home/tangwsh/PhysX/physx/source/geomutils/src/GuGeometryChecks.h:93:24: note: in expansion of macro ‘PX_OFFSET_OF’
   93 | PX_COMPILE_TIME_ASSERT(PX_OFFSET_OF(physx::PxCapsuleGeometry, radius) == PX_OFFSET_OF(physx::PxSphereGeometry, radius));
      |                        ^~~~~~~~~~~~
/public/home/tangwsh/PhysX/physx/source/geomutils/src/GuGeometryChecks.h:93:87: warning: ‘offsetof’ within non-standard-layout type ‘physx::PxSphereGeometry’ is conditionally-supported [-Winvalid-offsetof]
   93 | PX_COMPILE_TIME_ASSERT(PX_OFFSET_OF(physx::PxCapsuleGeometry, radius) == PX_OFFSET_OF(physx::PxSphereGeometry, radius));
/public/home/tangwsh/PhysX/physx/include/foundation/PxPreprocessor.h:430:51: note: in definition of macro ‘PX_COMPILE_TIME_ASSERT’
  430 | #define PX_COMPILE_TIME_ASSERT(exp) static_assert(exp, "")
      |                                                   ^~~
/public/home/tangwsh/PhysX/physx/source/geomutils/src/GuGeometryChecks.h:93:74: note: in expansion of macro ‘PX_OFFSET_OF’
   93 | PX_COMPILE_TIME_ASSERT(PX_OFFSET_OF(physx::PxCapsuleGeometry, radius) == PX_OFFSET_OF(physx::PxSphereGeometry, radius));
      |                                                                          ^~~~~~~~~~~~
In file included from /public/home/tangwsh/PhysX/physx/source/simulationcontroller/src/ScPipeline.cpp:33:
/public/home/tangwsh/PhysX/physx/source/simulationcontroller/include/ScScene.h:222:15: warning: ‘physx::Sc::Scene’ has a field ‘physx::Sc::Scene::mOverlapFilterTaskHead’ whose type uses the anonymous namespace [-Wsubobject-linkage]
  222 |         class Scene : public PxUserAllocated
      |               ^~~~~
/public/home/tangwsh/PhysX/physx/source/simulationcontroller/include/ScScene.h:222:15: warning: ‘physx::Sc::Scene’ has a field ‘physx::Sc::Scene::mOverlapCreatedTaskHead’ whose type uses the anonymous namespace [-Wsubobject-linkage]
/public/home/tangwsh/PhysX/physx/source/simulationcontroller/include/ScScene.h:222:15: warning: ‘physx::Sc::Scene’ has a field ‘physx::Sc::Scene::mIslandInsertionTaskHead’ whose type uses the anonymous namespace [-Wsubobject-linkage]
[ 59%] Building CXX object CMakeFiles/SimulationController.dir/public/home/tangwsh/PhysX/physx/source/simulationcontroller/src/ScRigidCore.cpp.o
In file included from /public/home/tangwsh/PhysX/physx/include/foundation/PxSimpleTypes.h:36,
                 from /public/home/tangwsh/PhysX/physx/include/foundation/PxIO.h:33,
                 from /public/home/tangwsh/PhysX/physx/include/foundation/PxBitAndData.h:32,
                 from /public/home/tangwsh/PhysX/physx/source/simulationcontroller/include/ScActorCore.h:32,
                 from /public/home/tangwsh/PhysX/physx/source/simulationcontroller/include/ScRigidCore.h:32,
                 from /public/home/tangwsh/PhysX/physx/source/simulationcontroller/src/ScRigidCore.cpp:29:
/public/home/tangwsh/PhysX/physx/include/foundation/PxPreprocessor.h:524: warning: "PX_SUPPORT_GPU_PHYSX" redefined
  524 |         #define PX_SUPPORT_GPU_PHYSX ((PX_X64 && (PX_WINDOWS_FAMILY || PX_LINUX)) || (PX_A64 && PX_LINUX))
      | 
<command-line>: note: this is the location of the previous definition
In file included from /public/home/tangwsh/PhysX/physx/include/foundation/PxSimpleTypes.h:36,
                 from /public/home/tangwsh/PhysX/physx/include/foundation/PxIO.h:33,
                 from /public/home/tangwsh/PhysX/physx/include/foundation/PxBitAndData.h:32,
                 from /public/home/tangwsh/PhysX/physx/source/simulationcontroller/include/ScActorCore.h:32,
                 from /public/home/tangwsh/PhysX/physx/source/simulationcontroller/include/ScRigidCore.h:32,
                 from /public/home/tangwsh/PhysX/physx/source/simulationcontroller/src/ScRigidCore.cpp:29:
/public/home/tangwsh/PhysX/physx/source/geomutils/src/GuGeometryChecks.h:93:37: warning: ‘offsetof’ within non-standard-layout type ‘physx::PxCapsuleGeometry’ is conditionally-supported [-Winvalid-offsetof]
   93 | PX_COMPILE_TIME_ASSERT(PX_OFFSET_OF(physx::PxCapsuleGeometry, radius) == PX_OFFSET_OF(physx::PxSphereGeometry, radius));
/public/home/tangwsh/PhysX/physx/include/foundation/PxPreprocessor.h:430:51: note: in definition of macro ‘PX_COMPILE_TIME_ASSERT’
  430 | #define PX_COMPILE_TIME_ASSERT(exp) static_assert(exp, "")
      |                                                   ^~~
/public/home/tangwsh/PhysX/physx/source/geomutils/src/GuGeometryChecks.h:93:24: note: in expansion of macro ‘PX_OFFSET_OF’
   93 | PX_COMPILE_TIME_ASSERT(PX_OFFSET_OF(physx::PxCapsuleGeometry, radius) == PX_OFFSET_OF(physx::PxSphereGeometry, radius));
      |                        ^~~~~~~~~~~~
/public/home/tangwsh/PhysX/physx/source/geomutils/src/GuGeometryChecks.h:93:87: warning: ‘offsetof’ within non-standard-layout type ‘physx::PxSphereGeometry’ is conditionally-supported [-Winvalid-offsetof]
   93 | PX_COMPILE_TIME_ASSERT(PX_OFFSET_OF(physx::PxCapsuleGeometry, radius) == PX_OFFSET_OF(physx::PxSphereGeometry, radius));
/public/home/tangwsh/PhysX/physx/include/foundation/PxPreprocessor.h:430:51: note: in definition of macro ‘PX_COMPILE_TIME_ASSERT’
  430 | #define PX_COMPILE_TIME_ASSERT(exp) static_assert(exp, "")
      |                                                   ^~~
/public/home/tangwsh/PhysX/physx/source/geomutils/src/GuGeometryChecks.h:93:74: note: in expansion of macro ‘PX_OFFSET_OF’
   93 | PX_COMPILE_TIME_ASSERT(PX_OFFSET_OF(physx::PxCapsuleGeometry, radius) == PX_OFFSET_OF(physx::PxSphereGeometry, radius));
      |                                                                          ^~~~~~~~~~~~
In file included from /public/home/tangwsh/PhysX/physx/source/simulationcontroller/src/ScElementSim.h:38,
                 from /public/home/tangwsh/PhysX/physx/source/simulationcontroller/src/ScShapeSimBase.h:30,
                 from /public/home/tangwsh/PhysX/physx/source/simulationcontroller/src/ScShapeSim.h:32,
                 from /public/home/tangwsh/PhysX/physx/source/simulationcontroller/src/ScRigidCore.cpp:31:
/public/home/tangwsh/PhysX/physx/source/simulationcontroller/include/ScScene.h:222:15: warning: ‘physx::Sc::Scene’ has a field ‘physx::Sc::Scene::mOverlapFilterTaskHead’ whose type uses the anonymous namespace [-Wsubobject-linkage]
  222 |         class Scene : public PxUserAllocated
      |               ^~~~~
/public/home/tangwsh/PhysX/physx/source/simulationcontroller/include/ScScene.h:222:15: warning: ‘physx::Sc::Scene’ has a field ‘physx::Sc::Scene::mOverlapCreatedTaskHead’ whose type uses the anonymous namespace [-Wsubobject-linkage]
/public/home/tangwsh/PhysX/physx/source/simulationcontroller/include/ScScene.h:222:15: warning: ‘physx::Sc::Scene’ has a field ‘physx::Sc::Scene::mIslandInsertionTaskHead’ whose type uses the anonymous namespace [-Wsubobject-linkage]
[ 60%] Building CXX object CMakeFiles/SimulationController.dir/public/home/tangwsh/PhysX/physx/source/simulationcontroller/src/ScRigidSim.cpp.o
In file included from /public/home/tangwsh/PhysX/physx/include/foundation/PxSimpleTypes.h:36,
                 from /public/home/tangwsh/PhysX/physx/include/common/PxPhysXCommonConfig.h:32,
                 from /public/home/tangwsh/PhysX/physx/include/PxPhysXConfig.h:35,
                 from /public/home/tangwsh/PhysX/physx/source/simulationcontroller/include/ScScene.h:32,
                 from /public/home/tangwsh/PhysX/physx/source/simulationcontroller/src/ScRigidSim.cpp:29:
/public/home/tangwsh/PhysX/physx/include/foundation/PxPreprocessor.h:524: warning: "PX_SUPPORT_GPU_PHYSX" redefined
  524 |         #define PX_SUPPORT_GPU_PHYSX ((PX_X64 && (PX_WINDOWS_FAMILY || PX_LINUX)) || (PX_A64 && PX_LINUX))
      | 
<command-line>: note: this is the location of the previous definition
In file included from /public/home/tangwsh/PhysX/physx/include/foundation/PxSimpleTypes.h:36,
                 from /public/home/tangwsh/PhysX/physx/include/common/PxPhysXCommonConfig.h:32,
                 from /public/home/tangwsh/PhysX/physx/include/PxPhysXConfig.h:35,
                 from /public/home/tangwsh/PhysX/physx/source/simulationcontroller/include/ScScene.h:32,
                 from /public/home/tangwsh/PhysX/physx/source/simulationcontroller/src/ScRigidSim.cpp:29:
/public/home/tangwsh/PhysX/physx/source/geomutils/src/GuGeometryChecks.h:93:37: warning: ‘offsetof’ within non-standard-layout type ‘physx::PxCapsuleGeometry’ is conditionally-supported [-Winvalid-offsetof]
   93 | PX_COMPILE_TIME_ASSERT(PX_OFFSET_OF(physx::PxCapsuleGeometry, radius) == PX_OFFSET_OF(physx::PxSphereGeometry, radius));
/public/home/tangwsh/PhysX/physx/include/foundation/PxPreprocessor.h:430:51: note: in definition of macro ‘PX_COMPILE_TIME_ASSERT’
  430 | #define PX_COMPILE_TIME_ASSERT(exp) static_assert(exp, "")
      |                                                   ^~~
/public/home/tangwsh/PhysX/physx/source/geomutils/src/GuGeometryChecks.h:93:24: note: in expansion of macro ‘PX_OFFSET_OF’
   93 | PX_COMPILE_TIME_ASSERT(PX_OFFSET_OF(physx::PxCapsuleGeometry, radius) == PX_OFFSET_OF(physx::PxSphereGeometry, radius));
      |                        ^~~~~~~~~~~~
/public/home/tangwsh/PhysX/physx/source/geomutils/src/GuGeometryChecks.h:93:87: warning: ‘offsetof’ within non-standard-layout type ‘physx::PxSphereGeometry’ is conditionally-supported [-Winvalid-offsetof]
   93 | PX_COMPILE_TIME_ASSERT(PX_OFFSET_OF(physx::PxCapsuleGeometry, radius) == PX_OFFSET_OF(physx::PxSphereGeometry, radius));
/public/home/tangwsh/PhysX/physx/include/foundation/PxPreprocessor.h:430:51: note: in definition of macro ‘PX_COMPILE_TIME_ASSERT’
  430 | #define PX_COMPILE_TIME_ASSERT(exp) static_assert(exp, "")
      |                                                   ^~~
/public/home/tangwsh/PhysX/physx/source/geomutils/src/GuGeometryChecks.h:93:74: note: in expansion of macro ‘PX_OFFSET_OF’
   93 | PX_COMPILE_TIME_ASSERT(PX_OFFSET_OF(physx::PxCapsuleGeometry, radius) == PX_OFFSET_OF(physx::PxSphereGeometry, radius));
      |                                                                          ^~~~~~~~~~~~
In file included from /public/home/tangwsh/PhysX/physx/source/simulationcontroller/src/ScRigidSim.cpp:29:
/public/home/tangwsh/PhysX/physx/source/simulationcontroller/include/ScScene.h:222:15: warning: ‘physx::Sc::Scene’ has a field ‘physx::Sc::Scene::mOverlapFilterTaskHead’ whose type uses the anonymous namespace [-Wsubobject-linkage]
  222 |         class Scene : public PxUserAllocated
      |               ^~~~~
/public/home/tangwsh/PhysX/physx/source/simulationcontroller/include/ScScene.h:222:15: warning: ‘physx::Sc::Scene’ has a field ‘physx::Sc::Scene::mOverlapCreatedTaskHead’ whose type uses the anonymous namespace [-Wsubobject-linkage]
/public/home/tangwsh/PhysX/physx/source/simulationcontroller/include/ScScene.h:222:15: warning: ‘physx::Sc::Scene’ has a field ‘physx::Sc::Scene::mIslandInsertionTaskHead’ whose type uses the anonymous namespace [-Wsubobject-linkage]
[ 60%] Building CXX object CMakeFiles/SimulationController.dir/public/home/tangwsh/PhysX/physx/source/simulationcontroller/src/ScScene.cpp.o
In file included from /public/home/tangwsh/PhysX/physx/include/foundation/PxSimpleTypes.h:36,
                 from /public/home/tangwsh/PhysX/physx/include/common/PxPhysXCommonConfig.h:32,
                 from /public/home/tangwsh/PhysX/physx/include/PxPhysXConfig.h:35,
                 from /public/home/tangwsh/PhysX/physx/include/PxPhysics.h:32,
                 from /public/home/tangwsh/PhysX/physx/source/simulationcontroller/include/ScPhysics.h:32,
                 from /public/home/tangwsh/PhysX/physx/source/simulationcontroller/src/ScScene.cpp:29:
/public/home/tangwsh/PhysX/physx/include/foundation/PxPreprocessor.h:524: warning: "PX_SUPPORT_GPU_PHYSX" redefined
  524 |         #define PX_SUPPORT_GPU_PHYSX ((PX_X64 && (PX_WINDOWS_FAMILY || PX_LINUX)) || (PX_A64 && PX_LINUX))
      | 
<command-line>: note: this is the location of the previous definition
In file included from /public/home/tangwsh/PhysX/physx/include/foundation/PxSimpleTypes.h:36,
                 from /public/home/tangwsh/PhysX/physx/include/common/PxPhysXCommonConfig.h:32,
                 from /public/home/tangwsh/PhysX/physx/include/PxPhysXConfig.h:35,
                 from /public/home/tangwsh/PhysX/physx/include/PxPhysics.h:32,
                 from /public/home/tangwsh/PhysX/physx/source/simulationcontroller/include/ScPhysics.h:32,
                 from /public/home/tangwsh/PhysX/physx/source/simulationcontroller/src/ScScene.cpp:29:
/public/home/tangwsh/PhysX/physx/source/geomutils/src/GuGeometryChecks.h:93:37: warning: ‘offsetof’ within non-standard-layout type ‘physx::PxCapsuleGeometry’ is conditionally-supported [-Winvalid-offsetof]
   93 | PX_COMPILE_TIME_ASSERT(PX_OFFSET_OF(physx::PxCapsuleGeometry, radius) == PX_OFFSET_OF(physx::PxSphereGeometry, radius));
/public/home/tangwsh/PhysX/physx/include/foundation/PxPreprocessor.h:430:51: note: in definition of macro ‘PX_COMPILE_TIME_ASSERT’
  430 | #define PX_COMPILE_TIME_ASSERT(exp) static_assert(exp, "")
      |                                                   ^~~
/public/home/tangwsh/PhysX/physx/source/geomutils/src/GuGeometryChecks.h:93:24: note: in expansion of macro ‘PX_OFFSET_OF’
   93 | PX_COMPILE_TIME_ASSERT(PX_OFFSET_OF(physx::PxCapsuleGeometry, radius) == PX_OFFSET_OF(physx::PxSphereGeometry, radius));
      |                        ^~~~~~~~~~~~
/public/home/tangwsh/PhysX/physx/source/geomutils/src/GuGeometryChecks.h:93:87: warning: ‘offsetof’ within non-standard-layout type ‘physx::PxSphereGeometry’ is conditionally-supported [-Winvalid-offsetof]
   93 | PX_COMPILE_TIME_ASSERT(PX_OFFSET_OF(physx::PxCapsuleGeometry, radius) == PX_OFFSET_OF(physx::PxSphereGeometry, radius));
/public/home/tangwsh/PhysX/physx/include/foundation/PxPreprocessor.h:430:51: note: in definition of macro ‘PX_COMPILE_TIME_ASSERT’
  430 | #define PX_COMPILE_TIME_ASSERT(exp) static_assert(exp, "")
      |                                                   ^~~
/public/home/tangwsh/PhysX/physx/source/geomutils/src/GuGeometryChecks.h:93:74: note: in expansion of macro ‘PX_OFFSET_OF’
   93 | PX_COMPILE_TIME_ASSERT(PX_OFFSET_OF(physx::PxCapsuleGeometry, radius) == PX_OFFSET_OF(physx::PxSphereGeometry, radius));
      |                                                                          ^~~~~~~~~~~~
In file included from /public/home/tangwsh/PhysX/physx/source/simulationcontroller/src/ScScene.cpp:30:
/public/home/tangwsh/PhysX/physx/source/simulationcontroller/include/ScScene.h:222:15: warning: ‘physx::Sc::Scene’ has a field ‘physx::Sc::Scene::mOverlapFilterTaskHead’ whose type uses the anonymous namespace [-Wsubobject-linkage]
  222 |         class Scene : public PxUserAllocated
      |               ^~~~~
/public/home/tangwsh/PhysX/physx/source/simulationcontroller/include/ScScene.h:222:15: warning: ‘physx::Sc::Scene’ has a field ‘physx::Sc::Scene::mOverlapCreatedTaskHead’ whose type uses the anonymous namespace [-Wsubobject-linkage]
/public/home/tangwsh/PhysX/physx/source/simulationcontroller/include/ScScene.h:222:15: warning: ‘physx::Sc::Scene’ has a field ‘physx::Sc::Scene::mIslandInsertionTaskHead’ whose type uses the anonymous namespace [-Wsubobject-linkage]
[ 60%] Building CXX object CMakeFiles/SimulationController.dir/public/home/tangwsh/PhysX/physx/source/simulationcontroller/src/ScShapeCore.cpp.o
In file included from /public/home/tangwsh/PhysX/physx/include/foundation/PxSimpleTypes.h:36,
                 from /public/home/tangwsh/PhysX/physx/include/foundation/PxErrors.h:32,
                 from /public/home/tangwsh/PhysX/physx/include/foundation/PxErrorCallback.h:33,
                 from /public/home/tangwsh/PhysX/physx/source/simulationcontroller/src/ScShapeCore.cpp:29:
/public/home/tangwsh/PhysX/physx/include/foundation/PxPreprocessor.h:524: warning: "PX_SUPPORT_GPU_PHYSX" redefined
  524 |         #define PX_SUPPORT_GPU_PHYSX ((PX_X64 && (PX_WINDOWS_FAMILY || PX_LINUX)) || (PX_A64 && PX_LINUX))
      | 
<command-line>: note: this is the location of the previous definition
In file included from /public/home/tangwsh/PhysX/physx/include/foundation/PxSimpleTypes.h:36,
                 from /public/home/tangwsh/PhysX/physx/include/foundation/PxErrors.h:32,
                 from /public/home/tangwsh/PhysX/physx/include/foundation/PxErrorCallback.h:33,
                 from /public/home/tangwsh/PhysX/physx/source/simulationcontroller/src/ScShapeCore.cpp:29:
/public/home/tangwsh/PhysX/physx/source/geomutils/src/GuGeometryChecks.h:93:37: warning: ‘offsetof’ within non-standard-layout type ‘physx::PxCapsuleGeometry’ is conditionally-supported [-Winvalid-offsetof]
   93 | PX_COMPILE_TIME_ASSERT(PX_OFFSET_OF(physx::PxCapsuleGeometry, radius) == PX_OFFSET_OF(physx::PxSphereGeometry, radius));
/public/home/tangwsh/PhysX/physx/include/foundation/PxPreprocessor.h:430:51: note: in definition of macro ‘PX_COMPILE_TIME_ASSERT’
  430 | #define PX_COMPILE_TIME_ASSERT(exp) static_assert(exp, "")
      |                                                   ^~~
/public/home/tangwsh/PhysX/physx/source/geomutils/src/GuGeometryChecks.h:93:24: note: in expansion of macro ‘PX_OFFSET_OF’
   93 | PX_COMPILE_TIME_ASSERT(PX_OFFSET_OF(physx::PxCapsuleGeometry, radius) == PX_OFFSET_OF(physx::PxSphereGeometry, radius));
      |                        ^~~~~~~~~~~~
/public/home/tangwsh/PhysX/physx/source/geomutils/src/GuGeometryChecks.h:93:87: warning: ‘offsetof’ within non-standard-layout type ‘physx::PxSphereGeometry’ is conditionally-supported [-Winvalid-offsetof]
   93 | PX_COMPILE_TIME_ASSERT(PX_OFFSET_OF(physx::PxCapsuleGeometry, radius) == PX_OFFSET_OF(physx::PxSphereGeometry, radius));
/public/home/tangwsh/PhysX/physx/include/foundation/PxPreprocessor.h:430:51: note: in definition of macro ‘PX_COMPILE_TIME_ASSERT’
  430 | #define PX_COMPILE_TIME_ASSERT(exp) static_assert(exp, "")
      |                                                   ^~~
/public/home/tangwsh/PhysX/physx/source/geomutils/src/GuGeometryChecks.h:93:74: note: in expansion of macro ‘PX_OFFSET_OF’
   93 | PX_COMPILE_TIME_ASSERT(PX_OFFSET_OF(physx::PxCapsuleGeometry, radius) == PX_OFFSET_OF(physx::PxSphereGeometry, radius));
      |                                                                          ^~~~~~~~~~~~
In file included from /public/home/tangwsh/PhysX/physx/source/simulationcontroller/src/ScElementSim.h:38,
                 from /public/home/tangwsh/PhysX/physx/source/simulationcontroller/src/ScShapeSimBase.h:30,
                 from /public/home/tangwsh/PhysX/physx/source/simulationcontroller/src/ScShapeSim.h:32,
                 from /public/home/tangwsh/PhysX/physx/source/simulationcontroller/src/ScShapeCore.cpp:30:
/public/home/tangwsh/PhysX/physx/source/simulationcontroller/include/ScScene.h:222:15: warning: ‘physx::Sc::Scene’ has a field ‘physx::Sc::Scene::mOverlapFilterTaskHead’ whose type uses the anonymous namespace [-Wsubobject-linkage]
  222 |         class Scene : public PxUserAllocated
      |               ^~~~~
/public/home/tangwsh/PhysX/physx/source/simulationcontroller/include/ScScene.h:222:15: warning: ‘physx::Sc::Scene’ has a field ‘physx::Sc::Scene::mOverlapCreatedTaskHead’ whose type uses the anonymous namespace [-Wsubobject-linkage]
/public/home/tangwsh/PhysX/physx/source/simulationcontroller/include/ScScene.h:222:15: warning: ‘physx::Sc::Scene’ has a field ‘physx::Sc::Scene::mIslandInsertionTaskHead’ whose type uses the anonymous namespace [-Wsubobject-linkage]
[ 60%] Building CXX object CMakeFiles/SimulationController.dir/public/home/tangwsh/PhysX/physx/source/simulationcontroller/src/ScShapeInteraction.cpp.o
In file included from /public/home/tangwsh/PhysX/physx/include/foundation/PxFoundationConfig.h:32,
                 from /public/home/tangwsh/PhysX/physx/include/foundation/PxAllocatorCallback.h:33,
                 from /public/home/tangwsh/PhysX/physx/include/foundation/PxAllocator.h:32,
                 from /public/home/tangwsh/PhysX/physx/include/foundation/PxUserAllocated.h:32,
                 from /public/home/tangwsh/PhysX/physx/source/simulationcontroller/src/ScActorSim.h:32,
                 from /public/home/tangwsh/PhysX/physx/source/simulationcontroller/src/ScInteraction.h:33,
                 from /public/home/tangwsh/PhysX/physx/source/simulationcontroller/src/ScElementSimInteraction.h:32,
                 from /public/home/tangwsh/PhysX/physx/source/simulationcontroller/src/ScShapeInteraction.h:32,
                 from /public/home/tangwsh/PhysX/physx/source/simulationcontroller/src/ScShapeInteraction.cpp:29:
/public/home/tangwsh/PhysX/physx/include/foundation/PxPreprocessor.h:524: warning: "PX_SUPPORT_GPU_PHYSX" redefined
  524 |         #define PX_SUPPORT_GPU_PHYSX ((PX_X64 && (PX_WINDOWS_FAMILY || PX_LINUX)) || (PX_A64 && PX_LINUX))
      | 
<command-line>: note: this is the location of the previous definition
In file included from /public/home/tangwsh/PhysX/physx/include/foundation/PxFoundationConfig.h:32,
                 from /public/home/tangwsh/PhysX/physx/include/foundation/PxAllocatorCallback.h:33,
                 from /public/home/tangwsh/PhysX/physx/include/foundation/PxAllocator.h:32,
                 from /public/home/tangwsh/PhysX/physx/include/foundation/PxUserAllocated.h:32,
                 from /public/home/tangwsh/PhysX/physx/source/simulationcontroller/src/ScActorSim.h:32,
                 from /public/home/tangwsh/PhysX/physx/source/simulationcontroller/src/ScInteraction.h:33,
                 from /public/home/tangwsh/PhysX/physx/source/simulationcontroller/src/ScElementSimInteraction.h:32,
                 from /public/home/tangwsh/PhysX/physx/source/simulationcontroller/src/ScShapeInteraction.h:32,
                 from /public/home/tangwsh/PhysX/physx/source/simulationcontroller/src/ScShapeInteraction.cpp:29:
/public/home/tangwsh/PhysX/physx/source/geomutils/src/GuGeometryChecks.h:93:37: warning: ‘offsetof’ within non-standard-layout type ‘physx::PxCapsuleGeometry’ is conditionally-supported [-Winvalid-offsetof]
   93 | PX_COMPILE_TIME_ASSERT(PX_OFFSET_OF(physx::PxCapsuleGeometry, radius) == PX_OFFSET_OF(physx::PxSphereGeometry, radius));
/public/home/tangwsh/PhysX/physx/include/foundation/PxPreprocessor.h:430:51: note: in definition of macro ‘PX_COMPILE_TIME_ASSERT’
  430 | #define PX_COMPILE_TIME_ASSERT(exp) static_assert(exp, "")
      |                                                   ^~~
/public/home/tangwsh/PhysX/physx/source/geomutils/src/GuGeometryChecks.h:93:24: note: in expansion of macro ‘PX_OFFSET_OF’
   93 | PX_COMPILE_TIME_ASSERT(PX_OFFSET_OF(physx::PxCapsuleGeometry, radius) == PX_OFFSET_OF(physx::PxSphereGeometry, radius));
      |                        ^~~~~~~~~~~~
/public/home/tangwsh/PhysX/physx/source/geomutils/src/GuGeometryChecks.h:93:87: warning: ‘offsetof’ within non-standard-layout type ‘physx::PxSphereGeometry’ is conditionally-supported [-Winvalid-offsetof]
   93 | PX_COMPILE_TIME_ASSERT(PX_OFFSET_OF(physx::PxCapsuleGeometry, radius) == PX_OFFSET_OF(physx::PxSphereGeometry, radius));
/public/home/tangwsh/PhysX/physx/include/foundation/PxPreprocessor.h:430:51: note: in definition of macro ‘PX_COMPILE_TIME_ASSERT’
  430 | #define PX_COMPILE_TIME_ASSERT(exp) static_assert(exp, "")
      |                                                   ^~~
/public/home/tangwsh/PhysX/physx/source/geomutils/src/GuGeometryChecks.h:93:74: note: in expansion of macro ‘PX_OFFSET_OF’
   93 | PX_COMPILE_TIME_ASSERT(PX_OFFSET_OF(physx::PxCapsuleGeometry, radius) == PX_OFFSET_OF(physx::PxSphereGeometry, radius));
      |                                                                          ^~~~~~~~~~~~
In file included from /public/home/tangwsh/PhysX/physx/source/simulationcontroller/src/ScElementSim.h:38,
                 from /public/home/tangwsh/PhysX/physx/source/simulationcontroller/src/ScElementSimInteraction.h:33,
                 from /public/home/tangwsh/PhysX/physx/source/simulationcontroller/src/ScShapeInteraction.h:32,
                 from /public/home/tangwsh/PhysX/physx/source/simulationcontroller/src/ScShapeInteraction.cpp:29:
/public/home/tangwsh/PhysX/physx/source/simulationcontroller/include/ScScene.h:222:15: warning: ‘physx::Sc::Scene’ has a field ‘physx::Sc::Scene::mOverlapFilterTaskHead’ whose type uses the anonymous namespace [-Wsubobject-linkage]
  222 |         class Scene : public PxUserAllocated
      |               ^~~~~
/public/home/tangwsh/PhysX/physx/source/simulationcontroller/include/ScScene.h:222:15: warning: ‘physx::Sc::Scene’ has a field ‘physx::Sc::Scene::mOverlapCreatedTaskHead’ whose type uses the anonymous namespace [-Wsubobject-linkage]
/public/home/tangwsh/PhysX/physx/source/simulationcontroller/include/ScScene.h:222:15: warning: ‘physx::Sc::Scene’ has a field ‘physx::Sc::Scene::mIslandInsertionTaskHead’ whose type uses the anonymous namespace [-Wsubobject-linkage]
[ 60%] Building CXX object CMakeFiles/SimulationController.dir/public/home/tangwsh/PhysX/physx/source/simulationcontroller/src/ScShapeSim.cpp.o
In file included from /public/home/tangwsh/PhysX/physx/include/foundation/PxSimpleTypes.h:36,
                 from /public/home/tangwsh/PhysX/physx/include/common/PxPhysXCommonConfig.h:32,
                 from /public/home/tangwsh/PhysX/physx/include/PxPhysXConfig.h:35,
                 from /public/home/tangwsh/PhysX/physx/include/PxFiltering.h:32,
                 from /public/home/tangwsh/PhysX/physx/source/simulationcontroller/src/ScElementSim.h:32,
                 from /public/home/tangwsh/PhysX/physx/source/simulationcontroller/src/ScShapeSimBase.h:30,
                 from /public/home/tangwsh/PhysX/physx/source/simulationcontroller/src/ScShapeSim.h:32,
                 from /public/home/tangwsh/PhysX/physx/source/simulationcontroller/src/ScShapeSim.cpp:29:
/public/home/tangwsh/PhysX/physx/include/foundation/PxPreprocessor.h:524: warning: "PX_SUPPORT_GPU_PHYSX" redefined
  524 |         #define PX_SUPPORT_GPU_PHYSX ((PX_X64 && (PX_WINDOWS_FAMILY || PX_LINUX)) || (PX_A64 && PX_LINUX))
      | 
<command-line>: note: this is the location of the previous definition
In file included from /public/home/tangwsh/PhysX/physx/include/foundation/PxSimpleTypes.h:36,
                 from /public/home/tangwsh/PhysX/physx/include/common/PxPhysXCommonConfig.h:32,
                 from /public/home/tangwsh/PhysX/physx/include/PxPhysXConfig.h:35,
                 from /public/home/tangwsh/PhysX/physx/include/PxFiltering.h:32,
                 from /public/home/tangwsh/PhysX/physx/source/simulationcontroller/src/ScElementSim.h:32,
                 from /public/home/tangwsh/PhysX/physx/source/simulationcontroller/src/ScShapeSimBase.h:30,
                 from /public/home/tangwsh/PhysX/physx/source/simulationcontroller/src/ScShapeSim.h:32,
                 from /public/home/tangwsh/PhysX/physx/source/simulationcontroller/src/ScShapeSim.cpp:29:
/public/home/tangwsh/PhysX/physx/source/geomutils/src/GuGeometryChecks.h:93:37: warning: ‘offsetof’ within non-standard-layout type ‘physx::PxCapsuleGeometry’ is conditionally-supported [-Winvalid-offsetof]
   93 | PX_COMPILE_TIME_ASSERT(PX_OFFSET_OF(physx::PxCapsuleGeometry, radius) == PX_OFFSET_OF(physx::PxSphereGeometry, radius));
/public/home/tangwsh/PhysX/physx/include/foundation/PxPreprocessor.h:430:51: note: in definition of macro ‘PX_COMPILE_TIME_ASSERT’
  430 | #define PX_COMPILE_TIME_ASSERT(exp) static_assert(exp, "")
      |                                                   ^~~
/public/home/tangwsh/PhysX/physx/source/geomutils/src/GuGeometryChecks.h:93:24: note: in expansion of macro ‘PX_OFFSET_OF’
   93 | PX_COMPILE_TIME_ASSERT(PX_OFFSET_OF(physx::PxCapsuleGeometry, radius) == PX_OFFSET_OF(physx::PxSphereGeometry, radius));
      |                        ^~~~~~~~~~~~
/public/home/tangwsh/PhysX/physx/source/geomutils/src/GuGeometryChecks.h:93:87: warning: ‘offsetof’ within non-standard-layout type ‘physx::PxSphereGeometry’ is conditionally-supported [-Winvalid-offsetof]
   93 | PX_COMPILE_TIME_ASSERT(PX_OFFSET_OF(physx::PxCapsuleGeometry, radius) == PX_OFFSET_OF(physx::PxSphereGeometry, radius));
/public/home/tangwsh/PhysX/physx/include/foundation/PxPreprocessor.h:430:51: note: in definition of macro ‘PX_COMPILE_TIME_ASSERT’
  430 | #define PX_COMPILE_TIME_ASSERT(exp) static_assert(exp, "")
      |                                                   ^~~
/public/home/tangwsh/PhysX/physx/source/geomutils/src/GuGeometryChecks.h:93:74: note: in expansion of macro ‘PX_OFFSET_OF’
   93 | PX_COMPILE_TIME_ASSERT(PX_OFFSET_OF(physx::PxCapsuleGeometry, radius) == PX_OFFSET_OF(physx::PxSphereGeometry, radius));
      |                                                                          ^~~~~~~~~~~~
In file included from /public/home/tangwsh/PhysX/physx/source/simulationcontroller/src/ScElementSim.h:38,
                 from /public/home/tangwsh/PhysX/physx/source/simulationcontroller/src/ScShapeSimBase.h:30,
                 from /public/home/tangwsh/PhysX/physx/source/simulationcontroller/src/ScShapeSim.h:32,
                 from /public/home/tangwsh/PhysX/physx/source/simulationcontroller/src/ScShapeSim.cpp:29:
/public/home/tangwsh/PhysX/physx/source/simulationcontroller/include/ScScene.h:222:15: warning: ‘physx::Sc::Scene’ has a field ‘physx::Sc::Scene::mOverlapFilterTaskHead’ whose type uses the anonymous namespace [-Wsubobject-linkage]
  222 |         class Scene : public PxUserAllocated
      |               ^~~~~
/public/home/tangwsh/PhysX/physx/source/simulationcontroller/include/ScScene.h:222:15: warning: ‘physx::Sc::Scene’ has a field ‘physx::Sc::Scene::mOverlapCreatedTaskHead’ whose type uses the anonymous namespace [-Wsubobject-linkage]
/public/home/tangwsh/PhysX/physx/source/simulationcontroller/include/ScScene.h:222:15: warning: ‘physx::Sc::Scene’ has a field ‘physx::Sc::Scene::mIslandInsertionTaskHead’ whose type uses the anonymous namespace [-Wsubobject-linkage]
[ 61%] Building CXX object CMakeFiles/SimulationController.dir/public/home/tangwsh/PhysX/physx/source/simulationcontroller/src/ScShapeSimBase.cpp.o
In file included from /public/home/tangwsh/PhysX/physx/include/foundation/PxSimpleTypes.h:36,
                 from /public/home/tangwsh/PhysX/physx/include/common/PxPhysXCommonConfig.h:32,
                 from /public/home/tangwsh/PhysX/physx/include/PxPhysXConfig.h:35,
                 from /public/home/tangwsh/PhysX/physx/include/PxFiltering.h:32,
                 from /public/home/tangwsh/PhysX/physx/source/simulationcontroller/src/ScElementSim.h:32,
                 from /public/home/tangwsh/PhysX/physx/source/simulationcontroller/src/ScShapeSimBase.h:30,
                 from /public/home/tangwsh/PhysX/physx/source/simulationcontroller/src/ScShapeSimBase.cpp:27:
/public/home/tangwsh/PhysX/physx/include/foundation/PxPreprocessor.h:524: warning: "PX_SUPPORT_GPU_PHYSX" redefined
  524 |         #define PX_SUPPORT_GPU_PHYSX ((PX_X64 && (PX_WINDOWS_FAMILY || PX_LINUX)) || (PX_A64 && PX_LINUX))
      | 
<command-line>: note: this is the location of the previous definition
In file included from /public/home/tangwsh/PhysX/physx/include/foundation/PxSimpleTypes.h:36,
                 from /public/home/tangwsh/PhysX/physx/include/common/PxPhysXCommonConfig.h:32,
                 from /public/home/tangwsh/PhysX/physx/include/PxPhysXConfig.h:35,
                 from /public/home/tangwsh/PhysX/physx/include/PxFiltering.h:32,
                 from /public/home/tangwsh/PhysX/physx/source/simulationcontroller/src/ScElementSim.h:32,
                 from /public/home/tangwsh/PhysX/physx/source/simulationcontroller/src/ScShapeSimBase.h:30,
                 from /public/home/tangwsh/PhysX/physx/source/simulationcontroller/src/ScShapeSimBase.cpp:27:
/public/home/tangwsh/PhysX/physx/source/geomutils/src/GuGeometryChecks.h:93:37: warning: ‘offsetof’ within non-standard-layout type ‘physx::PxCapsuleGeometry’ is conditionally-supported [-Winvalid-offsetof]
   93 | PX_COMPILE_TIME_ASSERT(PX_OFFSET_OF(physx::PxCapsuleGeometry, radius) == PX_OFFSET_OF(physx::PxSphereGeometry, radius));
/public/home/tangwsh/PhysX/physx/include/foundation/PxPreprocessor.h:430:51: note: in definition of macro ‘PX_COMPILE_TIME_ASSERT’
  430 | #define PX_COMPILE_TIME_ASSERT(exp) static_assert(exp, "")
      |                                                   ^~~
/public/home/tangwsh/PhysX/physx/source/geomutils/src/GuGeometryChecks.h:93:24: note: in expansion of macro ‘PX_OFFSET_OF’
   93 | PX_COMPILE_TIME_ASSERT(PX_OFFSET_OF(physx::PxCapsuleGeometry, radius) == PX_OFFSET_OF(physx::PxSphereGeometry, radius));
      |                        ^~~~~~~~~~~~
/public/home/tangwsh/PhysX/physx/source/geomutils/src/GuGeometryChecks.h:93:87: warning: ‘offsetof’ within non-standard-layout type ‘physx::PxSphereGeometry’ is conditionally-supported [-Winvalid-offsetof]
   93 | PX_COMPILE_TIME_ASSERT(PX_OFFSET_OF(physx::PxCapsuleGeometry, radius) == PX_OFFSET_OF(physx::PxSphereGeometry, radius));
/public/home/tangwsh/PhysX/physx/include/foundation/PxPreprocessor.h:430:51: note: in definition of macro ‘PX_COMPILE_TIME_ASSERT’
  430 | #define PX_COMPILE_TIME_ASSERT(exp) static_assert(exp, "")
      |                                                   ^~~
/public/home/tangwsh/PhysX/physx/source/geomutils/src/GuGeometryChecks.h:93:74: note: in expansion of macro ‘PX_OFFSET_OF’
   93 | PX_COMPILE_TIME_ASSERT(PX_OFFSET_OF(physx::PxCapsuleGeometry, radius) == PX_OFFSET_OF(physx::PxSphereGeometry, radius));
      |                                                                          ^~~~~~~~~~~~
In file included from /public/home/tangwsh/PhysX/physx/source/simulationcontroller/src/ScElementSim.h:38,
                 from /public/home/tangwsh/PhysX/physx/source/simulationcontroller/src/ScShapeSimBase.h:30,
                 from /public/home/tangwsh/PhysX/physx/source/simulationcontroller/src/ScShapeSimBase.cpp:27:
/public/home/tangwsh/PhysX/physx/source/simulationcontroller/include/ScScene.h:222:15: warning: ‘physx::Sc::Scene’ has a field ‘physx::Sc::Scene::mOverlapFilterTaskHead’ whose type uses the anonymous namespace [-Wsubobject-linkage]
  222 |         class Scene : public PxUserAllocated
      |               ^~~~~
/public/home/tangwsh/PhysX/physx/source/simulationcontroller/include/ScScene.h:222:15: warning: ‘physx::Sc::Scene’ has a field ‘physx::Sc::Scene::mOverlapCreatedTaskHead’ whose type uses the anonymous namespace [-Wsubobject-linkage]
/public/home/tangwsh/PhysX/physx/source/simulationcontroller/include/ScScene.h:222:15: warning: ‘physx::Sc::Scene’ has a field ‘physx::Sc::Scene::mIslandInsertionTaskHead’ whose type uses the anonymous namespace [-Wsubobject-linkage]
[ 61%] Building CXX object CMakeFiles/SimulationController.dir/public/home/tangwsh/PhysX/physx/source/simulationcontroller/src/ScSimStats.cpp.o
In file included from /public/home/tangwsh/PhysX/physx/include/foundation/PxSimpleTypes.h:36,
                 from /public/home/tangwsh/PhysX/physx/include/foundation/PxMemory.h:33,
                 from /public/home/tangwsh/PhysX/physx/source/simulationcontroller/src/ScSimStats.cpp:29:
/public/home/tangwsh/PhysX/physx/include/foundation/PxPreprocessor.h:524: warning: "PX_SUPPORT_GPU_PHYSX" redefined
  524 |         #define PX_SUPPORT_GPU_PHYSX ((PX_X64 && (PX_WINDOWS_FAMILY || PX_LINUX)) || (PX_A64 && PX_LINUX))
      | 
<command-line>: note: this is the location of the previous definition
[ 61%] Building CXX object CMakeFiles/SimulationController.dir/public/home/tangwsh/PhysX/physx/source/simulationcontroller/src/ScSimulationController.cpp.o
In file included from /public/home/tangwsh/PhysX/physx/include/cudamanager/PxCudaTypes.h:33,
                 from /public/home/tangwsh/PhysX/physx/include/PxDirectGPUAPI.h:32,
                 from /public/home/tangwsh/PhysX/physx/source/lowlevel/software/include/PxsSimulationController.h:32,
                 from /public/home/tangwsh/PhysX/physx/source/simulationcontroller/src/ScSimulationController.h:32,
                 from /public/home/tangwsh/PhysX/physx/source/simulationcontroller/src/ScSimulationController.cpp:29:
/public/home/tangwsh/PhysX/physx/include/foundation/PxPreprocessor.h:524: warning: "PX_SUPPORT_GPU_PHYSX" redefined
  524 |         #define PX_SUPPORT_GPU_PHYSX ((PX_X64 && (PX_WINDOWS_FAMILY || PX_LINUX)) || (PX_A64 && PX_LINUX))
      | 
<command-line>: note: this is the location of the previous definition
In file included from /public/home/tangwsh/PhysX/physx/include/cudamanager/PxCudaTypes.h:33,
                 from /public/home/tangwsh/PhysX/physx/include/PxDirectGPUAPI.h:32,
                 from /public/home/tangwsh/PhysX/physx/source/lowlevel/software/include/PxsSimulationController.h:32,
                 from /public/home/tangwsh/PhysX/physx/source/simulationcontroller/src/ScSimulationController.h:32,
                 from /public/home/tangwsh/PhysX/physx/source/simulationcontroller/src/ScSimulationController.cpp:29:
/public/home/tangwsh/PhysX/physx/source/geomutils/src/GuGeometryChecks.h:93:37: warning: ‘offsetof’ within non-standard-layout type ‘physx::PxCapsuleGeometry’ is conditionally-supported [-Winvalid-offsetof]
   93 | PX_COMPILE_TIME_ASSERT(PX_OFFSET_OF(physx::PxCapsuleGeometry, radius) == PX_OFFSET_OF(physx::PxSphereGeometry, radius));
/public/home/tangwsh/PhysX/physx/include/foundation/PxPreprocessor.h:430:51: note: in definition of macro ‘PX_COMPILE_TIME_ASSERT’
  430 | #define PX_COMPILE_TIME_ASSERT(exp) static_assert(exp, "")
      |                                                   ^~~
/public/home/tangwsh/PhysX/physx/source/geomutils/src/GuGeometryChecks.h:93:24: note: in expansion of macro ‘PX_OFFSET_OF’
   93 | PX_COMPILE_TIME_ASSERT(PX_OFFSET_OF(physx::PxCapsuleGeometry, radius) == PX_OFFSET_OF(physx::PxSphereGeometry, radius));
      |                        ^~~~~~~~~~~~
/public/home/tangwsh/PhysX/physx/source/geomutils/src/GuGeometryChecks.h:93:87: warning: ‘offsetof’ within non-standard-layout type ‘physx::PxSphereGeometry’ is conditionally-supported [-Winvalid-offsetof]
   93 | PX_COMPILE_TIME_ASSERT(PX_OFFSET_OF(physx::PxCapsuleGeometry, radius) == PX_OFFSET_OF(physx::PxSphereGeometry, radius));
/public/home/tangwsh/PhysX/physx/include/foundation/PxPreprocessor.h:430:51: note: in definition of macro ‘PX_COMPILE_TIME_ASSERT’
  430 | #define PX_COMPILE_TIME_ASSERT(exp) static_assert(exp, "")
      |                                                   ^~~
/public/home/tangwsh/PhysX/physx/source/geomutils/src/GuGeometryChecks.h:93:74: note: in expansion of macro ‘PX_OFFSET_OF’
   93 | PX_COMPILE_TIME_ASSERT(PX_OFFSET_OF(physx::PxCapsuleGeometry, radius) == PX_OFFSET_OF(physx::PxSphereGeometry, radius));
      |                                                                          ^~~~~~~~~~~~
[ 61%] Building CXX object CMakeFiles/SimulationController.dir/public/home/tangwsh/PhysX/physx/source/simulationcontroller/src/ScSleep.cpp.o
In file included from /public/home/tangwsh/PhysX/physx/include/foundation/PxSimpleTypes.h:36,
                 from /public/home/tangwsh/PhysX/physx/include/common/PxPhysXCommonConfig.h:32,
                 from /public/home/tangwsh/PhysX/physx/include/PxPhysXConfig.h:35,
                 from /public/home/tangwsh/PhysX/physx/source/simulationcontroller/include/ScScene.h:32,
                 from /public/home/tangwsh/PhysX/physx/source/simulationcontroller/src/ScSleep.cpp:29:
/public/home/tangwsh/PhysX/physx/include/foundation/PxPreprocessor.h:524: warning: "PX_SUPPORT_GPU_PHYSX" redefined
  524 |         #define PX_SUPPORT_GPU_PHYSX ((PX_X64 && (PX_WINDOWS_FAMILY || PX_LINUX)) || (PX_A64 && PX_LINUX))
      | 
<command-line>: note: this is the location of the previous definition
In file included from /public/home/tangwsh/PhysX/physx/include/foundation/PxSimpleTypes.h:36,
                 from /public/home/tangwsh/PhysX/physx/include/common/PxPhysXCommonConfig.h:32,
                 from /public/home/tangwsh/PhysX/physx/include/PxPhysXConfig.h:35,
                 from /public/home/tangwsh/PhysX/physx/source/simulationcontroller/include/ScScene.h:32,
                 from /public/home/tangwsh/PhysX/physx/source/simulationcontroller/src/ScSleep.cpp:29:
/public/home/tangwsh/PhysX/physx/source/geomutils/src/GuGeometryChecks.h:93:37: warning: ‘offsetof’ within non-standard-layout type ‘physx::PxCapsuleGeometry’ is conditionally-supported [-Winvalid-offsetof]
   93 | PX_COMPILE_TIME_ASSERT(PX_OFFSET_OF(physx::PxCapsuleGeometry, radius) == PX_OFFSET_OF(physx::PxSphereGeometry, radius));
/public/home/tangwsh/PhysX/physx/include/foundation/PxPreprocessor.h:430:51: note: in definition of macro ‘PX_COMPILE_TIME_ASSERT’
  430 | #define PX_COMPILE_TIME_ASSERT(exp) static_assert(exp, "")
      |                                                   ^~~
/public/home/tangwsh/PhysX/physx/source/geomutils/src/GuGeometryChecks.h:93:24: note: in expansion of macro ‘PX_OFFSET_OF’
   93 | PX_COMPILE_TIME_ASSERT(PX_OFFSET_OF(physx::PxCapsuleGeometry, radius) == PX_OFFSET_OF(physx::PxSphereGeometry, radius));
      |                        ^~~~~~~~~~~~
/public/home/tangwsh/PhysX/physx/source/geomutils/src/GuGeometryChecks.h:93:87: warning: ‘offsetof’ within non-standard-layout type ‘physx::PxSphereGeometry’ is conditionally-supported [-Winvalid-offsetof]
   93 | PX_COMPILE_TIME_ASSERT(PX_OFFSET_OF(physx::PxCapsuleGeometry, radius) == PX_OFFSET_OF(physx::PxSphereGeometry, radius));
/public/home/tangwsh/PhysX/physx/include/foundation/PxPreprocessor.h:430:51: note: in definition of macro ‘PX_COMPILE_TIME_ASSERT’
  430 | #define PX_COMPILE_TIME_ASSERT(exp) static_assert(exp, "")
      |                                                   ^~~
/public/home/tangwsh/PhysX/physx/source/geomutils/src/GuGeometryChecks.h:93:74: note: in expansion of macro ‘PX_OFFSET_OF’
   93 | PX_COMPILE_TIME_ASSERT(PX_OFFSET_OF(physx::PxCapsuleGeometry, radius) == PX_OFFSET_OF(physx::PxSphereGeometry, radius));
      |                                                                          ^~~~~~~~~~~~
In file included from /public/home/tangwsh/PhysX/physx/source/simulationcontroller/src/ScSleep.cpp:29:
/public/home/tangwsh/PhysX/physx/source/simulationcontroller/include/ScScene.h:222:15: warning: ‘physx::Sc::Scene’ has a field ‘physx::Sc::Scene::mOverlapFilterTaskHead’ whose type uses the anonymous namespace [-Wsubobject-linkage]
  222 |         class Scene : public PxUserAllocated
      |               ^~~~~
/public/home/tangwsh/PhysX/physx/source/simulationcontroller/include/ScScene.h:222:15: warning: ‘physx::Sc::Scene’ has a field ‘physx::Sc::Scene::mOverlapCreatedTaskHead’ whose type uses the anonymous namespace [-Wsubobject-linkage]
/public/home/tangwsh/PhysX/physx/source/simulationcontroller/include/ScScene.h:222:15: warning: ‘physx::Sc::Scene’ has a field ‘physx::Sc::Scene::mIslandInsertionTaskHead’ whose type uses the anonymous namespace [-Wsubobject-linkage]
[ 61%] Building CXX object CMakeFiles/SimulationController.dir/public/home/tangwsh/PhysX/physx/source/simulationcontroller/src/ScSqBoundsManager.cpp.o
In file included from /public/home/tangwsh/PhysX/physx/include/foundation/PxSimpleTypes.h:36,
                 from /public/home/tangwsh/PhysX/physx/source/geomutils/include/GuPrunerTypedef.h:32,
                 from /public/home/tangwsh/PhysX/physx/source/simulationcontroller/src/ScSqBoundsManager.cpp:29:
/public/home/tangwsh/PhysX/physx/include/foundation/PxPreprocessor.h:524: warning: "PX_SUPPORT_GPU_PHYSX" redefined
  524 |         #define PX_SUPPORT_GPU_PHYSX ((PX_X64 && (PX_WINDOWS_FAMILY || PX_LINUX)) || (PX_A64 && PX_LINUX))
      | 
<command-line>: note: this is the location of the previous definition
In file included from /public/home/tangwsh/PhysX/physx/include/foundation/PxSimpleTypes.h:36,
                 from /public/home/tangwsh/PhysX/physx/source/geomutils/include/GuPrunerTypedef.h:32,
                 from /public/home/tangwsh/PhysX/physx/source/simulationcontroller/src/ScSqBoundsManager.cpp:29:
/public/home/tangwsh/PhysX/physx/source/geomutils/src/GuGeometryChecks.h:93:37: warning: ‘offsetof’ within non-standard-layout type ‘physx::PxCapsuleGeometry’ is conditionally-supported [-Winvalid-offsetof]
   93 | PX_COMPILE_TIME_ASSERT(PX_OFFSET_OF(physx::PxCapsuleGeometry, radius) == PX_OFFSET_OF(physx::PxSphereGeometry, radius));
/public/home/tangwsh/PhysX/physx/include/foundation/PxPreprocessor.h:430:51: note: in definition of macro ‘PX_COMPILE_TIME_ASSERT’
  430 | #define PX_COMPILE_TIME_ASSERT(exp) static_assert(exp, "")
      |                                                   ^~~
/public/home/tangwsh/PhysX/physx/source/geomutils/src/GuGeometryChecks.h:93:24: note: in expansion of macro ‘PX_OFFSET_OF’
   93 | PX_COMPILE_TIME_ASSERT(PX_OFFSET_OF(physx::PxCapsuleGeometry, radius) == PX_OFFSET_OF(physx::PxSphereGeometry, radius));
      |                        ^~~~~~~~~~~~
/public/home/tangwsh/PhysX/physx/source/geomutils/src/GuGeometryChecks.h:93:87: warning: ‘offsetof’ within non-standard-layout type ‘physx::PxSphereGeometry’ is conditionally-supported [-Winvalid-offsetof]
   93 | PX_COMPILE_TIME_ASSERT(PX_OFFSET_OF(physx::PxCapsuleGeometry, radius) == PX_OFFSET_OF(physx::PxSphereGeometry, radius));
/public/home/tangwsh/PhysX/physx/include/foundation/PxPreprocessor.h:430:51: note: in definition of macro ‘PX_COMPILE_TIME_ASSERT’
  430 | #define PX_COMPILE_TIME_ASSERT(exp) static_assert(exp, "")
      |                                                   ^~~
/public/home/tangwsh/PhysX/physx/source/geomutils/src/GuGeometryChecks.h:93:74: note: in expansion of macro ‘PX_OFFSET_OF’
   93 | PX_COMPILE_TIME_ASSERT(PX_OFFSET_OF(physx::PxCapsuleGeometry, radius) == PX_OFFSET_OF(physx::PxSphereGeometry, radius));
      |                                                                          ^~~~~~~~~~~~
In file included from /public/home/tangwsh/PhysX/physx/source/simulationcontroller/src/ScElementSim.h:38,
                 from /public/home/tangwsh/PhysX/physx/source/simulationcontroller/src/ScShapeSimBase.h:30,
                 from /public/home/tangwsh/PhysX/physx/source/simulationcontroller/src/ScShapeSim.h:32,
                 from /public/home/tangwsh/PhysX/physx/source/simulationcontroller/src/ScSqBoundsManager.cpp:32:
/public/home/tangwsh/PhysX/physx/source/simulationcontroller/include/ScScene.h:222:15: warning: ‘physx::Sc::Scene’ has a field ‘physx::Sc::Scene::mOverlapFilterTaskHead’ whose type uses the anonymous namespace [-Wsubobject-linkage]
  222 |         class Scene : public PxUserAllocated
      |               ^~~~~
/public/home/tangwsh/PhysX/physx/source/simulationcontroller/include/ScScene.h:222:15: warning: ‘physx::Sc::Scene’ has a field ‘physx::Sc::Scene::mOverlapCreatedTaskHead’ whose type uses the anonymous namespace [-Wsubobject-linkage]
/public/home/tangwsh/PhysX/physx/source/simulationcontroller/include/ScScene.h:222:15: warning: ‘physx::Sc::Scene’ has a field ‘physx::Sc::Scene::mIslandInsertionTaskHead’ whose type uses the anonymous namespace [-Wsubobject-linkage]
[ 62%] Building CXX object CMakeFiles/SimulationController.dir/public/home/tangwsh/PhysX/physx/source/simulationcontroller/src/ScStaticCore.cpp.o
In file included from /public/home/tangwsh/PhysX/physx/include/foundation/PxSimpleTypes.h:36,
                 from /public/home/tangwsh/PhysX/physx/include/foundation/PxIO.h:33,
                 from /public/home/tangwsh/PhysX/physx/include/foundation/PxBitAndData.h:32,
                 from /public/home/tangwsh/PhysX/physx/source/simulationcontroller/include/ScActorCore.h:32,
                 from /public/home/tangwsh/PhysX/physx/source/simulationcontroller/include/ScRigidCore.h:32,
                 from /public/home/tangwsh/PhysX/physx/source/simulationcontroller/include/ScStaticCore.h:32,
                 from /public/home/tangwsh/PhysX/physx/source/simulationcontroller/src/ScStaticCore.cpp:30:
/public/home/tangwsh/PhysX/physx/include/foundation/PxPreprocessor.h:524: warning: "PX_SUPPORT_GPU_PHYSX" redefined
  524 |         #define PX_SUPPORT_GPU_PHYSX ((PX_X64 && (PX_WINDOWS_FAMILY || PX_LINUX)) || (PX_A64 && PX_LINUX))
      | 
<command-line>: note: this is the location of the previous definition
[ 62%] Building CXX object CMakeFiles/SimulationController.dir/public/home/tangwsh/PhysX/physx/source/simulationcontroller/src/ScTriggerInteraction.cpp.o
In file included from /public/home/tangwsh/PhysX/physx/include/foundation/PxFoundationConfig.h:32,
                 from /public/home/tangwsh/PhysX/physx/include/foundation/PxAllocatorCallback.h:33,
                 from /public/home/tangwsh/PhysX/physx/include/foundation/PxAllocator.h:32,
                 from /public/home/tangwsh/PhysX/physx/include/foundation/PxUserAllocated.h:32,
                 from /public/home/tangwsh/PhysX/physx/source/simulationcontroller/src/ScActorSim.h:32,
                 from /public/home/tangwsh/PhysX/physx/source/simulationcontroller/src/ScInteraction.h:33,
                 from /public/home/tangwsh/PhysX/physx/source/simulationcontroller/src/ScElementSimInteraction.h:32,
                 from /public/home/tangwsh/PhysX/physx/source/simulationcontroller/src/ScTriggerInteraction.h:32,
                 from /public/home/tangwsh/PhysX/physx/source/simulationcontroller/src/ScTriggerInteraction.cpp:29:
/public/home/tangwsh/PhysX/physx/include/foundation/PxPreprocessor.h:524: warning: "PX_SUPPORT_GPU_PHYSX" redefined
  524 |         #define PX_SUPPORT_GPU_PHYSX ((PX_X64 && (PX_WINDOWS_FAMILY || PX_LINUX)) || (PX_A64 && PX_LINUX))
      | 
<command-line>: note: this is the location of the previous definition
In file included from /public/home/tangwsh/PhysX/physx/include/foundation/PxFoundationConfig.h:32,
                 from /public/home/tangwsh/PhysX/physx/include/foundation/PxAllocatorCallback.h:33,
                 from /public/home/tangwsh/PhysX/physx/include/foundation/PxAllocator.h:32,
                 from /public/home/tangwsh/PhysX/physx/include/foundation/PxUserAllocated.h:32,
                 from /public/home/tangwsh/PhysX/physx/source/simulationcontroller/src/ScActorSim.h:32,
                 from /public/home/tangwsh/PhysX/physx/source/simulationcontroller/src/ScInteraction.h:33,
                 from /public/home/tangwsh/PhysX/physx/source/simulationcontroller/src/ScElementSimInteraction.h:32,
                 from /public/home/tangwsh/PhysX/physx/source/simulationcontroller/src/ScTriggerInteraction.h:32,
                 from /public/home/tangwsh/PhysX/physx/source/simulationcontroller/src/ScTriggerInteraction.cpp:29:
/public/home/tangwsh/PhysX/physx/source/geomutils/src/GuGeometryChecks.h:93:37: warning: ‘offsetof’ within non-standard-layout type ‘physx::PxCapsuleGeometry’ is conditionally-supported [-Winvalid-offsetof]
   93 | PX_COMPILE_TIME_ASSERT(PX_OFFSET_OF(physx::PxCapsuleGeometry, radius) == PX_OFFSET_OF(physx::PxSphereGeometry, radius));
/public/home/tangwsh/PhysX/physx/include/foundation/PxPreprocessor.h:430:51: note: in definition of macro ‘PX_COMPILE_TIME_ASSERT’
  430 | #define PX_COMPILE_TIME_ASSERT(exp) static_assert(exp, "")
      |                                                   ^~~
/public/home/tangwsh/PhysX/physx/source/geomutils/src/GuGeometryChecks.h:93:24: note: in expansion of macro ‘PX_OFFSET_OF’
   93 | PX_COMPILE_TIME_ASSERT(PX_OFFSET_OF(physx::PxCapsuleGeometry, radius) == PX_OFFSET_OF(physx::PxSphereGeometry, radius));
      |                        ^~~~~~~~~~~~
/public/home/tangwsh/PhysX/physx/source/geomutils/src/GuGeometryChecks.h:93:87: warning: ‘offsetof’ within non-standard-layout type ‘physx::PxSphereGeometry’ is conditionally-supported [-Winvalid-offsetof]
   93 | PX_COMPILE_TIME_ASSERT(PX_OFFSET_OF(physx::PxCapsuleGeometry, radius) == PX_OFFSET_OF(physx::PxSphereGeometry, radius));
/public/home/tangwsh/PhysX/physx/include/foundation/PxPreprocessor.h:430:51: note: in definition of macro ‘PX_COMPILE_TIME_ASSERT’
  430 | #define PX_COMPILE_TIME_ASSERT(exp) static_assert(exp, "")
      |                                                   ^~~
/public/home/tangwsh/PhysX/physx/source/geomutils/src/GuGeometryChecks.h:93:74: note: in expansion of macro ‘PX_OFFSET_OF’
   93 | PX_COMPILE_TIME_ASSERT(PX_OFFSET_OF(physx::PxCapsuleGeometry, radius) == PX_OFFSET_OF(physx::PxSphereGeometry, radius));
      |                                                                          ^~~~~~~~~~~~
In file included from /public/home/tangwsh/PhysX/physx/source/simulationcontroller/src/ScElementSim.h:38,
                 from /public/home/tangwsh/PhysX/physx/source/simulationcontroller/src/ScElementSimInteraction.h:33,
                 from /public/home/tangwsh/PhysX/physx/source/simulationcontroller/src/ScTriggerInteraction.h:32,
                 from /public/home/tangwsh/PhysX/physx/source/simulationcontroller/src/ScTriggerInteraction.cpp:29:
/public/home/tangwsh/PhysX/physx/source/simulationcontroller/include/ScScene.h:222:15: warning: ‘physx::Sc::Scene’ has a field ‘physx::Sc::Scene::mOverlapFilterTaskHead’ whose type uses the anonymous namespace [-Wsubobject-linkage]
  222 |         class Scene : public PxUserAllocated
      |               ^~~~~
/public/home/tangwsh/PhysX/physx/source/simulationcontroller/include/ScScene.h:222:15: warning: ‘physx::Sc::Scene’ has a field ‘physx::Sc::Scene::mOverlapCreatedTaskHead’ whose type uses the anonymous namespace [-Wsubobject-linkage]
/public/home/tangwsh/PhysX/physx/source/simulationcontroller/include/ScScene.h:222:15: warning: ‘physx::Sc::Scene’ has a field ‘physx::Sc::Scene::mIslandInsertionTaskHead’ whose type uses the anonymous namespace [-Wsubobject-linkage]
[ 62%] Building CXX object CMakeFiles/SimulationController.dir/public/home/tangwsh/PhysX/physx/source/simulationcontroller/src/ScVisualize.cpp.o
In file included from /public/home/tangwsh/PhysX/physx/include/foundation/PxSimpleTypes.h:36,
                 from /public/home/tangwsh/PhysX/physx/include/common/PxPhysXCommonConfig.h:32,
                 from /public/home/tangwsh/PhysX/physx/include/PxPhysXConfig.h:35,
                 from /public/home/tangwsh/PhysX/physx/source/simulationcontroller/include/ScScene.h:32,
                 from /public/home/tangwsh/PhysX/physx/source/simulationcontroller/src/ScVisualize.cpp:29:
/public/home/tangwsh/PhysX/physx/include/foundation/PxPreprocessor.h:524: warning: "PX_SUPPORT_GPU_PHYSX" redefined
  524 |         #define PX_SUPPORT_GPU_PHYSX ((PX_X64 && (PX_WINDOWS_FAMILY || PX_LINUX)) || (PX_A64 && PX_LINUX))
      | 
<command-line>: note: this is the location of the previous definition
In file included from /public/home/tangwsh/PhysX/physx/include/foundation/PxSimpleTypes.h:36,
                 from /public/home/tangwsh/PhysX/physx/include/common/PxPhysXCommonConfig.h:32,
                 from /public/home/tangwsh/PhysX/physx/include/PxPhysXConfig.h:35,
                 from /public/home/tangwsh/PhysX/physx/source/simulationcontroller/include/ScScene.h:32,
                 from /public/home/tangwsh/PhysX/physx/source/simulationcontroller/src/ScVisualize.cpp:29:
/public/home/tangwsh/PhysX/physx/source/geomutils/src/GuGeometryChecks.h:93:37: warning: ‘offsetof’ within non-standard-layout type ‘physx::PxCapsuleGeometry’ is conditionally-supported [-Winvalid-offsetof]
   93 | PX_COMPILE_TIME_ASSERT(PX_OFFSET_OF(physx::PxCapsuleGeometry, radius) == PX_OFFSET_OF(physx::PxSphereGeometry, radius));
/public/home/tangwsh/PhysX/physx/include/foundation/PxPreprocessor.h:430:51: note: in definition of macro ‘PX_COMPILE_TIME_ASSERT’
  430 | #define PX_COMPILE_TIME_ASSERT(exp) static_assert(exp, "")
      |                                                   ^~~
/public/home/tangwsh/PhysX/physx/source/geomutils/src/GuGeometryChecks.h:93:24: note: in expansion of macro ‘PX_OFFSET_OF’
   93 | PX_COMPILE_TIME_ASSERT(PX_OFFSET_OF(physx::PxCapsuleGeometry, radius) == PX_OFFSET_OF(physx::PxSphereGeometry, radius));
      |                        ^~~~~~~~~~~~
/public/home/tangwsh/PhysX/physx/source/geomutils/src/GuGeometryChecks.h:93:87: warning: ‘offsetof’ within non-standard-layout type ‘physx::PxSphereGeometry’ is conditionally-supported [-Winvalid-offsetof]
   93 | PX_COMPILE_TIME_ASSERT(PX_OFFSET_OF(physx::PxCapsuleGeometry, radius) == PX_OFFSET_OF(physx::PxSphereGeometry, radius));
/public/home/tangwsh/PhysX/physx/include/foundation/PxPreprocessor.h:430:51: note: in definition of macro ‘PX_COMPILE_TIME_ASSERT’
  430 | #define PX_COMPILE_TIME_ASSERT(exp) static_assert(exp, "")
      |                                                   ^~~
/public/home/tangwsh/PhysX/physx/source/geomutils/src/GuGeometryChecks.h:93:74: note: in expansion of macro ‘PX_OFFSET_OF’
   93 | PX_COMPILE_TIME_ASSERT(PX_OFFSET_OF(physx::PxCapsuleGeometry, radius) == PX_OFFSET_OF(physx::PxSphereGeometry, radius));
      |                                                                          ^~~~~~~~~~~~
In file included from /public/home/tangwsh/PhysX/physx/source/simulationcontroller/src/ScVisualize.cpp:29:
/public/home/tangwsh/PhysX/physx/source/simulationcontroller/include/ScScene.h:222:15: warning: ‘physx::Sc::Scene’ has a field ‘physx::Sc::Scene::mOverlapFilterTaskHead’ whose type uses the anonymous namespace [-Wsubobject-linkage]
  222 |         class Scene : public PxUserAllocated
      |               ^~~~~
/public/home/tangwsh/PhysX/physx/source/simulationcontroller/include/ScScene.h:222:15: warning: ‘physx::Sc::Scene’ has a field ‘physx::Sc::Scene::mOverlapCreatedTaskHead’ whose type uses the anonymous namespace [-Wsubobject-linkage]
/public/home/tangwsh/PhysX/physx/source/simulationcontroller/include/ScScene.h:222:15: warning: ‘physx::Sc::Scene’ has a field ‘physx::Sc::Scene::mIslandInsertionTaskHead’ whose type uses the anonymous namespace [-Wsubobject-linkage]
[ 62%] Linking CXX static library libSimulationController.a
[ 62%] Built target SimulationController
[ 63%] Building CXX object CMakeFiles/PhysXTask.dir/public/home/tangwsh/PhysX/physx/source/task/src/TaskManager.cpp.o
In file included from /public/home/tangwsh/PhysX/physx/include/foundation/PxSimpleTypes.h:36,
                 from /public/home/tangwsh/PhysX/physx/include/task/PxTaskManager.h:30,
                 from /public/home/tangwsh/PhysX/physx/include/task/PxTask.h:30,
                 from /public/home/tangwsh/PhysX/physx/source/task/src/TaskManager.cpp:27:
/public/home/tangwsh/PhysX/physx/include/foundation/PxPreprocessor.h:524: warning: "PX_SUPPORT_GPU_PHYSX" redefined
  524 |         #define PX_SUPPORT_GPU_PHYSX ((PX_X64 && (PX_WINDOWS_FAMILY || PX_LINUX)) || (PX_A64 && PX_LINUX))
      | 
<command-line>: note: this is the location of the previous definition
[ 63%] Linking CXX static library libPhysXTask.a
[ 63%] Built target PhysXTask
[ 63%] Building CXX object CMakeFiles/PhysXSDK.dir/public/home/tangwsh/PhysX/physx/source/physx/src/NpActor.cpp.o
In file included from /public/home/tangwsh/PhysX/physx/include/foundation/PxSimpleTypes.h:36,
                 from /public/home/tangwsh/PhysX/physx/include/common/PxPhysXCommonConfig.h:32,
                 from /public/home/tangwsh/PhysX/physx/include/common/PxSerialFramework.h:33,
                 from /public/home/tangwsh/PhysX/physx/source/physx/src/NpConnector.h:32,
                 from /public/home/tangwsh/PhysX/physx/source/physx/src/NpActor.h:32,
                 from /public/home/tangwsh/PhysX/physx/source/physx/src/NpActor.cpp:29:
/public/home/tangwsh/PhysX/physx/include/foundation/PxPreprocessor.h:524: warning: "PX_SUPPORT_GPU_PHYSX" redefined
  524 |         #define PX_SUPPORT_GPU_PHYSX ((PX_X64 && (PX_WINDOWS_FAMILY || PX_LINUX)) || (PX_A64 && PX_LINUX))
      | 
<command-line>: note: this is the location of the previous definition
In file included from /public/home/tangwsh/PhysX/physx/include/foundation/PxSimpleTypes.h:36,
                 from /public/home/tangwsh/PhysX/physx/include/common/PxPhysXCommonConfig.h:32,
                 from /public/home/tangwsh/PhysX/physx/include/common/PxSerialFramework.h:33,
                 from /public/home/tangwsh/PhysX/physx/source/physx/src/NpConnector.h:32,
                 from /public/home/tangwsh/PhysX/physx/source/physx/src/NpActor.h:32,
                 from /public/home/tangwsh/PhysX/physx/source/physx/src/NpActor.cpp:29:
/public/home/tangwsh/PhysX/physx/source/geomutils/src/GuGeometryChecks.h:93:37: warning: ‘offsetof’ within non-standard-layout type ‘physx::PxCapsuleGeometry’ is conditionally-supported [-Winvalid-offsetof]
   93 | PX_COMPILE_TIME_ASSERT(PX_OFFSET_OF(physx::PxCapsuleGeometry, radius) == PX_OFFSET_OF(physx::PxSphereGeometry, radius));
/public/home/tangwsh/PhysX/physx/include/foundation/PxPreprocessor.h:430:51: note: in definition of macro ‘PX_COMPILE_TIME_ASSERT’
  430 | #define PX_COMPILE_TIME_ASSERT(exp) static_assert(exp, "")
      |                                                   ^~~
/public/home/tangwsh/PhysX/physx/source/geomutils/src/GuGeometryChecks.h:93:24: note: in expansion of macro ‘PX_OFFSET_OF’
   93 | PX_COMPILE_TIME_ASSERT(PX_OFFSET_OF(physx::PxCapsuleGeometry, radius) == PX_OFFSET_OF(physx::PxSphereGeometry, radius));
      |                        ^~~~~~~~~~~~
/public/home/tangwsh/PhysX/physx/source/geomutils/src/GuGeometryChecks.h:93:87: warning: ‘offsetof’ within non-standard-layout type ‘physx::PxSphereGeometry’ is conditionally-supported [-Winvalid-offsetof]
   93 | PX_COMPILE_TIME_ASSERT(PX_OFFSET_OF(physx::PxCapsuleGeometry, radius) == PX_OFFSET_OF(physx::PxSphereGeometry, radius));
/public/home/tangwsh/PhysX/physx/include/foundation/PxPreprocessor.h:430:51: note: in definition of macro ‘PX_COMPILE_TIME_ASSERT’
  430 | #define PX_COMPILE_TIME_ASSERT(exp) static_assert(exp, "")
      |                                                   ^~~
/public/home/tangwsh/PhysX/physx/source/geomutils/src/GuGeometryChecks.h:93:74: note: in expansion of macro ‘PX_OFFSET_OF’
   93 | PX_COMPILE_TIME_ASSERT(PX_OFFSET_OF(physx::PxCapsuleGeometry, radius) == PX_OFFSET_OF(physx::PxSphereGeometry, radius));
      |                                                                          ^~~~~~~~~~~~
In file included from /public/home/tangwsh/PhysX/physx/source/physx/src/NpScene.h:63,
                 from /public/home/tangwsh/PhysX/physx/source/physx/src/NpBase.h:33,
                 from /public/home/tangwsh/PhysX/physx/source/physx/src/NpActor.h:33,
                 from /public/home/tangwsh/PhysX/physx/source/physx/src/NpActor.cpp:29:
/public/home/tangwsh/PhysX/physx/source/simulationcontroller/include/ScScene.h:222:15: warning: ‘physx::Sc::Scene’ has a field ‘physx::Sc::Scene::mOverlapFilterTaskHead’ whose type uses the anonymous namespace [-Wsubobject-linkage]
  222 |         class Scene : public PxUserAllocated
      |               ^~~~~
/public/home/tangwsh/PhysX/physx/source/simulationcontroller/include/ScScene.h:222:15: warning: ‘physx::Sc::Scene’ has a field ‘physx::Sc::Scene::mOverlapCreatedTaskHead’ whose type uses the anonymous namespace [-Wsubobject-linkage]
/public/home/tangwsh/PhysX/physx/source/simulationcontroller/include/ScScene.h:222:15: warning: ‘physx::Sc::Scene’ has a field ‘physx::Sc::Scene::mIslandInsertionTaskHead’ whose type uses the anonymous namespace [-Wsubobject-linkage]
[ 63%] Building CXX object CMakeFiles/PhysXSDK.dir/public/home/tangwsh/PhysX/physx/source/physx/src/NpAggregate.cpp.o
In file included from /public/home/tangwsh/PhysX/physx/include/foundation/PxSimpleTypes.h:36,
                 from /public/home/tangwsh/PhysX/physx/include/common/PxPhysXCommonConfig.h:32,
                 from /public/home/tangwsh/PhysX/physx/include/PxPhysXConfig.h:35,
                 from /public/home/tangwsh/PhysX/physx/include/PxAggregate.h:32,
                 from /public/home/tangwsh/PhysX/physx/source/physx/src/NpAggregate.h:32,
                 from /public/home/tangwsh/PhysX/physx/source/physx/src/NpAggregate.cpp:29:
/public/home/tangwsh/PhysX/physx/include/foundation/PxPreprocessor.h:524: warning: "PX_SUPPORT_GPU_PHYSX" redefined
  524 |         #define PX_SUPPORT_GPU_PHYSX ((PX_X64 && (PX_WINDOWS_FAMILY || PX_LINUX)) || (PX_A64 && PX_LINUX))
      | 
<command-line>: note: this is the location of the previous definition
In file included from /public/home/tangwsh/PhysX/physx/include/foundation/PxSimpleTypes.h:36,
                 from /public/home/tangwsh/PhysX/physx/include/common/PxPhysXCommonConfig.h:32,
                 from /public/home/tangwsh/PhysX/physx/include/PxPhysXConfig.h:35,
                 from /public/home/tangwsh/PhysX/physx/include/PxAggregate.h:32,
                 from /public/home/tangwsh/PhysX/physx/source/physx/src/NpAggregate.h:32,
                 from /public/home/tangwsh/PhysX/physx/source/physx/src/NpAggregate.cpp:29:
/public/home/tangwsh/PhysX/physx/source/geomutils/src/GuGeometryChecks.h:93:37: warning: ‘offsetof’ within non-standard-layout type ‘physx::PxCapsuleGeometry’ is conditionally-supported [-Winvalid-offsetof]
   93 | PX_COMPILE_TIME_ASSERT(PX_OFFSET_OF(physx::PxCapsuleGeometry, radius) == PX_OFFSET_OF(physx::PxSphereGeometry, radius));
/public/home/tangwsh/PhysX/physx/include/foundation/PxPreprocessor.h:430:51: note: in definition of macro ‘PX_COMPILE_TIME_ASSERT’
  430 | #define PX_COMPILE_TIME_ASSERT(exp) static_assert(exp, "")
      |                                                   ^~~
/public/home/tangwsh/PhysX/physx/source/geomutils/src/GuGeometryChecks.h:93:24: note: in expansion of macro ‘PX_OFFSET_OF’
   93 | PX_COMPILE_TIME_ASSERT(PX_OFFSET_OF(physx::PxCapsuleGeometry, radius) == PX_OFFSET_OF(physx::PxSphereGeometry, radius));
      |                        ^~~~~~~~~~~~
/public/home/tangwsh/PhysX/physx/source/geomutils/src/GuGeometryChecks.h:93:87: warning: ‘offsetof’ within non-standard-layout type ‘physx::PxSphereGeometry’ is conditionally-supported [-Winvalid-offsetof]
   93 | PX_COMPILE_TIME_ASSERT(PX_OFFSET_OF(physx::PxCapsuleGeometry, radius) == PX_OFFSET_OF(physx::PxSphereGeometry, radius));
/public/home/tangwsh/PhysX/physx/include/foundation/PxPreprocessor.h:430:51: note: in definition of macro ‘PX_COMPILE_TIME_ASSERT’
  430 | #define PX_COMPILE_TIME_ASSERT(exp) static_assert(exp, "")
      |                                                   ^~~
/public/home/tangwsh/PhysX/physx/source/geomutils/src/GuGeometryChecks.h:93:74: note: in expansion of macro ‘PX_OFFSET_OF’
   93 | PX_COMPILE_TIME_ASSERT(PX_OFFSET_OF(physx::PxCapsuleGeometry, radius) == PX_OFFSET_OF(physx::PxSphereGeometry, radius));
      |                                                                          ^~~~~~~~~~~~
In file included from /public/home/tangwsh/PhysX/physx/source/physx/src/NpScene.h:63,
                 from /public/home/tangwsh/PhysX/physx/source/physx/src/NpBase.h:33,
                 from /public/home/tangwsh/PhysX/physx/source/physx/src/NpAggregate.h:33,
                 from /public/home/tangwsh/PhysX/physx/source/physx/src/NpAggregate.cpp:29:
/public/home/tangwsh/PhysX/physx/source/simulationcontroller/include/ScScene.h:222:15: warning: ‘physx::Sc::Scene’ has a field ‘physx::Sc::Scene::mOverlapFilterTaskHead’ whose type uses the anonymous namespace [-Wsubobject-linkage]
  222 |         class Scene : public PxUserAllocated
      |               ^~~~~
/public/home/tangwsh/PhysX/physx/source/simulationcontroller/include/ScScene.h:222:15: warning: ‘physx::Sc::Scene’ has a field ‘physx::Sc::Scene::mOverlapCreatedTaskHead’ whose type uses the anonymous namespace [-Wsubobject-linkage]
/public/home/tangwsh/PhysX/physx/source/simulationcontroller/include/ScScene.h:222:15: warning: ‘physx::Sc::Scene’ has a field ‘physx::Sc::Scene::mIslandInsertionTaskHead’ whose type uses the anonymous namespace [-Wsubobject-linkage]
[ 63%] Building CXX object CMakeFiles/PhysXSDK.dir/public/home/tangwsh/PhysX/physx/source/physx/src/NpArticulationJointReducedCoordinate.cpp.o
In file included from /public/home/tangwsh/PhysX/physx/include/foundation/PxSimpleTypes.h:36,
                 from /public/home/tangwsh/PhysX/physx/source/physx/src/NpCheck.h:32,
                 from /public/home/tangwsh/PhysX/physx/source/physx/src/NpArticulationJointReducedCoordinate.cpp:29:
/public/home/tangwsh/PhysX/physx/include/foundation/PxPreprocessor.h:524: warning: "PX_SUPPORT_GPU_PHYSX" redefined
  524 |         #define PX_SUPPORT_GPU_PHYSX ((PX_X64 && (PX_WINDOWS_FAMILY || PX_LINUX)) || (PX_A64 && PX_LINUX))
      | 
<command-line>: note: this is the location of the previous definition
In file included from /public/home/tangwsh/PhysX/physx/include/foundation/PxSimpleTypes.h:36,
                 from /public/home/tangwsh/PhysX/physx/source/physx/src/NpCheck.h:32,
                 from /public/home/tangwsh/PhysX/physx/source/physx/src/NpArticulationJointReducedCoordinate.cpp:29:
/public/home/tangwsh/PhysX/physx/source/geomutils/src/GuGeometryChecks.h:93:37: warning: ‘offsetof’ within non-standard-layout type ‘physx::PxCapsuleGeometry’ is conditionally-supported [-Winvalid-offsetof]
   93 | PX_COMPILE_TIME_ASSERT(PX_OFFSET_OF(physx::PxCapsuleGeometry, radius) == PX_OFFSET_OF(physx::PxSphereGeometry, radius));
/public/home/tangwsh/PhysX/physx/include/foundation/PxPreprocessor.h:430:51: note: in definition of macro ‘PX_COMPILE_TIME_ASSERT’
  430 | #define PX_COMPILE_TIME_ASSERT(exp) static_assert(exp, "")
      |                                                   ^~~
/public/home/tangwsh/PhysX/physx/source/geomutils/src/GuGeometryChecks.h:93:24: note: in expansion of macro ‘PX_OFFSET_OF’
   93 | PX_COMPILE_TIME_ASSERT(PX_OFFSET_OF(physx::PxCapsuleGeometry, radius) == PX_OFFSET_OF(physx::PxSphereGeometry, radius));
      |                        ^~~~~~~~~~~~
/public/home/tangwsh/PhysX/physx/source/geomutils/src/GuGeometryChecks.h:93:87: warning: ‘offsetof’ within non-standard-layout type ‘physx::PxSphereGeometry’ is conditionally-supported [-Winvalid-offsetof]
   93 | PX_COMPILE_TIME_ASSERT(PX_OFFSET_OF(physx::PxCapsuleGeometry, radius) == PX_OFFSET_OF(physx::PxSphereGeometry, radius));
/public/home/tangwsh/PhysX/physx/include/foundation/PxPreprocessor.h:430:51: note: in definition of macro ‘PX_COMPILE_TIME_ASSERT’
  430 | #define PX_COMPILE_TIME_ASSERT(exp) static_assert(exp, "")
      |                                                   ^~~
/public/home/tangwsh/PhysX/physx/source/geomutils/src/GuGeometryChecks.h:93:74: note: in expansion of macro ‘PX_OFFSET_OF’
   93 | PX_COMPILE_TIME_ASSERT(PX_OFFSET_OF(physx::PxCapsuleGeometry, radius) == PX_OFFSET_OF(physx::PxSphereGeometry, radius));
      |                                                                          ^~~~~~~~~~~~
In file included from /public/home/tangwsh/PhysX/physx/source/physx/src/NpScene.h:63,
                 from /public/home/tangwsh/PhysX/physx/source/physx/src/NpBase.h:33,
                 from /public/home/tangwsh/PhysX/physx/source/physx/src/NpActor.h:33,
                 from /public/home/tangwsh/PhysX/physx/source/physx/src/NpActorTemplate.h:33,
                 from /public/home/tangwsh/PhysX/physx/source/physx/src/NpRigidActorTemplate.h:32,
                 from /public/home/tangwsh/PhysX/physx/source/physx/src/NpRigidBodyTemplate.h:32,
                 from /public/home/tangwsh/PhysX/physx/source/physx/src/NpArticulationLink.h:32,
                 from /public/home/tangwsh/PhysX/physx/source/physx/src/NpArticulationJointReducedCoordinate.h:34,
                 from /public/home/tangwsh/PhysX/physx/source/physx/src/NpArticulationJointReducedCoordinate.cpp:30:
/public/home/tangwsh/PhysX/physx/source/simulationcontroller/include/ScScene.h:222:15: warning: ‘physx::Sc::Scene’ has a field ‘physx::Sc::Scene::mOverlapFilterTaskHead’ whose type uses the anonymous namespace [-Wsubobject-linkage]
  222 |         class Scene : public PxUserAllocated
      |               ^~~~~
/public/home/tangwsh/PhysX/physx/source/simulationcontroller/include/ScScene.h:222:15: warning: ‘physx::Sc::Scene’ has a field ‘physx::Sc::Scene::mOverlapCreatedTaskHead’ whose type uses the anonymous namespace [-Wsubobject-linkage]
/public/home/tangwsh/PhysX/physx/source/simulationcontroller/include/ScScene.h:222:15: warning: ‘physx::Sc::Scene’ has a field ‘physx::Sc::Scene::mIslandInsertionTaskHead’ whose type uses the anonymous namespace [-Wsubobject-linkage]
[ 64%] Building CXX object CMakeFiles/PhysXSDK.dir/public/home/tangwsh/PhysX/physx/source/physx/src/NpArticulationLink.cpp.o
In file included from /public/home/tangwsh/PhysX/physx/include/foundation/PxSimpleTypes.h:36,
                 from /public/home/tangwsh/PhysX/physx/include/common/PxPhysXCommonConfig.h:32,
                 from /public/home/tangwsh/PhysX/physx/include/PxPhysXConfig.h:35,
                 from /public/home/tangwsh/PhysX/physx/include/PxArticulationReducedCoordinate.h:32,
                 from /public/home/tangwsh/PhysX/physx/source/physx/src/NpArticulationReducedCoordinate.h:32,
                 from /public/home/tangwsh/PhysX/physx/source/physx/src/NpArticulationLink.cpp:29:
/public/home/tangwsh/PhysX/physx/include/foundation/PxPreprocessor.h:524: warning: "PX_SUPPORT_GPU_PHYSX" redefined
  524 |         #define PX_SUPPORT_GPU_PHYSX ((PX_X64 && (PX_WINDOWS_FAMILY || PX_LINUX)) || (PX_A64 && PX_LINUX))
      | 
<command-line>: note: this is the location of the previous definition
In file included from /public/home/tangwsh/PhysX/physx/include/foundation/PxSimpleTypes.h:36,
                 from /public/home/tangwsh/PhysX/physx/include/common/PxPhysXCommonConfig.h:32,
                 from /public/home/tangwsh/PhysX/physx/include/PxPhysXConfig.h:35,
                 from /public/home/tangwsh/PhysX/physx/include/PxArticulationReducedCoordinate.h:32,
                 from /public/home/tangwsh/PhysX/physx/source/physx/src/NpArticulationReducedCoordinate.h:32,
                 from /public/home/tangwsh/PhysX/physx/source/physx/src/NpArticulationLink.cpp:29:
/public/home/tangwsh/PhysX/physx/source/geomutils/src/GuGeometryChecks.h:93:37: warning: ‘offsetof’ within non-standard-layout type ‘physx::PxCapsuleGeometry’ is conditionally-supported [-Winvalid-offsetof]
   93 | PX_COMPILE_TIME_ASSERT(PX_OFFSET_OF(physx::PxCapsuleGeometry, radius) == PX_OFFSET_OF(physx::PxSphereGeometry, radius));
/public/home/tangwsh/PhysX/physx/include/foundation/PxPreprocessor.h:430:51: note: in definition of macro ‘PX_COMPILE_TIME_ASSERT’
  430 | #define PX_COMPILE_TIME_ASSERT(exp) static_assert(exp, "")
      |                                                   ^~~
/public/home/tangwsh/PhysX/physx/source/geomutils/src/GuGeometryChecks.h:93:24: note: in expansion of macro ‘PX_OFFSET_OF’
   93 | PX_COMPILE_TIME_ASSERT(PX_OFFSET_OF(physx::PxCapsuleGeometry, radius) == PX_OFFSET_OF(physx::PxSphereGeometry, radius));
      |                        ^~~~~~~~~~~~
/public/home/tangwsh/PhysX/physx/source/geomutils/src/GuGeometryChecks.h:93:87: warning: ‘offsetof’ within non-standard-layout type ‘physx::PxSphereGeometry’ is conditionally-supported [-Winvalid-offsetof]
   93 | PX_COMPILE_TIME_ASSERT(PX_OFFSET_OF(physx::PxCapsuleGeometry, radius) == PX_OFFSET_OF(physx::PxSphereGeometry, radius));
/public/home/tangwsh/PhysX/physx/include/foundation/PxPreprocessor.h:430:51: note: in definition of macro ‘PX_COMPILE_TIME_ASSERT’
  430 | #define PX_COMPILE_TIME_ASSERT(exp) static_assert(exp, "")
      |                                                   ^~~
/public/home/tangwsh/PhysX/physx/source/geomutils/src/GuGeometryChecks.h:93:74: note: in expansion of macro ‘PX_OFFSET_OF’
   93 | PX_COMPILE_TIME_ASSERT(PX_OFFSET_OF(physx::PxCapsuleGeometry, radius) == PX_OFFSET_OF(physx::PxSphereGeometry, radius));
      |                                                                          ^~~~~~~~~~~~
In file included from /public/home/tangwsh/PhysX/physx/source/physx/src/NpScene.h:63,
                 from /public/home/tangwsh/PhysX/physx/source/physx/src/NpBase.h:33,
                 from /public/home/tangwsh/PhysX/physx/source/physx/src/NpActor.h:33,
                 from /public/home/tangwsh/PhysX/physx/source/physx/src/NpActorTemplate.h:33,
                 from /public/home/tangwsh/PhysX/physx/source/physx/src/NpRigidActorTemplate.h:32,
                 from /public/home/tangwsh/PhysX/physx/source/physx/src/NpRigidBodyTemplate.h:32,
                 from /public/home/tangwsh/PhysX/physx/source/physx/src/NpArticulationLink.h:32,
                 from /public/home/tangwsh/PhysX/physx/source/physx/src/NpArticulationReducedCoordinate.h:41,
                 from /public/home/tangwsh/PhysX/physx/source/physx/src/NpArticulationLink.cpp:29:
/public/home/tangwsh/PhysX/physx/source/simulationcontroller/include/ScScene.h:222:15: warning: ‘physx::Sc::Scene’ has a field ‘physx::Sc::Scene::mOverlapFilterTaskHead’ whose type uses the anonymous namespace [-Wsubobject-linkage]
  222 |         class Scene : public PxUserAllocated
      |               ^~~~~
/public/home/tangwsh/PhysX/physx/source/simulationcontroller/include/ScScene.h:222:15: warning: ‘physx::Sc::Scene’ has a field ‘physx::Sc::Scene::mOverlapCreatedTaskHead’ whose type uses the anonymous namespace [-Wsubobject-linkage]
/public/home/tangwsh/PhysX/physx/source/simulationcontroller/include/ScScene.h:222:15: warning: ‘physx::Sc::Scene’ has a field ‘physx::Sc::Scene::mIslandInsertionTaskHead’ whose type uses the anonymous namespace [-Wsubobject-linkage]
[ 64%] Building CXX object CMakeFiles/PhysXSDK.dir/public/home/tangwsh/PhysX/physx/source/physx/src/NpArticulationMimicJoint.cpp.o
In file included from /public/home/tangwsh/PhysX/physx/include/foundation/PxSimpleTypes.h:36,
                 from /public/home/tangwsh/PhysX/physx/include/common/PxPhysXCommonConfig.h:32,
                 from /public/home/tangwsh/PhysX/physx/include/PxPhysXConfig.h:35,
                 from /public/home/tangwsh/PhysX/physx/include/PxArticulationReducedCoordinate.h:32,
                 from /public/home/tangwsh/PhysX/physx/source/physx/src/NpArticulationMimicJoint.h:29,
                 from /public/home/tangwsh/PhysX/physx/source/physx/src/NpArticulationMimicJoint.cpp:29:
/public/home/tangwsh/PhysX/physx/include/foundation/PxPreprocessor.h:524: warning: "PX_SUPPORT_GPU_PHYSX" redefined
  524 |         #define PX_SUPPORT_GPU_PHYSX ((PX_X64 && (PX_WINDOWS_FAMILY || PX_LINUX)) || (PX_A64 && PX_LINUX))
      | 
<command-line>: note: this is the location of the previous definition
In file included from /public/home/tangwsh/PhysX/physx/include/foundation/PxSimpleTypes.h:36,
                 from /public/home/tangwsh/PhysX/physx/include/common/PxPhysXCommonConfig.h:32,
                 from /public/home/tangwsh/PhysX/physx/include/PxPhysXConfig.h:35,
                 from /public/home/tangwsh/PhysX/physx/include/PxArticulationReducedCoordinate.h:32,
                 from /public/home/tangwsh/PhysX/physx/source/physx/src/NpArticulationMimicJoint.h:29,
                 from /public/home/tangwsh/PhysX/physx/source/physx/src/NpArticulationMimicJoint.cpp:29:
/public/home/tangwsh/PhysX/physx/source/geomutils/src/GuGeometryChecks.h:93:37: warning: ‘offsetof’ within non-standard-layout type ‘physx::PxCapsuleGeometry’ is conditionally-supported [-Winvalid-offsetof]
   93 | PX_COMPILE_TIME_ASSERT(PX_OFFSET_OF(physx::PxCapsuleGeometry, radius) == PX_OFFSET_OF(physx::PxSphereGeometry, radius));
/public/home/tangwsh/PhysX/physx/include/foundation/PxPreprocessor.h:430:51: note: in definition of macro ‘PX_COMPILE_TIME_ASSERT’
  430 | #define PX_COMPILE_TIME_ASSERT(exp) static_assert(exp, "")
      |                                                   ^~~
/public/home/tangwsh/PhysX/physx/source/geomutils/src/GuGeometryChecks.h:93:24: note: in expansion of macro ‘PX_OFFSET_OF’
   93 | PX_COMPILE_TIME_ASSERT(PX_OFFSET_OF(physx::PxCapsuleGeometry, radius) == PX_OFFSET_OF(physx::PxSphereGeometry, radius));
      |                        ^~~~~~~~~~~~
/public/home/tangwsh/PhysX/physx/source/geomutils/src/GuGeometryChecks.h:93:87: warning: ‘offsetof’ within non-standard-layout type ‘physx::PxSphereGeometry’ is conditionally-supported [-Winvalid-offsetof]
   93 | PX_COMPILE_TIME_ASSERT(PX_OFFSET_OF(physx::PxCapsuleGeometry, radius) == PX_OFFSET_OF(physx::PxSphereGeometry, radius));
/public/home/tangwsh/PhysX/physx/include/foundation/PxPreprocessor.h:430:51: note: in definition of macro ‘PX_COMPILE_TIME_ASSERT’
  430 | #define PX_COMPILE_TIME_ASSERT(exp) static_assert(exp, "")
      |                                                   ^~~
/public/home/tangwsh/PhysX/physx/source/geomutils/src/GuGeometryChecks.h:93:74: note: in expansion of macro ‘PX_OFFSET_OF’
   93 | PX_COMPILE_TIME_ASSERT(PX_OFFSET_OF(physx::PxCapsuleGeometry, radius) == PX_OFFSET_OF(physx::PxSphereGeometry, radius));
      |                                                                          ^~~~~~~~~~~~
In file included from /public/home/tangwsh/PhysX/physx/source/physx/src/NpScene.h:63,
                 from /public/home/tangwsh/PhysX/physx/source/physx/src/NpBase.h:33,
                 from /public/home/tangwsh/PhysX/physx/source/physx/src/NpArticulationMimicJoint.h:34,
                 from /public/home/tangwsh/PhysX/physx/source/physx/src/NpArticulationMimicJoint.cpp:29:
/public/home/tangwsh/PhysX/physx/source/simulationcontroller/include/ScScene.h:222:15: warning: ‘physx::Sc::Scene’ has a field ‘physx::Sc::Scene::mOverlapFilterTaskHead’ whose type uses the anonymous namespace [-Wsubobject-linkage]
  222 |         class Scene : public PxUserAllocated
      |               ^~~~~
/public/home/tangwsh/PhysX/physx/source/simulationcontroller/include/ScScene.h:222:15: warning: ‘physx::Sc::Scene’ has a field ‘physx::Sc::Scene::mOverlapCreatedTaskHead’ whose type uses the anonymous namespace [-Wsubobject-linkage]
/public/home/tangwsh/PhysX/physx/source/simulationcontroller/include/ScScene.h:222:15: warning: ‘physx::Sc::Scene’ has a field ‘physx::Sc::Scene::mIslandInsertionTaskHead’ whose type uses the anonymous namespace [-Wsubobject-linkage]
[ 64%] Building CXX object CMakeFiles/PhysXSDK.dir/public/home/tangwsh/PhysX/physx/source/physx/src/NpArticulationReducedCoordinate.cpp.o
In file included from /public/home/tangwsh/PhysX/physx/include/foundation/PxSimpleTypes.h:36,
                 from /public/home/tangwsh/PhysX/physx/include/common/PxPhysXCommonConfig.h:32,
                 from /public/home/tangwsh/PhysX/physx/include/PxPhysXConfig.h:35,
                 from /public/home/tangwsh/PhysX/physx/include/PxArticulationReducedCoordinate.h:32,
                 from /public/home/tangwsh/PhysX/physx/source/physx/src/NpArticulationReducedCoordinate.h:32,
                 from /public/home/tangwsh/PhysX/physx/source/physx/src/NpArticulationReducedCoordinate.cpp:29:
/public/home/tangwsh/PhysX/physx/include/foundation/PxPreprocessor.h:524: warning: "PX_SUPPORT_GPU_PHYSX" redefined
  524 |         #define PX_SUPPORT_GPU_PHYSX ((PX_X64 && (PX_WINDOWS_FAMILY || PX_LINUX)) || (PX_A64 && PX_LINUX))
      | 
<command-line>: note: this is the location of the previous definition
In file included from /public/home/tangwsh/PhysX/physx/include/foundation/PxSimpleTypes.h:36,
                 from /public/home/tangwsh/PhysX/physx/include/common/PxPhysXCommonConfig.h:32,
                 from /public/home/tangwsh/PhysX/physx/include/PxPhysXConfig.h:35,
                 from /public/home/tangwsh/PhysX/physx/include/PxArticulationReducedCoordinate.h:32,
                 from /public/home/tangwsh/PhysX/physx/source/physx/src/NpArticulationReducedCoordinate.h:32,
                 from /public/home/tangwsh/PhysX/physx/source/physx/src/NpArticulationReducedCoordinate.cpp:29:
/public/home/tangwsh/PhysX/physx/source/geomutils/src/GuGeometryChecks.h:93:37: warning: ‘offsetof’ within non-standard-layout type ‘physx::PxCapsuleGeometry’ is conditionally-supported [-Winvalid-offsetof]
   93 | PX_COMPILE_TIME_ASSERT(PX_OFFSET_OF(physx::PxCapsuleGeometry, radius) == PX_OFFSET_OF(physx::PxSphereGeometry, radius));
/public/home/tangwsh/PhysX/physx/include/foundation/PxPreprocessor.h:430:51: note: in definition of macro ‘PX_COMPILE_TIME_ASSERT’
  430 | #define PX_COMPILE_TIME_ASSERT(exp) static_assert(exp, "")
      |                                                   ^~~
/public/home/tangwsh/PhysX/physx/source/geomutils/src/GuGeometryChecks.h:93:24: note: in expansion of macro ‘PX_OFFSET_OF’
   93 | PX_COMPILE_TIME_ASSERT(PX_OFFSET_OF(physx::PxCapsuleGeometry, radius) == PX_OFFSET_OF(physx::PxSphereGeometry, radius));
      |                        ^~~~~~~~~~~~
/public/home/tangwsh/PhysX/physx/source/geomutils/src/GuGeometryChecks.h:93:87: warning: ‘offsetof’ within non-standard-layout type ‘physx::PxSphereGeometry’ is conditionally-supported [-Winvalid-offsetof]
   93 | PX_COMPILE_TIME_ASSERT(PX_OFFSET_OF(physx::PxCapsuleGeometry, radius) == PX_OFFSET_OF(physx::PxSphereGeometry, radius));
/public/home/tangwsh/PhysX/physx/include/foundation/PxPreprocessor.h:430:51: note: in definition of macro ‘PX_COMPILE_TIME_ASSERT’
  430 | #define PX_COMPILE_TIME_ASSERT(exp) static_assert(exp, "")
      |                                                   ^~~
/public/home/tangwsh/PhysX/physx/source/geomutils/src/GuGeometryChecks.h:93:74: note: in expansion of macro ‘PX_OFFSET_OF’
   93 | PX_COMPILE_TIME_ASSERT(PX_OFFSET_OF(physx::PxCapsuleGeometry, radius) == PX_OFFSET_OF(physx::PxSphereGeometry, radius));
      |                                                                          ^~~~~~~~~~~~
In file included from /public/home/tangwsh/PhysX/physx/source/physx/src/NpScene.h:63,
                 from /public/home/tangwsh/PhysX/physx/source/physx/src/NpBase.h:33,
                 from /public/home/tangwsh/PhysX/physx/source/physx/src/NpActor.h:33,
                 from /public/home/tangwsh/PhysX/physx/source/physx/src/NpActorTemplate.h:33,
                 from /public/home/tangwsh/PhysX/physx/source/physx/src/NpRigidActorTemplate.h:32,
                 from /public/home/tangwsh/PhysX/physx/source/physx/src/NpRigidBodyTemplate.h:32,
                 from /public/home/tangwsh/PhysX/physx/source/physx/src/NpArticulationLink.h:32,
                 from /public/home/tangwsh/PhysX/physx/source/physx/src/NpArticulationReducedCoordinate.h:41,
                 from /public/home/tangwsh/PhysX/physx/source/physx/src/NpArticulationReducedCoordinate.cpp:29:
/public/home/tangwsh/PhysX/physx/source/simulationcontroller/include/ScScene.h:222:15: warning: ‘physx::Sc::Scene’ has a field ‘physx::Sc::Scene::mOverlapFilterTaskHead’ whose type uses the anonymous namespace [-Wsubobject-linkage]
  222 |         class Scene : public PxUserAllocated
      |               ^~~~~
/public/home/tangwsh/PhysX/physx/source/simulationcontroller/include/ScScene.h:222:15: warning: ‘physx::Sc::Scene’ has a field ‘physx::Sc::Scene::mOverlapCreatedTaskHead’ whose type uses the anonymous namespace [-Wsubobject-linkage]
/public/home/tangwsh/PhysX/physx/source/simulationcontroller/include/ScScene.h:222:15: warning: ‘physx::Sc::Scene’ has a field ‘physx::Sc::Scene::mIslandInsertionTaskHead’ whose type uses the anonymous namespace [-Wsubobject-linkage]
[ 64%] Building CXX object CMakeFiles/PhysXSDK.dir/public/home/tangwsh/PhysX/physx/source/physx/src/NpArticulationTendon.cpp.o
In file included from /public/home/tangwsh/PhysX/physx/include/foundation/PxFoundationConfig.h:32,
                 from /public/home/tangwsh/PhysX/physx/include/foundation/PxAssert.h:33,
                 from /public/home/tangwsh/PhysX/physx/include/foundation/PxArray.h:32,
                 from /public/home/tangwsh/PhysX/physx/include/foundation/PxInlineArray.h:32,
                 from /public/home/tangwsh/PhysX/physx/source/physx/src/NpArticulationTendon.h:32,
                 from /public/home/tangwsh/PhysX/physx/source/physx/src/NpArticulationTendon.cpp:29:
/public/home/tangwsh/PhysX/physx/include/foundation/PxPreprocessor.h:524: warning: "PX_SUPPORT_GPU_PHYSX" redefined
  524 |         #define PX_SUPPORT_GPU_PHYSX ((PX_X64 && (PX_WINDOWS_FAMILY || PX_LINUX)) || (PX_A64 && PX_LINUX))
      | 
<command-line>: note: this is the location of the previous definition
In file included from /public/home/tangwsh/PhysX/physx/include/foundation/PxFoundationConfig.h:32,
                 from /public/home/tangwsh/PhysX/physx/include/foundation/PxAssert.h:33,
                 from /public/home/tangwsh/PhysX/physx/include/foundation/PxArray.h:32,
                 from /public/home/tangwsh/PhysX/physx/include/foundation/PxInlineArray.h:32,
                 from /public/home/tangwsh/PhysX/physx/source/physx/src/NpArticulationTendon.h:32,
                 from /public/home/tangwsh/PhysX/physx/source/physx/src/NpArticulationTendon.cpp:29:
/public/home/tangwsh/PhysX/physx/source/geomutils/src/GuGeometryChecks.h:93:37: warning: ‘offsetof’ within non-standard-layout type ‘physx::PxCapsuleGeometry’ is conditionally-supported [-Winvalid-offsetof]
   93 | PX_COMPILE_TIME_ASSERT(PX_OFFSET_OF(physx::PxCapsuleGeometry, radius) == PX_OFFSET_OF(physx::PxSphereGeometry, radius));
/public/home/tangwsh/PhysX/physx/include/foundation/PxPreprocessor.h:430:51: note: in definition of macro ‘PX_COMPILE_TIME_ASSERT’
  430 | #define PX_COMPILE_TIME_ASSERT(exp) static_assert(exp, "")
      |                                                   ^~~
/public/home/tangwsh/PhysX/physx/source/geomutils/src/GuGeometryChecks.h:93:24: note: in expansion of macro ‘PX_OFFSET_OF’
   93 | PX_COMPILE_TIME_ASSERT(PX_OFFSET_OF(physx::PxCapsuleGeometry, radius) == PX_OFFSET_OF(physx::PxSphereGeometry, radius));
      |                        ^~~~~~~~~~~~
/public/home/tangwsh/PhysX/physx/source/geomutils/src/GuGeometryChecks.h:93:87: warning: ‘offsetof’ within non-standard-layout type ‘physx::PxSphereGeometry’ is conditionally-supported [-Winvalid-offsetof]
   93 | PX_COMPILE_TIME_ASSERT(PX_OFFSET_OF(physx::PxCapsuleGeometry, radius) == PX_OFFSET_OF(physx::PxSphereGeometry, radius));
/public/home/tangwsh/PhysX/physx/include/foundation/PxPreprocessor.h:430:51: note: in definition of macro ‘PX_COMPILE_TIME_ASSERT’
  430 | #define PX_COMPILE_TIME_ASSERT(exp) static_assert(exp, "")
      |                                                   ^~~
/public/home/tangwsh/PhysX/physx/source/geomutils/src/GuGeometryChecks.h:93:74: note: in expansion of macro ‘PX_OFFSET_OF’
   93 | PX_COMPILE_TIME_ASSERT(PX_OFFSET_OF(physx::PxCapsuleGeometry, radius) == PX_OFFSET_OF(physx::PxSphereGeometry, radius));
      |                                                                          ^~~~~~~~~~~~
In file included from /public/home/tangwsh/PhysX/physx/source/physx/src/NpScene.h:63,
                 from /public/home/tangwsh/PhysX/physx/source/physx/src/NpBase.h:33,
                 from /public/home/tangwsh/PhysX/physx/source/physx/src/NpArticulationTendon.h:37,
                 from /public/home/tangwsh/PhysX/physx/source/physx/src/NpArticulationTendon.cpp:29:
/public/home/tangwsh/PhysX/physx/source/simulationcontroller/include/ScScene.h:222:15: warning: ‘physx::Sc::Scene’ has a field ‘physx::Sc::Scene::mOverlapFilterTaskHead’ whose type uses the anonymous namespace [-Wsubobject-linkage]
  222 |         class Scene : public PxUserAllocated
      |               ^~~~~
/public/home/tangwsh/PhysX/physx/source/simulationcontroller/include/ScScene.h:222:15: warning: ‘physx::Sc::Scene’ has a field ‘physx::Sc::Scene::mOverlapCreatedTaskHead’ whose type uses the anonymous namespace [-Wsubobject-linkage]
/public/home/tangwsh/PhysX/physx/source/simulationcontroller/include/ScScene.h:222:15: warning: ‘physx::Sc::Scene’ has a field ‘physx::Sc::Scene::mIslandInsertionTaskHead’ whose type uses the anonymous namespace [-Wsubobject-linkage]
[ 64%] Building CXX object CMakeFiles/PhysXSDK.dir/public/home/tangwsh/PhysX/physx/source/physx/src/NpBounds.cpp.o
In file included from /public/home/tangwsh/PhysX/physx/include/foundation/PxMath.h:33,
                 from /public/home/tangwsh/PhysX/physx/include/foundation/PxVec3.h:33,
                 from /public/home/tangwsh/PhysX/physx/include/foundation/PxQuat.h:33,
                 from /public/home/tangwsh/PhysX/physx/include/foundation/PxTransform.h:32,
                 from /public/home/tangwsh/PhysX/physx/source/physx/src/NpBounds.cpp:29:
/public/home/tangwsh/PhysX/physx/include/foundation/PxPreprocessor.h:524: warning: "PX_SUPPORT_GPU_PHYSX" redefined
  524 |         #define PX_SUPPORT_GPU_PHYSX ((PX_X64 && (PX_WINDOWS_FAMILY || PX_LINUX)) || (PX_A64 && PX_LINUX))
      | 
<command-line>: note: this is the location of the previous definition
In file included from /public/home/tangwsh/PhysX/physx/include/foundation/PxMath.h:33,
                 from /public/home/tangwsh/PhysX/physx/include/foundation/PxVec3.h:33,
                 from /public/home/tangwsh/PhysX/physx/include/foundation/PxQuat.h:33,
                 from /public/home/tangwsh/PhysX/physx/include/foundation/PxTransform.h:32,
                 from /public/home/tangwsh/PhysX/physx/source/physx/src/NpBounds.cpp:29:
/public/home/tangwsh/PhysX/physx/source/geomutils/src/GuGeometryChecks.h:93:37: warning: ‘offsetof’ within non-standard-layout type ‘physx::PxCapsuleGeometry’ is conditionally-supported [-Winvalid-offsetof]
   93 | PX_COMPILE_TIME_ASSERT(PX_OFFSET_OF(physx::PxCapsuleGeometry, radius) == PX_OFFSET_OF(physx::PxSphereGeometry, radius));
/public/home/tangwsh/PhysX/physx/include/foundation/PxPreprocessor.h:430:51: note: in definition of macro ‘PX_COMPILE_TIME_ASSERT’
  430 | #define PX_COMPILE_TIME_ASSERT(exp) static_assert(exp, "")
      |                                                   ^~~
/public/home/tangwsh/PhysX/physx/source/geomutils/src/GuGeometryChecks.h:93:24: note: in expansion of macro ‘PX_OFFSET_OF’
   93 | PX_COMPILE_TIME_ASSERT(PX_OFFSET_OF(physx::PxCapsuleGeometry, radius) == PX_OFFSET_OF(physx::PxSphereGeometry, radius));
      |                        ^~~~~~~~~~~~
/public/home/tangwsh/PhysX/physx/source/geomutils/src/GuGeometryChecks.h:93:87: warning: ‘offsetof’ within non-standard-layout type ‘physx::PxSphereGeometry’ is conditionally-supported [-Winvalid-offsetof]
   93 | PX_COMPILE_TIME_ASSERT(PX_OFFSET_OF(physx::PxCapsuleGeometry, radius) == PX_OFFSET_OF(physx::PxSphereGeometry, radius));
/public/home/tangwsh/PhysX/physx/include/foundation/PxPreprocessor.h:430:51: note: in definition of macro ‘PX_COMPILE_TIME_ASSERT’
  430 | #define PX_COMPILE_TIME_ASSERT(exp) static_assert(exp, "")
      |                                                   ^~~
/public/home/tangwsh/PhysX/physx/source/geomutils/src/GuGeometryChecks.h:93:74: note: in expansion of macro ‘PX_OFFSET_OF’
   93 | PX_COMPILE_TIME_ASSERT(PX_OFFSET_OF(physx::PxCapsuleGeometry, radius) == PX_OFFSET_OF(physx::PxSphereGeometry, radius));
      |                                                                          ^~~~~~~~~~~~
In file included from /public/home/tangwsh/PhysX/physx/source/physx/src/NpScene.h:63,
                 from /public/home/tangwsh/PhysX/physx/source/physx/src/NpBase.h:33,
                 from /public/home/tangwsh/PhysX/physx/source/physx/src/NpActor.h:33,
                 from /public/home/tangwsh/PhysX/physx/source/physx/src/NpActorTemplate.h:33,
                 from /public/home/tangwsh/PhysX/physx/source/physx/src/NpRigidActorTemplate.h:32,
                 from /public/home/tangwsh/PhysX/physx/source/physx/src/NpRigidStatic.h:33,
                 from /public/home/tangwsh/PhysX/physx/source/physx/src/NpBounds.cpp:32:
/public/home/tangwsh/PhysX/physx/source/simulationcontroller/include/ScScene.h:222:15: warning: ‘physx::Sc::Scene’ has a field ‘physx::Sc::Scene::mOverlapFilterTaskHead’ whose type uses the anonymous namespace [-Wsubobject-linkage]
  222 |         class Scene : public PxUserAllocated
      |               ^~~~~
/public/home/tangwsh/PhysX/physx/source/simulationcontroller/include/ScScene.h:222:15: warning: ‘physx::Sc::Scene’ has a field ‘physx::Sc::Scene::mOverlapCreatedTaskHead’ whose type uses the anonymous namespace [-Wsubobject-linkage]
/public/home/tangwsh/PhysX/physx/source/simulationcontroller/include/ScScene.h:222:15: warning: ‘physx::Sc::Scene’ has a field ‘physx::Sc::Scene::mIslandInsertionTaskHead’ whose type uses the anonymous namespace [-Wsubobject-linkage]
[ 65%] Building CXX object CMakeFiles/PhysXSDK.dir/public/home/tangwsh/PhysX/physx/source/physx/src/NpCheck.cpp.o
In file included from /public/home/tangwsh/PhysX/physx/include/foundation/PxSimpleTypes.h:36,
                 from /public/home/tangwsh/PhysX/physx/source/physx/src/NpCheck.h:32,
                 from /public/home/tangwsh/PhysX/physx/source/physx/src/NpCheck.cpp:29:
/public/home/tangwsh/PhysX/physx/include/foundation/PxPreprocessor.h:524: warning: "PX_SUPPORT_GPU_PHYSX" redefined
  524 |         #define PX_SUPPORT_GPU_PHYSX ((PX_X64 && (PX_WINDOWS_FAMILY || PX_LINUX)) || (PX_A64 && PX_LINUX))
      | 
<command-line>: note: this is the location of the previous definition
In file included from /public/home/tangwsh/PhysX/physx/include/foundation/PxSimpleTypes.h:36,
                 from /public/home/tangwsh/PhysX/physx/source/physx/src/NpCheck.h:32,
                 from /public/home/tangwsh/PhysX/physx/source/physx/src/NpCheck.cpp:29:
/public/home/tangwsh/PhysX/physx/source/geomutils/src/GuGeometryChecks.h:93:37: warning: ‘offsetof’ within non-standard-layout type ‘physx::PxCapsuleGeometry’ is conditionally-supported [-Winvalid-offsetof]
   93 | PX_COMPILE_TIME_ASSERT(PX_OFFSET_OF(physx::PxCapsuleGeometry, radius) == PX_OFFSET_OF(physx::PxSphereGeometry, radius));
/public/home/tangwsh/PhysX/physx/include/foundation/PxPreprocessor.h:430:51: note: in definition of macro ‘PX_COMPILE_TIME_ASSERT’
  430 | #define PX_COMPILE_TIME_ASSERT(exp) static_assert(exp, "")
      |                                                   ^~~
/public/home/tangwsh/PhysX/physx/source/geomutils/src/GuGeometryChecks.h:93:24: note: in expansion of macro ‘PX_OFFSET_OF’
   93 | PX_COMPILE_TIME_ASSERT(PX_OFFSET_OF(physx::PxCapsuleGeometry, radius) == PX_OFFSET_OF(physx::PxSphereGeometry, radius));
      |                        ^~~~~~~~~~~~
/public/home/tangwsh/PhysX/physx/source/geomutils/src/GuGeometryChecks.h:93:87: warning: ‘offsetof’ within non-standard-layout type ‘physx::PxSphereGeometry’ is conditionally-supported [-Winvalid-offsetof]
   93 | PX_COMPILE_TIME_ASSERT(PX_OFFSET_OF(physx::PxCapsuleGeometry, radius) == PX_OFFSET_OF(physx::PxSphereGeometry, radius));
/public/home/tangwsh/PhysX/physx/include/foundation/PxPreprocessor.h:430:51: note: in definition of macro ‘PX_COMPILE_TIME_ASSERT’
  430 | #define PX_COMPILE_TIME_ASSERT(exp) static_assert(exp, "")
      |                                                   ^~~
/public/home/tangwsh/PhysX/physx/source/geomutils/src/GuGeometryChecks.h:93:74: note: in expansion of macro ‘PX_OFFSET_OF’
   93 | PX_COMPILE_TIME_ASSERT(PX_OFFSET_OF(physx::PxCapsuleGeometry, radius) == PX_OFFSET_OF(physx::PxSphereGeometry, radius));
      |                                                                          ^~~~~~~~~~~~
In file included from /public/home/tangwsh/PhysX/physx/source/physx/src/NpScene.h:63,
                 from /public/home/tangwsh/PhysX/physx/source/physx/src/NpCheck.cpp:30:
/public/home/tangwsh/PhysX/physx/source/simulationcontroller/include/ScScene.h:222:15: warning: ‘physx::Sc::Scene’ has a field ‘physx::Sc::Scene::mOverlapFilterTaskHead’ whose type uses the anonymous namespace [-Wsubobject-linkage]
  222 |         class Scene : public PxUserAllocated
      |               ^~~~~
/public/home/tangwsh/PhysX/physx/source/simulationcontroller/include/ScScene.h:222:15: warning: ‘physx::Sc::Scene’ has a field ‘physx::Sc::Scene::mOverlapCreatedTaskHead’ whose type uses the anonymous namespace [-Wsubobject-linkage]
/public/home/tangwsh/PhysX/physx/source/simulationcontroller/include/ScScene.h:222:15: warning: ‘physx::Sc::Scene’ has a field ‘physx::Sc::Scene::mIslandInsertionTaskHead’ whose type uses the anonymous namespace [-Wsubobject-linkage]
[ 65%] Building CXX object CMakeFiles/PhysXSDK.dir/public/home/tangwsh/PhysX/physx/source/physx/src/NpConstraint.cpp.o
In file included from /public/home/tangwsh/PhysX/physx/include/foundation/PxSimpleTypes.h:36,
                 from /public/home/tangwsh/PhysX/physx/include/common/PxPhysXCommonConfig.h:32,
                 from /public/home/tangwsh/PhysX/physx/include/PxPhysXConfig.h:35,
                 from /public/home/tangwsh/PhysX/physx/include/PxConstraint.h:33,
                 from /public/home/tangwsh/PhysX/physx/source/physx/src/NpConstraint.cpp:29:
/public/home/tangwsh/PhysX/physx/include/foundation/PxPreprocessor.h:524: warning: "PX_SUPPORT_GPU_PHYSX" redefined
  524 |         #define PX_SUPPORT_GPU_PHYSX ((PX_X64 && (PX_WINDOWS_FAMILY || PX_LINUX)) || (PX_A64 && PX_LINUX))
      | 
<command-line>: note: this is the location of the previous definition
In file included from /public/home/tangwsh/PhysX/physx/include/foundation/PxSimpleTypes.h:36,
                 from /public/home/tangwsh/PhysX/physx/include/common/PxPhysXCommonConfig.h:32,
                 from /public/home/tangwsh/PhysX/physx/include/PxPhysXConfig.h:35,
                 from /public/home/tangwsh/PhysX/physx/include/PxConstraint.h:33,
                 from /public/home/tangwsh/PhysX/physx/source/physx/src/NpConstraint.cpp:29:
/public/home/tangwsh/PhysX/physx/source/geomutils/src/GuGeometryChecks.h:93:37: warning: ‘offsetof’ within non-standard-layout type ‘physx::PxCapsuleGeometry’ is conditionally-supported [-Winvalid-offsetof]
   93 | PX_COMPILE_TIME_ASSERT(PX_OFFSET_OF(physx::PxCapsuleGeometry, radius) == PX_OFFSET_OF(physx::PxSphereGeometry, radius));
/public/home/tangwsh/PhysX/physx/include/foundation/PxPreprocessor.h:430:51: note: in definition of macro ‘PX_COMPILE_TIME_ASSERT’
  430 | #define PX_COMPILE_TIME_ASSERT(exp) static_assert(exp, "")
      |                                                   ^~~
/public/home/tangwsh/PhysX/physx/source/geomutils/src/GuGeometryChecks.h:93:24: note: in expansion of macro ‘PX_OFFSET_OF’
   93 | PX_COMPILE_TIME_ASSERT(PX_OFFSET_OF(physx::PxCapsuleGeometry, radius) == PX_OFFSET_OF(physx::PxSphereGeometry, radius));
      |                        ^~~~~~~~~~~~
/public/home/tangwsh/PhysX/physx/source/geomutils/src/GuGeometryChecks.h:93:87: warning: ‘offsetof’ within non-standard-layout type ‘physx::PxSphereGeometry’ is conditionally-supported [-Winvalid-offsetof]
   93 | PX_COMPILE_TIME_ASSERT(PX_OFFSET_OF(physx::PxCapsuleGeometry, radius) == PX_OFFSET_OF(physx::PxSphereGeometry, radius));
/public/home/tangwsh/PhysX/physx/include/foundation/PxPreprocessor.h:430:51: note: in definition of macro ‘PX_COMPILE_TIME_ASSERT’
  430 | #define PX_COMPILE_TIME_ASSERT(exp) static_assert(exp, "")
      |                                                   ^~~
/public/home/tangwsh/PhysX/physx/source/geomutils/src/GuGeometryChecks.h:93:74: note: in expansion of macro ‘PX_OFFSET_OF’
   93 | PX_COMPILE_TIME_ASSERT(PX_OFFSET_OF(physx::PxCapsuleGeometry, radius) == PX_OFFSET_OF(physx::PxSphereGeometry, radius));
      |                                                                          ^~~~~~~~~~~~
In file included from /public/home/tangwsh/PhysX/physx/source/physx/src/NpScene.h:63,
                 from /public/home/tangwsh/PhysX/physx/source/physx/src/NpBase.h:33,
                 from /public/home/tangwsh/PhysX/physx/source/physx/src/NpConstraint.h:34,
                 from /public/home/tangwsh/PhysX/physx/source/physx/src/NpConstraint.cpp:30:
/public/home/tangwsh/PhysX/physx/source/simulationcontroller/include/ScScene.h:222:15: warning: ‘physx::Sc::Scene’ has a field ‘physx::Sc::Scene::mOverlapFilterTaskHead’ whose type uses the anonymous namespace [-Wsubobject-linkage]
  222 |         class Scene : public PxUserAllocated
      |               ^~~~~
/public/home/tangwsh/PhysX/physx/source/simulationcontroller/include/ScScene.h:222:15: warning: ‘physx::Sc::Scene’ has a field ‘physx::Sc::Scene::mOverlapCreatedTaskHead’ whose type uses the anonymous namespace [-Wsubobject-linkage]
/public/home/tangwsh/PhysX/physx/source/simulationcontroller/include/ScScene.h:222:15: warning: ‘physx::Sc::Scene’ has a field ‘physx::Sc::Scene::mIslandInsertionTaskHead’ whose type uses the anonymous namespace [-Wsubobject-linkage]
[ 65%] Building CXX object CMakeFiles/PhysXSDK.dir/public/home/tangwsh/PhysX/physx/source/physx/src/NpDebugViz.cpp.o
In file included from /public/home/tangwsh/PhysX/physx/include/foundation/PxSimpleTypes.h:36,
                 from /public/home/tangwsh/PhysX/physx/include/common/PxPhysXCommonConfig.h:32,
                 from /public/home/tangwsh/PhysX/physx/source/physx/src/NpDebugViz.h:32,
                 from /public/home/tangwsh/PhysX/physx/source/physx/src/NpDebugViz.cpp:29:
/public/home/tangwsh/PhysX/physx/include/foundation/PxPreprocessor.h:524: warning: "PX_SUPPORT_GPU_PHYSX" redefined
  524 |         #define PX_SUPPORT_GPU_PHYSX ((PX_X64 && (PX_WINDOWS_FAMILY || PX_LINUX)) || (PX_A64 && PX_LINUX))
      | 
<command-line>: note: this is the location of the previous definition
In file included from /public/home/tangwsh/PhysX/physx/include/foundation/PxSimpleTypes.h:36,
                 from /public/home/tangwsh/PhysX/physx/include/common/PxPhysXCommonConfig.h:32,
                 from /public/home/tangwsh/PhysX/physx/source/physx/src/NpDebugViz.h:32,
                 from /public/home/tangwsh/PhysX/physx/source/physx/src/NpDebugViz.cpp:29:
/public/home/tangwsh/PhysX/physx/source/geomutils/src/GuGeometryChecks.h:93:37: warning: ‘offsetof’ within non-standard-layout type ‘physx::PxCapsuleGeometry’ is conditionally-supported [-Winvalid-offsetof]
   93 | PX_COMPILE_TIME_ASSERT(PX_OFFSET_OF(physx::PxCapsuleGeometry, radius) == PX_OFFSET_OF(physx::PxSphereGeometry, radius));
/public/home/tangwsh/PhysX/physx/include/foundation/PxPreprocessor.h:430:51: note: in definition of macro ‘PX_COMPILE_TIME_ASSERT’
  430 | #define PX_COMPILE_TIME_ASSERT(exp) static_assert(exp, "")
      |                                                   ^~~
/public/home/tangwsh/PhysX/physx/source/geomutils/src/GuGeometryChecks.h:93:24: note: in expansion of macro ‘PX_OFFSET_OF’
   93 | PX_COMPILE_TIME_ASSERT(PX_OFFSET_OF(physx::PxCapsuleGeometry, radius) == PX_OFFSET_OF(physx::PxSphereGeometry, radius));
      |                        ^~~~~~~~~~~~
/public/home/tangwsh/PhysX/physx/source/geomutils/src/GuGeometryChecks.h:93:87: warning: ‘offsetof’ within non-standard-layout type ‘physx::PxSphereGeometry’ is conditionally-supported [-Winvalid-offsetof]
   93 | PX_COMPILE_TIME_ASSERT(PX_OFFSET_OF(physx::PxCapsuleGeometry, radius) == PX_OFFSET_OF(physx::PxSphereGeometry, radius));
/public/home/tangwsh/PhysX/physx/include/foundation/PxPreprocessor.h:430:51: note: in definition of macro ‘PX_COMPILE_TIME_ASSERT’
  430 | #define PX_COMPILE_TIME_ASSERT(exp) static_assert(exp, "")
      |                                                   ^~~
/public/home/tangwsh/PhysX/physx/source/geomutils/src/GuGeometryChecks.h:93:74: note: in expansion of macro ‘PX_OFFSET_OF’
   93 | PX_COMPILE_TIME_ASSERT(PX_OFFSET_OF(physx::PxCapsuleGeometry, radius) == PX_OFFSET_OF(physx::PxSphereGeometry, radius));
      |                                                                          ^~~~~~~~~~~~
In file included from /public/home/tangwsh/PhysX/physx/source/physx/src/NpScene.h:63,
                 from /public/home/tangwsh/PhysX/physx/source/physx/src/NpDebugViz.cpp:34:
/public/home/tangwsh/PhysX/physx/source/simulationcontroller/include/ScScene.h:222:15: warning: ‘physx::Sc::Scene’ has a field ‘physx::Sc::Scene::mOverlapFilterTaskHead’ whose type uses the anonymous namespace [-Wsubobject-linkage]
  222 |         class Scene : public PxUserAllocated
      |               ^~~~~
/public/home/tangwsh/PhysX/physx/source/simulationcontroller/include/ScScene.h:222:15: warning: ‘physx::Sc::Scene’ has a field ‘physx::Sc::Scene::mOverlapCreatedTaskHead’ whose type uses the anonymous namespace [-Wsubobject-linkage]
/public/home/tangwsh/PhysX/physx/source/simulationcontroller/include/ScScene.h:222:15: warning: ‘physx::Sc::Scene’ has a field ‘physx::Sc::Scene::mIslandInsertionTaskHead’ whose type uses the anonymous namespace [-Wsubobject-linkage]
[ 65%] Building CXX object CMakeFiles/PhysXSDK.dir/public/home/tangwsh/PhysX/physx/source/physx/src/NpDeformableAttachment.cpp.o
In file included from /public/home/tangwsh/PhysX/physx/include/foundation/PxSimpleTypes.h:36,
                 from /public/home/tangwsh/PhysX/physx/source/lowlevel/software/include/PxsHeapMemoryAllocator.h:32,
                 from /public/home/tangwsh/PhysX/physx/source/physx/src/NpDeformableAttachment.cpp:29:
/public/home/tangwsh/PhysX/physx/include/foundation/PxPreprocessor.h:524: warning: "PX_SUPPORT_GPU_PHYSX" redefined
  524 |         #define PX_SUPPORT_GPU_PHYSX ((PX_X64 && (PX_WINDOWS_FAMILY || PX_LINUX)) || (PX_A64 && PX_LINUX))
      | 
<command-line>: note: this is the location of the previous definition
In file included from /public/home/tangwsh/PhysX/physx/include/foundation/PxSimpleTypes.h:36,
                 from /public/home/tangwsh/PhysX/physx/source/lowlevel/software/include/PxsHeapMemoryAllocator.h:32,
                 from /public/home/tangwsh/PhysX/physx/source/physx/src/NpDeformableAttachment.cpp:29:
/public/home/tangwsh/PhysX/physx/source/geomutils/src/GuGeometryChecks.h:93:37: warning: ‘offsetof’ within non-standard-layout type ‘physx::PxCapsuleGeometry’ is conditionally-supported [-Winvalid-offsetof]
   93 | PX_COMPILE_TIME_ASSERT(PX_OFFSET_OF(physx::PxCapsuleGeometry, radius) == PX_OFFSET_OF(physx::PxSphereGeometry, radius));
/public/home/tangwsh/PhysX/physx/include/foundation/PxPreprocessor.h:430:51: note: in definition of macro ‘PX_COMPILE_TIME_ASSERT’
  430 | #define PX_COMPILE_TIME_ASSERT(exp) static_assert(exp, "")
      |                                                   ^~~
/public/home/tangwsh/PhysX/physx/source/geomutils/src/GuGeometryChecks.h:93:24: note: in expansion of macro ‘PX_OFFSET_OF’
   93 | PX_COMPILE_TIME_ASSERT(PX_OFFSET_OF(physx::PxCapsuleGeometry, radius) == PX_OFFSET_OF(physx::PxSphereGeometry, radius));
      |                        ^~~~~~~~~~~~
/public/home/tangwsh/PhysX/physx/source/geomutils/src/GuGeometryChecks.h:93:87: warning: ‘offsetof’ within non-standard-layout type ‘physx::PxSphereGeometry’ is conditionally-supported [-Winvalid-offsetof]
   93 | PX_COMPILE_TIME_ASSERT(PX_OFFSET_OF(physx::PxCapsuleGeometry, radius) == PX_OFFSET_OF(physx::PxSphereGeometry, radius));
/public/home/tangwsh/PhysX/physx/include/foundation/PxPreprocessor.h:430:51: note: in definition of macro ‘PX_COMPILE_TIME_ASSERT’
  430 | #define PX_COMPILE_TIME_ASSERT(exp) static_assert(exp, "")
      |                                                   ^~~
/public/home/tangwsh/PhysX/physx/source/geomutils/src/GuGeometryChecks.h:93:74: note: in expansion of macro ‘PX_OFFSET_OF’
   93 | PX_COMPILE_TIME_ASSERT(PX_OFFSET_OF(physx::PxCapsuleGeometry, radius) == PX_OFFSET_OF(physx::PxSphereGeometry, radius));
      |                                                                          ^~~~~~~~~~~~
In file included from /public/home/tangwsh/PhysX/physx/source/physx/src/NpScene.h:63,
                 from /public/home/tangwsh/PhysX/physx/source/physx/src/NpDeformableAttachment.cpp:36:
/public/home/tangwsh/PhysX/physx/source/simulationcontroller/include/ScScene.h:222:15: warning: ‘physx::Sc::Scene’ has a field ‘physx::Sc::Scene::mOverlapFilterTaskHead’ whose type uses the anonymous namespace [-Wsubobject-linkage]
  222 |         class Scene : public PxUserAllocated
      |               ^~~~~
/public/home/tangwsh/PhysX/physx/source/simulationcontroller/include/ScScene.h:222:15: warning: ‘physx::Sc::Scene’ has a field ‘physx::Sc::Scene::mOverlapCreatedTaskHead’ whose type uses the anonymous namespace [-Wsubobject-linkage]
/public/home/tangwsh/PhysX/physx/source/simulationcontroller/include/ScScene.h:222:15: warning: ‘physx::Sc::Scene’ has a field ‘physx::Sc::Scene::mIslandInsertionTaskHead’ whose type uses the anonymous namespace [-Wsubobject-linkage]
[ 65%] Building CXX object CMakeFiles/PhysXSDK.dir/public/home/tangwsh/PhysX/physx/source/physx/src/NpDeformableElementFilter.cpp.o
In file included from /public/home/tangwsh/PhysX/physx/include/foundation/PxSimpleTypes.h:36,
                 from /public/home/tangwsh/PhysX/physx/source/lowlevel/software/include/PxsHeapMemoryAllocator.h:32,
                 from /public/home/tangwsh/PhysX/physx/source/physx/src/NpDeformableElementFilter.cpp:29:
/public/home/tangwsh/PhysX/physx/include/foundation/PxPreprocessor.h:524: warning: "PX_SUPPORT_GPU_PHYSX" redefined
  524 |         #define PX_SUPPORT_GPU_PHYSX ((PX_X64 && (PX_WINDOWS_FAMILY || PX_LINUX)) || (PX_A64 && PX_LINUX))
      | 
<command-line>: note: this is the location of the previous definition
In file included from /public/home/tangwsh/PhysX/physx/include/foundation/PxSimpleTypes.h:36,
                 from /public/home/tangwsh/PhysX/physx/source/lowlevel/software/include/PxsHeapMemoryAllocator.h:32,
                 from /public/home/tangwsh/PhysX/physx/source/physx/src/NpDeformableElementFilter.cpp:29:
/public/home/tangwsh/PhysX/physx/source/geomutils/src/GuGeometryChecks.h:93:37: warning: ‘offsetof’ within non-standard-layout type ‘physx::PxCapsuleGeometry’ is conditionally-supported [-Winvalid-offsetof]
   93 | PX_COMPILE_TIME_ASSERT(PX_OFFSET_OF(physx::PxCapsuleGeometry, radius) == PX_OFFSET_OF(physx::PxSphereGeometry, radius));
/public/home/tangwsh/PhysX/physx/include/foundation/PxPreprocessor.h:430:51: note: in definition of macro ‘PX_COMPILE_TIME_ASSERT’
  430 | #define PX_COMPILE_TIME_ASSERT(exp) static_assert(exp, "")
      |                                                   ^~~
/public/home/tangwsh/PhysX/physx/source/geomutils/src/GuGeometryChecks.h:93:24: note: in expansion of macro ‘PX_OFFSET_OF’
   93 | PX_COMPILE_TIME_ASSERT(PX_OFFSET_OF(physx::PxCapsuleGeometry, radius) == PX_OFFSET_OF(physx::PxSphereGeometry, radius));
      |                        ^~~~~~~~~~~~
/public/home/tangwsh/PhysX/physx/source/geomutils/src/GuGeometryChecks.h:93:87: warning: ‘offsetof’ within non-standard-layout type ‘physx::PxSphereGeometry’ is conditionally-supported [-Winvalid-offsetof]
   93 | PX_COMPILE_TIME_ASSERT(PX_OFFSET_OF(physx::PxCapsuleGeometry, radius) == PX_OFFSET_OF(physx::PxSphereGeometry, radius));
/public/home/tangwsh/PhysX/physx/include/foundation/PxPreprocessor.h:430:51: note: in definition of macro ‘PX_COMPILE_TIME_ASSERT’
  430 | #define PX_COMPILE_TIME_ASSERT(exp) static_assert(exp, "")
      |                                                   ^~~
/public/home/tangwsh/PhysX/physx/source/geomutils/src/GuGeometryChecks.h:93:74: note: in expansion of macro ‘PX_OFFSET_OF’
   93 | PX_COMPILE_TIME_ASSERT(PX_OFFSET_OF(physx::PxCapsuleGeometry, radius) == PX_OFFSET_OF(physx::PxSphereGeometry, radius));
      |                                                                          ^~~~~~~~~~~~
In file included from /public/home/tangwsh/PhysX/physx/source/physx/src/NpScene.h:63,
                 from /public/home/tangwsh/PhysX/physx/source/physx/src/NpDeformableElementFilter.cpp:36:
/public/home/tangwsh/PhysX/physx/source/simulationcontroller/include/ScScene.h:222:15: warning: ‘physx::Sc::Scene’ has a field ‘physx::Sc::Scene::mOverlapFilterTaskHead’ whose type uses the anonymous namespace [-Wsubobject-linkage]
  222 |         class Scene : public PxUserAllocated
      |               ^~~~~
/public/home/tangwsh/PhysX/physx/source/simulationcontroller/include/ScScene.h:222:15: warning: ‘physx::Sc::Scene’ has a field ‘physx::Sc::Scene::mOverlapCreatedTaskHead’ whose type uses the anonymous namespace [-Wsubobject-linkage]
/public/home/tangwsh/PhysX/physx/source/simulationcontroller/include/ScScene.h:222:15: warning: ‘physx::Sc::Scene’ has a field ‘physx::Sc::Scene::mIslandInsertionTaskHead’ whose type uses the anonymous namespace [-Wsubobject-linkage]
[ 66%] Building CXX object CMakeFiles/PhysXSDK.dir/public/home/tangwsh/PhysX/physx/source/physx/src/NpDeformableSurface.cpp.o
In file included from /public/home/tangwsh/PhysX/physx/include/foundation/PxSimpleTypes.h:36,
                 from /public/home/tangwsh/PhysX/physx/source/lowlevel/software/include/PxsHeapMemoryAllocator.h:32,
                 from /public/home/tangwsh/PhysX/physx/source/physx/src/NpDeformableSurface.cpp:29:
/public/home/tangwsh/PhysX/physx/include/foundation/PxPreprocessor.h:524: warning: "PX_SUPPORT_GPU_PHYSX" redefined
  524 |         #define PX_SUPPORT_GPU_PHYSX ((PX_X64 && (PX_WINDOWS_FAMILY || PX_LINUX)) || (PX_A64 && PX_LINUX))
      | 
<command-line>: note: this is the location of the previous definition
In file included from /public/home/tangwsh/PhysX/physx/include/foundation/PxSimpleTypes.h:36,
                 from /public/home/tangwsh/PhysX/physx/source/lowlevel/software/include/PxsHeapMemoryAllocator.h:32,
                 from /public/home/tangwsh/PhysX/physx/source/physx/src/NpDeformableSurface.cpp:29:
/public/home/tangwsh/PhysX/physx/source/geomutils/src/GuGeometryChecks.h:93:37: warning: ‘offsetof’ within non-standard-layout type ‘physx::PxCapsuleGeometry’ is conditionally-supported [-Winvalid-offsetof]
   93 | PX_COMPILE_TIME_ASSERT(PX_OFFSET_OF(physx::PxCapsuleGeometry, radius) == PX_OFFSET_OF(physx::PxSphereGeometry, radius));
/public/home/tangwsh/PhysX/physx/include/foundation/PxPreprocessor.h:430:51: note: in definition of macro ‘PX_COMPILE_TIME_ASSERT’
  430 | #define PX_COMPILE_TIME_ASSERT(exp) static_assert(exp, "")
      |                                                   ^~~
/public/home/tangwsh/PhysX/physx/source/geomutils/src/GuGeometryChecks.h:93:24: note: in expansion of macro ‘PX_OFFSET_OF’
   93 | PX_COMPILE_TIME_ASSERT(PX_OFFSET_OF(physx::PxCapsuleGeometry, radius) == PX_OFFSET_OF(physx::PxSphereGeometry, radius));
      |                        ^~~~~~~~~~~~
/public/home/tangwsh/PhysX/physx/source/geomutils/src/GuGeometryChecks.h:93:87: warning: ‘offsetof’ within non-standard-layout type ‘physx::PxSphereGeometry’ is conditionally-supported [-Winvalid-offsetof]
   93 | PX_COMPILE_TIME_ASSERT(PX_OFFSET_OF(physx::PxCapsuleGeometry, radius) == PX_OFFSET_OF(physx::PxSphereGeometry, radius));
/public/home/tangwsh/PhysX/physx/include/foundation/PxPreprocessor.h:430:51: note: in definition of macro ‘PX_COMPILE_TIME_ASSERT’
  430 | #define PX_COMPILE_TIME_ASSERT(exp) static_assert(exp, "")
      |                                                   ^~~
/public/home/tangwsh/PhysX/physx/source/geomutils/src/GuGeometryChecks.h:93:74: note: in expansion of macro ‘PX_OFFSET_OF’
   93 | PX_COMPILE_TIME_ASSERT(PX_OFFSET_OF(physx::PxCapsuleGeometry, radius) == PX_OFFSET_OF(physx::PxSphereGeometry, radius));
      |                                                                          ^~~~~~~~~~~~
In file included from /public/home/tangwsh/PhysX/physx/source/physx/src/NpScene.h:63,
                 from /public/home/tangwsh/PhysX/physx/source/physx/src/NpBase.h:33,
                 from /public/home/tangwsh/PhysX/physx/source/physx/src/NpActor.h:33,
                 from /public/home/tangwsh/PhysX/physx/source/physx/src/NpActorTemplate.h:33,
                 from /public/home/tangwsh/PhysX/physx/source/physx/src/NpDeformableSurface.h:37,
                 from /public/home/tangwsh/PhysX/physx/source/physx/src/NpDeformableSurface.cpp:35:
/public/home/tangwsh/PhysX/physx/source/simulationcontroller/include/ScScene.h:222:15: warning: ‘physx::Sc::Scene’ has a field ‘physx::Sc::Scene::mOverlapFilterTaskHead’ whose type uses the anonymous namespace [-Wsubobject-linkage]
  222 |         class Scene : public PxUserAllocated
      |               ^~~~~
/public/home/tangwsh/PhysX/physx/source/simulationcontroller/include/ScScene.h:222:15: warning: ‘physx::Sc::Scene’ has a field ‘physx::Sc::Scene::mOverlapCreatedTaskHead’ whose type uses the anonymous namespace [-Wsubobject-linkage]
/public/home/tangwsh/PhysX/physx/source/simulationcontroller/include/ScScene.h:222:15: warning: ‘physx::Sc::Scene’ has a field ‘physx::Sc::Scene::mIslandInsertionTaskHead’ whose type uses the anonymous namespace [-Wsubobject-linkage]
[ 66%] Building CXX object CMakeFiles/PhysXSDK.dir/public/home/tangwsh/PhysX/physx/source/physx/src/NpDeformableSurfaceMaterial.cpp.o
In file included from /public/home/tangwsh/PhysX/physx/include/foundation/PxSimpleTypes.h:36,
                 from /public/home/tangwsh/PhysX/physx/include/common/PxPhysXCommonConfig.h:32,
                 from /public/home/tangwsh/PhysX/physx/include/common/PxSerialFramework.h:33,
                 from /public/home/tangwsh/PhysX/physx/source/physx/src/NpDeformableSurfaceMaterial.h:32,
                 from /public/home/tangwsh/PhysX/physx/source/physx/src/NpDeformableSurfaceMaterial.cpp:29:
/public/home/tangwsh/PhysX/physx/include/foundation/PxPreprocessor.h:524: warning: "PX_SUPPORT_GPU_PHYSX" redefined
  524 |         #define PX_SUPPORT_GPU_PHYSX ((PX_X64 && (PX_WINDOWS_FAMILY || PX_LINUX)) || (PX_A64 && PX_LINUX))
      | 
<command-line>: note: this is the location of the previous definition
In file included from /public/home/tangwsh/PhysX/physx/include/foundation/PxSimpleTypes.h:36,
                 from /public/home/tangwsh/PhysX/physx/include/common/PxPhysXCommonConfig.h:32,
                 from /public/home/tangwsh/PhysX/physx/include/common/PxSerialFramework.h:33,
                 from /public/home/tangwsh/PhysX/physx/source/physx/src/NpDeformableSurfaceMaterial.h:32,
                 from /public/home/tangwsh/PhysX/physx/source/physx/src/NpDeformableSurfaceMaterial.cpp:29:
/public/home/tangwsh/PhysX/physx/source/geomutils/src/GuGeometryChecks.h:93:37: warning: ‘offsetof’ within non-standard-layout type ‘physx::PxCapsuleGeometry’ is conditionally-supported [-Winvalid-offsetof]
   93 | PX_COMPILE_TIME_ASSERT(PX_OFFSET_OF(physx::PxCapsuleGeometry, radius) == PX_OFFSET_OF(physx::PxSphereGeometry, radius));
/public/home/tangwsh/PhysX/physx/include/foundation/PxPreprocessor.h:430:51: note: in definition of macro ‘PX_COMPILE_TIME_ASSERT’
  430 | #define PX_COMPILE_TIME_ASSERT(exp) static_assert(exp, "")
      |                                                   ^~~
/public/home/tangwsh/PhysX/physx/source/geomutils/src/GuGeometryChecks.h:93:24: note: in expansion of macro ‘PX_OFFSET_OF’
   93 | PX_COMPILE_TIME_ASSERT(PX_OFFSET_OF(physx::PxCapsuleGeometry, radius) == PX_OFFSET_OF(physx::PxSphereGeometry, radius));
      |                        ^~~~~~~~~~~~
/public/home/tangwsh/PhysX/physx/source/geomutils/src/GuGeometryChecks.h:93:87: warning: ‘offsetof’ within non-standard-layout type ‘physx::PxSphereGeometry’ is conditionally-supported [-Winvalid-offsetof]
   93 | PX_COMPILE_TIME_ASSERT(PX_OFFSET_OF(physx::PxCapsuleGeometry, radius) == PX_OFFSET_OF(physx::PxSphereGeometry, radius));
/public/home/tangwsh/PhysX/physx/include/foundation/PxPreprocessor.h:430:51: note: in definition of macro ‘PX_COMPILE_TIME_ASSERT’
  430 | #define PX_COMPILE_TIME_ASSERT(exp) static_assert(exp, "")
      |                                                   ^~~
/public/home/tangwsh/PhysX/physx/source/geomutils/src/GuGeometryChecks.h:93:74: note: in expansion of macro ‘PX_OFFSET_OF’
   93 | PX_COMPILE_TIME_ASSERT(PX_OFFSET_OF(physx::PxCapsuleGeometry, radius) == PX_OFFSET_OF(physx::PxSphereGeometry, radius));
      |                                                                          ^~~~~~~~~~~~
In file included from /public/home/tangwsh/PhysX/physx/source/physx/src/NpScene.h:63,
                 from /public/home/tangwsh/PhysX/physx/source/physx/src/NpBase.h:33,
                 from /public/home/tangwsh/PhysX/physx/source/physx/src/NpActor.h:33,
                 from /public/home/tangwsh/PhysX/physx/source/physx/src/NpActorTemplate.h:33,
                 from /public/home/tangwsh/PhysX/physx/source/physx/src/NpDeformableSurface.h:37,
                 from /public/home/tangwsh/PhysX/physx/source/physx/src/NpFactory.h:43,
                 from /public/home/tangwsh/PhysX/physx/source/physx/src/NpPhysicsInsertionCallback.h:36,
                 from /public/home/tangwsh/PhysX/physx/source/physx/src/NpPhysics.h:41,
                 from /public/home/tangwsh/PhysX/physx/source/physx/src/NpDeformableSurfaceMaterial.cpp:30:
/public/home/tangwsh/PhysX/physx/source/simulationcontroller/include/ScScene.h:222:15: warning: ‘physx::Sc::Scene’ has a field ‘physx::Sc::Scene::mOverlapFilterTaskHead’ whose type uses the anonymous namespace [-Wsubobject-linkage]
  222 |         class Scene : public PxUserAllocated
      |               ^~~~~
/public/home/tangwsh/PhysX/physx/source/simulationcontroller/include/ScScene.h:222:15: warning: ‘physx::Sc::Scene’ has a field ‘physx::Sc::Scene::mOverlapCreatedTaskHead’ whose type uses the anonymous namespace [-Wsubobject-linkage]
/public/home/tangwsh/PhysX/physx/source/simulationcontroller/include/ScScene.h:222:15: warning: ‘physx::Sc::Scene’ has a field ‘physx::Sc::Scene::mIslandInsertionTaskHead’ whose type uses the anonymous namespace [-Wsubobject-linkage]
[ 66%] Building CXX object CMakeFiles/PhysXSDK.dir/public/home/tangwsh/PhysX/physx/source/physx/src/NpDeformableVolume.cpp.o
In file included from /public/home/tangwsh/PhysX/physx/include/foundation/PxSimpleTypes.h:36,
                 from /public/home/tangwsh/PhysX/physx/source/lowleveldynamics/include/DyDeformableVolumeCore.h:30,
                 from /public/home/tangwsh/PhysX/physx/source/physx/src/NpDeformableVolume.cpp:29:
/public/home/tangwsh/PhysX/physx/include/foundation/PxPreprocessor.h:524: warning: "PX_SUPPORT_GPU_PHYSX" redefined
  524 |         #define PX_SUPPORT_GPU_PHYSX ((PX_X64 && (PX_WINDOWS_FAMILY || PX_LINUX)) || (PX_A64 && PX_LINUX))
      | 
<command-line>: note: this is the location of the previous definition
In file included from /public/home/tangwsh/PhysX/physx/include/foundation/PxSimpleTypes.h:36,
                 from /public/home/tangwsh/PhysX/physx/source/lowleveldynamics/include/DyDeformableVolumeCore.h:30,
                 from /public/home/tangwsh/PhysX/physx/source/physx/src/NpDeformableVolume.cpp:29:
/public/home/tangwsh/PhysX/physx/source/geomutils/src/GuGeometryChecks.h:93:37: warning: ‘offsetof’ within non-standard-layout type ‘physx::PxCapsuleGeometry’ is conditionally-supported [-Winvalid-offsetof]
   93 | PX_COMPILE_TIME_ASSERT(PX_OFFSET_OF(physx::PxCapsuleGeometry, radius) == PX_OFFSET_OF(physx::PxSphereGeometry, radius));
/public/home/tangwsh/PhysX/physx/include/foundation/PxPreprocessor.h:430:51: note: in definition of macro ‘PX_COMPILE_TIME_ASSERT’
  430 | #define PX_COMPILE_TIME_ASSERT(exp) static_assert(exp, "")
      |                                                   ^~~
/public/home/tangwsh/PhysX/physx/source/geomutils/src/GuGeometryChecks.h:93:24: note: in expansion of macro ‘PX_OFFSET_OF’
   93 | PX_COMPILE_TIME_ASSERT(PX_OFFSET_OF(physx::PxCapsuleGeometry, radius) == PX_OFFSET_OF(physx::PxSphereGeometry, radius));
      |                        ^~~~~~~~~~~~
/public/home/tangwsh/PhysX/physx/source/geomutils/src/GuGeometryChecks.h:93:87: warning: ‘offsetof’ within non-standard-layout type ‘physx::PxSphereGeometry’ is conditionally-supported [-Winvalid-offsetof]
   93 | PX_COMPILE_TIME_ASSERT(PX_OFFSET_OF(physx::PxCapsuleGeometry, radius) == PX_OFFSET_OF(physx::PxSphereGeometry, radius));
/public/home/tangwsh/PhysX/physx/include/foundation/PxPreprocessor.h:430:51: note: in definition of macro ‘PX_COMPILE_TIME_ASSERT’
  430 | #define PX_COMPILE_TIME_ASSERT(exp) static_assert(exp, "")
      |                                                   ^~~
/public/home/tangwsh/PhysX/physx/source/geomutils/src/GuGeometryChecks.h:93:74: note: in expansion of macro ‘PX_OFFSET_OF’
   93 | PX_COMPILE_TIME_ASSERT(PX_OFFSET_OF(physx::PxCapsuleGeometry, radius) == PX_OFFSET_OF(physx::PxSphereGeometry, radius));
      |                                                                          ^~~~~~~~~~~~
In file included from /public/home/tangwsh/PhysX/physx/source/physx/src/NpScene.h:63,
                 from /public/home/tangwsh/PhysX/physx/source/physx/src/NpBase.h:33,
                 from /public/home/tangwsh/PhysX/physx/source/physx/src/NpActor.h:33,
                 from /public/home/tangwsh/PhysX/physx/source/physx/src/NpActorTemplate.h:33,
                 from /public/home/tangwsh/PhysX/physx/source/physx/src/NpDeformableVolume.h:37,
                 from /public/home/tangwsh/PhysX/physx/source/physx/src/NpDeformableVolume.cpp:35:
/public/home/tangwsh/PhysX/physx/source/simulationcontroller/include/ScScene.h:222:15: warning: ‘physx::Sc::Scene’ has a field ‘physx::Sc::Scene::mOverlapFilterTaskHead’ whose type uses the anonymous namespace [-Wsubobject-linkage]
  222 |         class Scene : public PxUserAllocated
      |               ^~~~~
/public/home/tangwsh/PhysX/physx/source/simulationcontroller/include/ScScene.h:222:15: warning: ‘physx::Sc::Scene’ has a field ‘physx::Sc::Scene::mOverlapCreatedTaskHead’ whose type uses the anonymous namespace [-Wsubobject-linkage]
/public/home/tangwsh/PhysX/physx/source/simulationcontroller/include/ScScene.h:222:15: warning: ‘physx::Sc::Scene’ has a field ‘physx::Sc::Scene::mIslandInsertionTaskHead’ whose type uses the anonymous namespace [-Wsubobject-linkage]
[ 66%] Building CXX object CMakeFiles/PhysXSDK.dir/public/home/tangwsh/PhysX/physx/source/physx/src/NpDeformableVolumeMaterial.cpp.o
In file included from /public/home/tangwsh/PhysX/physx/include/foundation/PxSimpleTypes.h:36,
                 from /public/home/tangwsh/PhysX/physx/include/common/PxPhysXCommonConfig.h:32,
                 from /public/home/tangwsh/PhysX/physx/include/common/PxSerialFramework.h:33,
                 from /public/home/tangwsh/PhysX/physx/source/physx/src/NpDeformableVolumeMaterial.h:32,
                 from /public/home/tangwsh/PhysX/physx/source/physx/src/NpDeformableVolumeMaterial.cpp:29:
/public/home/tangwsh/PhysX/physx/include/foundation/PxPreprocessor.h:524: warning: "PX_SUPPORT_GPU_PHYSX" redefined
  524 |         #define PX_SUPPORT_GPU_PHYSX ((PX_X64 && (PX_WINDOWS_FAMILY || PX_LINUX)) || (PX_A64 && PX_LINUX))
      | 
<command-line>: note: this is the location of the previous definition
In file included from /public/home/tangwsh/PhysX/physx/include/foundation/PxSimpleTypes.h:36,
                 from /public/home/tangwsh/PhysX/physx/include/common/PxPhysXCommonConfig.h:32,
                 from /public/home/tangwsh/PhysX/physx/include/common/PxSerialFramework.h:33,
                 from /public/home/tangwsh/PhysX/physx/source/physx/src/NpDeformableVolumeMaterial.h:32,
                 from /public/home/tangwsh/PhysX/physx/source/physx/src/NpDeformableVolumeMaterial.cpp:29:
/public/home/tangwsh/PhysX/physx/source/geomutils/src/GuGeometryChecks.h:93:37: warning: ‘offsetof’ within non-standard-layout type ‘physx::PxCapsuleGeometry’ is conditionally-supported [-Winvalid-offsetof]
   93 | PX_COMPILE_TIME_ASSERT(PX_OFFSET_OF(physx::PxCapsuleGeometry, radius) == PX_OFFSET_OF(physx::PxSphereGeometry, radius));
/public/home/tangwsh/PhysX/physx/include/foundation/PxPreprocessor.h:430:51: note: in definition of macro ‘PX_COMPILE_TIME_ASSERT’
  430 | #define PX_COMPILE_TIME_ASSERT(exp) static_assert(exp, "")
      |                                                   ^~~
/public/home/tangwsh/PhysX/physx/source/geomutils/src/GuGeometryChecks.h:93:24: note: in expansion of macro ‘PX_OFFSET_OF’
   93 | PX_COMPILE_TIME_ASSERT(PX_OFFSET_OF(physx::PxCapsuleGeometry, radius) == PX_OFFSET_OF(physx::PxSphereGeometry, radius));
      |                        ^~~~~~~~~~~~
/public/home/tangwsh/PhysX/physx/source/geomutils/src/GuGeometryChecks.h:93:87: warning: ‘offsetof’ within non-standard-layout type ‘physx::PxSphereGeometry’ is conditionally-supported [-Winvalid-offsetof]
   93 | PX_COMPILE_TIME_ASSERT(PX_OFFSET_OF(physx::PxCapsuleGeometry, radius) == PX_OFFSET_OF(physx::PxSphereGeometry, radius));
/public/home/tangwsh/PhysX/physx/include/foundation/PxPreprocessor.h:430:51: note: in definition of macro ‘PX_COMPILE_TIME_ASSERT’
  430 | #define PX_COMPILE_TIME_ASSERT(exp) static_assert(exp, "")
      |                                                   ^~~
/public/home/tangwsh/PhysX/physx/source/geomutils/src/GuGeometryChecks.h:93:74: note: in expansion of macro ‘PX_OFFSET_OF’
   93 | PX_COMPILE_TIME_ASSERT(PX_OFFSET_OF(physx::PxCapsuleGeometry, radius) == PX_OFFSET_OF(physx::PxSphereGeometry, radius));
      |                                                                          ^~~~~~~~~~~~
In file included from /public/home/tangwsh/PhysX/physx/source/physx/src/NpScene.h:63,
                 from /public/home/tangwsh/PhysX/physx/source/physx/src/NpBase.h:33,
                 from /public/home/tangwsh/PhysX/physx/source/physx/src/NpActor.h:33,
                 from /public/home/tangwsh/PhysX/physx/source/physx/src/NpActorTemplate.h:33,
                 from /public/home/tangwsh/PhysX/physx/source/physx/src/NpDeformableSurface.h:37,
                 from /public/home/tangwsh/PhysX/physx/source/physx/src/NpFactory.h:43,
                 from /public/home/tangwsh/PhysX/physx/source/physx/src/NpPhysicsInsertionCallback.h:36,
                 from /public/home/tangwsh/PhysX/physx/source/physx/src/NpPhysics.h:41,
                 from /public/home/tangwsh/PhysX/physx/source/physx/src/NpDeformableVolumeMaterial.cpp:30:
/public/home/tangwsh/PhysX/physx/source/simulationcontroller/include/ScScene.h:222:15: warning: ‘physx::Sc::Scene’ has a field ‘physx::Sc::Scene::mOverlapFilterTaskHead’ whose type uses the anonymous namespace [-Wsubobject-linkage]
  222 |         class Scene : public PxUserAllocated
      |               ^~~~~
/public/home/tangwsh/PhysX/physx/source/simulationcontroller/include/ScScene.h:222:15: warning: ‘physx::Sc::Scene’ has a field ‘physx::Sc::Scene::mOverlapCreatedTaskHead’ whose type uses the anonymous namespace [-Wsubobject-linkage]
/public/home/tangwsh/PhysX/physx/source/simulationcontroller/include/ScScene.h:222:15: warning: ‘physx::Sc::Scene’ has a field ‘physx::Sc::Scene::mIslandInsertionTaskHead’ whose type uses the anonymous namespace [-Wsubobject-linkage]
[ 66%] Building CXX object CMakeFiles/PhysXSDK.dir/public/home/tangwsh/PhysX/physx/source/physx/src/NpDirectGPUAPI.cpp.o
In file included from /public/home/tangwsh/PhysX/physx/include/cudamanager/PxCudaTypes.h:33,
                 from /public/home/tangwsh/PhysX/physx/include/PxDirectGPUAPI.h:32,
                 from /public/home/tangwsh/PhysX/physx/source/physx/src/NpDirectGPUAPI.cpp:29:
/public/home/tangwsh/PhysX/physx/include/foundation/PxPreprocessor.h:524: warning: "PX_SUPPORT_GPU_PHYSX" redefined
  524 |         #define PX_SUPPORT_GPU_PHYSX ((PX_X64 && (PX_WINDOWS_FAMILY || PX_LINUX)) || (PX_A64 && PX_LINUX))
      | 
<command-line>: note: this is the location of the previous definition
In file included from /public/home/tangwsh/PhysX/physx/include/cudamanager/PxCudaTypes.h:33,
                 from /public/home/tangwsh/PhysX/physx/include/PxDirectGPUAPI.h:32,
                 from /public/home/tangwsh/PhysX/physx/source/physx/src/NpDirectGPUAPI.cpp:29:
/public/home/tangwsh/PhysX/physx/source/geomutils/src/GuGeometryChecks.h:93:37: warning: ‘offsetof’ within non-standard-layout type ‘physx::PxCapsuleGeometry’ is conditionally-supported [-Winvalid-offsetof]
   93 | PX_COMPILE_TIME_ASSERT(PX_OFFSET_OF(physx::PxCapsuleGeometry, radius) == PX_OFFSET_OF(physx::PxSphereGeometry, radius));
/public/home/tangwsh/PhysX/physx/include/foundation/PxPreprocessor.h:430:51: note: in definition of macro ‘PX_COMPILE_TIME_ASSERT’
  430 | #define PX_COMPILE_TIME_ASSERT(exp) static_assert(exp, "")
      |                                                   ^~~
/public/home/tangwsh/PhysX/physx/source/geomutils/src/GuGeometryChecks.h:93:24: note: in expansion of macro ‘PX_OFFSET_OF’
   93 | PX_COMPILE_TIME_ASSERT(PX_OFFSET_OF(physx::PxCapsuleGeometry, radius) == PX_OFFSET_OF(physx::PxSphereGeometry, radius));
      |                        ^~~~~~~~~~~~
/public/home/tangwsh/PhysX/physx/source/geomutils/src/GuGeometryChecks.h:93:87: warning: ‘offsetof’ within non-standard-layout type ‘physx::PxSphereGeometry’ is conditionally-supported [-Winvalid-offsetof]
   93 | PX_COMPILE_TIME_ASSERT(PX_OFFSET_OF(physx::PxCapsuleGeometry, radius) == PX_OFFSET_OF(physx::PxSphereGeometry, radius));
/public/home/tangwsh/PhysX/physx/include/foundation/PxPreprocessor.h:430:51: note: in definition of macro ‘PX_COMPILE_TIME_ASSERT’
  430 | #define PX_COMPILE_TIME_ASSERT(exp) static_assert(exp, "")
      |                                                   ^~~
/public/home/tangwsh/PhysX/physx/source/geomutils/src/GuGeometryChecks.h:93:74: note: in expansion of macro ‘PX_OFFSET_OF’
   93 | PX_COMPILE_TIME_ASSERT(PX_OFFSET_OF(physx::PxCapsuleGeometry, radius) == PX_OFFSET_OF(physx::PxSphereGeometry, radius));
      |                                                                          ^~~~~~~~~~~~
In file included from /public/home/tangwsh/PhysX/physx/source/physx/src/NpScene.h:63,
                 from /public/home/tangwsh/PhysX/physx/source/physx/src/NpDirectGPUAPI.cpp:32:
/public/home/tangwsh/PhysX/physx/source/simulationcontroller/include/ScScene.h:222:15: warning: ‘physx::Sc::Scene’ has a field ‘physx::Sc::Scene::mOverlapFilterTaskHead’ whose type uses the anonymous namespace [-Wsubobject-linkage]
  222 |         class Scene : public PxUserAllocated
      |               ^~~~~
/public/home/tangwsh/PhysX/physx/source/simulationcontroller/include/ScScene.h:222:15: warning: ‘physx::Sc::Scene’ has a field ‘physx::Sc::Scene::mOverlapCreatedTaskHead’ whose type uses the anonymous namespace [-Wsubobject-linkage]
/public/home/tangwsh/PhysX/physx/source/simulationcontroller/include/ScScene.h:222:15: warning: ‘physx::Sc::Scene’ has a field ‘physx::Sc::Scene::mIslandInsertionTaskHead’ whose type uses the anonymous namespace [-Wsubobject-linkage]
[ 67%] Building CXX object CMakeFiles/PhysXSDK.dir/public/home/tangwsh/PhysX/physx/source/physx/src/NpFactory.cpp.o
In file included from /public/home/tangwsh/PhysX/physx/include/foundation/PxMath.h:33,
                 from /public/home/tangwsh/PhysX/physx/include/foundation/PxVec3.h:33,
                 from /public/home/tangwsh/PhysX/physx/include/foundation/PxQuat.h:33,
                 from /public/home/tangwsh/PhysX/physx/include/foundation/PxTransform.h:32,
                 from /public/home/tangwsh/PhysX/physx/include/geometry/PxGeometryQuery.h:41,
                 from /public/home/tangwsh/PhysX/physx/source/physx/src/NpFactory.cpp:29:
/public/home/tangwsh/PhysX/physx/include/foundation/PxPreprocessor.h:524: warning: "PX_SUPPORT_GPU_PHYSX" redefined
  524 |         #define PX_SUPPORT_GPU_PHYSX ((PX_X64 && (PX_WINDOWS_FAMILY || PX_LINUX)) || (PX_A64 && PX_LINUX))
      | 
<command-line>: note: this is the location of the previous definition
In file included from /public/home/tangwsh/PhysX/physx/include/foundation/PxMath.h:33,
                 from /public/home/tangwsh/PhysX/physx/include/foundation/PxVec3.h:33,
                 from /public/home/tangwsh/PhysX/physx/include/foundation/PxQuat.h:33,
                 from /public/home/tangwsh/PhysX/physx/include/foundation/PxTransform.h:32,
                 from /public/home/tangwsh/PhysX/physx/include/geometry/PxGeometryQuery.h:41,
                 from /public/home/tangwsh/PhysX/physx/source/physx/src/NpFactory.cpp:29:
/public/home/tangwsh/PhysX/physx/source/geomutils/src/GuGeometryChecks.h:93:37: warning: ‘offsetof’ within non-standard-layout type ‘physx::PxCapsuleGeometry’ is conditionally-supported [-Winvalid-offsetof]
   93 | PX_COMPILE_TIME_ASSERT(PX_OFFSET_OF(physx::PxCapsuleGeometry, radius) == PX_OFFSET_OF(physx::PxSphereGeometry, radius));
/public/home/tangwsh/PhysX/physx/include/foundation/PxPreprocessor.h:430:51: note: in definition of macro ‘PX_COMPILE_TIME_ASSERT’
  430 | #define PX_COMPILE_TIME_ASSERT(exp) static_assert(exp, "")
      |                                                   ^~~
/public/home/tangwsh/PhysX/physx/source/geomutils/src/GuGeometryChecks.h:93:24: note: in expansion of macro ‘PX_OFFSET_OF’
   93 | PX_COMPILE_TIME_ASSERT(PX_OFFSET_OF(physx::PxCapsuleGeometry, radius) == PX_OFFSET_OF(physx::PxSphereGeometry, radius));
      |                        ^~~~~~~~~~~~
/public/home/tangwsh/PhysX/physx/source/geomutils/src/GuGeometryChecks.h:93:87: warning: ‘offsetof’ within non-standard-layout type ‘physx::PxSphereGeometry’ is conditionally-supported [-Winvalid-offsetof]
   93 | PX_COMPILE_TIME_ASSERT(PX_OFFSET_OF(physx::PxCapsuleGeometry, radius) == PX_OFFSET_OF(physx::PxSphereGeometry, radius));
/public/home/tangwsh/PhysX/physx/include/foundation/PxPreprocessor.h:430:51: note: in definition of macro ‘PX_COMPILE_TIME_ASSERT’
  430 | #define PX_COMPILE_TIME_ASSERT(exp) static_assert(exp, "")
      |                                                   ^~~
/public/home/tangwsh/PhysX/physx/source/geomutils/src/GuGeometryChecks.h:93:74: note: in expansion of macro ‘PX_OFFSET_OF’
   93 | PX_COMPILE_TIME_ASSERT(PX_OFFSET_OF(physx::PxCapsuleGeometry, radius) == PX_OFFSET_OF(physx::PxSphereGeometry, radius));
      |                                                                          ^~~~~~~~~~~~
In file included from /public/home/tangwsh/PhysX/physx/source/physx/src/NpScene.h:63,
                 from /public/home/tangwsh/PhysX/physx/source/physx/src/NpBase.h:33,
                 from /public/home/tangwsh/PhysX/physx/source/physx/src/NpActor.h:33,
                 from /public/home/tangwsh/PhysX/physx/source/physx/src/NpActorTemplate.h:33,
                 from /public/home/tangwsh/PhysX/physx/source/physx/src/NpDeformableSurface.h:37,
                 from /public/home/tangwsh/PhysX/physx/source/physx/src/NpFactory.h:43,
                 from /public/home/tangwsh/PhysX/physx/source/physx/src/NpFactory.cpp:30:
/public/home/tangwsh/PhysX/physx/source/simulationcontroller/include/ScScene.h:222:15: warning: ‘physx::Sc::Scene’ has a field ‘physx::Sc::Scene::mOverlapFilterTaskHead’ whose type uses the anonymous namespace [-Wsubobject-linkage]
  222 |         class Scene : public PxUserAllocated
      |               ^~~~~
/public/home/tangwsh/PhysX/physx/source/simulationcontroller/include/ScScene.h:222:15: warning: ‘physx::Sc::Scene’ has a field ‘physx::Sc::Scene::mOverlapCreatedTaskHead’ whose type uses the anonymous namespace [-Wsubobject-linkage]
/public/home/tangwsh/PhysX/physx/source/simulationcontroller/include/ScScene.h:222:15: warning: ‘physx::Sc::Scene’ has a field ‘physx::Sc::Scene::mIslandInsertionTaskHead’ whose type uses the anonymous namespace [-Wsubobject-linkage]
[ 67%] Building CXX object CMakeFiles/PhysXSDK.dir/public/home/tangwsh/PhysX/physx/source/physx/src/NpMaterial.cpp.o
In file included from /public/home/tangwsh/PhysX/physx/include/foundation/PxSimpleTypes.h:36,
                 from /public/home/tangwsh/PhysX/physx/include/common/PxPhysXCommonConfig.h:32,
                 from /public/home/tangwsh/PhysX/physx/include/common/PxSerialFramework.h:33,
                 from /public/home/tangwsh/PhysX/physx/source/physx/src/NpMaterial.h:32,
                 from /public/home/tangwsh/PhysX/physx/source/physx/src/NpMaterial.cpp:29:
/public/home/tangwsh/PhysX/physx/include/foundation/PxPreprocessor.h:524: warning: "PX_SUPPORT_GPU_PHYSX" redefined
  524 |         #define PX_SUPPORT_GPU_PHYSX ((PX_X64 && (PX_WINDOWS_FAMILY || PX_LINUX)) || (PX_A64 && PX_LINUX))
      | 
<command-line>: note: this is the location of the previous definition
In file included from /public/home/tangwsh/PhysX/physx/include/foundation/PxSimpleTypes.h:36,
                 from /public/home/tangwsh/PhysX/physx/include/common/PxPhysXCommonConfig.h:32,
                 from /public/home/tangwsh/PhysX/physx/include/common/PxSerialFramework.h:33,
                 from /public/home/tangwsh/PhysX/physx/source/physx/src/NpMaterial.h:32,
                 from /public/home/tangwsh/PhysX/physx/source/physx/src/NpMaterial.cpp:29:
/public/home/tangwsh/PhysX/physx/source/geomutils/src/GuGeometryChecks.h:93:37: warning: ‘offsetof’ within non-standard-layout type ‘physx::PxCapsuleGeometry’ is conditionally-supported [-Winvalid-offsetof]
   93 | PX_COMPILE_TIME_ASSERT(PX_OFFSET_OF(physx::PxCapsuleGeometry, radius) == PX_OFFSET_OF(physx::PxSphereGeometry, radius));
/public/home/tangwsh/PhysX/physx/include/foundation/PxPreprocessor.h:430:51: note: in definition of macro ‘PX_COMPILE_TIME_ASSERT’
  430 | #define PX_COMPILE_TIME_ASSERT(exp) static_assert(exp, "")
      |                                                   ^~~
/public/home/tangwsh/PhysX/physx/source/geomutils/src/GuGeometryChecks.h:93:24: note: in expansion of macro ‘PX_OFFSET_OF’
   93 | PX_COMPILE_TIME_ASSERT(PX_OFFSET_OF(physx::PxCapsuleGeometry, radius) == PX_OFFSET_OF(physx::PxSphereGeometry, radius));
      |                        ^~~~~~~~~~~~
/public/home/tangwsh/PhysX/physx/source/geomutils/src/GuGeometryChecks.h:93:87: warning: ‘offsetof’ within non-standard-layout type ‘physx::PxSphereGeometry’ is conditionally-supported [-Winvalid-offsetof]
   93 | PX_COMPILE_TIME_ASSERT(PX_OFFSET_OF(physx::PxCapsuleGeometry, radius) == PX_OFFSET_OF(physx::PxSphereGeometry, radius));
/public/home/tangwsh/PhysX/physx/include/foundation/PxPreprocessor.h:430:51: note: in definition of macro ‘PX_COMPILE_TIME_ASSERT’
  430 | #define PX_COMPILE_TIME_ASSERT(exp) static_assert(exp, "")
      |                                                   ^~~
/public/home/tangwsh/PhysX/physx/source/geomutils/src/GuGeometryChecks.h:93:74: note: in expansion of macro ‘PX_OFFSET_OF’
   93 | PX_COMPILE_TIME_ASSERT(PX_OFFSET_OF(physx::PxCapsuleGeometry, radius) == PX_OFFSET_OF(physx::PxSphereGeometry, radius));
      |                                                                          ^~~~~~~~~~~~
In file included from /public/home/tangwsh/PhysX/physx/source/physx/src/NpScene.h:63,
                 from /public/home/tangwsh/PhysX/physx/source/physx/src/NpBase.h:33,
                 from /public/home/tangwsh/PhysX/physx/source/physx/src/NpActor.h:33,
                 from /public/home/tangwsh/PhysX/physx/source/physx/src/NpActorTemplate.h:33,
                 from /public/home/tangwsh/PhysX/physx/source/physx/src/NpDeformableSurface.h:37,
                 from /public/home/tangwsh/PhysX/physx/source/physx/src/NpFactory.h:43,
                 from /public/home/tangwsh/PhysX/physx/source/physx/src/NpPhysicsInsertionCallback.h:36,
                 from /public/home/tangwsh/PhysX/physx/source/physx/src/NpPhysics.h:41,
                 from /public/home/tangwsh/PhysX/physx/source/physx/src/NpMaterial.cpp:30:
/public/home/tangwsh/PhysX/physx/source/simulationcontroller/include/ScScene.h:222:15: warning: ‘physx::Sc::Scene’ has a field ‘physx::Sc::Scene::mOverlapFilterTaskHead’ whose type uses the anonymous namespace [-Wsubobject-linkage]
  222 |         class Scene : public PxUserAllocated
      |               ^~~~~
/public/home/tangwsh/PhysX/physx/source/simulationcontroller/include/ScScene.h:222:15: warning: ‘physx::Sc::Scene’ has a field ‘physx::Sc::Scene::mOverlapCreatedTaskHead’ whose type uses the anonymous namespace [-Wsubobject-linkage]
/public/home/tangwsh/PhysX/physx/source/simulationcontroller/include/ScScene.h:222:15: warning: ‘physx::Sc::Scene’ has a field ‘physx::Sc::Scene::mIslandInsertionTaskHead’ whose type uses the anonymous namespace [-Wsubobject-linkage]
[ 67%] Building CXX object CMakeFiles/PhysXSDK.dir/public/home/tangwsh/PhysX/physx/source/physx/src/NpPBDMaterial.cpp.o
In file included from /public/home/tangwsh/PhysX/physx/include/foundation/PxSimpleTypes.h:36,
                 from /public/home/tangwsh/PhysX/physx/include/common/PxPhysXCommonConfig.h:32,
                 from /public/home/tangwsh/PhysX/physx/include/common/PxSerialFramework.h:33,
                 from /public/home/tangwsh/PhysX/physx/source/physx/src/NpPBDMaterial.h:32,
                 from /public/home/tangwsh/PhysX/physx/source/physx/src/NpPBDMaterial.cpp:29:
/public/home/tangwsh/PhysX/physx/include/foundation/PxPreprocessor.h:524: warning: "PX_SUPPORT_GPU_PHYSX" redefined
  524 |         #define PX_SUPPORT_GPU_PHYSX ((PX_X64 && (PX_WINDOWS_FAMILY || PX_LINUX)) || (PX_A64 && PX_LINUX))
      | 
<command-line>: note: this is the location of the previous definition
In file included from /public/home/tangwsh/PhysX/physx/include/foundation/PxSimpleTypes.h:36,
                 from /public/home/tangwsh/PhysX/physx/include/common/PxPhysXCommonConfig.h:32,
                 from /public/home/tangwsh/PhysX/physx/include/common/PxSerialFramework.h:33,
                 from /public/home/tangwsh/PhysX/physx/source/physx/src/NpPBDMaterial.h:32,
                 from /public/home/tangwsh/PhysX/physx/source/physx/src/NpPBDMaterial.cpp:29:
/public/home/tangwsh/PhysX/physx/source/geomutils/src/GuGeometryChecks.h:93:37: warning: ‘offsetof’ within non-standard-layout type ‘physx::PxCapsuleGeometry’ is conditionally-supported [-Winvalid-offsetof]
   93 | PX_COMPILE_TIME_ASSERT(PX_OFFSET_OF(physx::PxCapsuleGeometry, radius) == PX_OFFSET_OF(physx::PxSphereGeometry, radius));
/public/home/tangwsh/PhysX/physx/include/foundation/PxPreprocessor.h:430:51: note: in definition of macro ‘PX_COMPILE_TIME_ASSERT’
  430 | #define PX_COMPILE_TIME_ASSERT(exp) static_assert(exp, "")
      |                                                   ^~~
/public/home/tangwsh/PhysX/physx/source/geomutils/src/GuGeometryChecks.h:93:24: note: in expansion of macro ‘PX_OFFSET_OF’
   93 | PX_COMPILE_TIME_ASSERT(PX_OFFSET_OF(physx::PxCapsuleGeometry, radius) == PX_OFFSET_OF(physx::PxSphereGeometry, radius));
      |                        ^~~~~~~~~~~~
/public/home/tangwsh/PhysX/physx/source/geomutils/src/GuGeometryChecks.h:93:87: warning: ‘offsetof’ within non-standard-layout type ‘physx::PxSphereGeometry’ is conditionally-supported [-Winvalid-offsetof]
   93 | PX_COMPILE_TIME_ASSERT(PX_OFFSET_OF(physx::PxCapsuleGeometry, radius) == PX_OFFSET_OF(physx::PxSphereGeometry, radius));
/public/home/tangwsh/PhysX/physx/include/foundation/PxPreprocessor.h:430:51: note: in definition of macro ‘PX_COMPILE_TIME_ASSERT’
  430 | #define PX_COMPILE_TIME_ASSERT(exp) static_assert(exp, "")
      |                                                   ^~~
/public/home/tangwsh/PhysX/physx/source/geomutils/src/GuGeometryChecks.h:93:74: note: in expansion of macro ‘PX_OFFSET_OF’
   93 | PX_COMPILE_TIME_ASSERT(PX_OFFSET_OF(physx::PxCapsuleGeometry, radius) == PX_OFFSET_OF(physx::PxSphereGeometry, radius));
      |                                                                          ^~~~~~~~~~~~
In file included from /public/home/tangwsh/PhysX/physx/source/physx/src/NpScene.h:63,
                 from /public/home/tangwsh/PhysX/physx/source/physx/src/NpBase.h:33,
                 from /public/home/tangwsh/PhysX/physx/source/physx/src/NpActor.h:33,
                 from /public/home/tangwsh/PhysX/physx/source/physx/src/NpActorTemplate.h:33,
                 from /public/home/tangwsh/PhysX/physx/source/physx/src/NpDeformableSurface.h:37,
                 from /public/home/tangwsh/PhysX/physx/source/physx/src/NpFactory.h:43,
                 from /public/home/tangwsh/PhysX/physx/source/physx/src/NpPhysicsInsertionCallback.h:36,
                 from /public/home/tangwsh/PhysX/physx/source/physx/src/NpPhysics.h:41,
                 from /public/home/tangwsh/PhysX/physx/source/physx/src/NpPBDMaterial.cpp:30:
/public/home/tangwsh/PhysX/physx/source/simulationcontroller/include/ScScene.h:222:15: warning: ‘physx::Sc::Scene’ has a field ‘physx::Sc::Scene::mOverlapFilterTaskHead’ whose type uses the anonymous namespace [-Wsubobject-linkage]
  222 |         class Scene : public PxUserAllocated
      |               ^~~~~
/public/home/tangwsh/PhysX/physx/source/simulationcontroller/include/ScScene.h:222:15: warning: ‘physx::Sc::Scene’ has a field ‘physx::Sc::Scene::mOverlapCreatedTaskHead’ whose type uses the anonymous namespace [-Wsubobject-linkage]
/public/home/tangwsh/PhysX/physx/source/simulationcontroller/include/ScScene.h:222:15: warning: ‘physx::Sc::Scene’ has a field ‘physx::Sc::Scene::mIslandInsertionTaskHead’ whose type uses the anonymous namespace [-Wsubobject-linkage]
[ 67%] Building CXX object CMakeFiles/PhysXSDK.dir/public/home/tangwsh/PhysX/physx/source/physx/src/NpPBDParticleSystem.cpp.o
In file included from /public/home/tangwsh/PhysX/physx/source/physx/src/NpPBDParticleSystem.cpp:29:
/public/home/tangwsh/PhysX/physx/include/foundation/PxPreprocessor.h:524: warning: "PX_SUPPORT_GPU_PHYSX" redefined
  524 |         #define PX_SUPPORT_GPU_PHYSX ((PX_X64 && (PX_WINDOWS_FAMILY || PX_LINUX)) || (PX_A64 && PX_LINUX))
      | 
<command-line>: note: this is the location of the previous definition
In file included from /public/home/tangwsh/PhysX/physx/source/physx/src/NpPBDParticleSystem.cpp:29:
/public/home/tangwsh/PhysX/physx/source/geomutils/src/GuGeometryChecks.h:93:37: warning: ‘offsetof’ within non-standard-layout type ‘physx::PxCapsuleGeometry’ is conditionally-supported [-Winvalid-offsetof]
   93 | PX_COMPILE_TIME_ASSERT(PX_OFFSET_OF(physx::PxCapsuleGeometry, radius) == PX_OFFSET_OF(physx::PxSphereGeometry, radius));
/public/home/tangwsh/PhysX/physx/include/foundation/PxPreprocessor.h:430:51: note: in definition of macro ‘PX_COMPILE_TIME_ASSERT’
  430 | #define PX_COMPILE_TIME_ASSERT(exp) static_assert(exp, "")
      |                                                   ^~~
/public/home/tangwsh/PhysX/physx/source/geomutils/src/GuGeometryChecks.h:93:24: note: in expansion of macro ‘PX_OFFSET_OF’
   93 | PX_COMPILE_TIME_ASSERT(PX_OFFSET_OF(physx::PxCapsuleGeometry, radius) == PX_OFFSET_OF(physx::PxSphereGeometry, radius));
      |                        ^~~~~~~~~~~~
/public/home/tangwsh/PhysX/physx/source/geomutils/src/GuGeometryChecks.h:93:87: warning: ‘offsetof’ within non-standard-layout type ‘physx::PxSphereGeometry’ is conditionally-supported [-Winvalid-offsetof]
   93 | PX_COMPILE_TIME_ASSERT(PX_OFFSET_OF(physx::PxCapsuleGeometry, radius) == PX_OFFSET_OF(physx::PxSphereGeometry, radius));
/public/home/tangwsh/PhysX/physx/include/foundation/PxPreprocessor.h:430:51: note: in definition of macro ‘PX_COMPILE_TIME_ASSERT’
  430 | #define PX_COMPILE_TIME_ASSERT(exp) static_assert(exp, "")
      |                                                   ^~~
/public/home/tangwsh/PhysX/physx/source/geomutils/src/GuGeometryChecks.h:93:74: note: in expansion of macro ‘PX_OFFSET_OF’
   93 | PX_COMPILE_TIME_ASSERT(PX_OFFSET_OF(physx::PxCapsuleGeometry, radius) == PX_OFFSET_OF(physx::PxSphereGeometry, radius));
      |                                                                          ^~~~~~~~~~~~
In file included from /public/home/tangwsh/PhysX/physx/source/physx/src/NpScene.h:63,
                 from /public/home/tangwsh/PhysX/physx/source/physx/src/NpBase.h:33,
                 from /public/home/tangwsh/PhysX/physx/source/physx/src/NpActor.h:33,
                 from /public/home/tangwsh/PhysX/physx/source/physx/src/NpActorTemplate.h:33,
                 from /public/home/tangwsh/PhysX/physx/source/physx/src/NpPBDParticleSystem.h:37,
                 from /public/home/tangwsh/PhysX/physx/source/physx/src/NpPBDParticleSystem.cpp:33:
/public/home/tangwsh/PhysX/physx/source/simulationcontroller/include/ScScene.h:222:15: warning: ‘physx::Sc::Scene’ has a field ‘physx::Sc::Scene::mOverlapFilterTaskHead’ whose type uses the anonymous namespace [-Wsubobject-linkage]
  222 |         class Scene : public PxUserAllocated
      |               ^~~~~
/public/home/tangwsh/PhysX/physx/source/simulationcontroller/include/ScScene.h:222:15: warning: ‘physx::Sc::Scene’ has a field ‘physx::Sc::Scene::mOverlapCreatedTaskHead’ whose type uses the anonymous namespace [-Wsubobject-linkage]
/public/home/tangwsh/PhysX/physx/source/simulationcontroller/include/ScScene.h:222:15: warning: ‘physx::Sc::Scene’ has a field ‘physx::Sc::Scene::mIslandInsertionTaskHead’ whose type uses the anonymous namespace [-Wsubobject-linkage]
[ 67%] Building CXX object CMakeFiles/PhysXSDK.dir/public/home/tangwsh/PhysX/physx/source/physx/src/NpParticleBuffer.cpp.o
In file included from /public/home/tangwsh/PhysX/physx/source/physx/src/NpParticleBuffer.cpp:29:
/public/home/tangwsh/PhysX/physx/include/foundation/PxPreprocessor.h:524: warning: "PX_SUPPORT_GPU_PHYSX" redefined
  524 |         #define PX_SUPPORT_GPU_PHYSX ((PX_X64 && (PX_WINDOWS_FAMILY || PX_LINUX)) || (PX_A64 && PX_LINUX))
      | 
<command-line>: note: this is the location of the previous definition
In file included from /public/home/tangwsh/PhysX/physx/source/physx/src/NpParticleBuffer.cpp:29:
/public/home/tangwsh/PhysX/physx/source/geomutils/src/GuGeometryChecks.h:93:37: warning: ‘offsetof’ within non-standard-layout type ‘physx::PxCapsuleGeometry’ is conditionally-supported [-Winvalid-offsetof]
   93 | PX_COMPILE_TIME_ASSERT(PX_OFFSET_OF(physx::PxCapsuleGeometry, radius) == PX_OFFSET_OF(physx::PxSphereGeometry, radius));
/public/home/tangwsh/PhysX/physx/include/foundation/PxPreprocessor.h:430:51: note: in definition of macro ‘PX_COMPILE_TIME_ASSERT’
  430 | #define PX_COMPILE_TIME_ASSERT(exp) static_assert(exp, "")
      |                                                   ^~~
/public/home/tangwsh/PhysX/physx/source/geomutils/src/GuGeometryChecks.h:93:24: note: in expansion of macro ‘PX_OFFSET_OF’
   93 | PX_COMPILE_TIME_ASSERT(PX_OFFSET_OF(physx::PxCapsuleGeometry, radius) == PX_OFFSET_OF(physx::PxSphereGeometry, radius));
      |                        ^~~~~~~~~~~~
/public/home/tangwsh/PhysX/physx/source/geomutils/src/GuGeometryChecks.h:93:87: warning: ‘offsetof’ within non-standard-layout type ‘physx::PxSphereGeometry’ is conditionally-supported [-Winvalid-offsetof]
   93 | PX_COMPILE_TIME_ASSERT(PX_OFFSET_OF(physx::PxCapsuleGeometry, radius) == PX_OFFSET_OF(physx::PxSphereGeometry, radius));
/public/home/tangwsh/PhysX/physx/include/foundation/PxPreprocessor.h:430:51: note: in definition of macro ‘PX_COMPILE_TIME_ASSERT’
  430 | #define PX_COMPILE_TIME_ASSERT(exp) static_assert(exp, "")
      |                                                   ^~~
/public/home/tangwsh/PhysX/physx/source/geomutils/src/GuGeometryChecks.h:93:74: note: in expansion of macro ‘PX_OFFSET_OF’
   93 | PX_COMPILE_TIME_ASSERT(PX_OFFSET_OF(physx::PxCapsuleGeometry, radius) == PX_OFFSET_OF(physx::PxSphereGeometry, radius));
      |                                                                          ^~~~~~~~~~~~
In file included from /public/home/tangwsh/PhysX/physx/source/physx/src/NpScene.h:63,
                 from /public/home/tangwsh/PhysX/physx/source/physx/src/NpBase.h:33,
                 from /public/home/tangwsh/PhysX/physx/source/physx/src/NpParticleBuffer.h:37,
                 from /public/home/tangwsh/PhysX/physx/source/physx/src/NpParticleBuffer.cpp:33:
/public/home/tangwsh/PhysX/physx/source/simulationcontroller/include/ScScene.h:222:15: warning: ‘physx::Sc::Scene’ has a field ‘physx::Sc::Scene::mOverlapFilterTaskHead’ whose type uses the anonymous namespace [-Wsubobject-linkage]
  222 |         class Scene : public PxUserAllocated
      |               ^~~~~
/public/home/tangwsh/PhysX/physx/source/simulationcontroller/include/ScScene.h:222:15: warning: ‘physx::Sc::Scene’ has a field ‘physx::Sc::Scene::mOverlapCreatedTaskHead’ whose type uses the anonymous namespace [-Wsubobject-linkage]
/public/home/tangwsh/PhysX/physx/source/simulationcontroller/include/ScScene.h:222:15: warning: ‘physx::Sc::Scene’ has a field ‘physx::Sc::Scene::mIslandInsertionTaskHead’ whose type uses the anonymous namespace [-Wsubobject-linkage]
[ 68%] Building CXX object CMakeFiles/PhysXSDK.dir/public/home/tangwsh/PhysX/physx/source/physx/src/NpPhysics.cpp.o
In file included from /public/home/tangwsh/PhysX/physx/include/foundation/PxSimpleTypes.h:36,
                 from /public/home/tangwsh/PhysX/physx/include/common/PxPhysXCommonConfig.h:32,
                 from /public/home/tangwsh/PhysX/physx/include/PxPhysXConfig.h:35,
                 from /public/home/tangwsh/PhysX/physx/include/PxPhysics.h:32,
                 from /public/home/tangwsh/PhysX/physx/source/physx/src/NpPhysics.h:32,
                 from /public/home/tangwsh/PhysX/physx/source/physx/src/NpPhysics.cpp:29:
/public/home/tangwsh/PhysX/physx/include/foundation/PxPreprocessor.h:524: warning: "PX_SUPPORT_GPU_PHYSX" redefined
  524 |         #define PX_SUPPORT_GPU_PHYSX ((PX_X64 && (PX_WINDOWS_FAMILY || PX_LINUX)) || (PX_A64 && PX_LINUX))
      | 
<command-line>: note: this is the location of the previous definition
In file included from /public/home/tangwsh/PhysX/physx/include/foundation/PxSimpleTypes.h:36,
                 from /public/home/tangwsh/PhysX/physx/include/common/PxPhysXCommonConfig.h:32,
                 from /public/home/tangwsh/PhysX/physx/include/PxPhysXConfig.h:35,
                 from /public/home/tangwsh/PhysX/physx/include/PxPhysics.h:32,
                 from /public/home/tangwsh/PhysX/physx/source/physx/src/NpPhysics.h:32,
                 from /public/home/tangwsh/PhysX/physx/source/physx/src/NpPhysics.cpp:29:
/public/home/tangwsh/PhysX/physx/source/geomutils/src/GuGeometryChecks.h:93:37: warning: ‘offsetof’ within non-standard-layout type ‘physx::PxCapsuleGeometry’ is conditionally-supported [-Winvalid-offsetof]
   93 | PX_COMPILE_TIME_ASSERT(PX_OFFSET_OF(physx::PxCapsuleGeometry, radius) == PX_OFFSET_OF(physx::PxSphereGeometry, radius));
/public/home/tangwsh/PhysX/physx/include/foundation/PxPreprocessor.h:430:51: note: in definition of macro ‘PX_COMPILE_TIME_ASSERT’
  430 | #define PX_COMPILE_TIME_ASSERT(exp) static_assert(exp, "")
      |                                                   ^~~
/public/home/tangwsh/PhysX/physx/source/geomutils/src/GuGeometryChecks.h:93:24: note: in expansion of macro ‘PX_OFFSET_OF’
   93 | PX_COMPILE_TIME_ASSERT(PX_OFFSET_OF(physx::PxCapsuleGeometry, radius) == PX_OFFSET_OF(physx::PxSphereGeometry, radius));
      |                        ^~~~~~~~~~~~
/public/home/tangwsh/PhysX/physx/source/geomutils/src/GuGeometryChecks.h:93:87: warning: ‘offsetof’ within non-standard-layout type ‘physx::PxSphereGeometry’ is conditionally-supported [-Winvalid-offsetof]
   93 | PX_COMPILE_TIME_ASSERT(PX_OFFSET_OF(physx::PxCapsuleGeometry, radius) == PX_OFFSET_OF(physx::PxSphereGeometry, radius));
/public/home/tangwsh/PhysX/physx/include/foundation/PxPreprocessor.h:430:51: note: in definition of macro ‘PX_COMPILE_TIME_ASSERT’
  430 | #define PX_COMPILE_TIME_ASSERT(exp) static_assert(exp, "")
      |                                                   ^~~
/public/home/tangwsh/PhysX/physx/source/geomutils/src/GuGeometryChecks.h:93:74: note: in expansion of macro ‘PX_OFFSET_OF’
   93 | PX_COMPILE_TIME_ASSERT(PX_OFFSET_OF(physx::PxCapsuleGeometry, radius) == PX_OFFSET_OF(physx::PxSphereGeometry, radius));
      |                                                                          ^~~~~~~~~~~~
In file included from /public/home/tangwsh/PhysX/physx/source/physx/src/NpScene.h:63,
                 from /public/home/tangwsh/PhysX/physx/source/physx/src/NpBase.h:33,
                 from /public/home/tangwsh/PhysX/physx/source/physx/src/NpActor.h:33,
                 from /public/home/tangwsh/PhysX/physx/source/physx/src/NpActorTemplate.h:33,
                 from /public/home/tangwsh/PhysX/physx/source/physx/src/NpDeformableSurface.h:37,
                 from /public/home/tangwsh/PhysX/physx/source/physx/src/NpFactory.h:43,
                 from /public/home/tangwsh/PhysX/physx/source/physx/src/NpPhysicsInsertionCallback.h:36,
                 from /public/home/tangwsh/PhysX/physx/source/physx/src/NpPhysics.h:41,
                 from /public/home/tangwsh/PhysX/physx/source/physx/src/NpPhysics.cpp:29:
/public/home/tangwsh/PhysX/physx/source/simulationcontroller/include/ScScene.h:222:15: warning: ‘physx::Sc::Scene’ has a field ‘physx::Sc::Scene::mOverlapFilterTaskHead’ whose type uses the anonymous namespace [-Wsubobject-linkage]
  222 |         class Scene : public PxUserAllocated
      |               ^~~~~
/public/home/tangwsh/PhysX/physx/source/simulationcontroller/include/ScScene.h:222:15: warning: ‘physx::Sc::Scene’ has a field ‘physx::Sc::Scene::mOverlapCreatedTaskHead’ whose type uses the anonymous namespace [-Wsubobject-linkage]
/public/home/tangwsh/PhysX/physx/source/simulationcontroller/include/ScScene.h:222:15: warning: ‘physx::Sc::Scene’ has a field ‘physx::Sc::Scene::mIslandInsertionTaskHead’ whose type uses the anonymous namespace [-Wsubobject-linkage]
[ 68%] Building CXX object CMakeFiles/PhysXSDK.dir/public/home/tangwsh/PhysX/physx/source/physx/src/NpPruningStructure.cpp.o
In file included from /public/home/tangwsh/PhysX/physx/include/foundation/PxSimpleTypes.h:36,
                 from /public/home/tangwsh/PhysX/physx/include/common/PxPhysXCommonConfig.h:32,
                 from /public/home/tangwsh/PhysX/physx/include/PxPhysXConfig.h:35,
                 from /public/home/tangwsh/PhysX/physx/include/PxPruningStructure.h:32,
                 from /public/home/tangwsh/PhysX/physx/source/physx/src/NpPruningStructure.h:32,
                 from /public/home/tangwsh/PhysX/physx/source/physx/src/NpPruningStructure.cpp:29:
/public/home/tangwsh/PhysX/physx/include/foundation/PxPreprocessor.h:524: warning: "PX_SUPPORT_GPU_PHYSX" redefined
  524 |         #define PX_SUPPORT_GPU_PHYSX ((PX_X64 && (PX_WINDOWS_FAMILY || PX_LINUX)) || (PX_A64 && PX_LINUX))
      | 
<command-line>: note: this is the location of the previous definition
In file included from /public/home/tangwsh/PhysX/physx/include/foundation/PxSimpleTypes.h:36,
                 from /public/home/tangwsh/PhysX/physx/include/common/PxPhysXCommonConfig.h:32,
                 from /public/home/tangwsh/PhysX/physx/include/PxPhysXConfig.h:35,
                 from /public/home/tangwsh/PhysX/physx/include/PxPruningStructure.h:32,
                 from /public/home/tangwsh/PhysX/physx/source/physx/src/NpPruningStructure.h:32,
                 from /public/home/tangwsh/PhysX/physx/source/physx/src/NpPruningStructure.cpp:29:
/public/home/tangwsh/PhysX/physx/source/geomutils/src/GuGeometryChecks.h:93:37: warning: ‘offsetof’ within non-standard-layout type ‘physx::PxCapsuleGeometry’ is conditionally-supported [-Winvalid-offsetof]
   93 | PX_COMPILE_TIME_ASSERT(PX_OFFSET_OF(physx::PxCapsuleGeometry, radius) == PX_OFFSET_OF(physx::PxSphereGeometry, radius));
/public/home/tangwsh/PhysX/physx/include/foundation/PxPreprocessor.h:430:51: note: in definition of macro ‘PX_COMPILE_TIME_ASSERT’
  430 | #define PX_COMPILE_TIME_ASSERT(exp) static_assert(exp, "")
      |                                                   ^~~
/public/home/tangwsh/PhysX/physx/source/geomutils/src/GuGeometryChecks.h:93:24: note: in expansion of macro ‘PX_OFFSET_OF’
   93 | PX_COMPILE_TIME_ASSERT(PX_OFFSET_OF(physx::PxCapsuleGeometry, radius) == PX_OFFSET_OF(physx::PxSphereGeometry, radius));
      |                        ^~~~~~~~~~~~
/public/home/tangwsh/PhysX/physx/source/geomutils/src/GuGeometryChecks.h:93:87: warning: ‘offsetof’ within non-standard-layout type ‘physx::PxSphereGeometry’ is conditionally-supported [-Winvalid-offsetof]
   93 | PX_COMPILE_TIME_ASSERT(PX_OFFSET_OF(physx::PxCapsuleGeometry, radius) == PX_OFFSET_OF(physx::PxSphereGeometry, radius));
/public/home/tangwsh/PhysX/physx/include/foundation/PxPreprocessor.h:430:51: note: in definition of macro ‘PX_COMPILE_TIME_ASSERT’
  430 | #define PX_COMPILE_TIME_ASSERT(exp) static_assert(exp, "")
      |                                                   ^~~
/public/home/tangwsh/PhysX/physx/source/geomutils/src/GuGeometryChecks.h:93:74: note: in expansion of macro ‘PX_OFFSET_OF’
   93 | PX_COMPILE_TIME_ASSERT(PX_OFFSET_OF(physx::PxCapsuleGeometry, radius) == PX_OFFSET_OF(physx::PxSphereGeometry, radius));
      |                                                                          ^~~~~~~~~~~~
In file included from /public/home/tangwsh/PhysX/physx/source/physx/src/NpScene.h:63,
                 from /public/home/tangwsh/PhysX/physx/source/physx/src/NpBase.h:33,
                 from /public/home/tangwsh/PhysX/physx/source/physx/src/NpActor.h:33,
                 from /public/home/tangwsh/PhysX/physx/source/physx/src/NpActorTemplate.h:33,
                 from /public/home/tangwsh/PhysX/physx/source/physx/src/NpRigidActorTemplate.h:32,
                 from /public/home/tangwsh/PhysX/physx/source/physx/src/NpRigidBodyTemplate.h:32,
                 from /public/home/tangwsh/PhysX/physx/source/physx/src/NpRigidDynamic.h:33,
                 from /public/home/tangwsh/PhysX/physx/source/physx/src/NpPruningStructure.cpp:34:
/public/home/tangwsh/PhysX/physx/source/simulationcontroller/include/ScScene.h:222:15: warning: ‘physx::Sc::Scene’ has a field ‘physx::Sc::Scene::mOverlapFilterTaskHead’ whose type uses the anonymous namespace [-Wsubobject-linkage]
  222 |         class Scene : public PxUserAllocated
      |               ^~~~~
/public/home/tangwsh/PhysX/physx/source/simulationcontroller/include/ScScene.h:222:15: warning: ‘physx::Sc::Scene’ has a field ‘physx::Sc::Scene::mOverlapCreatedTaskHead’ whose type uses the anonymous namespace [-Wsubobject-linkage]
/public/home/tangwsh/PhysX/physx/source/simulationcontroller/include/ScScene.h:222:15: warning: ‘physx::Sc::Scene’ has a field ‘physx::Sc::Scene::mIslandInsertionTaskHead’ whose type uses the anonymous namespace [-Wsubobject-linkage]
[ 68%] Building CXX object CMakeFiles/PhysXSDK.dir/public/home/tangwsh/PhysX/physx/source/physx/src/NpPvdSceneClient.cpp.o
In file included from /public/home/tangwsh/PhysX/physx/source/physx/src/NpPvdSceneClient.cpp:29:
/public/home/tangwsh/PhysX/physx/include/foundation/PxPreprocessor.h:524: warning: "PX_SUPPORT_GPU_PHYSX" redefined
  524 |         #define PX_SUPPORT_GPU_PHYSX ((PX_X64 && (PX_WINDOWS_FAMILY || PX_LINUX)) || (PX_A64 && PX_LINUX))
      | 
<command-line>: note: this is the location of the previous definition
[ 68%] Building CXX object CMakeFiles/PhysXSDK.dir/public/home/tangwsh/PhysX/physx/source/physx/src/NpPvdSceneQueryCollector.cpp.o
In file included from /public/home/tangwsh/PhysX/physx/include/foundation/PxMath.h:33,
                 from /public/home/tangwsh/PhysX/physx/include/foundation/PxVec3.h:33,
                 from /public/home/tangwsh/PhysX/physx/include/foundation/PxQuat.h:33,
                 from /public/home/tangwsh/PhysX/physx/include/foundation/PxTransform.h:32,
                 from /public/home/tangwsh/PhysX/physx/include/foundation/PxPlane.h:33,
                 from /public/home/tangwsh/PhysX/physx/include/geometry/PxGeometryHelpers.h:32,
                 from /public/home/tangwsh/PhysX/physx/source/physx/src/NpPvdSceneQueryCollector.h:32,
                 from /public/home/tangwsh/PhysX/physx/source/physx/src/NpPvdSceneQueryCollector.cpp:29:
/public/home/tangwsh/PhysX/physx/include/foundation/PxPreprocessor.h:524: warning: "PX_SUPPORT_GPU_PHYSX" redefined
  524 |         #define PX_SUPPORT_GPU_PHYSX ((PX_X64 && (PX_WINDOWS_FAMILY || PX_LINUX)) || (PX_A64 && PX_LINUX))
      | 
<command-line>: note: this is the location of the previous definition
[ 68%] Building CXX object CMakeFiles/PhysXSDK.dir/public/home/tangwsh/PhysX/physx/source/physx/src/NpRigidDynamic.cpp.o
In file included from /public/home/tangwsh/PhysX/physx/include/foundation/PxSimpleTypes.h:36,
                 from /public/home/tangwsh/PhysX/physx/include/common/PxPhysXCommonConfig.h:32,
                 from /public/home/tangwsh/PhysX/physx/include/PxPhysXConfig.h:35,
                 from /public/home/tangwsh/PhysX/physx/include/PxActor.h:32,
                 from /public/home/tangwsh/PhysX/physx/include/PxRigidActor.h:32,
                 from /public/home/tangwsh/PhysX/physx/include/PxRigidBody.h:32,
                 from /public/home/tangwsh/PhysX/physx/include/PxRigidDynamic.h:32,
                 from /public/home/tangwsh/PhysX/physx/source/physx/src/NpRigidDynamic.h:32,
                 from /public/home/tangwsh/PhysX/physx/source/physx/src/NpRigidDynamic.cpp:29:
/public/home/tangwsh/PhysX/physx/include/foundation/PxPreprocessor.h:524: warning: "PX_SUPPORT_GPU_PHYSX" redefined
  524 |         #define PX_SUPPORT_GPU_PHYSX ((PX_X64 && (PX_WINDOWS_FAMILY || PX_LINUX)) || (PX_A64 && PX_LINUX))
      | 
<command-line>: note: this is the location of the previous definition
In file included from /public/home/tangwsh/PhysX/physx/include/foundation/PxSimpleTypes.h:36,
                 from /public/home/tangwsh/PhysX/physx/include/common/PxPhysXCommonConfig.h:32,
                 from /public/home/tangwsh/PhysX/physx/include/PxPhysXConfig.h:35,
                 from /public/home/tangwsh/PhysX/physx/include/PxActor.h:32,
                 from /public/home/tangwsh/PhysX/physx/include/PxRigidActor.h:32,
                 from /public/home/tangwsh/PhysX/physx/include/PxRigidBody.h:32,
                 from /public/home/tangwsh/PhysX/physx/include/PxRigidDynamic.h:32,
                 from /public/home/tangwsh/PhysX/physx/source/physx/src/NpRigidDynamic.h:32,
                 from /public/home/tangwsh/PhysX/physx/source/physx/src/NpRigidDynamic.cpp:29:
/public/home/tangwsh/PhysX/physx/source/geomutils/src/GuGeometryChecks.h:93:37: warning: ‘offsetof’ within non-standard-layout type ‘physx::PxCapsuleGeometry’ is conditionally-supported [-Winvalid-offsetof]
   93 | PX_COMPILE_TIME_ASSERT(PX_OFFSET_OF(physx::PxCapsuleGeometry, radius) == PX_OFFSET_OF(physx::PxSphereGeometry, radius));
/public/home/tangwsh/PhysX/physx/include/foundation/PxPreprocessor.h:430:51: note: in definition of macro ‘PX_COMPILE_TIME_ASSERT’
  430 | #define PX_COMPILE_TIME_ASSERT(exp) static_assert(exp, "")
      |                                                   ^~~
/public/home/tangwsh/PhysX/physx/source/geomutils/src/GuGeometryChecks.h:93:24: note: in expansion of macro ‘PX_OFFSET_OF’
   93 | PX_COMPILE_TIME_ASSERT(PX_OFFSET_OF(physx::PxCapsuleGeometry, radius) == PX_OFFSET_OF(physx::PxSphereGeometry, radius));
      |                        ^~~~~~~~~~~~
/public/home/tangwsh/PhysX/physx/source/geomutils/src/GuGeometryChecks.h:93:87: warning: ‘offsetof’ within non-standard-layout type ‘physx::PxSphereGeometry’ is conditionally-supported [-Winvalid-offsetof]
   93 | PX_COMPILE_TIME_ASSERT(PX_OFFSET_OF(physx::PxCapsuleGeometry, radius) == PX_OFFSET_OF(physx::PxSphereGeometry, radius));
/public/home/tangwsh/PhysX/physx/include/foundation/PxPreprocessor.h:430:51: note: in definition of macro ‘PX_COMPILE_TIME_ASSERT’
  430 | #define PX_COMPILE_TIME_ASSERT(exp) static_assert(exp, "")
      |                                                   ^~~
/public/home/tangwsh/PhysX/physx/source/geomutils/src/GuGeometryChecks.h:93:74: note: in expansion of macro ‘PX_OFFSET_OF’
   93 | PX_COMPILE_TIME_ASSERT(PX_OFFSET_OF(physx::PxCapsuleGeometry, radius) == PX_OFFSET_OF(physx::PxSphereGeometry, radius));
      |                                                                          ^~~~~~~~~~~~
In file included from /public/home/tangwsh/PhysX/physx/source/physx/src/NpScene.h:63,
                 from /public/home/tangwsh/PhysX/physx/source/physx/src/NpBase.h:33,
                 from /public/home/tangwsh/PhysX/physx/source/physx/src/NpActor.h:33,
                 from /public/home/tangwsh/PhysX/physx/source/physx/src/NpActorTemplate.h:33,
                 from /public/home/tangwsh/PhysX/physx/source/physx/src/NpRigidActorTemplate.h:32,
                 from /public/home/tangwsh/PhysX/physx/source/physx/src/NpRigidBodyTemplate.h:32,
                 from /public/home/tangwsh/PhysX/physx/source/physx/src/NpRigidDynamic.h:33,
                 from /public/home/tangwsh/PhysX/physx/source/physx/src/NpRigidDynamic.cpp:29:
/public/home/tangwsh/PhysX/physx/source/simulationcontroller/include/ScScene.h:222:15: warning: ‘physx::Sc::Scene’ has a field ‘physx::Sc::Scene::mOverlapFilterTaskHead’ whose type uses the anonymous namespace [-Wsubobject-linkage]
  222 |         class Scene : public PxUserAllocated
      |               ^~~~~
/public/home/tangwsh/PhysX/physx/source/simulationcontroller/include/ScScene.h:222:15: warning: ‘physx::Sc::Scene’ has a field ‘physx::Sc::Scene::mOverlapCreatedTaskHead’ whose type uses the anonymous namespace [-Wsubobject-linkage]
/public/home/tangwsh/PhysX/physx/source/simulationcontroller/include/ScScene.h:222:15: warning: ‘physx::Sc::Scene’ has a field ‘physx::Sc::Scene::mIslandInsertionTaskHead’ whose type uses the anonymous namespace [-Wsubobject-linkage]
[ 69%] Building CXX object CMakeFiles/PhysXSDK.dir/public/home/tangwsh/PhysX/physx/source/physx/src/NpRigidStatic.cpp.o
In file included from /public/home/tangwsh/PhysX/physx/include/foundation/PxSimpleTypes.h:36,
                 from /public/home/tangwsh/PhysX/physx/include/common/PxPhysXCommonConfig.h:32,
                 from /public/home/tangwsh/PhysX/physx/include/PxPhysXConfig.h:35,
                 from /public/home/tangwsh/PhysX/physx/include/PxRigidStatic.h:32,
                 from /public/home/tangwsh/PhysX/physx/source/physx/src/NpRigidStatic.h:32,
                 from /public/home/tangwsh/PhysX/physx/source/physx/src/NpRigidStatic.cpp:29:
/public/home/tangwsh/PhysX/physx/include/foundation/PxPreprocessor.h:524: warning: "PX_SUPPORT_GPU_PHYSX" redefined
  524 |         #define PX_SUPPORT_GPU_PHYSX ((PX_X64 && (PX_WINDOWS_FAMILY || PX_LINUX)) || (PX_A64 && PX_LINUX))
      | 
<command-line>: note: this is the location of the previous definition
In file included from /public/home/tangwsh/PhysX/physx/include/foundation/PxSimpleTypes.h:36,
                 from /public/home/tangwsh/PhysX/physx/include/common/PxPhysXCommonConfig.h:32,
                 from /public/home/tangwsh/PhysX/physx/include/PxPhysXConfig.h:35,
                 from /public/home/tangwsh/PhysX/physx/include/PxRigidStatic.h:32,
                 from /public/home/tangwsh/PhysX/physx/source/physx/src/NpRigidStatic.h:32,
                 from /public/home/tangwsh/PhysX/physx/source/physx/src/NpRigidStatic.cpp:29:
/public/home/tangwsh/PhysX/physx/source/geomutils/src/GuGeometryChecks.h:93:37: warning: ‘offsetof’ within non-standard-layout type ‘physx::PxCapsuleGeometry’ is conditionally-supported [-Winvalid-offsetof]
   93 | PX_COMPILE_TIME_ASSERT(PX_OFFSET_OF(physx::PxCapsuleGeometry, radius) == PX_OFFSET_OF(physx::PxSphereGeometry, radius));
/public/home/tangwsh/PhysX/physx/include/foundation/PxPreprocessor.h:430:51: note: in definition of macro ‘PX_COMPILE_TIME_ASSERT’
  430 | #define PX_COMPILE_TIME_ASSERT(exp) static_assert(exp, "")
      |                                                   ^~~
/public/home/tangwsh/PhysX/physx/source/geomutils/src/GuGeometryChecks.h:93:24: note: in expansion of macro ‘PX_OFFSET_OF’
   93 | PX_COMPILE_TIME_ASSERT(PX_OFFSET_OF(physx::PxCapsuleGeometry, radius) == PX_OFFSET_OF(physx::PxSphereGeometry, radius));
      |                        ^~~~~~~~~~~~
/public/home/tangwsh/PhysX/physx/source/geomutils/src/GuGeometryChecks.h:93:87: warning: ‘offsetof’ within non-standard-layout type ‘physx::PxSphereGeometry’ is conditionally-supported [-Winvalid-offsetof]
   93 | PX_COMPILE_TIME_ASSERT(PX_OFFSET_OF(physx::PxCapsuleGeometry, radius) == PX_OFFSET_OF(physx::PxSphereGeometry, radius));
/public/home/tangwsh/PhysX/physx/include/foundation/PxPreprocessor.h:430:51: note: in definition of macro ‘PX_COMPILE_TIME_ASSERT’
  430 | #define PX_COMPILE_TIME_ASSERT(exp) static_assert(exp, "")
      |                                                   ^~~
/public/home/tangwsh/PhysX/physx/source/geomutils/src/GuGeometryChecks.h:93:74: note: in expansion of macro ‘PX_OFFSET_OF’
   93 | PX_COMPILE_TIME_ASSERT(PX_OFFSET_OF(physx::PxCapsuleGeometry, radius) == PX_OFFSET_OF(physx::PxSphereGeometry, radius));
      |                                                                          ^~~~~~~~~~~~
In file included from /public/home/tangwsh/PhysX/physx/source/physx/src/NpScene.h:63,
                 from /public/home/tangwsh/PhysX/physx/source/physx/src/NpBase.h:33,
                 from /public/home/tangwsh/PhysX/physx/source/physx/src/NpActor.h:33,
                 from /public/home/tangwsh/PhysX/physx/source/physx/src/NpActorTemplate.h:33,
                 from /public/home/tangwsh/PhysX/physx/source/physx/src/NpRigidActorTemplate.h:32,
                 from /public/home/tangwsh/PhysX/physx/source/physx/src/NpRigidStatic.h:33,
                 from /public/home/tangwsh/PhysX/physx/source/physx/src/NpRigidStatic.cpp:29:
/public/home/tangwsh/PhysX/physx/source/simulationcontroller/include/ScScene.h:222:15: warning: ‘physx::Sc::Scene’ has a field ‘physx::Sc::Scene::mOverlapFilterTaskHead’ whose type uses the anonymous namespace [-Wsubobject-linkage]
  222 |         class Scene : public PxUserAllocated
      |               ^~~~~
/public/home/tangwsh/PhysX/physx/source/simulationcontroller/include/ScScene.h:222:15: warning: ‘physx::Sc::Scene’ has a field ‘physx::Sc::Scene::mOverlapCreatedTaskHead’ whose type uses the anonymous namespace [-Wsubobject-linkage]
/public/home/tangwsh/PhysX/physx/source/simulationcontroller/include/ScScene.h:222:15: warning: ‘physx::Sc::Scene’ has a field ‘physx::Sc::Scene::mIslandInsertionTaskHead’ whose type uses the anonymous namespace [-Wsubobject-linkage]
[ 69%] Building CXX object CMakeFiles/PhysXSDK.dir/public/home/tangwsh/PhysX/physx/source/physx/src/NpScene.cpp.o
In file included from /public/home/tangwsh/PhysX/physx/include/foundation/PxFoundationConfig.h:32,
                 from /public/home/tangwsh/PhysX/physx/include/foundation/PxAllocatorCallback.h:33,
                 from /public/home/tangwsh/PhysX/physx/include/foundation/PxAllocator.h:32,
                 from /public/home/tangwsh/PhysX/physx/include/foundation/PxUserAllocated.h:32,
                 from /public/home/tangwsh/PhysX/physx/source/physx/src/NpScene.h:34,
                 from /public/home/tangwsh/PhysX/physx/source/physx/src/NpScene.cpp:29:
/public/home/tangwsh/PhysX/physx/include/foundation/PxPreprocessor.h:524: warning: "PX_SUPPORT_GPU_PHYSX" redefined
  524 |         #define PX_SUPPORT_GPU_PHYSX ((PX_X64 && (PX_WINDOWS_FAMILY || PX_LINUX)) || (PX_A64 && PX_LINUX))
      | 
<command-line>: note: this is the location of the previous definition
In file included from /public/home/tangwsh/PhysX/physx/include/foundation/PxFoundationConfig.h:32,
                 from /public/home/tangwsh/PhysX/physx/include/foundation/PxAllocatorCallback.h:33,
                 from /public/home/tangwsh/PhysX/physx/include/foundation/PxAllocator.h:32,
                 from /public/home/tangwsh/PhysX/physx/include/foundation/PxUserAllocated.h:32,
                 from /public/home/tangwsh/PhysX/physx/source/physx/src/NpScene.h:34,
                 from /public/home/tangwsh/PhysX/physx/source/physx/src/NpScene.cpp:29:
/public/home/tangwsh/PhysX/physx/source/geomutils/src/GuGeometryChecks.h:93:37: warning: ‘offsetof’ within non-standard-layout type ‘physx::PxCapsuleGeometry’ is conditionally-supported [-Winvalid-offsetof]
   93 | PX_COMPILE_TIME_ASSERT(PX_OFFSET_OF(physx::PxCapsuleGeometry, radius) == PX_OFFSET_OF(physx::PxSphereGeometry, radius));
/public/home/tangwsh/PhysX/physx/include/foundation/PxPreprocessor.h:430:51: note: in definition of macro ‘PX_COMPILE_TIME_ASSERT’
  430 | #define PX_COMPILE_TIME_ASSERT(exp) static_assert(exp, "")
      |                                                   ^~~
/public/home/tangwsh/PhysX/physx/source/geomutils/src/GuGeometryChecks.h:93:24: note: in expansion of macro ‘PX_OFFSET_OF’
   93 | PX_COMPILE_TIME_ASSERT(PX_OFFSET_OF(physx::PxCapsuleGeometry, radius) == PX_OFFSET_OF(physx::PxSphereGeometry, radius));
      |                        ^~~~~~~~~~~~
/public/home/tangwsh/PhysX/physx/source/geomutils/src/GuGeometryChecks.h:93:87: warning: ‘offsetof’ within non-standard-layout type ‘physx::PxSphereGeometry’ is conditionally-supported [-Winvalid-offsetof]
   93 | PX_COMPILE_TIME_ASSERT(PX_OFFSET_OF(physx::PxCapsuleGeometry, radius) == PX_OFFSET_OF(physx::PxSphereGeometry, radius));
/public/home/tangwsh/PhysX/physx/include/foundation/PxPreprocessor.h:430:51: note: in definition of macro ‘PX_COMPILE_TIME_ASSERT’
  430 | #define PX_COMPILE_TIME_ASSERT(exp) static_assert(exp, "")
      |                                                   ^~~
/public/home/tangwsh/PhysX/physx/source/geomutils/src/GuGeometryChecks.h:93:74: note: in expansion of macro ‘PX_OFFSET_OF’
   93 | PX_COMPILE_TIME_ASSERT(PX_OFFSET_OF(physx::PxCapsuleGeometry, radius) == PX_OFFSET_OF(physx::PxSphereGeometry, radius));
      |                                                                          ^~~~~~~~~~~~
In file included from /public/home/tangwsh/PhysX/physx/source/physx/src/NpScene.h:63,
                 from /public/home/tangwsh/PhysX/physx/source/physx/src/NpScene.cpp:29:
/public/home/tangwsh/PhysX/physx/source/simulationcontroller/include/ScScene.h:222:15: warning: ‘physx::Sc::Scene’ has a field ‘physx::Sc::Scene::mOverlapFilterTaskHead’ whose type uses the anonymous namespace [-Wsubobject-linkage]
  222 |         class Scene : public PxUserAllocated
      |               ^~~~~
/public/home/tangwsh/PhysX/physx/source/simulationcontroller/include/ScScene.h:222:15: warning: ‘physx::Sc::Scene’ has a field ‘physx::Sc::Scene::mOverlapCreatedTaskHead’ whose type uses the anonymous namespace [-Wsubobject-linkage]
/public/home/tangwsh/PhysX/physx/source/simulationcontroller/include/ScScene.h:222:15: warning: ‘physx::Sc::Scene’ has a field ‘physx::Sc::Scene::mIslandInsertionTaskHead’ whose type uses the anonymous namespace [-Wsubobject-linkage]
[ 69%] Building CXX object CMakeFiles/PhysXSDK.dir/public/home/tangwsh/PhysX/physx/source/physx/src/NpSceneFetchResults.cpp.o
In file included from /public/home/tangwsh/PhysX/physx/include/foundation/PxFoundationConfig.h:32,
                 from /public/home/tangwsh/PhysX/physx/include/foundation/PxAllocatorCallback.h:33,
                 from /public/home/tangwsh/PhysX/physx/include/foundation/PxAllocator.h:32,
                 from /public/home/tangwsh/PhysX/physx/include/foundation/PxUserAllocated.h:32,
                 from /public/home/tangwsh/PhysX/physx/source/physx/src/NpScene.h:34,
                 from /public/home/tangwsh/PhysX/physx/source/physx/src/NpSceneFetchResults.cpp:29:
/public/home/tangwsh/PhysX/physx/include/foundation/PxPreprocessor.h:524: warning: "PX_SUPPORT_GPU_PHYSX" redefined
  524 |         #define PX_SUPPORT_GPU_PHYSX ((PX_X64 && (PX_WINDOWS_FAMILY || PX_LINUX)) || (PX_A64 && PX_LINUX))
      | 
<command-line>: note: this is the location of the previous definition
In file included from /public/home/tangwsh/PhysX/physx/include/foundation/PxFoundationConfig.h:32,
                 from /public/home/tangwsh/PhysX/physx/include/foundation/PxAllocatorCallback.h:33,
                 from /public/home/tangwsh/PhysX/physx/include/foundation/PxAllocator.h:32,
                 from /public/home/tangwsh/PhysX/physx/include/foundation/PxUserAllocated.h:32,
                 from /public/home/tangwsh/PhysX/physx/source/physx/src/NpScene.h:34,
                 from /public/home/tangwsh/PhysX/physx/source/physx/src/NpSceneFetchResults.cpp:29:
/public/home/tangwsh/PhysX/physx/source/geomutils/src/GuGeometryChecks.h:93:37: warning: ‘offsetof’ within non-standard-layout type ‘physx::PxCapsuleGeometry’ is conditionally-supported [-Winvalid-offsetof]
   93 | PX_COMPILE_TIME_ASSERT(PX_OFFSET_OF(physx::PxCapsuleGeometry, radius) == PX_OFFSET_OF(physx::PxSphereGeometry, radius));
/public/home/tangwsh/PhysX/physx/include/foundation/PxPreprocessor.h:430:51: note: in definition of macro ‘PX_COMPILE_TIME_ASSERT’
  430 | #define PX_COMPILE_TIME_ASSERT(exp) static_assert(exp, "")
      |                                                   ^~~
/public/home/tangwsh/PhysX/physx/source/geomutils/src/GuGeometryChecks.h:93:24: note: in expansion of macro ‘PX_OFFSET_OF’
   93 | PX_COMPILE_TIME_ASSERT(PX_OFFSET_OF(physx::PxCapsuleGeometry, radius) == PX_OFFSET_OF(physx::PxSphereGeometry, radius));
      |                        ^~~~~~~~~~~~
/public/home/tangwsh/PhysX/physx/source/geomutils/src/GuGeometryChecks.h:93:87: warning: ‘offsetof’ within non-standard-layout type ‘physx::PxSphereGeometry’ is conditionally-supported [-Winvalid-offsetof]
   93 | PX_COMPILE_TIME_ASSERT(PX_OFFSET_OF(physx::PxCapsuleGeometry, radius) == PX_OFFSET_OF(physx::PxSphereGeometry, radius));
/public/home/tangwsh/PhysX/physx/include/foundation/PxPreprocessor.h:430:51: note: in definition of macro ‘PX_COMPILE_TIME_ASSERT’
  430 | #define PX_COMPILE_TIME_ASSERT(exp) static_assert(exp, "")
      |                                                   ^~~
/public/home/tangwsh/PhysX/physx/source/geomutils/src/GuGeometryChecks.h:93:74: note: in expansion of macro ‘PX_OFFSET_OF’
   93 | PX_COMPILE_TIME_ASSERT(PX_OFFSET_OF(physx::PxCapsuleGeometry, radius) == PX_OFFSET_OF(physx::PxSphereGeometry, radius));
      |                                                                          ^~~~~~~~~~~~
In file included from /public/home/tangwsh/PhysX/physx/source/physx/src/NpScene.h:63,
                 from /public/home/tangwsh/PhysX/physx/source/physx/src/NpSceneFetchResults.cpp:29:
/public/home/tangwsh/PhysX/physx/source/simulationcontroller/include/ScScene.h:222:15: warning: ‘physx::Sc::Scene’ has a field ‘physx::Sc::Scene::mOverlapFilterTaskHead’ whose type uses the anonymous namespace [-Wsubobject-linkage]
  222 |         class Scene : public PxUserAllocated
      |               ^~~~~
/public/home/tangwsh/PhysX/physx/source/simulationcontroller/include/ScScene.h:222:15: warning: ‘physx::Sc::Scene’ has a field ‘physx::Sc::Scene::mOverlapCreatedTaskHead’ whose type uses the anonymous namespace [-Wsubobject-linkage]
/public/home/tangwsh/PhysX/physx/source/simulationcontroller/include/ScScene.h:222:15: warning: ‘physx::Sc::Scene’ has a field ‘physx::Sc::Scene::mIslandInsertionTaskHead’ whose type uses the anonymous namespace [-Wsubobject-linkage]
[ 69%] Building CXX object CMakeFiles/PhysXSDK.dir/public/home/tangwsh/PhysX/physx/source/physx/src/NpSceneQueries.cpp.o
In file included from /public/home/tangwsh/PhysX/physx/include/foundation/PxSimpleTypes.h:36,
                 from /public/home/tangwsh/PhysX/physx/include/common/PxPhysXCommonConfig.h:32,
                 from /public/home/tangwsh/PhysX/physx/include/PxPhysXConfig.h:35,
                 from /public/home/tangwsh/PhysX/physx/include/PxSceneQueryDesc.h:32,
                 from /public/home/tangwsh/PhysX/physx/source/physx/src/NpSceneQueries.h:32,
                 from /public/home/tangwsh/PhysX/physx/source/physx/src/NpSceneQueries.cpp:29:
/public/home/tangwsh/PhysX/physx/include/foundation/PxPreprocessor.h:524: warning: "PX_SUPPORT_GPU_PHYSX" redefined
  524 |         #define PX_SUPPORT_GPU_PHYSX ((PX_X64 && (PX_WINDOWS_FAMILY || PX_LINUX)) || (PX_A64 && PX_LINUX))
      | 
<command-line>: note: this is the location of the previous definition
In file included from /public/home/tangwsh/PhysX/physx/include/foundation/PxSimpleTypes.h:36,
                 from /public/home/tangwsh/PhysX/physx/include/common/PxPhysXCommonConfig.h:32,
                 from /public/home/tangwsh/PhysX/physx/include/PxPhysXConfig.h:35,
                 from /public/home/tangwsh/PhysX/physx/include/PxSceneQueryDesc.h:32,
                 from /public/home/tangwsh/PhysX/physx/source/physx/src/NpSceneQueries.h:32,
                 from /public/home/tangwsh/PhysX/physx/source/physx/src/NpSceneQueries.cpp:29:
/public/home/tangwsh/PhysX/physx/source/geomutils/src/GuGeometryChecks.h:93:37: warning: ‘offsetof’ within non-standard-layout type ‘physx::PxCapsuleGeometry’ is conditionally-supported [-Winvalid-offsetof]
   93 | PX_COMPILE_TIME_ASSERT(PX_OFFSET_OF(physx::PxCapsuleGeometry, radius) == PX_OFFSET_OF(physx::PxSphereGeometry, radius));
/public/home/tangwsh/PhysX/physx/include/foundation/PxPreprocessor.h:430:51: note: in definition of macro ‘PX_COMPILE_TIME_ASSERT’
  430 | #define PX_COMPILE_TIME_ASSERT(exp) static_assert(exp, "")
      |                                                   ^~~
/public/home/tangwsh/PhysX/physx/source/geomutils/src/GuGeometryChecks.h:93:24: note: in expansion of macro ‘PX_OFFSET_OF’
   93 | PX_COMPILE_TIME_ASSERT(PX_OFFSET_OF(physx::PxCapsuleGeometry, radius) == PX_OFFSET_OF(physx::PxSphereGeometry, radius));
      |                        ^~~~~~~~~~~~
/public/home/tangwsh/PhysX/physx/source/geomutils/src/GuGeometryChecks.h:93:87: warning: ‘offsetof’ within non-standard-layout type ‘physx::PxSphereGeometry’ is conditionally-supported [-Winvalid-offsetof]
   93 | PX_COMPILE_TIME_ASSERT(PX_OFFSET_OF(physx::PxCapsuleGeometry, radius) == PX_OFFSET_OF(physx::PxSphereGeometry, radius));
/public/home/tangwsh/PhysX/physx/include/foundation/PxPreprocessor.h:430:51: note: in definition of macro ‘PX_COMPILE_TIME_ASSERT’
  430 | #define PX_COMPILE_TIME_ASSERT(exp) static_assert(exp, "")
      |                                                   ^~~
/public/home/tangwsh/PhysX/physx/source/geomutils/src/GuGeometryChecks.h:93:74: note: in expansion of macro ‘PX_OFFSET_OF’
   93 | PX_COMPILE_TIME_ASSERT(PX_OFFSET_OF(physx::PxCapsuleGeometry, radius) == PX_OFFSET_OF(physx::PxSphereGeometry, radius));
      |                                                                          ^~~~~~~~~~~~
In file included from /public/home/tangwsh/PhysX/physx/source/physx/src/NpScene.h:63,
                 from /public/home/tangwsh/PhysX/physx/source/physx/src/NpBase.h:33,
                 from /public/home/tangwsh/PhysX/physx/source/physx/src/NpShape.h:33,
                 from /public/home/tangwsh/PhysX/physx/source/physx/src/NpSceneQueries.cpp:35:
/public/home/tangwsh/PhysX/physx/source/simulationcontroller/include/ScScene.h:222:15: warning: ‘physx::Sc::Scene’ has a field ‘physx::Sc::Scene::mOverlapFilterTaskHead’ whose type uses the anonymous namespace [-Wsubobject-linkage]
  222 |         class Scene : public PxUserAllocated
      |               ^~~~~
/public/home/tangwsh/PhysX/physx/source/simulationcontroller/include/ScScene.h:222:15: warning: ‘physx::Sc::Scene’ has a field ‘physx::Sc::Scene::mOverlapCreatedTaskHead’ whose type uses the anonymous namespace [-Wsubobject-linkage]
/public/home/tangwsh/PhysX/physx/source/simulationcontroller/include/ScScene.h:222:15: warning: ‘physx::Sc::Scene’ has a field ‘physx::Sc::Scene::mIslandInsertionTaskHead’ whose type uses the anonymous namespace [-Wsubobject-linkage]
[ 69%] Building CXX object CMakeFiles/PhysXSDK.dir/public/home/tangwsh/PhysX/physx/source/physx/src/NpSerializerAdapter.cpp.o
In file included from /public/home/tangwsh/PhysX/physx/include/foundation/PxSimpleTypes.h:36,
                 from /public/home/tangwsh/PhysX/physx/include/foundation/PxFlags.h:33,
                 from /public/home/tangwsh/PhysX/physx/include/common/PxBase.h:33,
                 from /public/home/tangwsh/PhysX/physx/source/physx/src/NpSerializerAdapter.cpp:29:
/public/home/tangwsh/PhysX/physx/include/foundation/PxPreprocessor.h:524: warning: "PX_SUPPORT_GPU_PHYSX" redefined
  524 |         #define PX_SUPPORT_GPU_PHYSX ((PX_X64 && (PX_WINDOWS_FAMILY || PX_LINUX)) || (PX_A64 && PX_LINUX))
      | 
<command-line>: note: this is the location of the previous definition
In file included from /public/home/tangwsh/PhysX/physx/include/foundation/PxSimpleTypes.h:36,
                 from /public/home/tangwsh/PhysX/physx/include/foundation/PxFlags.h:33,
                 from /public/home/tangwsh/PhysX/physx/include/common/PxBase.h:33,
                 from /public/home/tangwsh/PhysX/physx/source/physx/src/NpSerializerAdapter.cpp:29:
/public/home/tangwsh/PhysX/physx/source/geomutils/src/GuGeometryChecks.h:93:37: warning: ‘offsetof’ within non-standard-layout type ‘physx::PxCapsuleGeometry’ is conditionally-supported [-Winvalid-offsetof]
   93 | PX_COMPILE_TIME_ASSERT(PX_OFFSET_OF(physx::PxCapsuleGeometry, radius) == PX_OFFSET_OF(physx::PxSphereGeometry, radius));
/public/home/tangwsh/PhysX/physx/include/foundation/PxPreprocessor.h:430:51: note: in definition of macro ‘PX_COMPILE_TIME_ASSERT’
  430 | #define PX_COMPILE_TIME_ASSERT(exp) static_assert(exp, "")
      |                                                   ^~~
/public/home/tangwsh/PhysX/physx/source/geomutils/src/GuGeometryChecks.h:93:24: note: in expansion of macro ‘PX_OFFSET_OF’
   93 | PX_COMPILE_TIME_ASSERT(PX_OFFSET_OF(physx::PxCapsuleGeometry, radius) == PX_OFFSET_OF(physx::PxSphereGeometry, radius));
      |                        ^~~~~~~~~~~~
/public/home/tangwsh/PhysX/physx/source/geomutils/src/GuGeometryChecks.h:93:87: warning: ‘offsetof’ within non-standard-layout type ‘physx::PxSphereGeometry’ is conditionally-supported [-Winvalid-offsetof]
   93 | PX_COMPILE_TIME_ASSERT(PX_OFFSET_OF(physx::PxCapsuleGeometry, radius) == PX_OFFSET_OF(physx::PxSphereGeometry, radius));
/public/home/tangwsh/PhysX/physx/include/foundation/PxPreprocessor.h:430:51: note: in definition of macro ‘PX_COMPILE_TIME_ASSERT’
  430 | #define PX_COMPILE_TIME_ASSERT(exp) static_assert(exp, "")
      |                                                   ^~~
/public/home/tangwsh/PhysX/physx/source/geomutils/src/GuGeometryChecks.h:93:74: note: in expansion of macro ‘PX_OFFSET_OF’
   93 | PX_COMPILE_TIME_ASSERT(PX_OFFSET_OF(physx::PxCapsuleGeometry, radius) == PX_OFFSET_OF(physx::PxSphereGeometry, radius));
      |                                                                          ^~~~~~~~~~~~
In file included from /public/home/tangwsh/PhysX/physx/source/physx/src/NpScene.h:63,
                 from /public/home/tangwsh/PhysX/physx/source/physx/src/NpBase.h:33,
                 from /public/home/tangwsh/PhysX/physx/source/physx/src/NpActor.h:33,
                 from /public/home/tangwsh/PhysX/physx/source/physx/src/NpActorTemplate.h:33,
                 from /public/home/tangwsh/PhysX/physx/source/physx/src/NpRigidActorTemplate.h:32,
                 from /public/home/tangwsh/PhysX/physx/source/physx/src/NpRigidStatic.h:33,
                 from /public/home/tangwsh/PhysX/physx/source/physx/src/NpSerializerAdapter.cpp:41:
/public/home/tangwsh/PhysX/physx/source/simulationcontroller/include/ScScene.h:222:15: warning: ‘physx::Sc::Scene’ has a field ‘physx::Sc::Scene::mOverlapFilterTaskHead’ whose type uses the anonymous namespace [-Wsubobject-linkage]
  222 |         class Scene : public PxUserAllocated
      |               ^~~~~
/public/home/tangwsh/PhysX/physx/source/simulationcontroller/include/ScScene.h:222:15: warning: ‘physx::Sc::Scene’ has a field ‘physx::Sc::Scene::mOverlapCreatedTaskHead’ whose type uses the anonymous namespace [-Wsubobject-linkage]
/public/home/tangwsh/PhysX/physx/source/simulationcontroller/include/ScScene.h:222:15: warning: ‘physx::Sc::Scene’ has a field ‘physx::Sc::Scene::mIslandInsertionTaskHead’ whose type uses the anonymous namespace [-Wsubobject-linkage]
[ 70%] Building CXX object CMakeFiles/PhysXSDK.dir/public/home/tangwsh/PhysX/physx/source/physx/src/NpShape.cpp.o
In file included from /public/home/tangwsh/PhysX/physx/include/foundation/PxSimpleTypes.h:36,
                 from /public/home/tangwsh/PhysX/physx/include/common/PxPhysXCommonConfig.h:32,
                 from /public/home/tangwsh/PhysX/physx/include/PxPhysXConfig.h:35,
                 from /public/home/tangwsh/PhysX/physx/include/PxShape.h:32,
                 from /public/home/tangwsh/PhysX/physx/source/physx/src/NpShape.h:32,
                 from /public/home/tangwsh/PhysX/physx/source/physx/src/NpShape.cpp:29:
/public/home/tangwsh/PhysX/physx/include/foundation/PxPreprocessor.h:524: warning: "PX_SUPPORT_GPU_PHYSX" redefined
  524 |         #define PX_SUPPORT_GPU_PHYSX ((PX_X64 && (PX_WINDOWS_FAMILY || PX_LINUX)) || (PX_A64 && PX_LINUX))
      | 
<command-line>: note: this is the location of the previous definition
In file included from /public/home/tangwsh/PhysX/physx/include/foundation/PxSimpleTypes.h:36,
                 from /public/home/tangwsh/PhysX/physx/include/common/PxPhysXCommonConfig.h:32,
                 from /public/home/tangwsh/PhysX/physx/include/PxPhysXConfig.h:35,
                 from /public/home/tangwsh/PhysX/physx/include/PxShape.h:32,
                 from /public/home/tangwsh/PhysX/physx/source/physx/src/NpShape.h:32,
                 from /public/home/tangwsh/PhysX/physx/source/physx/src/NpShape.cpp:29:
/public/home/tangwsh/PhysX/physx/source/geomutils/src/GuGeometryChecks.h:93:37: warning: ‘offsetof’ within non-standard-layout type ‘physx::PxCapsuleGeometry’ is conditionally-supported [-Winvalid-offsetof]
   93 | PX_COMPILE_TIME_ASSERT(PX_OFFSET_OF(physx::PxCapsuleGeometry, radius) == PX_OFFSET_OF(physx::PxSphereGeometry, radius));
/public/home/tangwsh/PhysX/physx/include/foundation/PxPreprocessor.h:430:51: note: in definition of macro ‘PX_COMPILE_TIME_ASSERT’
  430 | #define PX_COMPILE_TIME_ASSERT(exp) static_assert(exp, "")
      |                                                   ^~~
/public/home/tangwsh/PhysX/physx/source/geomutils/src/GuGeometryChecks.h:93:24: note: in expansion of macro ‘PX_OFFSET_OF’
   93 | PX_COMPILE_TIME_ASSERT(PX_OFFSET_OF(physx::PxCapsuleGeometry, radius) == PX_OFFSET_OF(physx::PxSphereGeometry, radius));
      |                        ^~~~~~~~~~~~
/public/home/tangwsh/PhysX/physx/source/geomutils/src/GuGeometryChecks.h:93:87: warning: ‘offsetof’ within non-standard-layout type ‘physx::PxSphereGeometry’ is conditionally-supported [-Winvalid-offsetof]
   93 | PX_COMPILE_TIME_ASSERT(PX_OFFSET_OF(physx::PxCapsuleGeometry, radius) == PX_OFFSET_OF(physx::PxSphereGeometry, radius));
/public/home/tangwsh/PhysX/physx/include/foundation/PxPreprocessor.h:430:51: note: in definition of macro ‘PX_COMPILE_TIME_ASSERT’
  430 | #define PX_COMPILE_TIME_ASSERT(exp) static_assert(exp, "")
      |                                                   ^~~
/public/home/tangwsh/PhysX/physx/source/geomutils/src/GuGeometryChecks.h:93:74: note: in expansion of macro ‘PX_OFFSET_OF’
   93 | PX_COMPILE_TIME_ASSERT(PX_OFFSET_OF(physx::PxCapsuleGeometry, radius) == PX_OFFSET_OF(physx::PxSphereGeometry, radius));
      |                                                                          ^~~~~~~~~~~~
In file included from /public/home/tangwsh/PhysX/physx/source/physx/src/NpScene.h:63,
                 from /public/home/tangwsh/PhysX/physx/source/physx/src/NpBase.h:33,
                 from /public/home/tangwsh/PhysX/physx/source/physx/src/NpShape.h:33,
                 from /public/home/tangwsh/PhysX/physx/source/physx/src/NpShape.cpp:29:
/public/home/tangwsh/PhysX/physx/source/simulationcontroller/include/ScScene.h:222:15: warning: ‘physx::Sc::Scene’ has a field ‘physx::Sc::Scene::mOverlapFilterTaskHead’ whose type uses the anonymous namespace [-Wsubobject-linkage]
  222 |         class Scene : public PxUserAllocated
      |               ^~~~~
/public/home/tangwsh/PhysX/physx/source/simulationcontroller/include/ScScene.h:222:15: warning: ‘physx::Sc::Scene’ has a field ‘physx::Sc::Scene::mOverlapCreatedTaskHead’ whose type uses the anonymous namespace [-Wsubobject-linkage]
/public/home/tangwsh/PhysX/physx/source/simulationcontroller/include/ScScene.h:222:15: warning: ‘physx::Sc::Scene’ has a field ‘physx::Sc::Scene::mIslandInsertionTaskHead’ whose type uses the anonymous namespace [-Wsubobject-linkage]
[ 70%] Building CXX object CMakeFiles/PhysXSDK.dir/public/home/tangwsh/PhysX/physx/source/physx/src/NpShapeManager.cpp.o
In file included from /public/home/tangwsh/PhysX/physx/include/foundation/PxSimpleTypes.h:36,
                 from /public/home/tangwsh/PhysX/physx/include/common/PxPhysXCommonConfig.h:32,
                 from /public/home/tangwsh/PhysX/physx/include/PxPhysXConfig.h:35,
                 from /public/home/tangwsh/PhysX/physx/include/PxShape.h:32,
                 from /public/home/tangwsh/PhysX/physx/source/physx/src/NpShape.h:32,
                 from /public/home/tangwsh/PhysX/physx/source/physx/src/NpShapeManager.h:32,
                 from /public/home/tangwsh/PhysX/physx/source/physx/src/NpShapeManager.cpp:29:
/public/home/tangwsh/PhysX/physx/include/foundation/PxPreprocessor.h:524: warning: "PX_SUPPORT_GPU_PHYSX" redefined
  524 |         #define PX_SUPPORT_GPU_PHYSX ((PX_X64 && (PX_WINDOWS_FAMILY || PX_LINUX)) || (PX_A64 && PX_LINUX))
      | 
<command-line>: note: this is the location of the previous definition
In file included from /public/home/tangwsh/PhysX/physx/include/foundation/PxSimpleTypes.h:36,
                 from /public/home/tangwsh/PhysX/physx/include/common/PxPhysXCommonConfig.h:32,
                 from /public/home/tangwsh/PhysX/physx/include/PxPhysXConfig.h:35,
                 from /public/home/tangwsh/PhysX/physx/include/PxShape.h:32,
                 from /public/home/tangwsh/PhysX/physx/source/physx/src/NpShape.h:32,
                 from /public/home/tangwsh/PhysX/physx/source/physx/src/NpShapeManager.h:32,
                 from /public/home/tangwsh/PhysX/physx/source/physx/src/NpShapeManager.cpp:29:
/public/home/tangwsh/PhysX/physx/source/geomutils/src/GuGeometryChecks.h:93:37: warning: ‘offsetof’ within non-standard-layout type ‘physx::PxCapsuleGeometry’ is conditionally-supported [-Winvalid-offsetof]
   93 | PX_COMPILE_TIME_ASSERT(PX_OFFSET_OF(physx::PxCapsuleGeometry, radius) == PX_OFFSET_OF(physx::PxSphereGeometry, radius));
/public/home/tangwsh/PhysX/physx/include/foundation/PxPreprocessor.h:430:51: note: in definition of macro ‘PX_COMPILE_TIME_ASSERT’
  430 | #define PX_COMPILE_TIME_ASSERT(exp) static_assert(exp, "")
      |                                                   ^~~
/public/home/tangwsh/PhysX/physx/source/geomutils/src/GuGeometryChecks.h:93:24: note: in expansion of macro ‘PX_OFFSET_OF’
   93 | PX_COMPILE_TIME_ASSERT(PX_OFFSET_OF(physx::PxCapsuleGeometry, radius) == PX_OFFSET_OF(physx::PxSphereGeometry, radius));
      |                        ^~~~~~~~~~~~
/public/home/tangwsh/PhysX/physx/source/geomutils/src/GuGeometryChecks.h:93:87: warning: ‘offsetof’ within non-standard-layout type ‘physx::PxSphereGeometry’ is conditionally-supported [-Winvalid-offsetof]
   93 | PX_COMPILE_TIME_ASSERT(PX_OFFSET_OF(physx::PxCapsuleGeometry, radius) == PX_OFFSET_OF(physx::PxSphereGeometry, radius));
/public/home/tangwsh/PhysX/physx/include/foundation/PxPreprocessor.h:430:51: note: in definition of macro ‘PX_COMPILE_TIME_ASSERT’
  430 | #define PX_COMPILE_TIME_ASSERT(exp) static_assert(exp, "")
      |                                                   ^~~
/public/home/tangwsh/PhysX/physx/source/geomutils/src/GuGeometryChecks.h:93:74: note: in expansion of macro ‘PX_OFFSET_OF’
   93 | PX_COMPILE_TIME_ASSERT(PX_OFFSET_OF(physx::PxCapsuleGeometry, radius) == PX_OFFSET_OF(physx::PxSphereGeometry, radius));
      |                                                                          ^~~~~~~~~~~~
In file included from /public/home/tangwsh/PhysX/physx/source/physx/src/NpScene.h:63,
                 from /public/home/tangwsh/PhysX/physx/source/physx/src/NpBase.h:33,
                 from /public/home/tangwsh/PhysX/physx/source/physx/src/NpShape.h:33,
                 from /public/home/tangwsh/PhysX/physx/source/physx/src/NpShapeManager.h:32,
                 from /public/home/tangwsh/PhysX/physx/source/physx/src/NpShapeManager.cpp:29:
/public/home/tangwsh/PhysX/physx/source/simulationcontroller/include/ScScene.h:222:15: warning: ‘physx::Sc::Scene’ has a field ‘physx::Sc::Scene::mOverlapFilterTaskHead’ whose type uses the anonymous namespace [-Wsubobject-linkage]
  222 |         class Scene : public PxUserAllocated
      |               ^~~~~
/public/home/tangwsh/PhysX/physx/source/simulationcontroller/include/ScScene.h:222:15: warning: ‘physx::Sc::Scene’ has a field ‘physx::Sc::Scene::mOverlapCreatedTaskHead’ whose type uses the anonymous namespace [-Wsubobject-linkage]
/public/home/tangwsh/PhysX/physx/source/simulationcontroller/include/ScScene.h:222:15: warning: ‘physx::Sc::Scene’ has a field ‘physx::Sc::Scene::mIslandInsertionTaskHead’ whose type uses the anonymous namespace [-Wsubobject-linkage]
[ 70%] Building CXX object CMakeFiles/PhysXSDK.dir/public/home/tangwsh/PhysX/physx/source/physx/src/PvdMetaDataPvdBinding.cpp.o
In file included from /public/home/tangwsh/PhysX/physx/source/physx/src/PvdMetaDataPvdBinding.cpp:30:
/public/home/tangwsh/PhysX/physx/include/foundation/PxPreprocessor.h:524: warning: "PX_SUPPORT_GPU_PHYSX" redefined
  524 |         #define PX_SUPPORT_GPU_PHYSX ((PX_X64 && (PX_WINDOWS_FAMILY || PX_LINUX)) || (PX_A64 && PX_LINUX))
      | 
<command-line>: note: this is the location of the previous definition
[ 70%] Building CXX object CMakeFiles/PhysXSDK.dir/public/home/tangwsh/PhysX/physx/source/physx/src/PvdPhysicsClient.cpp.o
In file included from /public/home/tangwsh/PhysX/physx/source/physx/src/PvdPhysicsClient.cpp:31:
/public/home/tangwsh/PhysX/physx/include/foundation/PxPreprocessor.h:524: warning: "PX_SUPPORT_GPU_PHYSX" redefined
  524 |         #define PX_SUPPORT_GPU_PHYSX ((PX_X64 && (PX_WINDOWS_FAMILY || PX_LINUX)) || (PX_A64 && PX_LINUX))
      | 
<command-line>: note: this is the location of the previous definition
[ 70%] Linking CXX static library libPhysXSDK.a
[ 70%] Built target PhysXSDK
[ 71%] Building CXX object CMakeFiles/PhysXCooking.dir/public/home/tangwsh/PhysX/physx/source/physxcooking/src/Cooking.cpp.o
In file included from /public/home/tangwsh/PhysX/physx/include/foundation/PxSimpleTypes.h:36,
                 from /public/home/tangwsh/PhysX/physx/include/foundation/PxMemory.h:33,
                 from /public/home/tangwsh/PhysX/physx/source/physxcooking/src/Cooking.h:32,
                 from /public/home/tangwsh/PhysX/physx/source/physxcooking/src/Cooking.cpp:29:
/public/home/tangwsh/PhysX/physx/include/foundation/PxPreprocessor.h:524: warning: "PX_SUPPORT_GPU_PHYSX" redefined
  524 |         #define PX_SUPPORT_GPU_PHYSX ((PX_X64 && (PX_WINDOWS_FAMILY || PX_LINUX)) || (PX_A64 && PX_LINUX))
      | 
<command-line>: note: this is the location of the previous definition
[ 71%] Linking CXX static library libPhysXCooking.a
[ 71%] Built target PhysXCooking
[ 71%] Building CXX object CMakeFiles/PhysXExtensions.dir/public/home/tangwsh/PhysX/physx/source/physxextensions/src/ExtBroadPhase.cpp.o
In file included from /public/home/tangwsh/PhysX/physx/include/foundation/PxMath.h:33,
                 from /public/home/tangwsh/PhysX/physx/include/foundation/PxVec3.h:33,
                 from /public/home/tangwsh/PhysX/physx/include/foundation/PxQuat.h:33,
                 from /public/home/tangwsh/PhysX/physx/include/foundation/PxTransform.h:32,
                 from /public/home/tangwsh/PhysX/physx/include/foundation/PxBounds3.h:32,
                 from /public/home/tangwsh/PhysX/physx/source/physxextensions/src/ExtBroadPhase.cpp:30:
/public/home/tangwsh/PhysX/physx/include/foundation/PxPreprocessor.h:524: warning: "PX_SUPPORT_GPU_PHYSX" redefined
  524 |         #define PX_SUPPORT_GPU_PHYSX ((PX_X64 && (PX_WINDOWS_FAMILY || PX_LINUX)) || (PX_A64 && PX_LINUX))
      | 
<command-line>: note: this is the location of the previous definition
[ 71%] Building CXX object CMakeFiles/PhysXExtensions.dir/public/home/tangwsh/PhysX/physx/source/physxextensions/src/ExtCollection.cpp.o
In file included from /public/home/tangwsh/PhysX/physx/include/foundation/PxSimpleTypes.h:36,
                 from /public/home/tangwsh/PhysX/physx/include/foundation/PxFlags.h:33,
                 from /public/home/tangwsh/PhysX/physx/include/common/PxBase.h:33,
                 from /public/home/tangwsh/PhysX/physx/source/physxextensions/src/ExtCollection.cpp:29:
/public/home/tangwsh/PhysX/physx/include/foundation/PxPreprocessor.h:524: warning: "PX_SUPPORT_GPU_PHYSX" redefined
  524 |         #define PX_SUPPORT_GPU_PHYSX ((PX_X64 && (PX_WINDOWS_FAMILY || PX_LINUX)) || (PX_A64 && PX_LINUX))
      | 
<command-line>: note: this is the location of the previous definition
[ 71%] Building CXX object CMakeFiles/PhysXExtensions.dir/public/home/tangwsh/PhysX/physx/source/physxextensions/src/ExtConvexCoreExt.cpp.o
In file included from /public/home/tangwsh/PhysX/physx/include/foundation/PxMath.h:33,
                 from /public/home/tangwsh/PhysX/physx/include/foundation/PxVec3.h:33,
                 from /public/home/tangwsh/PhysX/physx/include/foundation/PxMat33.h:32,
                 from /public/home/tangwsh/PhysX/physx/include/extensions/PxConvexCoreExt.h:32,
                 from /public/home/tangwsh/PhysX/physx/source/physxextensions/src/ExtConvexCoreExt.cpp:29:
/public/home/tangwsh/PhysX/physx/include/foundation/PxPreprocessor.h:524: warning: "PX_SUPPORT_GPU_PHYSX" redefined
  524 |         #define PX_SUPPORT_GPU_PHYSX ((PX_X64 && (PX_WINDOWS_FAMILY || PX_LINUX)) || (PX_A64 && PX_LINUX))
      | 
<command-line>: note: this is the location of the previous definition
[ 72%] Building CXX object CMakeFiles/PhysXExtensions.dir/public/home/tangwsh/PhysX/physx/source/physxextensions/src/ExtConvexMeshExt.cpp.o
In file included from /public/home/tangwsh/PhysX/physx/include/foundation/PxMath.h:33,
                 from /public/home/tangwsh/PhysX/physx/include/foundation/PxVec3.h:33,
                 from /public/home/tangwsh/PhysX/physx/include/foundation/PxQuat.h:33,
                 from /public/home/tangwsh/PhysX/physx/include/foundation/PxTransform.h:32,
                 from /public/home/tangwsh/PhysX/physx/include/foundation/PxPlane.h:33,
                 from /public/home/tangwsh/PhysX/physx/source/physxextensions/src/ExtConvexMeshExt.cpp:29:
/public/home/tangwsh/PhysX/physx/include/foundation/PxPreprocessor.h:524: warning: "PX_SUPPORT_GPU_PHYSX" redefined
  524 |         #define PX_SUPPORT_GPU_PHYSX ((PX_X64 && (PX_WINDOWS_FAMILY || PX_LINUX)) || (PX_A64 && PX_LINUX))
      | 
<command-line>: note: this is the location of the previous definition
[ 72%] Building CXX object CMakeFiles/PhysXExtensions.dir/public/home/tangwsh/PhysX/physx/source/physxextensions/src/ExtCpuWorkerThread.cpp.o
In file included from /public/home/tangwsh/PhysX/physx/include/foundation/PxSimpleTypes.h:36,
                 from /public/home/tangwsh/PhysX/physx/include/task/PxTaskManager.h:30,
                 from /public/home/tangwsh/PhysX/physx/include/task/PxTask.h:30,
                 from /public/home/tangwsh/PhysX/physx/source/physxextensions/src/ExtCpuWorkerThread.cpp:29:
/public/home/tangwsh/PhysX/physx/include/foundation/PxPreprocessor.h:524: warning: "PX_SUPPORT_GPU_PHYSX" redefined
  524 |         #define PX_SUPPORT_GPU_PHYSX ((PX_X64 && (PX_WINDOWS_FAMILY || PX_LINUX)) || (PX_A64 && PX_LINUX))
      | 
<command-line>: note: this is the location of the previous definition
[ 72%] Building CXX object CMakeFiles/PhysXExtensions.dir/public/home/tangwsh/PhysX/physx/source/physxextensions/src/ExtCustomGeometryExt.cpp.o
In file included from /public/home/tangwsh/PhysX/physx/include/foundation/PxMath.h:33,
                 from /public/home/tangwsh/PhysX/physx/include/foundation/PxVec3.h:33,
                 from /public/home/tangwsh/PhysX/physx/include/foundation/PxQuat.h:33,
                 from /public/home/tangwsh/PhysX/physx/include/foundation/PxTransform.h:32,
                 from /public/home/tangwsh/PhysX/physx/include/geometry/PxCustomGeometry.h:32,
                 from /public/home/tangwsh/PhysX/physx/include/extensions/PxCustomGeometryExt.h:32,
                 from /public/home/tangwsh/PhysX/physx/source/physxextensions/src/ExtCustomGeometryExt.cpp:29:
/public/home/tangwsh/PhysX/physx/include/foundation/PxPreprocessor.h:524: warning: "PX_SUPPORT_GPU_PHYSX" redefined
  524 |         #define PX_SUPPORT_GPU_PHYSX ((PX_X64 && (PX_WINDOWS_FAMILY || PX_LINUX)) || (PX_A64 && PX_LINUX))
      | 
<command-line>: note: this is the location of the previous definition
[ 72%] Building CXX object CMakeFiles/PhysXExtensions.dir/public/home/tangwsh/PhysX/physx/source/physxextensions/src/ExtCustomSceneQuerySystem.cpp.o
In file included from /public/home/tangwsh/PhysX/physx/include/foundation/PxSimpleTypes.h:36,
                 from /public/home/tangwsh/PhysX/physx/include/PxSceneQuerySystem.h:32,
                 from /public/home/tangwsh/PhysX/physx/include/extensions/PxCustomSceneQuerySystem.h:32,
                 from /public/home/tangwsh/PhysX/physx/source/physxextensions/src/ExtCustomSceneQuerySystem.cpp:29:
/public/home/tangwsh/PhysX/physx/include/foundation/PxPreprocessor.h:524: warning: "PX_SUPPORT_GPU_PHYSX" redefined
  524 |         #define PX_SUPPORT_GPU_PHYSX ((PX_X64 && (PX_WINDOWS_FAMILY || PX_LINUX)) || (PX_A64 && PX_LINUX))
      | 
<command-line>: note: this is the location of the previous definition
[ 72%] Building CXX object CMakeFiles/PhysXExtensions.dir/public/home/tangwsh/PhysX/physx/source/physxextensions/src/ExtD6Joint.cpp.o
In file included from /public/home/tangwsh/PhysX/physx/include/foundation/PxSimpleTypes.h:36,
                 from /public/home/tangwsh/PhysX/physx/include/common/PxPhysXCommonConfig.h:32,
                 from /public/home/tangwsh/PhysX/physx/include/common/PxRenderBuffer.h:33,
                 from /public/home/tangwsh/PhysX/physx/source/physxextensions/src/ExtD6Joint.cpp:29:
/public/home/tangwsh/PhysX/physx/include/foundation/PxPreprocessor.h:524: warning: "PX_SUPPORT_GPU_PHYSX" redefined
  524 |         #define PX_SUPPORT_GPU_PHYSX ((PX_X64 && (PX_WINDOWS_FAMILY || PX_LINUX)) || (PX_A64 && PX_LINUX))
      | 
<command-line>: note: this is the location of the previous definition
[ 73%] Building CXX object CMakeFiles/PhysXExtensions.dir/public/home/tangwsh/PhysX/physx/source/physxextensions/src/ExtD6JointCreate.cpp.o
In file included from /public/home/tangwsh/PhysX/physx/include/foundation/PxFoundationConfig.h:32,
                 from /public/home/tangwsh/PhysX/physx/include/foundation/PxMathUtils.h:33,
                 from /public/home/tangwsh/PhysX/physx/source/physxextensions/src/ExtD6JointCreate.cpp:29:
/public/home/tangwsh/PhysX/physx/include/foundation/PxPreprocessor.h:524: warning: "PX_SUPPORT_GPU_PHYSX" redefined
  524 |         #define PX_SUPPORT_GPU_PHYSX ((PX_X64 && (PX_WINDOWS_FAMILY || PX_LINUX)) || (PX_A64 && PX_LINUX))
      | 
<command-line>: note: this is the location of the previous definition
[ 73%] Building CXX object CMakeFiles/PhysXExtensions.dir/public/home/tangwsh/PhysX/physx/source/physxextensions/src/ExtDefaultCpuDispatcher.cpp.o
In file included from /public/home/tangwsh/PhysX/physx/include/foundation/PxSimpleTypes.h:36,
                 from /public/home/tangwsh/PhysX/physx/include/foundation/PxProfiler.h:30,
                 from /public/home/tangwsh/PhysX/physx/include/common/PxProfileZone.h:30,
                 from /public/home/tangwsh/PhysX/physx/source/physxextensions/src/ExtDefaultCpuDispatcher.h:32,
                 from /public/home/tangwsh/PhysX/physx/source/physxextensions/src/ExtDefaultCpuDispatcher.cpp:29:
/public/home/tangwsh/PhysX/physx/include/foundation/PxPreprocessor.h:524: warning: "PX_SUPPORT_GPU_PHYSX" redefined
  524 |         #define PX_SUPPORT_GPU_PHYSX ((PX_X64 && (PX_WINDOWS_FAMILY || PX_LINUX)) || (PX_A64 && PX_LINUX))
      | 
<command-line>: note: this is the location of the previous definition
[ 73%] Building CXX object CMakeFiles/PhysXExtensions.dir/public/home/tangwsh/PhysX/physx/source/physxextensions/src/ExtDefaultErrorCallback.cpp.o
In file included from /public/home/tangwsh/PhysX/physx/include/foundation/PxFoundationConfig.h:32,
                 from /public/home/tangwsh/PhysX/physx/include/foundation/PxAssert.h:33,
                 from /public/home/tangwsh/PhysX/physx/source/physxextensions/src/ExtDefaultErrorCallback.cpp:29:
/public/home/tangwsh/PhysX/physx/include/foundation/PxPreprocessor.h:524: warning: "PX_SUPPORT_GPU_PHYSX" redefined
  524 |         #define PX_SUPPORT_GPU_PHYSX ((PX_X64 && (PX_WINDOWS_FAMILY || PX_LINUX)) || (PX_A64 && PX_LINUX))
      | 
<command-line>: note: this is the location of the previous definition
[ 73%] Building CXX object CMakeFiles/PhysXExtensions.dir/public/home/tangwsh/PhysX/physx/source/physxextensions/src/ExtDefaultProfiler.cpp.o
In file included from /public/home/tangwsh/PhysX/physx/include/foundation/PxFoundationConfig.h:32,
                 from /public/home/tangwsh/PhysX/physx/include/foundation/PxAssert.h:33,
                 from /public/home/tangwsh/PhysX/physx/source/physxextensions/src/ExtDefaultProfiler.cpp:29:
/public/home/tangwsh/PhysX/physx/include/foundation/PxPreprocessor.h:524: warning: "PX_SUPPORT_GPU_PHYSX" redefined
  524 |         #define PX_SUPPORT_GPU_PHYSX ((PX_X64 && (PX_WINDOWS_FAMILY || PX_LINUX)) || (PX_A64 && PX_LINUX))
      | 
<command-line>: note: this is the location of the previous definition
[ 73%] Building CXX object CMakeFiles/PhysXExtensions.dir/public/home/tangwsh/PhysX/physx/source/physxextensions/src/ExtDefaultSimulationFilterShader.cpp.o
In file included from /public/home/tangwsh/PhysX/physx/include/foundation/PxSimpleTypes.h:36,
                 from /public/home/tangwsh/PhysX/physx/include/common/PxPhysXCommonConfig.h:32,
                 from /public/home/tangwsh/PhysX/physx/include/PxPhysXConfig.h:35,
                 from /public/home/tangwsh/PhysX/physx/include/extensions/PxDefaultSimulationFilterShader.h:32,
                 from /public/home/tangwsh/PhysX/physx/source/physxextensions/src/ExtDefaultSimulationFilterShader.cpp:30:
/public/home/tangwsh/PhysX/physx/include/foundation/PxPreprocessor.h:524: warning: "PX_SUPPORT_GPU_PHYSX" redefined
  524 |         #define PX_SUPPORT_GPU_PHYSX ((PX_X64 && (PX_WINDOWS_FAMILY || PX_LINUX)) || (PX_A64 && PX_LINUX))
      | 
<command-line>: note: this is the location of the previous definition
[ 74%] Building CXX object CMakeFiles/PhysXExtensions.dir/public/home/tangwsh/PhysX/physx/source/physxextensions/src/ExtDefaultStreams.cpp.o
In file included from /public/home/tangwsh/PhysX/physx/source/physxextensions/src/ExtDefaultStreams.cpp:29:
/public/home/tangwsh/PhysX/physx/include/foundation/PxPreprocessor.h:524: warning: "PX_SUPPORT_GPU_PHYSX" redefined
  524 |         #define PX_SUPPORT_GPU_PHYSX ((PX_X64 && (PX_WINDOWS_FAMILY || PX_LINUX)) || (PX_A64 && PX_LINUX))
      | 
<command-line>: note: this is the location of the previous definition
[ 74%] Building CXX object CMakeFiles/PhysXExtensions.dir/public/home/tangwsh/PhysX/physx/source/physxextensions/src/ExtDeformableSkinning.cpp.o
In file included from /public/home/tangwsh/PhysX/physx/include/PxDeformableSkinning.h:33,
                 from /public/home/tangwsh/PhysX/physx/include/extensions/PxDeformableSkinningExt.h:32,
                 from /public/home/tangwsh/PhysX/physx/source/physxextensions/src/ExtDeformableSkinning.cpp:29:
/public/home/tangwsh/PhysX/physx/include/foundation/PxPreprocessor.h:524: warning: "PX_SUPPORT_GPU_PHYSX" redefined
  524 |         #define PX_SUPPORT_GPU_PHYSX ((PX_X64 && (PX_WINDOWS_FAMILY || PX_LINUX)) || (PX_A64 && PX_LINUX))
      | 
<command-line>: note: this is the location of the previous definition
[ 74%] Building CXX object CMakeFiles/PhysXExtensions.dir/public/home/tangwsh/PhysX/physx/source/physxextensions/src/ExtDeformableSurfaceExt.cpp.o
In file included from /public/home/tangwsh/PhysX/physx/include/foundation/PxSimpleTypes.h:36,
                 from /public/home/tangwsh/PhysX/physx/include/common/PxPhysXCommonConfig.h:32,
                 from /public/home/tangwsh/PhysX/physx/include/PxPhysXConfig.h:35,
                 from /public/home/tangwsh/PhysX/physx/include/PxActor.h:32,
                 from /public/home/tangwsh/PhysX/physx/include/PxDeformableBody.h:32,
                 from /public/home/tangwsh/PhysX/physx/include/PxDeformableSurface.h:33,
                 from /public/home/tangwsh/PhysX/physx/include/extensions/PxDeformableSurfaceExt.h:32,
                 from /public/home/tangwsh/PhysX/physx/source/physxextensions/src/ExtDeformableSurfaceExt.cpp:29:
/public/home/tangwsh/PhysX/physx/include/foundation/PxPreprocessor.h:524: warning: "PX_SUPPORT_GPU_PHYSX" redefined
  524 |         #define PX_SUPPORT_GPU_PHYSX ((PX_X64 && (PX_WINDOWS_FAMILY || PX_LINUX)) || (PX_A64 && PX_LINUX))
      | 
<command-line>: note: this is the location of the previous definition
[ 74%] Building CXX object CMakeFiles/PhysXExtensions.dir/public/home/tangwsh/PhysX/physx/source/physxextensions/src/ExtDeformableVolumeExt.cpp.o
In file included from /public/home/tangwsh/PhysX/physx/include/foundation/PxMath.h:33,
                 from /public/home/tangwsh/PhysX/physx/include/foundation/PxVec3.h:33,
                 from /public/home/tangwsh/PhysX/physx/include/foundation/PxQuat.h:33,
                 from /public/home/tangwsh/PhysX/physx/include/foundation/PxTransform.h:32,
                 from /public/home/tangwsh/PhysX/physx/include/extensions/PxDeformableVolumeExt.h:32,
                 from /public/home/tangwsh/PhysX/physx/source/physxextensions/src/ExtDeformableVolumeExt.cpp:29:
/public/home/tangwsh/PhysX/physx/include/foundation/PxPreprocessor.h:524: warning: "PX_SUPPORT_GPU_PHYSX" redefined
  524 |         #define PX_SUPPORT_GPU_PHYSX ((PX_X64 && (PX_WINDOWS_FAMILY || PX_LINUX)) || (PX_A64 && PX_LINUX))
      | 
<command-line>: note: this is the location of the previous definition
[ 74%] Building CXX object CMakeFiles/PhysXExtensions.dir/public/home/tangwsh/PhysX/physx/source/physxextensions/src/ExtDistanceJoint.cpp.o
In file included from /public/home/tangwsh/PhysX/physx/include/foundation/PxSimpleTypes.h:36,
                 from /public/home/tangwsh/PhysX/physx/include/common/PxPhysXCommonConfig.h:32,
                 from /public/home/tangwsh/PhysX/physx/include/common/PxTolerancesScale.h:33,
                 from /public/home/tangwsh/PhysX/physx/source/physxextensions/src/ExtDistanceJoint.h:32,
                 from /public/home/tangwsh/PhysX/physx/source/physxextensions/src/ExtDistanceJoint.cpp:29:
/public/home/tangwsh/PhysX/physx/include/foundation/PxPreprocessor.h:524: warning: "PX_SUPPORT_GPU_PHYSX" redefined
  524 |         #define PX_SUPPORT_GPU_PHYSX ((PX_X64 && (PX_WINDOWS_FAMILY || PX_LINUX)) || (PX_A64 && PX_LINUX))
      | 
<command-line>: note: this is the location of the previous definition
[ 75%] Building CXX object CMakeFiles/PhysXExtensions.dir/public/home/tangwsh/PhysX/physx/source/physxextensions/src/ExtExtensions.cpp.o
In file included from /public/home/tangwsh/PhysX/physx/include/foundation/PxSimpleTypes.h:36,
                 from /public/home/tangwsh/PhysX/physx/include/foundation/PxIO.h:33,
                 from /public/home/tangwsh/PhysX/physx/source/physxextensions/src/ExtExtensions.cpp:29:
/public/home/tangwsh/PhysX/physx/include/foundation/PxPreprocessor.h:524: warning: "PX_SUPPORT_GPU_PHYSX" redefined
  524 |         #define PX_SUPPORT_GPU_PHYSX ((PX_X64 && (PX_WINDOWS_FAMILY || PX_LINUX)) || (PX_A64 && PX_LINUX))
      | 
<command-line>: note: this is the location of the previous definition
[ 75%] Building CXX object CMakeFiles/PhysXExtensions.dir/public/home/tangwsh/PhysX/physx/source/physxextensions/src/ExtFixedJoint.cpp.o
In file included from /public/home/tangwsh/PhysX/physx/include/foundation/PxMath.h:33,
                 from /public/home/tangwsh/PhysX/physx/include/foundation/PxVec3.h:33,
                 from /public/home/tangwsh/PhysX/physx/include/foundation/PxQuat.h:33,
                 from /public/home/tangwsh/PhysX/physx/include/foundation/PxTransform.h:32,
                 from /public/home/tangwsh/PhysX/physx/include/extensions/PxJoint.h:32,
                 from /public/home/tangwsh/PhysX/physx/include/extensions/PxFixedJoint.h:32,
                 from /public/home/tangwsh/PhysX/physx/source/physxextensions/src/ExtFixedJoint.h:32,
                 from /public/home/tangwsh/PhysX/physx/source/physxextensions/src/ExtFixedJoint.cpp:29:
/public/home/tangwsh/PhysX/physx/include/foundation/PxPreprocessor.h:524: warning: "PX_SUPPORT_GPU_PHYSX" redefined
  524 |         #define PX_SUPPORT_GPU_PHYSX ((PX_X64 && (PX_WINDOWS_FAMILY || PX_LINUX)) || (PX_A64 && PX_LINUX))
      | 
<command-line>: note: this is the location of the previous definition
[ 75%] Building CXX object CMakeFiles/PhysXExtensions.dir/public/home/tangwsh/PhysX/physx/source/physxextensions/src/ExtGearJoint.cpp.o
In file included from /public/home/tangwsh/PhysX/physx/include/foundation/PxMath.h:33,
                 from /public/home/tangwsh/PhysX/physx/include/foundation/PxVec3.h:33,
                 from /public/home/tangwsh/PhysX/physx/include/foundation/PxQuat.h:33,
                 from /public/home/tangwsh/PhysX/physx/include/foundation/PxTransform.h:32,
                 from /public/home/tangwsh/PhysX/physx/include/extensions/PxJoint.h:32,
                 from /public/home/tangwsh/PhysX/physx/include/extensions/PxGearJoint.h:32,
                 from /public/home/tangwsh/PhysX/physx/source/physxextensions/src/ExtGearJoint.h:32,
                 from /public/home/tangwsh/PhysX/physx/source/physxextensions/src/ExtGearJoint.cpp:29:
/public/home/tangwsh/PhysX/physx/include/foundation/PxPreprocessor.h:524: warning: "PX_SUPPORT_GPU_PHYSX" redefined
  524 |         #define PX_SUPPORT_GPU_PHYSX ((PX_X64 && (PX_WINDOWS_FAMILY || PX_LINUX)) || (PX_A64 && PX_LINUX))
      | 
<command-line>: note: this is the location of the previous definition
[ 75%] Building CXX object CMakeFiles/PhysXExtensions.dir/public/home/tangwsh/PhysX/physx/source/physxextensions/src/ExtGjkQueryExt.cpp.o
In file included from /public/home/tangwsh/PhysX/physx/include/foundation/PxSimpleTypes.h:36,
                 from /public/home/tangwsh/PhysX/physx/include/common/PxPhysXCommonConfig.h:32,
                 from /public/home/tangwsh/PhysX/physx/include/geometry/PxGjkQuery.h:32,
                 from /public/home/tangwsh/PhysX/physx/include/extensions/PxGjkQueryExt.h:32,
                 from /public/home/tangwsh/PhysX/physx/source/physxextensions/src/ExtGjkQueryExt.cpp:29:
/public/home/tangwsh/PhysX/physx/include/foundation/PxPreprocessor.h:524: warning: "PX_SUPPORT_GPU_PHYSX" redefined
  524 |         #define PX_SUPPORT_GPU_PHYSX ((PX_X64 && (PX_WINDOWS_FAMILY || PX_LINUX)) || (PX_A64 && PX_LINUX))
      | 
<command-line>: note: this is the location of the previous definition
[ 75%] Building CXX object CMakeFiles/PhysXExtensions.dir/public/home/tangwsh/PhysX/physx/source/physxextensions/src/ExtJoint.cpp.o
In file included from /public/home/tangwsh/PhysX/physx/include/foundation/PxSimpleTypes.h:36,
                 from /public/home/tangwsh/PhysX/physx/include/common/PxPhysXCommonConfig.h:32,
                 from /public/home/tangwsh/PhysX/physx/include/PxPhysXConfig.h:35,
                 from /public/home/tangwsh/PhysX/physx/include/PxPhysics.h:32,
                 from /public/home/tangwsh/PhysX/physx/source/physxextensions/src/ExtJoint.h:32,
                 from /public/home/tangwsh/PhysX/physx/source/physxextensions/src/ExtJoint.cpp:29:
/public/home/tangwsh/PhysX/physx/include/foundation/PxPreprocessor.h:524: warning: "PX_SUPPORT_GPU_PHYSX" redefined
  524 |         #define PX_SUPPORT_GPU_PHYSX ((PX_X64 && (PX_WINDOWS_FAMILY || PX_LINUX)) || (PX_A64 && PX_LINUX))
      | 
<command-line>: note: this is the location of the previous definition
[ 76%] Building CXX object CMakeFiles/PhysXExtensions.dir/public/home/tangwsh/PhysX/physx/source/physxextensions/src/ExtParticleClothCooker.cpp.o
In file included from /public/home/tangwsh/PhysX/physx/include/foundation/PxSimpleTypes.h:36,
                 from /public/home/tangwsh/PhysX/physx/include/extensions/PxParticleClothCooker.h:32,
                 from /public/home/tangwsh/PhysX/physx/source/physxextensions/src/ExtParticleClothCooker.cpp:29:
/public/home/tangwsh/PhysX/physx/include/foundation/PxPreprocessor.h:524: warning: "PX_SUPPORT_GPU_PHYSX" redefined
  524 |         #define PX_SUPPORT_GPU_PHYSX ((PX_X64 && (PX_WINDOWS_FAMILY || PX_LINUX)) || (PX_A64 && PX_LINUX))
      | 
<command-line>: note: this is the location of the previous definition
[ 76%] Building CXX object CMakeFiles/PhysXExtensions.dir/public/home/tangwsh/PhysX/physx/source/physxextensions/src/ExtParticleExt.cpp.o
In file included from /public/home/tangwsh/PhysX/physx/include/foundation/PxSimpleTypes.h:36,
                 from /public/home/tangwsh/PhysX/physx/include/foundation/PxFlags.h:33,
                 from /public/home/tangwsh/PhysX/physx/include/common/PxBase.h:33,
                 from /public/home/tangwsh/PhysX/physx/include/PxParticleBuffer.h:32,
                 from /public/home/tangwsh/PhysX/physx/source/physxextensions/src/ExtParticleExt.cpp:29:
/public/home/tangwsh/PhysX/physx/include/foundation/PxPreprocessor.h:524: warning: "PX_SUPPORT_GPU_PHYSX" redefined
  524 |         #define PX_SUPPORT_GPU_PHYSX ((PX_X64 && (PX_WINDOWS_FAMILY || PX_LINUX)) || (PX_A64 && PX_LINUX))
      | 
<command-line>: note: this is the location of the previous definition
[ 76%] Building CXX object CMakeFiles/PhysXExtensions.dir/public/home/tangwsh/PhysX/physx/source/physxextensions/src/ExtPrismaticJoint.cpp.o
In file included from /public/home/tangwsh/PhysX/physx/include/foundation/PxSimpleTypes.h:36,
                 from /public/home/tangwsh/PhysX/physx/include/common/PxPhysXCommonConfig.h:32,
                 from /public/home/tangwsh/PhysX/physx/include/common/PxTolerancesScale.h:33,
                 from /public/home/tangwsh/PhysX/physx/source/physxextensions/src/ExtPrismaticJoint.h:32,
                 from /public/home/tangwsh/PhysX/physx/source/physxextensions/src/ExtPrismaticJoint.cpp:29:
/public/home/tangwsh/PhysX/physx/include/foundation/PxPreprocessor.h:524: warning: "PX_SUPPORT_GPU_PHYSX" redefined
  524 |         #define PX_SUPPORT_GPU_PHYSX ((PX_X64 && (PX_WINDOWS_FAMILY || PX_LINUX)) || (PX_A64 && PX_LINUX))
      | 
<command-line>: note: this is the location of the previous definition
[ 76%] Building CXX object CMakeFiles/PhysXExtensions.dir/public/home/tangwsh/PhysX/physx/source/physxextensions/src/ExtPvd.cpp.o
In file included from /public/home/tangwsh/PhysX/physx/source/physxextensions/src/ExtPvd.cpp:30:
/public/home/tangwsh/PhysX/physx/include/foundation/PxPreprocessor.h:524: warning: "PX_SUPPORT_GPU_PHYSX" redefined
  524 |         #define PX_SUPPORT_GPU_PHYSX ((PX_X64 && (PX_WINDOWS_FAMILY || PX_LINUX)) || (PX_A64 && PX_LINUX))
      | 
<command-line>: note: this is the location of the previous definition
[ 77%] Building CXX object CMakeFiles/PhysXExtensions.dir/public/home/tangwsh/PhysX/physx/source/physxextensions/src/ExtPxStringTable.cpp.o
In file included from /public/home/tangwsh/PhysX/physx/include/foundation/PxFoundationConfig.h:32,
                 from /public/home/tangwsh/PhysX/physx/include/foundation/PxAllocatorCallback.h:33,
                 from /public/home/tangwsh/PhysX/physx/source/physxextensions/src/ExtPxStringTable.cpp:29:
/public/home/tangwsh/PhysX/physx/include/foundation/PxPreprocessor.h:524: warning: "PX_SUPPORT_GPU_PHYSX" redefined
  524 |         #define PX_SUPPORT_GPU_PHYSX ((PX_X64 && (PX_WINDOWS_FAMILY || PX_LINUX)) || (PX_A64 && PX_LINUX))
      | 
<command-line>: note: this is the location of the previous definition
[ 77%] Building CXX object CMakeFiles/PhysXExtensions.dir/public/home/tangwsh/PhysX/physx/source/physxextensions/src/ExtRackAndPinionJoint.cpp.o
In file included from /public/home/tangwsh/PhysX/physx/include/foundation/PxMath.h:33,
                 from /public/home/tangwsh/PhysX/physx/include/foundation/PxVec3.h:33,
                 from /public/home/tangwsh/PhysX/physx/include/foundation/PxQuat.h:33,
                 from /public/home/tangwsh/PhysX/physx/include/foundation/PxTransform.h:32,
                 from /public/home/tangwsh/PhysX/physx/include/extensions/PxJoint.h:32,
                 from /public/home/tangwsh/PhysX/physx/include/extensions/PxRackAndPinionJoint.h:32,
                 from /public/home/tangwsh/PhysX/physx/source/physxextensions/src/ExtRackAndPinionJoint.h:32,
                 from /public/home/tangwsh/PhysX/physx/source/physxextensions/src/ExtRackAndPinionJoint.cpp:29:
/public/home/tangwsh/PhysX/physx/include/foundation/PxPreprocessor.h:524: warning: "PX_SUPPORT_GPU_PHYSX" redefined
  524 |         #define PX_SUPPORT_GPU_PHYSX ((PX_X64 && (PX_WINDOWS_FAMILY || PX_LINUX)) || (PX_A64 && PX_LINUX))
      | 
<command-line>: note: this is the location of the previous definition
[ 77%] Building CXX object CMakeFiles/PhysXExtensions.dir/public/home/tangwsh/PhysX/physx/source/physxextensions/src/ExtRaycastCCD.cpp.o
In file included from /public/home/tangwsh/PhysX/physx/include/foundation/PxSimpleTypes.h:36,
                 from /public/home/tangwsh/PhysX/physx/include/common/PxPhysXCommonConfig.h:32,
                 from /public/home/tangwsh/PhysX/physx/include/geometry/PxGeometry.h:32,
                 from /public/home/tangwsh/PhysX/physx/include/geometry/PxBoxGeometry.h:31,
                 from /public/home/tangwsh/PhysX/physx/source/physxextensions/src/ExtRaycastCCD.cpp:29:
/public/home/tangwsh/PhysX/physx/include/foundation/PxPreprocessor.h:524: warning: "PX_SUPPORT_GPU_PHYSX" redefined
  524 |         #define PX_SUPPORT_GPU_PHYSX ((PX_X64 && (PX_WINDOWS_FAMILY || PX_LINUX)) || (PX_A64 && PX_LINUX))
      | 
<command-line>: note: this is the location of the previous definition
[ 77%] Building CXX object CMakeFiles/PhysXExtensions.dir/public/home/tangwsh/PhysX/physx/source/physxextensions/src/ExtRemeshingExt.cpp.o
In file included from /public/home/tangwsh/PhysX/physx/include/foundation/PxMath.h:33,
                 from /public/home/tangwsh/PhysX/physx/include/foundation/PxVec3.h:33,
                 from /public/home/tangwsh/PhysX/physx/include/extensions/PxRemeshingExt.h:32,
                 from /public/home/tangwsh/PhysX/physx/source/physxextensions/src/ExtRemeshingExt.cpp:29:
/public/home/tangwsh/PhysX/physx/include/foundation/PxPreprocessor.h:524: warning: "PX_SUPPORT_GPU_PHYSX" redefined
  524 |         #define PX_SUPPORT_GPU_PHYSX ((PX_X64 && (PX_WINDOWS_FAMILY || PX_LINUX)) || (PX_A64 && PX_LINUX))
      | 
<command-line>: note: this is the location of the previous definition
[ 77%] Building CXX object CMakeFiles/PhysXExtensions.dir/public/home/tangwsh/PhysX/physx/source/physxextensions/src/ExtRevoluteJoint.cpp.o
In file included from /public/home/tangwsh/PhysX/physx/include/foundation/PxMath.h:33,
                 from /public/home/tangwsh/PhysX/physx/include/foundation/PxVec3.h:33,
                 from /public/home/tangwsh/PhysX/physx/include/foundation/PxQuat.h:33,
                 from /public/home/tangwsh/PhysX/physx/include/foundation/PxTransform.h:32,
                 from /public/home/tangwsh/PhysX/physx/include/extensions/PxJoint.h:32,
                 from /public/home/tangwsh/PhysX/physx/include/extensions/PxRevoluteJoint.h:32,
                 from /public/home/tangwsh/PhysX/physx/source/physxextensions/src/ExtRevoluteJoint.h:32,
                 from /public/home/tangwsh/PhysX/physx/source/physxextensions/src/ExtRevoluteJoint.cpp:29:
/public/home/tangwsh/PhysX/physx/include/foundation/PxPreprocessor.h:524: warning: "PX_SUPPORT_GPU_PHYSX" redefined
  524 |         #define PX_SUPPORT_GPU_PHYSX ((PX_X64 && (PX_WINDOWS_FAMILY || PX_LINUX)) || (PX_A64 && PX_LINUX))
      | 
<command-line>: note: this is the location of the previous definition
[ 78%] Building CXX object CMakeFiles/PhysXExtensions.dir/public/home/tangwsh/PhysX/physx/source/physxextensions/src/ExtRigidActorExt.cpp.o
In file included from /public/home/tangwsh/PhysX/physx/include/foundation/PxSimpleTypes.h:36,
                 from /public/home/tangwsh/PhysX/physx/include/common/PxPhysXCommonConfig.h:32,
                 from /public/home/tangwsh/PhysX/physx/include/PxPhysXConfig.h:35,
                 from /public/home/tangwsh/PhysX/physx/include/extensions/PxRigidActorExt.h:32,
                 from /public/home/tangwsh/PhysX/physx/source/physxextensions/src/ExtRigidActorExt.cpp:29:
/public/home/tangwsh/PhysX/physx/include/foundation/PxPreprocessor.h:524: warning: "PX_SUPPORT_GPU_PHYSX" redefined
  524 |         #define PX_SUPPORT_GPU_PHYSX ((PX_X64 && (PX_WINDOWS_FAMILY || PX_LINUX)) || (PX_A64 && PX_LINUX))
      | 
<command-line>: note: this is the location of the previous definition
[ 78%] Building CXX object CMakeFiles/PhysXExtensions.dir/public/home/tangwsh/PhysX/physx/source/physxextensions/src/ExtRigidBodyExt.cpp.o
In file included from /public/home/tangwsh/PhysX/physx/include/foundation/PxSimpleTypes.h:36,
                 from /public/home/tangwsh/PhysX/physx/include/common/PxPhysXCommonConfig.h:32,
                 from /public/home/tangwsh/PhysX/physx/include/geometry/PxGeometry.h:32,
                 from /public/home/tangwsh/PhysX/physx/include/geometry/PxBoxGeometry.h:31,
                 from /public/home/tangwsh/PhysX/physx/source/physxextensions/src/ExtRigidBodyExt.cpp:29:
/public/home/tangwsh/PhysX/physx/include/foundation/PxPreprocessor.h:524: warning: "PX_SUPPORT_GPU_PHYSX" redefined
  524 |         #define PX_SUPPORT_GPU_PHYSX ((PX_X64 && (PX_WINDOWS_FAMILY || PX_LINUX)) || (PX_A64 && PX_LINUX))
      | 
<command-line>: note: this is the location of the previous definition
[ 78%] Building CXX object CMakeFiles/PhysXExtensions.dir/public/home/tangwsh/PhysX/physx/source/physxextensions/src/ExtSampling.cpp.o
In file included from /public/home/tangwsh/PhysX/physx/include/foundation/PxMath.h:33,
                 from /public/home/tangwsh/PhysX/physx/include/foundation/PxVec3.h:33,
                 from /public/home/tangwsh/PhysX/physx/include/foundation/PxQuat.h:33,
                 from /public/home/tangwsh/PhysX/physx/include/foundation/PxTransform.h:32,
                 from /public/home/tangwsh/PhysX/physx/include/extensions/PxSamplingExt.h:32,
                 from /public/home/tangwsh/PhysX/physx/source/physxextensions/src/ExtSampling.cpp:27:
/public/home/tangwsh/PhysX/physx/include/foundation/PxPreprocessor.h:524: warning: "PX_SUPPORT_GPU_PHYSX" redefined
  524 |         #define PX_SUPPORT_GPU_PHYSX ((PX_X64 && (PX_WINDOWS_FAMILY || PX_LINUX)) || (PX_A64 && PX_LINUX))
      | 
<command-line>: note: this is the location of the previous definition
[ 78%] Building CXX object CMakeFiles/PhysXExtensions.dir/public/home/tangwsh/PhysX/physx/source/physxextensions/src/ExtSceneQueryExt.cpp.o
In file included from /public/home/tangwsh/PhysX/physx/include/foundation/PxSimpleTypes.h:36,
                 from /public/home/tangwsh/PhysX/physx/include/common/PxPhysXCommonConfig.h:32,
                 from /public/home/tangwsh/PhysX/physx/include/PxPhysXConfig.h:35,
                 from /public/home/tangwsh/PhysX/physx/include/extensions/PxSceneQueryExt.h:32,
                 from /public/home/tangwsh/PhysX/physx/source/physxextensions/src/ExtSceneQueryExt.cpp:29:
/public/home/tangwsh/PhysX/physx/include/foundation/PxPreprocessor.h:524: warning: "PX_SUPPORT_GPU_PHYSX" redefined
  524 |         #define PX_SUPPORT_GPU_PHYSX ((PX_X64 && (PX_WINDOWS_FAMILY || PX_LINUX)) || (PX_A64 && PX_LINUX))
      | 
<command-line>: note: this is the location of the previous definition
[ 78%] Building CXX object CMakeFiles/PhysXExtensions.dir/public/home/tangwsh/PhysX/physx/source/physxextensions/src/ExtSceneQuerySystem.cpp.o
In file included from /public/home/tangwsh/PhysX/physx/include/foundation/PxSimpleTypes.h:36,
                 from /public/home/tangwsh/PhysX/physx/include/PxSceneQuerySystem.h:32,
                 from /public/home/tangwsh/PhysX/physx/include/extensions/PxSceneQuerySystemExt.h:32,
                 from /public/home/tangwsh/PhysX/physx/source/physxextensions/src/ExtSceneQuerySystem.cpp:29:
/public/home/tangwsh/PhysX/physx/include/foundation/PxPreprocessor.h:524: warning: "PX_SUPPORT_GPU_PHYSX" redefined
  524 |         #define PX_SUPPORT_GPU_PHYSX ((PX_X64 && (PX_WINDOWS_FAMILY || PX_LINUX)) || (PX_A64 && PX_LINUX))
      | 
<command-line>: note: this is the location of the previous definition
[ 79%] Building CXX object CMakeFiles/PhysXExtensions.dir/public/home/tangwsh/PhysX/physx/source/physxextensions/src/ExtSimpleFactory.cpp.o
In file included from /public/home/tangwsh/PhysX/physx/include/foundation/PxFoundationConfig.h:32,
                 from /public/home/tangwsh/PhysX/physx/include/foundation/PxMathUtils.h:33,
                 from /public/home/tangwsh/PhysX/physx/source/physxextensions/src/ExtSimpleFactory.cpp:29:
/public/home/tangwsh/PhysX/physx/include/foundation/PxPreprocessor.h:524: warning: "PX_SUPPORT_GPU_PHYSX" redefined
  524 |         #define PX_SUPPORT_GPU_PHYSX ((PX_X64 && (PX_WINDOWS_FAMILY || PX_LINUX)) || (PX_A64 && PX_LINUX))
      | 
<command-line>: note: this is the location of the previous definition
[ 79%] Building CXX object CMakeFiles/PhysXExtensions.dir/public/home/tangwsh/PhysX/physx/source/physxextensions/src/ExtSmoothNormals.cpp.o
In file included from /public/home/tangwsh/PhysX/physx/include/foundation/PxSimpleTypes.h:36,
                 from /public/home/tangwsh/PhysX/physx/include/foundation/PxMemory.h:33,
                 from /public/home/tangwsh/PhysX/physx/source/physxextensions/src/ExtSmoothNormals.cpp:29:
/public/home/tangwsh/PhysX/physx/include/foundation/PxPreprocessor.h:524: warning: "PX_SUPPORT_GPU_PHYSX" redefined
  524 |         #define PX_SUPPORT_GPU_PHYSX ((PX_X64 && (PX_WINDOWS_FAMILY || PX_LINUX)) || (PX_A64 && PX_LINUX))
      | 
<command-line>: note: this is the location of the previous definition
[ 79%] Building CXX object CMakeFiles/PhysXExtensions.dir/public/home/tangwsh/PhysX/physx/source/physxextensions/src/ExtSphericalJoint.cpp.o
In file included from /public/home/tangwsh/PhysX/physx/include/foundation/PxMath.h:33,
                 from /public/home/tangwsh/PhysX/physx/include/foundation/PxVec3.h:33,
                 from /public/home/tangwsh/PhysX/physx/include/foundation/PxQuat.h:33,
                 from /public/home/tangwsh/PhysX/physx/include/foundation/PxTransform.h:32,
                 from /public/home/tangwsh/PhysX/physx/include/extensions/PxJoint.h:32,
                 from /public/home/tangwsh/PhysX/physx/include/extensions/PxSphericalJoint.h:32,
                 from /public/home/tangwsh/PhysX/physx/source/physxextensions/src/ExtSphericalJoint.h:32,
                 from /public/home/tangwsh/PhysX/physx/source/physxextensions/src/ExtSphericalJoint.cpp:29:
/public/home/tangwsh/PhysX/physx/include/foundation/PxPreprocessor.h:524: warning: "PX_SUPPORT_GPU_PHYSX" redefined
  524 |         #define PX_SUPPORT_GPU_PHYSX ((PX_X64 && (PX_WINDOWS_FAMILY || PX_LINUX)) || (PX_A64 && PX_LINUX))
      | 
<command-line>: note: this is the location of the previous definition
[ 79%] Building CXX object CMakeFiles/PhysXExtensions.dir/public/home/tangwsh/PhysX/physx/source/physxextensions/src/ExtSqManager.cpp.o
In file included from /public/home/tangwsh/PhysX/physx/include/foundation/PxSimpleTypes.h:36,
                 from /public/home/tangwsh/PhysX/physx/include/common/PxPhysXCommonConfig.h:32,
                 from /public/home/tangwsh/PhysX/physx/source/physxextensions/src/ExtSqManager.h:32,
                 from /public/home/tangwsh/PhysX/physx/source/physxextensions/src/ExtSqManager.cpp:29:
/public/home/tangwsh/PhysX/physx/include/foundation/PxPreprocessor.h:524: warning: "PX_SUPPORT_GPU_PHYSX" redefined
  524 |         #define PX_SUPPORT_GPU_PHYSX ((PX_X64 && (PX_WINDOWS_FAMILY || PX_LINUX)) || (PX_A64 && PX_LINUX))
      | 
<command-line>: note: this is the location of the previous definition
[ 79%] Building CXX object CMakeFiles/PhysXExtensions.dir/public/home/tangwsh/PhysX/physx/source/physxextensions/src/ExtSqQuery.cpp.o
In file included from /public/home/tangwsh/PhysX/physx/include/foundation/PxSimpleTypes.h:36,
                 from /public/home/tangwsh/PhysX/physx/source/physxextensions/src/ExtSqQuery.h:32,
                 from /public/home/tangwsh/PhysX/physx/source/physxextensions/src/ExtSqQuery.cpp:29:
/public/home/tangwsh/PhysX/physx/include/foundation/PxPreprocessor.h:524: warning: "PX_SUPPORT_GPU_PHYSX" redefined
  524 |         #define PX_SUPPORT_GPU_PHYSX ((PX_X64 && (PX_WINDOWS_FAMILY || PX_LINUX)) || (PX_A64 && PX_LINUX))
      | 
<command-line>: note: this is the location of the previous definition
[ 80%] Building CXX object CMakeFiles/PhysXExtensions.dir/public/home/tangwsh/PhysX/physx/source/physxextensions/src/ExtTetMakerExt.cpp.o
In file included from /public/home/tangwsh/PhysX/physx/include/foundation/PxFoundationConfig.h:32,
                 from /public/home/tangwsh/PhysX/physx/include/foundation/PxAllocatorCallback.h:33,
                 from /public/home/tangwsh/PhysX/physx/include/foundation/PxAllocator.h:32,
                 from /public/home/tangwsh/PhysX/physx/include/foundation/PxHashInternals.h:32,
                 from /public/home/tangwsh/PhysX/physx/include/foundation/PxHashSet.h:32,
                 from /public/home/tangwsh/PhysX/physx/source/physxextensions/src/tet/ExtDelaunayBoundaryInserter.h:30,
                 from /public/home/tangwsh/PhysX/physx/source/physxextensions/src/ExtTetMakerExt.cpp:29:
/public/home/tangwsh/PhysX/physx/include/foundation/PxPreprocessor.h:524: warning: "PX_SUPPORT_GPU_PHYSX" redefined
  524 |         #define PX_SUPPORT_GPU_PHYSX ((PX_X64 && (PX_WINDOWS_FAMILY || PX_LINUX)) || (PX_A64 && PX_LINUX))
      | 
<command-line>: note: this is the location of the previous definition
[ 80%] Building CXX object CMakeFiles/PhysXExtensions.dir/public/home/tangwsh/PhysX/physx/source/physxextensions/src/ExtTetrahedronMeshExt.cpp.o
In file included from /public/home/tangwsh/PhysX/physx/include/foundation/PxMath.h:33,
                 from /public/home/tangwsh/PhysX/physx/include/foundation/PxVec3.h:33,
                 from /public/home/tangwsh/PhysX/physx/include/extensions/PxTetrahedronMeshExt.h:32,
                 from /public/home/tangwsh/PhysX/physx/source/physxextensions/src/ExtTetrahedronMeshExt.cpp:29:
/public/home/tangwsh/PhysX/physx/include/foundation/PxPreprocessor.h:524: warning: "PX_SUPPORT_GPU_PHYSX" redefined
  524 |         #define PX_SUPPORT_GPU_PHYSX ((PX_X64 && (PX_WINDOWS_FAMILY || PX_LINUX)) || (PX_A64 && PX_LINUX))
      | 
<command-line>: note: this is the location of the previous definition
[ 80%] Building CXX object CMakeFiles/PhysXExtensions.dir/public/home/tangwsh/PhysX/physx/source/physxextensions/src/ExtTriangleMeshExt.cpp.o
In file included from /public/home/tangwsh/PhysX/physx/include/foundation/PxMath.h:33,
                 from /public/home/tangwsh/PhysX/physx/include/foundation/PxVec3.h:33,
                 from /public/home/tangwsh/PhysX/physx/include/foundation/PxQuat.h:33,
                 from /public/home/tangwsh/PhysX/physx/include/foundation/PxTransform.h:32,
                 from /public/home/tangwsh/PhysX/physx/include/geometry/PxMeshQuery.h:33,
                 from /public/home/tangwsh/PhysX/physx/source/physxextensions/src/ExtTriangleMeshExt.cpp:30:
/public/home/tangwsh/PhysX/physx/include/foundation/PxPreprocessor.h:524: warning: "PX_SUPPORT_GPU_PHYSX" redefined
  524 |         #define PX_SUPPORT_GPU_PHYSX ((PX_X64 && (PX_WINDOWS_FAMILY || PX_LINUX)) || (PX_A64 && PX_LINUX))
      | 
<command-line>: note: this is the location of the previous definition
[ 80%] Building CXX object CMakeFiles/PhysXExtensions.dir/public/home/tangwsh/PhysX/physx/source/physxextensions/src/serialization/Binary/SnBinaryDeserialization.cpp.o
In file included from /public/home/tangwsh/PhysX/physx/include/foundation/PxFoundationConfig.h:32,
                 from /public/home/tangwsh/PhysX/physx/include/foundation/PxAssert.h:33,
                 from /public/home/tangwsh/PhysX/physx/include/common/PxSerializer.h:32,
                 from /public/home/tangwsh/PhysX/physx/source/physxextensions/src/serialization/Binary/SnBinaryDeserialization.cpp:29:
/public/home/tangwsh/PhysX/physx/include/foundation/PxPreprocessor.h:524: warning: "PX_SUPPORT_GPU_PHYSX" redefined
  524 |         #define PX_SUPPORT_GPU_PHYSX ((PX_X64 && (PX_WINDOWS_FAMILY || PX_LINUX)) || (PX_A64 && PX_LINUX))
      | 
<command-line>: note: this is the location of the previous definition
[ 80%] Building CXX object CMakeFiles/PhysXExtensions.dir/public/home/tangwsh/PhysX/physx/source/physxextensions/src/serialization/Binary/SnBinarySerialization.cpp.o
In file included from /public/home/tangwsh/PhysX/physx/include/foundation/PxFoundationConfig.h:32,
                 from /public/home/tangwsh/PhysX/physx/include/foundation/PxAssert.h:33,
                 from /public/home/tangwsh/PhysX/physx/include/common/PxSerializer.h:32,
                 from /public/home/tangwsh/PhysX/physx/source/physxextensions/src/serialization/Binary/SnBinarySerialization.cpp:29:
/public/home/tangwsh/PhysX/physx/include/foundation/PxPreprocessor.h:524: warning: "PX_SUPPORT_GPU_PHYSX" redefined
  524 |         #define PX_SUPPORT_GPU_PHYSX ((PX_X64 && (PX_WINDOWS_FAMILY || PX_LINUX)) || (PX_A64 && PX_LINUX))
      | 
<command-line>: note: this is the location of the previous definition
[ 81%] Building CXX object CMakeFiles/PhysXExtensions.dir/public/home/tangwsh/PhysX/physx/source/physxextensions/src/serialization/Binary/SnSerializationContext.cpp.o
In file included from /public/home/tangwsh/PhysX/physx/include/foundation/PxSimpleTypes.h:36,
                 from /public/home/tangwsh/PhysX/physx/include/foundation/PxFlags.h:33,
                 from /public/home/tangwsh/PhysX/physx/include/common/PxBase.h:33,
                 from /public/home/tangwsh/PhysX/physx/source/physxextensions/src/serialization/Binary/SnSerializationContext.cpp:29:
/public/home/tangwsh/PhysX/physx/include/foundation/PxPreprocessor.h:524: warning: "PX_SUPPORT_GPU_PHYSX" redefined
  524 |         #define PX_SUPPORT_GPU_PHYSX ((PX_X64 && (PX_WINDOWS_FAMILY || PX_LINUX)) || (PX_A64 && PX_LINUX))
      | 
<command-line>: note: this is the location of the previous definition
[ 81%] Building CXX object CMakeFiles/PhysXExtensions.dir/public/home/tangwsh/PhysX/physx/source/physxextensions/src/serialization/SnSerialUtils.cpp.o
In file included from /public/home/tangwsh/PhysX/physx/include/foundation/PxSimpleTypes.h:36,
                 from /public/home/tangwsh/PhysX/physx/include/common/PxPhysXCommonConfig.h:32,
                 from /public/home/tangwsh/PhysX/physx/include/PxPhysXConfig.h:35,
                 from /public/home/tangwsh/PhysX/physx/include/extensions/PxSerialization.h:32,
                 from /public/home/tangwsh/PhysX/physx/source/physxextensions/src/serialization/SnSerialUtils.cpp:29:
/public/home/tangwsh/PhysX/physx/include/foundation/PxPreprocessor.h:524: warning: "PX_SUPPORT_GPU_PHYSX" redefined
  524 |         #define PX_SUPPORT_GPU_PHYSX ((PX_X64 && (PX_WINDOWS_FAMILY || PX_LINUX)) || (PX_A64 && PX_LINUX))
      | 
<command-line>: note: this is the location of the previous definition
[ 81%] Building CXX object CMakeFiles/PhysXExtensions.dir/public/home/tangwsh/PhysX/physx/source/physxextensions/src/serialization/SnSerialization.cpp.o
In file included from /public/home/tangwsh/PhysX/physx/include/foundation/PxFoundationConfig.h:32,
                 from /public/home/tangwsh/PhysX/physx/include/foundation/PxAssert.h:33,
                 from /public/home/tangwsh/PhysX/physx/include/common/PxSerializer.h:32,
                 from /public/home/tangwsh/PhysX/physx/source/physxextensions/src/serialization/SnSerialization.cpp:29:
/public/home/tangwsh/PhysX/physx/include/foundation/PxPreprocessor.h:524: warning: "PX_SUPPORT_GPU_PHYSX" redefined
  524 |         #define PX_SUPPORT_GPU_PHYSX ((PX_X64 && (PX_WINDOWS_FAMILY || PX_LINUX)) || (PX_A64 && PX_LINUX))
      | 
<command-line>: note: this is the location of the previous definition
[ 81%] Building CXX object CMakeFiles/PhysXExtensions.dir/public/home/tangwsh/PhysX/physx/source/physxextensions/src/serialization/SnSerializationRegistry.cpp.o
In file included from /public/home/tangwsh/PhysX/physx/include/foundation/PxFoundationConfig.h:32,
                 from /public/home/tangwsh/PhysX/physx/include/foundation/PxAssert.h:33,
                 from /public/home/tangwsh/PhysX/physx/include/common/PxSerializer.h:32,
                 from /public/home/tangwsh/PhysX/physx/source/physxextensions/src/serialization/SnSerializationRegistry.cpp:29:
/public/home/tangwsh/PhysX/physx/include/foundation/PxPreprocessor.h:524: warning: "PX_SUPPORT_GPU_PHYSX" redefined
  524 |         #define PX_SUPPORT_GPU_PHYSX ((PX_X64 && (PX_WINDOWS_FAMILY || PX_LINUX)) || (PX_A64 && PX_LINUX))
      | 
<command-line>: note: this is the location of the previous definition
[ 81%] Building CXX object CMakeFiles/PhysXExtensions.dir/public/home/tangwsh/PhysX/physx/source/physxextensions/src/serialization/Xml/PsFastXml.cpp.o
In file included from /public/home/tangwsh/PhysX/physx/include/foundation/PxFoundationConfig.h:32,
                 from /public/home/tangwsh/PhysX/physx/include/foundation/PxAssert.h:33,
                 from /public/home/tangwsh/PhysX/physx/source/physxextensions/src/serialization/Xml/PsFastXml.cpp:29:
/public/home/tangwsh/PhysX/physx/include/foundation/PxPreprocessor.h:524: warning: "PX_SUPPORT_GPU_PHYSX" redefined
  524 |         #define PX_SUPPORT_GPU_PHYSX ((PX_X64 && (PX_WINDOWS_FAMILY || PX_LINUX)) || (PX_A64 && PX_LINUX))
      | 
<command-line>: note: this is the location of the previous definition
[ 82%] Building CXX object CMakeFiles/PhysXExtensions.dir/public/home/tangwsh/PhysX/physx/source/physxextensions/src/serialization/Xml/SnJointRepXSerializer.cpp.o
In file included from /public/home/tangwsh/PhysX/physx/include/foundation/PxSimpleTypes.h:36,
                 from /public/home/tangwsh/PhysX/physx/include/foundation/PxMemory.h:33,
                 from /public/home/tangwsh/PhysX/physx/source/physxmetadata/core/include/PxMetaDataObjects.h:31,
                 from /public/home/tangwsh/PhysX/physx/source/physxextensions/src/serialization/Xml/SnJointRepXSerializer.cpp:28:
/public/home/tangwsh/PhysX/physx/include/foundation/PxPreprocessor.h:524: warning: "PX_SUPPORT_GPU_PHYSX" redefined
  524 |         #define PX_SUPPORT_GPU_PHYSX ((PX_X64 && (PX_WINDOWS_FAMILY || PX_LINUX)) || (PX_A64 && PX_LINUX))
      | 
<command-line>: note: this is the location of the previous definition
[ 82%] Building CXX object CMakeFiles/PhysXExtensions.dir/public/home/tangwsh/PhysX/physx/source/physxextensions/src/serialization/Xml/SnRepXCoreSerializer.cpp.o
In file included from /public/home/tangwsh/PhysX/physx/include/foundation/PxFoundationConfig.h:32,
                 from /public/home/tangwsh/PhysX/physx/include/foundation/PxAllocatorCallback.h:33,
                 from /public/home/tangwsh/PhysX/physx/include/foundation/PxAllocator.h:32,
                 from /public/home/tangwsh/PhysX/physx/include/foundation/PxUserAllocated.h:32,
                 from /public/home/tangwsh/PhysX/physx/include/foundation/PxAlignedMalloc.h:32,
                 from /public/home/tangwsh/PhysX/physx/include/PxPhysicsAPI.h:40,
                 from /public/home/tangwsh/PhysX/physx/source/physxextensions/src/serialization/Xml/SnRepXCoreSerializer.cpp:29:
/public/home/tangwsh/PhysX/physx/include/foundation/PxPreprocessor.h:524: warning: "PX_SUPPORT_GPU_PHYSX" redefined
  524 |         #define PX_SUPPORT_GPU_PHYSX ((PX_X64 && (PX_WINDOWS_FAMILY || PX_LINUX)) || (PX_A64 && PX_LINUX))
      | 
<command-line>: note: this is the location of the previous definition
[ 82%] Building CXX object CMakeFiles/PhysXExtensions.dir/public/home/tangwsh/PhysX/physx/source/physxextensions/src/serialization/Xml/SnRepXUpgrader.cpp.o
In file included from /public/home/tangwsh/PhysX/physx/include/foundation/PxSimpleTypes.h:36,
                 from /public/home/tangwsh/PhysX/physx/include/foundation/PxMemory.h:33,
                 from /public/home/tangwsh/PhysX/physx/source/physxextensions/src/serialization/Xml/SnRepXUpgrader.cpp:29:
/public/home/tangwsh/PhysX/physx/include/foundation/PxPreprocessor.h:524: warning: "PX_SUPPORT_GPU_PHYSX" redefined
  524 |         #define PX_SUPPORT_GPU_PHYSX ((PX_X64 && (PX_WINDOWS_FAMILY || PX_LINUX)) || (PX_A64 && PX_LINUX))
      | 
<command-line>: note: this is the location of the previous definition
[ 82%] Building CXX object CMakeFiles/PhysXExtensions.dir/public/home/tangwsh/PhysX/physx/source/physxextensions/src/serialization/Xml/SnXmlSerialization.cpp.o
In file included from /public/home/tangwsh/PhysX/physx/include/foundation/PxFoundationConfig.h:32,
                 from /public/home/tangwsh/PhysX/physx/include/foundation/PxAssert.h:33,
                 from /public/home/tangwsh/PhysX/physx/source/physxextensions/src/serialization/Xml/SnXmlMemoryPool.h:32,
                 from /public/home/tangwsh/PhysX/physx/source/physxextensions/src/serialization/Xml/SnXmlImpl.h:32,
                 from /public/home/tangwsh/PhysX/physx/source/physxextensions/src/serialization/Xml/SnXmlSerialization.cpp:28:
/public/home/tangwsh/PhysX/physx/include/foundation/PxPreprocessor.h:524: warning: "PX_SUPPORT_GPU_PHYSX" redefined
  524 |         #define PX_SUPPORT_GPU_PHYSX ((PX_X64 && (PX_WINDOWS_FAMILY || PX_LINUX)) || (PX_A64 && PX_LINUX))
      | 
<command-line>: note: this is the location of the previous definition
[ 82%] Building CXX object CMakeFiles/PhysXExtensions.dir/public/home/tangwsh/PhysX/physx/source/physxextensions/src/tet/ExtBVH.cpp.o
In file included from /public/home/tangwsh/PhysX/physx/include/foundation/PxMath.h:33,
                 from /public/home/tangwsh/PhysX/physx/include/foundation/PxVec3.h:33,
                 from /public/home/tangwsh/PhysX/physx/include/foundation/PxQuat.h:33,
                 from /public/home/tangwsh/PhysX/physx/include/foundation/PxTransform.h:32,
                 from /public/home/tangwsh/PhysX/physx/include/foundation/PxBounds3.h:32,
                 from /public/home/tangwsh/PhysX/physx/source/physxextensions/src/tet/ExtBVH.h:31,
                 from /public/home/tangwsh/PhysX/physx/source/physxextensions/src/tet/ExtBVH.cpp:27:
/public/home/tangwsh/PhysX/physx/include/foundation/PxPreprocessor.h:524: warning: "PX_SUPPORT_GPU_PHYSX" redefined
  524 |         #define PX_SUPPORT_GPU_PHYSX ((PX_X64 && (PX_WINDOWS_FAMILY || PX_LINUX)) || (PX_A64 && PX_LINUX))
      | 
<command-line>: note: this is the location of the previous definition
[ 83%] Building CXX object CMakeFiles/PhysXExtensions.dir/public/home/tangwsh/PhysX/physx/source/physxextensions/src/tet/ExtDelaunayBoundaryInserter.cpp.o
In file included from /public/home/tangwsh/PhysX/physx/include/foundation/PxFoundationConfig.h:32,
                 from /public/home/tangwsh/PhysX/physx/include/foundation/PxAllocatorCallback.h:33,
                 from /public/home/tangwsh/PhysX/physx/include/foundation/PxAllocator.h:32,
                 from /public/home/tangwsh/PhysX/physx/include/foundation/PxHashInternals.h:32,
                 from /public/home/tangwsh/PhysX/physx/include/foundation/PxHashSet.h:32,
                 from /public/home/tangwsh/PhysX/physx/source/physxextensions/src/tet/ExtDelaunayBoundaryInserter.h:30,
                 from /public/home/tangwsh/PhysX/physx/source/physxextensions/src/tet/ExtDelaunayBoundaryInserter.cpp:27:
/public/home/tangwsh/PhysX/physx/include/foundation/PxPreprocessor.h:524: warning: "PX_SUPPORT_GPU_PHYSX" redefined
  524 |         #define PX_SUPPORT_GPU_PHYSX ((PX_X64 && (PX_WINDOWS_FAMILY || PX_LINUX)) || (PX_A64 && PX_LINUX))
      | 
<command-line>: note: this is the location of the previous definition
[ 83%] Building CXX object CMakeFiles/PhysXExtensions.dir/public/home/tangwsh/PhysX/physx/source/physxextensions/src/tet/ExtDelaunayTetrahedralizer.cpp.o
In file included from /public/home/tangwsh/PhysX/physx/include/foundation/PxFoundationConfig.h:32,
                 from /public/home/tangwsh/PhysX/physx/include/foundation/PxAssert.h:33,
                 from /public/home/tangwsh/PhysX/physx/include/foundation/PxArray.h:32,
                 from /public/home/tangwsh/PhysX/physx/source/physxextensions/src/tet/ExtDelaunayTetrahedralizer.h:30,
                 from /public/home/tangwsh/PhysX/physx/source/physxextensions/src/tet/ExtDelaunayTetrahedralizer.cpp:27:
/public/home/tangwsh/PhysX/physx/include/foundation/PxPreprocessor.h:524: warning: "PX_SUPPORT_GPU_PHYSX" redefined
  524 |         #define PX_SUPPORT_GPU_PHYSX ((PX_X64 && (PX_WINDOWS_FAMILY || PX_LINUX)) || (PX_A64 && PX_LINUX))
      | 
<command-line>: note: this is the location of the previous definition
[ 83%] Building CXX object CMakeFiles/PhysXExtensions.dir/public/home/tangwsh/PhysX/physx/source/physxextensions/src/tet/ExtFastWindingNumber.cpp.o
In file included from /public/home/tangwsh/PhysX/physx/include/foundation/PxMath.h:33,
                 from /public/home/tangwsh/PhysX/physx/source/physxextensions/src/tet/ExtVec3.h:30,
                 from /public/home/tangwsh/PhysX/physx/source/physxextensions/src/tet/ExtFastWindingNumber.h:31,
                 from /public/home/tangwsh/PhysX/physx/source/physxextensions/src/tet/ExtFastWindingNumber.cpp:27:
/public/home/tangwsh/PhysX/physx/include/foundation/PxPreprocessor.h:524: warning: "PX_SUPPORT_GPU_PHYSX" redefined
  524 |         #define PX_SUPPORT_GPU_PHYSX ((PX_X64 && (PX_WINDOWS_FAMILY || PX_LINUX)) || (PX_A64 && PX_LINUX))
      | 
<command-line>: note: this is the location of the previous definition
[ 83%] Building CXX object CMakeFiles/PhysXExtensions.dir/public/home/tangwsh/PhysX/physx/source/physxextensions/src/tet/ExtInsideTester.cpp.o
In file included from /public/home/tangwsh/PhysX/physx/include/foundation/PxMath.h:33,
                 from /public/home/tangwsh/PhysX/physx/include/foundation/PxVec3.h:33,
                 from /public/home/tangwsh/PhysX/physx/source/physxextensions/src/tet/ExtInsideTester.h:36,
                 from /public/home/tangwsh/PhysX/physx/source/physxextensions/src/tet/ExtInsideTester.cpp:27:
/public/home/tangwsh/PhysX/physx/include/foundation/PxPreprocessor.h:524: warning: "PX_SUPPORT_GPU_PHYSX" redefined
  524 |         #define PX_SUPPORT_GPU_PHYSX ((PX_X64 && (PX_WINDOWS_FAMILY || PX_LINUX)) || (PX_A64 && PX_LINUX))
      | 
<command-line>: note: this is the location of the previous definition
[ 83%] Building CXX object CMakeFiles/PhysXExtensions.dir/public/home/tangwsh/PhysX/physx/source/physxextensions/src/tet/ExtMeshSimplificator.cpp.o
In file included from /public/home/tangwsh/PhysX/physx/include/foundation/PxMath.h:33,
                 from /public/home/tangwsh/PhysX/physx/include/foundation/PxVec3.h:33,
                 from /public/home/tangwsh/PhysX/physx/include/foundation/PxQuat.h:33,
                 from /public/home/tangwsh/PhysX/physx/include/foundation/PxTransform.h:32,
                 from /public/home/tangwsh/PhysX/physx/include/foundation/PxBounds3.h:32,
                 from /public/home/tangwsh/PhysX/physx/source/physxextensions/src/tet/ExtMeshSimplificator.h:31,
                 from /public/home/tangwsh/PhysX/physx/source/physxextensions/src/tet/ExtMeshSimplificator.cpp:27:
/public/home/tangwsh/PhysX/physx/include/foundation/PxPreprocessor.h:524: warning: "PX_SUPPORT_GPU_PHYSX" redefined
  524 |         #define PX_SUPPORT_GPU_PHYSX ((PX_X64 && (PX_WINDOWS_FAMILY || PX_LINUX)) || (PX_A64 && PX_LINUX))
      | 
<command-line>: note: this is the location of the previous definition
[ 84%] Building CXX object CMakeFiles/PhysXExtensions.dir/public/home/tangwsh/PhysX/physx/source/physxextensions/src/tet/ExtOctreeTetrahedralizer.cpp.o
In file included from /public/home/tangwsh/PhysX/physx/include/foundation/PxFoundationConfig.h:32,
                 from /public/home/tangwsh/PhysX/physx/include/foundation/PxAssert.h:33,
                 from /public/home/tangwsh/PhysX/physx/include/foundation/PxArray.h:32,
                 from /public/home/tangwsh/PhysX/physx/source/physxextensions/src/tet/ExtMultiList.h:35,
                 from /public/home/tangwsh/PhysX/physx/source/physxextensions/src/tet/ExtOctreeTetrahedralizer.h:33,
                 from /public/home/tangwsh/PhysX/physx/source/physxextensions/src/tet/ExtOctreeTetrahedralizer.cpp:27:
/public/home/tangwsh/PhysX/physx/include/foundation/PxPreprocessor.h:524: warning: "PX_SUPPORT_GPU_PHYSX" redefined
  524 |         #define PX_SUPPORT_GPU_PHYSX ((PX_X64 && (PX_WINDOWS_FAMILY || PX_LINUX)) || (PX_A64 && PX_LINUX))
      | 
<command-line>: note: this is the location of the previous definition
[ 84%] Building CXX object CMakeFiles/PhysXExtensions.dir/public/home/tangwsh/PhysX/physx/source/physxextensions/src/tet/ExtRemesher.cpp.o
In file included from /public/home/tangwsh/PhysX/physx/include/foundation/PxMath.h:33,
                 from /public/home/tangwsh/PhysX/physx/include/foundation/PxVec3.h:33,
                 from /public/home/tangwsh/PhysX/physx/include/foundation/PxQuat.h:33,
                 from /public/home/tangwsh/PhysX/physx/include/foundation/PxTransform.h:32,
                 from /public/home/tangwsh/PhysX/physx/include/foundation/PxBounds3.h:32,
                 from /public/home/tangwsh/PhysX/physx/source/physxextensions/src/tet/ExtRemesher.h:31,
                 from /public/home/tangwsh/PhysX/physx/source/physxextensions/src/tet/ExtRemesher.cpp:27:
/public/home/tangwsh/PhysX/physx/include/foundation/PxPreprocessor.h:524: warning: "PX_SUPPORT_GPU_PHYSX" redefined
  524 |         #define PX_SUPPORT_GPU_PHYSX ((PX_X64 && (PX_WINDOWS_FAMILY || PX_LINUX)) || (PX_A64 && PX_LINUX))
      | 
<command-line>: note: this is the location of the previous definition
[ 84%] Building CXX object CMakeFiles/PhysXExtensions.dir/public/home/tangwsh/PhysX/physx/source/physxextensions/src/tet/ExtTetSplitting.cpp.o
In file included from /public/home/tangwsh/PhysX/physx/include/foundation/PxMath.h:33,
                 from /public/home/tangwsh/PhysX/physx/source/physxextensions/src/tet/ExtVec3.h:30,
                 from /public/home/tangwsh/PhysX/physx/source/physxextensions/src/tet/ExtTetSplitting.h:30,
                 from /public/home/tangwsh/PhysX/physx/source/physxextensions/src/tet/ExtTetSplitting.cpp:27:
/public/home/tangwsh/PhysX/physx/include/foundation/PxPreprocessor.h:524: warning: "PX_SUPPORT_GPU_PHYSX" redefined
  524 |         #define PX_SUPPORT_GPU_PHYSX ((PX_X64 && (PX_WINDOWS_FAMILY || PX_LINUX)) || (PX_A64 && PX_LINUX))
      | 
<command-line>: note: this is the location of the previous definition
[ 84%] Building CXX object CMakeFiles/PhysXExtensions.dir/public/home/tangwsh/PhysX/physx/source/physxextensions/src/tet/ExtTetUnionFind.cpp.o
In file included from /public/home/tangwsh/PhysX/physx/include/foundation/PxFoundationConfig.h:32,
                 from /public/home/tangwsh/PhysX/physx/include/foundation/PxAssert.h:33,
                 from /public/home/tangwsh/PhysX/physx/include/foundation/PxArray.h:32,
                 from /public/home/tangwsh/PhysX/physx/source/physxextensions/src/tet/ExtTetUnionFind.h:30,
                 from /public/home/tangwsh/PhysX/physx/source/physxextensions/src/tet/ExtTetUnionFind.cpp:27:
/public/home/tangwsh/PhysX/physx/include/foundation/PxPreprocessor.h:524: warning: "PX_SUPPORT_GPU_PHYSX" redefined
  524 |         #define PX_SUPPORT_GPU_PHYSX ((PX_X64 && (PX_WINDOWS_FAMILY || PX_LINUX)) || (PX_A64 && PX_LINUX))
      | 
<command-line>: note: this is the location of the previous definition
[ 84%] Building CXX object CMakeFiles/PhysXExtensions.dir/public/home/tangwsh/PhysX/physx/source/physxextensions/src/tet/ExtUtilities.cpp.o
In file included from /public/home/tangwsh/PhysX/physx/include/foundation/PxFoundationConfig.h:32,
                 from /public/home/tangwsh/PhysX/physx/include/foundation/PxAssert.h:33,
                 from /public/home/tangwsh/PhysX/physx/source/physxextensions/src/tet/ExtUtilities.cpp:27:
/public/home/tangwsh/PhysX/physx/include/foundation/PxPreprocessor.h:524: warning: "PX_SUPPORT_GPU_PHYSX" redefined
  524 |         #define PX_SUPPORT_GPU_PHYSX ((PX_X64 && (PX_WINDOWS_FAMILY || PX_LINUX)) || (PX_A64 && PX_LINUX))
      | 
<command-line>: note: this is the location of the previous definition
[ 85%] Building CXX object CMakeFiles/PhysXExtensions.dir/public/home/tangwsh/PhysX/physx/source/physxextensions/src/tet/ExtVoxelTetrahedralizer.cpp.o
In file included from /public/home/tangwsh/PhysX/physx/include/foundation/PxFoundationConfig.h:32,
                 from /public/home/tangwsh/PhysX/physx/include/foundation/PxAssert.h:33,
                 from /public/home/tangwsh/PhysX/physx/include/foundation/PxArray.h:32,
                 from /public/home/tangwsh/PhysX/physx/source/physxextensions/src/tet/ExtMultiList.h:35,
                 from /public/home/tangwsh/PhysX/physx/source/physxextensions/src/tet/ExtVoxelTetrahedralizer.h:33,
                 from /public/home/tangwsh/PhysX/physx/source/physxextensions/src/tet/ExtVoxelTetrahedralizer.cpp:27:
/public/home/tangwsh/PhysX/physx/include/foundation/PxPreprocessor.h:524: warning: "PX_SUPPORT_GPU_PHYSX" redefined
  524 |         #define PX_SUPPORT_GPU_PHYSX ((PX_X64 && (PX_WINDOWS_FAMILY || PX_LINUX)) || (PX_A64 && PX_LINUX))
      | 
<command-line>: note: this is the location of the previous definition
[ 85%] Linking CXX static library libPhysXExtensions.a
[ 85%] Built target PhysXExtensions
[ 85%] Building CXX object CMakeFiles/PhysXVehicle.dir/public/home/tangwsh/PhysX/physx/source/physxvehicle/src/commands/VhCommandHelpers.cpp.o
In file included from /public/home/tangwsh/PhysX/physx/include/foundation/PxSimpleTypes.h:36,
                 from /public/home/tangwsh/PhysX/physx/include/foundation/PxFoundation.h:33,
                 from /public/home/tangwsh/PhysX/physx/include/vehicle2/commands/PxVehicleCommandParams.h:32,
                 from /public/home/tangwsh/PhysX/physx/source/physxvehicle/src/commands/VhCommandHelpers.cpp:29:
/public/home/tangwsh/PhysX/physx/include/foundation/PxPreprocessor.h:524: warning: "PX_SUPPORT_GPU_PHYSX" redefined
  524 |         #define PX_SUPPORT_GPU_PHYSX ((PX_X64 && (PX_WINDOWS_FAMILY || PX_LINUX)) || (PX_A64 && PX_LINUX))
      | 
<command-line>: note: this is the location of the previous definition
[ 85%] Building CXX object CMakeFiles/PhysXVehicle.dir/public/home/tangwsh/PhysX/physx/source/physxvehicle/src/drivetrain/VhDrivetrainFunctions.cpp.o
In file included from /public/home/tangwsh/PhysX/physx/include/foundation/PxSimpleTypes.h:36,
                 from /public/home/tangwsh/PhysX/physx/include/foundation/PxMemory.h:33,
                 from /public/home/tangwsh/PhysX/physx/source/physxvehicle/src/drivetrain/VhDrivetrainFunctions.cpp:29:
/public/home/tangwsh/PhysX/physx/include/foundation/PxPreprocessor.h:524: warning: "PX_SUPPORT_GPU_PHYSX" redefined
  524 |         #define PX_SUPPORT_GPU_PHYSX ((PX_X64 && (PX_WINDOWS_FAMILY || PX_LINUX)) || (PX_A64 && PX_LINUX))
      | 
<command-line>: note: this is the location of the previous definition
[ 86%] Building CXX object CMakeFiles/PhysXVehicle.dir/public/home/tangwsh/PhysX/physx/source/physxvehicle/src/drivetrain/VhDrivetrainHelpers.cpp.o
In file included from /public/home/tangwsh/PhysX/physx/include/foundation/PxSimpleTypes.h:36,
                 from /public/home/tangwsh/PhysX/physx/include/foundation/PxFoundation.h:33,
                 from /public/home/tangwsh/PhysX/physx/include/vehicle2/PxVehicleParams.h:30,
                 from /public/home/tangwsh/PhysX/physx/source/physxvehicle/src/drivetrain/VhDrivetrainHelpers.cpp:29:
/public/home/tangwsh/PhysX/physx/include/foundation/PxPreprocessor.h:524: warning: "PX_SUPPORT_GPU_PHYSX" redefined
  524 |         #define PX_SUPPORT_GPU_PHYSX ((PX_X64 && (PX_WINDOWS_FAMILY || PX_LINUX)) || (PX_A64 && PX_LINUX))
      | 
<command-line>: note: this is the location of the previous definition
[ 86%] Building CXX object CMakeFiles/PhysXVehicle.dir/public/home/tangwsh/PhysX/physx/source/physxvehicle/src/physxActor/VhPhysXActorFunctions.cpp.o
In file included from /public/home/tangwsh/PhysX/physx/include/foundation/PxSimpleTypes.h:36,
                 from /public/home/tangwsh/PhysX/physx/include/foundation/PxFoundation.h:33,
                 from /public/home/tangwsh/PhysX/physx/include/vehicle2/PxVehicleParams.h:30,
                 from /public/home/tangwsh/PhysX/physx/source/physxvehicle/src/physxActor/VhPhysXActorFunctions.cpp:29:
/public/home/tangwsh/PhysX/physx/include/foundation/PxPreprocessor.h:524: warning: "PX_SUPPORT_GPU_PHYSX" redefined
  524 |         #define PX_SUPPORT_GPU_PHYSX ((PX_X64 && (PX_WINDOWS_FAMILY || PX_LINUX)) || (PX_A64 && PX_LINUX))
      | 
<command-line>: note: this is the location of the previous definition
[ 86%] Building CXX object CMakeFiles/PhysXVehicle.dir/public/home/tangwsh/PhysX/physx/source/physxvehicle/src/physxActor/VhPhysXActorHelpers.cpp.o
In file included from /public/home/tangwsh/PhysX/physx/include/foundation/PxSimpleTypes.h:36,
                 from /public/home/tangwsh/PhysX/physx/include/foundation/PxFoundation.h:33,
                 from /public/home/tangwsh/PhysX/physx/include/vehicle2/PxVehicleParams.h:30,
                 from /public/home/tangwsh/PhysX/physx/source/physxvehicle/src/physxActor/VhPhysXActorHelpers.cpp:29:
/public/home/tangwsh/PhysX/physx/include/foundation/PxPreprocessor.h:524: warning: "PX_SUPPORT_GPU_PHYSX" redefined
  524 |         #define PX_SUPPORT_GPU_PHYSX ((PX_X64 && (PX_WINDOWS_FAMILY || PX_LINUX)) || (PX_A64 && PX_LINUX))
      | 
<command-line>: note: this is the location of the previous definition
[ 86%] Building CXX object CMakeFiles/PhysXVehicle.dir/public/home/tangwsh/PhysX/physx/source/physxvehicle/src/physxConstraints/VhPhysXConstraintFunctions.cpp.o
In file included from /public/home/tangwsh/PhysX/physx/include/foundation/PxSimpleTypes.h:36,
                 from /public/home/tangwsh/PhysX/physx/include/foundation/PxFoundation.h:33,
                 from /public/home/tangwsh/PhysX/physx/include/vehicle2/PxVehicleParams.h:30,
                 from /public/home/tangwsh/PhysX/physx/source/physxvehicle/src/physxConstraints/VhPhysXConstraintFunctions.cpp:29:
/public/home/tangwsh/PhysX/physx/include/foundation/PxPreprocessor.h:524: warning: "PX_SUPPORT_GPU_PHYSX" redefined
  524 |         #define PX_SUPPORT_GPU_PHYSX ((PX_X64 && (PX_WINDOWS_FAMILY || PX_LINUX)) || (PX_A64 && PX_LINUX))
      | 
<command-line>: note: this is the location of the previous definition
[ 86%] Building CXX object CMakeFiles/PhysXVehicle.dir/public/home/tangwsh/PhysX/physx/source/physxvehicle/src/physxConstraints/VhPhysXConstraintHelpers.cpp.o
In file included from /public/home/tangwsh/PhysX/physx/include/foundation/PxFoundationConfig.h:32,
                 from /public/home/tangwsh/PhysX/physx/include/foundation/PxAllocatorCallback.h:33,
                 from /public/home/tangwsh/PhysX/physx/include/foundation/PxAllocator.h:32,
                 from /public/home/tangwsh/PhysX/physx/source/physxvehicle/src/physxConstraints/VhPhysXConstraintHelpers.cpp:29:
/public/home/tangwsh/PhysX/physx/include/foundation/PxPreprocessor.h:524: warning: "PX_SUPPORT_GPU_PHYSX" redefined
  524 |         #define PX_SUPPORT_GPU_PHYSX ((PX_X64 && (PX_WINDOWS_FAMILY || PX_LINUX)) || (PX_A64 && PX_LINUX))
      | 
<command-line>: note: this is the location of the previous definition
[ 87%] Building CXX object CMakeFiles/PhysXVehicle.dir/public/home/tangwsh/PhysX/physx/source/physxvehicle/src/physxRoadGeometry/VhPhysXRoadGeometryFunctions.cpp.o
In file included from /public/home/tangwsh/PhysX/physx/include/foundation/PxSimpleTypes.h:36,
                 from /public/home/tangwsh/PhysX/physx/include/foundation/PxFoundation.h:33,
                 from /public/home/tangwsh/PhysX/physx/include/vehicle2/PxVehicleParams.h:30,
                 from /public/home/tangwsh/PhysX/physx/source/physxvehicle/src/physxRoadGeometry/VhPhysXRoadGeometryFunctions.cpp:29:
/public/home/tangwsh/PhysX/physx/include/foundation/PxPreprocessor.h:524: warning: "PX_SUPPORT_GPU_PHYSX" redefined
  524 |         #define PX_SUPPORT_GPU_PHYSX ((PX_X64 && (PX_WINDOWS_FAMILY || PX_LINUX)) || (PX_A64 && PX_LINUX))
      | 
<command-line>: note: this is the location of the previous definition
[ 87%] Building CXX object CMakeFiles/PhysXVehicle.dir/public/home/tangwsh/PhysX/physx/source/physxvehicle/src/physxRoadGeometry/VhPhysXRoadGeometryHelpers.cpp.o
In file included from /public/home/tangwsh/PhysX/physx/include/foundation/PxSimpleTypes.h:36,
                 from /public/home/tangwsh/PhysX/physx/include/foundation/PxFoundation.h:33,
                 from /public/home/tangwsh/PhysX/physx/include/vehicle2/PxVehicleParams.h:30,
                 from /public/home/tangwsh/PhysX/physx/source/physxvehicle/src/physxRoadGeometry/VhPhysXRoadGeometryHelpers.cpp:29:
/public/home/tangwsh/PhysX/physx/include/foundation/PxPreprocessor.h:524: warning: "PX_SUPPORT_GPU_PHYSX" redefined
  524 |         #define PX_SUPPORT_GPU_PHYSX ((PX_X64 && (PX_WINDOWS_FAMILY || PX_LINUX)) || (PX_A64 && PX_LINUX))
      | 
<command-line>: note: this is the location of the previous definition
[ 87%] Building CXX object CMakeFiles/PhysXVehicle.dir/public/home/tangwsh/PhysX/physx/source/physxvehicle/src/pvd/VhPvdFunctions.cpp.o
In file included from /public/home/tangwsh/PhysX/physx/include/foundation/PxSimpleTypes.h:36,
                 from /public/home/tangwsh/PhysX/physx/include/vehicle2/pvd/PxVehiclePvdHelpers.h:32,
                 from /public/home/tangwsh/PhysX/physx/source/physxvehicle/src/pvd/VhPvdAttributeHandles.h:31,
                 from /public/home/tangwsh/PhysX/physx/source/physxvehicle/src/pvd/VhPvdFunctions.cpp:29:
/public/home/tangwsh/PhysX/physx/include/foundation/PxPreprocessor.h:524: warning: "PX_SUPPORT_GPU_PHYSX" redefined
  524 |         #define PX_SUPPORT_GPU_PHYSX ((PX_X64 && (PX_WINDOWS_FAMILY || PX_LINUX)) || (PX_A64 && PX_LINUX))
      | 
<command-line>: note: this is the location of the previous definition
[ 87%] Building CXX object CMakeFiles/PhysXVehicle.dir/public/home/tangwsh/PhysX/physx/source/physxvehicle/src/pvd/VhPvdHelpers.cpp.o
In file included from /public/home/tangwsh/PhysX/physx/include/foundation/PxSimpleTypes.h:36,
                 from /public/home/tangwsh/PhysX/physx/include/vehicle2/pvd/PxVehiclePvdHelpers.h:32,
                 from /public/home/tangwsh/PhysX/physx/source/physxvehicle/src/pvd/VhPvdHelpers.cpp:29:
/public/home/tangwsh/PhysX/physx/include/foundation/PxPreprocessor.h:524: warning: "PX_SUPPORT_GPU_PHYSX" redefined
  524 |         #define PX_SUPPORT_GPU_PHYSX ((PX_X64 && (PX_WINDOWS_FAMILY || PX_LINUX)) || (PX_A64 && PX_LINUX))
      | 
<command-line>: note: this is the location of the previous definition
[ 87%] Building CXX object CMakeFiles/PhysXVehicle.dir/public/home/tangwsh/PhysX/physx/source/physxvehicle/src/pvd/VhPvdWriter.cpp.o
In file included from /public/home/tangwsh/PhysX/physx/include/foundation/PxSimpleTypes.h:36,
                 from /public/home/tangwsh/PhysX/physx/include/foundation/PxFoundation.h:33,
                 from /public/home/tangwsh/PhysX/physx/include/vehicle2/braking/PxVehicleBrakingParams.h:32,
                 from /public/home/tangwsh/PhysX/physx/source/physxvehicle/src/pvd/VhPvdWriter.h:31,
                 from /public/home/tangwsh/PhysX/physx/source/physxvehicle/src/pvd/VhPvdWriter.cpp:29:
/public/home/tangwsh/PhysX/physx/include/foundation/PxPreprocessor.h:524: warning: "PX_SUPPORT_GPU_PHYSX" redefined
  524 |         #define PX_SUPPORT_GPU_PHYSX ((PX_X64 && (PX_WINDOWS_FAMILY || PX_LINUX)) || (PX_A64 && PX_LINUX))
      | 
<command-line>: note: this is the location of the previous definition
[ 88%] Building CXX object CMakeFiles/PhysXVehicle.dir/public/home/tangwsh/PhysX/physx/source/physxvehicle/src/rigidBody/VhRigidBodyFunctions.cpp.o
In file included from /public/home/tangwsh/PhysX/physx/include/foundation/PxMath.h:33,
                 from /public/home/tangwsh/PhysX/physx/include/foundation/PxVec3.h:33,
                 from /public/home/tangwsh/PhysX/physx/include/foundation/PxMat33.h:32,
                 from /public/home/tangwsh/PhysX/physx/source/physxvehicle/src/rigidBody/VhRigidBodyFunctions.cpp:29:
/public/home/tangwsh/PhysX/physx/include/foundation/PxPreprocessor.h:524: warning: "PX_SUPPORT_GPU_PHYSX" redefined
  524 |         #define PX_SUPPORT_GPU_PHYSX ((PX_X64 && (PX_WINDOWS_FAMILY || PX_LINUX)) || (PX_A64 && PX_LINUX))
      | 
<command-line>: note: this is the location of the previous definition
[ 88%] Building CXX object CMakeFiles/PhysXVehicle.dir/public/home/tangwsh/PhysX/physx/source/physxvehicle/src/steering/VhSteeringFunctions.cpp.o
In file included from /public/home/tangwsh/PhysX/physx/include/foundation/PxSimpleTypes.h:36,
                 from /public/home/tangwsh/PhysX/physx/include/foundation/PxFoundation.h:33,
                 from /public/home/tangwsh/PhysX/physx/include/vehicle2/PxVehicleParams.h:30,
                 from /public/home/tangwsh/PhysX/physx/source/physxvehicle/src/steering/VhSteeringFunctions.cpp:29:
/public/home/tangwsh/PhysX/physx/include/foundation/PxPreprocessor.h:524: warning: "PX_SUPPORT_GPU_PHYSX" redefined
  524 |         #define PX_SUPPORT_GPU_PHYSX ((PX_X64 && (PX_WINDOWS_FAMILY || PX_LINUX)) || (PX_A64 && PX_LINUX))
      | 
<command-line>: note: this is the location of the previous definition
[ 88%] Building CXX object CMakeFiles/PhysXVehicle.dir/public/home/tangwsh/PhysX/physx/source/physxvehicle/src/suspension/VhSuspensionFunctions.cpp.o
In file included from /public/home/tangwsh/PhysX/physx/include/foundation/PxSimpleTypes.h:36,
                 from /public/home/tangwsh/PhysX/physx/include/foundation/PxFoundation.h:33,
                 from /public/home/tangwsh/PhysX/physx/include/vehicle2/PxVehicleParams.h:30,
                 from /public/home/tangwsh/PhysX/physx/source/physxvehicle/src/suspension/VhSuspensionFunctions.cpp:29:
/public/home/tangwsh/PhysX/physx/include/foundation/PxPreprocessor.h:524: warning: "PX_SUPPORT_GPU_PHYSX" redefined
  524 |         #define PX_SUPPORT_GPU_PHYSX ((PX_X64 && (PX_WINDOWS_FAMILY || PX_LINUX)) || (PX_A64 && PX_LINUX))
      | 
<command-line>: note: this is the location of the previous definition
[ 88%] Building CXX object CMakeFiles/PhysXVehicle.dir/public/home/tangwsh/PhysX/physx/source/physxvehicle/src/suspension/VhSuspensionHelpers.cpp.o
In file included from /public/home/tangwsh/PhysX/physx/include/foundation/PxSimpleTypes.h:36,
                 from /public/home/tangwsh/PhysX/physx/include/foundation/PxFoundation.h:33,
                 from /public/home/tangwsh/PhysX/physx/include/vehicle2/PxVehicleParams.h:30,
                 from /public/home/tangwsh/PhysX/physx/source/physxvehicle/src/suspension/VhSuspensionHelpers.cpp:29:
/public/home/tangwsh/PhysX/physx/include/foundation/PxPreprocessor.h:524: warning: "PX_SUPPORT_GPU_PHYSX" redefined
  524 |         #define PX_SUPPORT_GPU_PHYSX ((PX_X64 && (PX_WINDOWS_FAMILY || PX_LINUX)) || (PX_A64 && PX_LINUX))
      | 
<command-line>: note: this is the location of the previous definition
[ 88%] Building CXX object CMakeFiles/PhysXVehicle.dir/public/home/tangwsh/PhysX/physx/source/physxvehicle/src/tire/VhTireFunctions.cpp.o
In file included from /public/home/tangwsh/PhysX/physx/include/foundation/PxSimpleTypes.h:36,
                 from /public/home/tangwsh/PhysX/physx/include/foundation/PxFoundation.h:33,
                 from /public/home/tangwsh/PhysX/physx/include/vehicle2/PxVehicleParams.h:30,
                 from /public/home/tangwsh/PhysX/physx/source/physxvehicle/src/tire/VhTireFunctions.cpp:29:
/public/home/tangwsh/PhysX/physx/include/foundation/PxPreprocessor.h:524: warning: "PX_SUPPORT_GPU_PHYSX" redefined
  524 |         #define PX_SUPPORT_GPU_PHYSX ((PX_X64 && (PX_WINDOWS_FAMILY || PX_LINUX)) || (PX_A64 && PX_LINUX))
      | 
<command-line>: note: this is the location of the previous definition
[ 89%] Building CXX object CMakeFiles/PhysXVehicle.dir/public/home/tangwsh/PhysX/physx/source/physxvehicle/src/tire/VhTireHelpers.cpp.o
In file included from /public/home/tangwsh/PhysX/physx/include/foundation/PxSimpleTypes.h:36,
                 from /public/home/tangwsh/PhysX/physx/include/foundation/PxFoundation.h:33,
                 from /public/home/tangwsh/PhysX/physx/include/vehicle2/PxVehicleParams.h:30,
                 from /public/home/tangwsh/PhysX/physx/include/vehicle2/tire/PxVehicleTireHelpers.h:31,
                 from /public/home/tangwsh/PhysX/physx/source/physxvehicle/src/tire/VhTireHelpers.cpp:29:
/public/home/tangwsh/PhysX/physx/include/foundation/PxPreprocessor.h:524: warning: "PX_SUPPORT_GPU_PHYSX" redefined
  524 |         #define PX_SUPPORT_GPU_PHYSX ((PX_X64 && (PX_WINDOWS_FAMILY || PX_LINUX)) || (PX_A64 && PX_LINUX))
      | 
<command-line>: note: this is the location of the previous definition
[ 89%] Building CXX object CMakeFiles/PhysXVehicle.dir/public/home/tangwsh/PhysX/physx/source/physxvehicle/src/wheel/VhWheelFunctions.cpp.o
In file included from /public/home/tangwsh/PhysX/physx/include/foundation/PxSimpleTypes.h:36,
                 from /public/home/tangwsh/PhysX/physx/include/foundation/PxFoundation.h:33,
                 from /public/home/tangwsh/PhysX/physx/include/vehicle2/PxVehicleParams.h:30,
                 from /public/home/tangwsh/PhysX/physx/source/physxvehicle/src/wheel/VhWheelFunctions.cpp:29:
/public/home/tangwsh/PhysX/physx/include/foundation/PxPreprocessor.h:524: warning: "PX_SUPPORT_GPU_PHYSX" redefined
  524 |         #define PX_SUPPORT_GPU_PHYSX ((PX_X64 && (PX_WINDOWS_FAMILY || PX_LINUX)) || (PX_A64 && PX_LINUX))
      | 
<command-line>: note: this is the location of the previous definition
[ 89%] Linking CXX static library libPhysXVehicle.a
[ 89%] Built target PhysXVehicle
[ 89%] Building CXX object CMakeFiles/PhysXCharacterKinematic.dir/public/home/tangwsh/PhysX/physx/source/physxcharacterkinematic/src/CctBoxController.cpp.o
In file included from /public/home/tangwsh/PhysX/physx/include/foundation/PxSimpleTypes.h:36,
                 from /public/home/tangwsh/PhysX/physx/include/common/PxPhysXCommonConfig.h:32,
                 from /public/home/tangwsh/PhysX/physx/include/geometry/PxGeometry.h:32,
                 from /public/home/tangwsh/PhysX/physx/include/geometry/PxBoxGeometry.h:31,
                 from /public/home/tangwsh/PhysX/physx/source/physxcharacterkinematic/src/CctBoxController.cpp:29:
/public/home/tangwsh/PhysX/physx/include/foundation/PxPreprocessor.h:524: warning: "PX_SUPPORT_GPU_PHYSX" redefined
  524 |         #define PX_SUPPORT_GPU_PHYSX ((PX_X64 && (PX_WINDOWS_FAMILY || PX_LINUX)) || (PX_A64 && PX_LINUX))
      | 
<command-line>: note: this is the location of the previous definition
[ 90%] Building CXX object CMakeFiles/PhysXCharacterKinematic.dir/public/home/tangwsh/PhysX/physx/source/physxcharacterkinematic/src/CctCapsuleController.cpp.o
In file included from /public/home/tangwsh/PhysX/physx/include/foundation/PxSimpleTypes.h:36,
                 from /public/home/tangwsh/PhysX/physx/include/common/PxPhysXCommonConfig.h:32,
                 from /public/home/tangwsh/PhysX/physx/include/geometry/PxGeometry.h:32,
                 from /public/home/tangwsh/PhysX/physx/include/geometry/PxCapsuleGeometry.h:31,
                 from /public/home/tangwsh/PhysX/physx/source/physxcharacterkinematic/src/CctCapsuleController.cpp:29:
/public/home/tangwsh/PhysX/physx/include/foundation/PxPreprocessor.h:524: warning: "PX_SUPPORT_GPU_PHYSX" redefined
  524 |         #define PX_SUPPORT_GPU_PHYSX ((PX_X64 && (PX_WINDOWS_FAMILY || PX_LINUX)) || (PX_A64 && PX_LINUX))
      | 
<command-line>: note: this is the location of the previous definition
[ 90%] Building CXX object CMakeFiles/PhysXCharacterKinematic.dir/public/home/tangwsh/PhysX/physx/source/physxcharacterkinematic/src/CctCharacterController.cpp.o
In file included from /public/home/tangwsh/PhysX/physx/include/foundation/PxSimpleTypes.h:36,
                 from /public/home/tangwsh/PhysX/physx/include/foundation/PxProfiler.h:30,
                 from /public/home/tangwsh/PhysX/physx/include/common/PxProfileZone.h:30,
                 from /public/home/tangwsh/PhysX/physx/source/physxcharacterkinematic/src/CctCharacterController.cpp:29:
/public/home/tangwsh/PhysX/physx/include/foundation/PxPreprocessor.h:524: warning: "PX_SUPPORT_GPU_PHYSX" redefined
  524 |         #define PX_SUPPORT_GPU_PHYSX ((PX_X64 && (PX_WINDOWS_FAMILY || PX_LINUX)) || (PX_A64 && PX_LINUX))
      | 
<command-line>: note: this is the location of the previous definition
[ 90%] Building CXX object CMakeFiles/PhysXCharacterKinematic.dir/public/home/tangwsh/PhysX/physx/source/physxcharacterkinematic/src/CctCharacterControllerCallbacks.cpp.o
In file included from /public/home/tangwsh/PhysX/physx/include/foundation/PxSimpleTypes.h:36,
                 from /public/home/tangwsh/PhysX/physx/include/foundation/PxProfiler.h:30,
                 from /public/home/tangwsh/PhysX/physx/include/common/PxProfileZone.h:30,
                 from /public/home/tangwsh/PhysX/physx/source/physxcharacterkinematic/src/CctCharacterControllerCallbacks.cpp:29:
/public/home/tangwsh/PhysX/physx/include/foundation/PxPreprocessor.h:524: warning: "PX_SUPPORT_GPU_PHYSX" redefined
  524 |         #define PX_SUPPORT_GPU_PHYSX ((PX_X64 && (PX_WINDOWS_FAMILY || PX_LINUX)) || (PX_A64 && PX_LINUX))
      | 
<command-line>: note: this is the location of the previous definition
[ 90%] Building CXX object CMakeFiles/PhysXCharacterKinematic.dir/public/home/tangwsh/PhysX/physx/source/physxcharacterkinematic/src/CctCharacterControllerManager.cpp.o
In file included from /public/home/tangwsh/PhysX/physx/include/foundation/PxMath.h:33,
                 from /public/home/tangwsh/PhysX/physx/include/foundation/PxVec3.h:33,
                 from /public/home/tangwsh/PhysX/physx/include/foundation/PxQuat.h:33,
                 from /public/home/tangwsh/PhysX/physx/include/foundation/PxTransform.h:32,
                 from /public/home/tangwsh/PhysX/physx/include/geometry/PxMeshQuery.h:33,
                 from /public/home/tangwsh/PhysX/physx/source/physxcharacterkinematic/src/CctCharacterControllerManager.h:35,
                 from /public/home/tangwsh/PhysX/physx/source/physxcharacterkinematic/src/CctCharacterControllerManager.cpp:29:
/public/home/tangwsh/PhysX/physx/include/foundation/PxPreprocessor.h:524: warning: "PX_SUPPORT_GPU_PHYSX" redefined
  524 |         #define PX_SUPPORT_GPU_PHYSX ((PX_X64 && (PX_WINDOWS_FAMILY || PX_LINUX)) || (PX_A64 && PX_LINUX))
      | 
<command-line>: note: this is the location of the previous definition
[ 90%] Building CXX object CMakeFiles/PhysXCharacterKinematic.dir/public/home/tangwsh/PhysX/physx/source/physxcharacterkinematic/src/CctController.cpp.o
In file included from /public/home/tangwsh/PhysX/physx/include/foundation/PxFoundationConfig.h:32,
                 from /public/home/tangwsh/PhysX/physx/include/foundation/PxMathUtils.h:33,
                 from /public/home/tangwsh/PhysX/physx/source/physxcharacterkinematic/src/CctController.cpp:29:
/public/home/tangwsh/PhysX/physx/include/foundation/PxPreprocessor.h:524: warning: "PX_SUPPORT_GPU_PHYSX" redefined
  524 |         #define PX_SUPPORT_GPU_PHYSX ((PX_X64 && (PX_WINDOWS_FAMILY || PX_LINUX)) || (PX_A64 && PX_LINUX))
      | 
<command-line>: note: this is the location of the previous definition
[ 91%] Building CXX object CMakeFiles/PhysXCharacterKinematic.dir/public/home/tangwsh/PhysX/physx/source/physxcharacterkinematic/src/CctObstacleContext.cpp.o
In file included from /public/home/tangwsh/PhysX/physx/include/foundation/PxSimpleTypes.h:36,
                 from /public/home/tangwsh/PhysX/physx/include/foundation/PxMemory.h:33,
                 from /public/home/tangwsh/PhysX/physx/source/physxcharacterkinematic/src/CctObstacleContext.cpp:29:
/public/home/tangwsh/PhysX/physx/include/foundation/PxPreprocessor.h:524: warning: "PX_SUPPORT_GPU_PHYSX" redefined
  524 |         #define PX_SUPPORT_GPU_PHYSX ((PX_X64 && (PX_WINDOWS_FAMILY || PX_LINUX)) || (PX_A64 && PX_LINUX))
      | 
<command-line>: note: this is the location of the previous definition
[ 91%] Building CXX object CMakeFiles/PhysXCharacterKinematic.dir/public/home/tangwsh/PhysX/physx/source/physxcharacterkinematic/src/CctSweptBox.cpp.o
In file included from /public/home/tangwsh/PhysX/physx/include/foundation/PxSimpleTypes.h:36,
                 from /public/home/tangwsh/PhysX/physx/include/common/PxPhysXCommonConfig.h:32,
                 from /public/home/tangwsh/PhysX/physx/include/PxPhysXConfig.h:35,
                 from /public/home/tangwsh/PhysX/physx/include/extensions/PxShapeExt.h:32,
                 from /public/home/tangwsh/PhysX/physx/source/physxcharacterkinematic/src/CctUtils.h:33,
                 from /public/home/tangwsh/PhysX/physx/source/physxcharacterkinematic/src/CctSweptVolume.h:32,
                 from /public/home/tangwsh/PhysX/physx/source/physxcharacterkinematic/src/CctSweptBox.h:32,
                 from /public/home/tangwsh/PhysX/physx/source/physxcharacterkinematic/src/CctSweptBox.cpp:29:
/public/home/tangwsh/PhysX/physx/include/foundation/PxPreprocessor.h:524: warning: "PX_SUPPORT_GPU_PHYSX" redefined
  524 |         #define PX_SUPPORT_GPU_PHYSX ((PX_X64 && (PX_WINDOWS_FAMILY || PX_LINUX)) || (PX_A64 && PX_LINUX))
      | 
<command-line>: note: this is the location of the previous definition
[ 91%] Building CXX object CMakeFiles/PhysXCharacterKinematic.dir/public/home/tangwsh/PhysX/physx/source/physxcharacterkinematic/src/CctSweptCapsule.cpp.o
In file included from /public/home/tangwsh/PhysX/physx/include/foundation/PxSimpleTypes.h:36,
                 from /public/home/tangwsh/PhysX/physx/include/common/PxPhysXCommonConfig.h:32,
                 from /public/home/tangwsh/PhysX/physx/include/PxPhysXConfig.h:35,
                 from /public/home/tangwsh/PhysX/physx/include/extensions/PxShapeExt.h:32,
                 from /public/home/tangwsh/PhysX/physx/source/physxcharacterkinematic/src/CctUtils.h:33,
                 from /public/home/tangwsh/PhysX/physx/source/physxcharacterkinematic/src/CctSweptVolume.h:32,
                 from /public/home/tangwsh/PhysX/physx/source/physxcharacterkinematic/src/CctSweptCapsule.h:32,
                 from /public/home/tangwsh/PhysX/physx/source/physxcharacterkinematic/src/CctSweptCapsule.cpp:29:
/public/home/tangwsh/PhysX/physx/include/foundation/PxPreprocessor.h:524: warning: "PX_SUPPORT_GPU_PHYSX" redefined
  524 |         #define PX_SUPPORT_GPU_PHYSX ((PX_X64 && (PX_WINDOWS_FAMILY || PX_LINUX)) || (PX_A64 && PX_LINUX))
      | 
<command-line>: note: this is the location of the previous definition
[ 91%] Building CXX object CMakeFiles/PhysXCharacterKinematic.dir/public/home/tangwsh/PhysX/physx/source/physxcharacterkinematic/src/CctSweptVolume.cpp.o
In file included from /public/home/tangwsh/PhysX/physx/include/foundation/PxSimpleTypes.h:36,
                 from /public/home/tangwsh/PhysX/physx/include/common/PxPhysXCommonConfig.h:32,
                 from /public/home/tangwsh/PhysX/physx/include/PxPhysXConfig.h:35,
                 from /public/home/tangwsh/PhysX/physx/include/extensions/PxShapeExt.h:32,
                 from /public/home/tangwsh/PhysX/physx/source/physxcharacterkinematic/src/CctUtils.h:33,
                 from /public/home/tangwsh/PhysX/physx/source/physxcharacterkinematic/src/CctSweptVolume.h:32,
                 from /public/home/tangwsh/PhysX/physx/source/physxcharacterkinematic/src/CctSweptVolume.cpp:29:
/public/home/tangwsh/PhysX/physx/include/foundation/PxPreprocessor.h:524: warning: "PX_SUPPORT_GPU_PHYSX" redefined
  524 |         #define PX_SUPPORT_GPU_PHYSX ((PX_X64 && (PX_WINDOWS_FAMILY || PX_LINUX)) || (PX_A64 && PX_LINUX))
      | 
<command-line>: note: this is the location of the previous definition
[ 91%] Linking CXX static library libPhysXCharacterKinematic.a
[ 91%] Built target PhysXCharacterKinematic
[ 91%] Building CXX object CMakeFiles/HipContext.dir/public/home/tangwsh/PhysX/physx/source/cudamanager/src/HipContextManager.cpp.o
In file included from /public/home/tangwsh/PhysX/physx/source/cudamanager/src/HipContextManager.cpp:2:
/opt/dtk/include/hip/hip_runtime.h:66:2: error: #error ("Must define exactly one of __HIP_PLATFORM_AMD__ or __HIP_PLATFORM_NVIDIA__");
   66 | #error("Must define exactly one of __HIP_PLATFORM_AMD__ or __HIP_PLATFORM_NVIDIA__");
      |  ^~~~~
In file included from /opt/dtk/include/hip/hip_runtime.h:113,
                 from /public/home/tangwsh/PhysX/physx/source/cudamanager/src/HipContextManager.cpp:2:
/opt/dtk/include/hip/hip_runtime_api.h:10508:2: error: #error ("Must define exactly one of __HIP_PLATFORM_AMD__ or __HIP_PLATFORM_NVIDIA__");
10508 | #error("Must define exactly one of __HIP_PLATFORM_AMD__ or __HIP_PLATFORM_NVIDIA__");
      |  ^~~~~
In file included from /opt/dtk/include/hip/hip_runtime.h:114,
                 from /public/home/tangwsh/PhysX/physx/source/cudamanager/src/HipContextManager.cpp:2:
/opt/dtk/include/hip/library_types.h:77:2: error: #error ("Must define exactly one of __HIP_PLATFORM_AMD__ or __HIP_PLATFORM_NVIDIA__");
   77 | #error("Must define exactly one of __HIP_PLATFORM_AMD__ or __HIP_PLATFORM_NVIDIA__");
      |  ^~~~~
In file included from /opt/dtk/include/hip/hip_runtime.h:116,
                 from /public/home/tangwsh/PhysX/physx/source/cudamanager/src/HipContextManager.cpp:2:
/opt/dtk/include/hip/hip_vector_types.h:38:2: error: #error ("Must define exactly one of __HIP_PLATFORM_AMD__ or __HIP_PLATFORM_NVIDIA__");
   38 | #error("Must define exactly one of __HIP_PLATFORM_AMD__ or __HIP_PLATFORM_NVIDIA__");
      |  ^~~~~
In file included from /public/home/tangwsh/PhysX/physx/source/cudamanager/src/HipContextManager.cpp:6:
/public/home/tangwsh/PhysX/physx/include/foundation/PxPreprocessor.h:524: warning: "PX_SUPPORT_GPU_PHYSX" redefined
  524 |         #define PX_SUPPORT_GPU_PHYSX ((PX_X64 && (PX_WINDOWS_FAMILY || PX_LINUX)) || (PX_A64 && PX_LINUX))
      | 
<command-line>: note: this is the location of the previous definition
In file included from <command-line>:
/public/home/tangwsh/PhysX/physx/source/gpucommon/src/DCU/stubs/cuda.h:120:61: error: ‘size_t’ has not been declared
  120 | CUresult cuMemcpyDtoH(void* dstHost, CUdeviceptr srcDevice, size_t ByteCount);
      |                                                             ^~~~~~
/public/home/tangwsh/PhysX/physx/source/gpucommon/src/DCU/stubs/cuda.h:121:67: error: ‘size_t’ has not been declared
  121 | CUresult cuMemcpyHtoD(CUdeviceptr dstDevice, const void* srcHost, size_t ByteCount);
      |                                                                   ^~~~~~
In file included from /opt/dtk/include/hip/hip_runtime.h:113,
                 from /public/home/tangwsh/PhysX/physx/source/cudamanager/src/HipContextManager.cpp:2:
/opt/dtk/include/hip/hip_runtime_api.h:10557:61: error: ‘hipHostMallocDefault’ was not declared in this scope
10557 |                                        unsigned int flags = hipHostMallocDefault) {
      |                                                             ^~~~~~~~~~~~~~~~~~~~
/opt/dtk/include/hip/hip_runtime_api.h:10574:61: error: ‘hipHostAllocDefault’ was not declared in this scope
10574 |                                        unsigned int flags = hipHostAllocDefault) {
      |                                                             ^~~~~~~~~~~~~~~~~~~
/opt/dtk/include/hip/hip_runtime_api.h:10593:61: error: ‘hipMemAttachGlobal’ was not declared in this scope
10593 |                                        unsigned int flags = hipMemAttachGlobal) {
      |                                                             ^~~~~~~~~~~~~~~~~~
/public/home/tangwsh/PhysX/physx/source/cudamanager/src/HipContextManager.cpp:16:8: error: ‘hipModule_t’ does not name a type
   16 | static hipModule_t gGpuModule = nullptr;
      |        ^~~~~~~~~~~
/public/home/tangwsh/PhysX/physx/source/cudamanager/src/HipContextManager.cpp: In function ‘void physx::loadGpuLibrary()’:
/public/home/tangwsh/PhysX/physx/source/cudamanager/src/HipContextManager.cpp:29:31: error: ‘gGpuModule’ was not declared in this scope; did you mean ‘CUmodule’?
   29 |             if(hipModuleLoad(&gGpuModule, paths[i]) == hipSuccess) {
      |                               ^~~~~~~~~~
      |                               CUmodule
/public/home/tangwsh/PhysX/physx/source/cudamanager/src/HipContextManager.cpp:29:16: error: ‘hipModuleLoad’ was not declared in this scope
   29 |             if(hipModuleLoad(&gGpuModule, paths[i]) == hipSuccess) {
      |                ^~~~~~~~~~~~~
/public/home/tangwsh/PhysX/physx/source/cudamanager/src/HipContextManager.cpp: In member function ‘virtual physx::PxCUresult physx::HipCtx::memFree(CUdeviceptr)’:
/public/home/tangwsh/PhysX/physx/source/cudamanager/src/HipContextManager.cpp:53:15: error: ‘hipFree’ was not declared in this scope
   53 |         mLast=hipFree((void*)d); return PxCUresult(mLast);
      |               ^~~~~~~
/public/home/tangwsh/PhysX/physx/source/cudamanager/src/HipContextManager.cpp: In member function ‘virtual physx::PxCUresult physx::HipCtx::memHostAlloc(void**, size_t, unsigned int)’:
/public/home/tangwsh/PhysX/physx/source/cudamanager/src/HipContextManager.cpp:56:33: error: ‘hipHostMallocMapped’ was not declared in this scope; did you mean ‘hipHostMalloc’?
   56 |         mLast=hipHostMalloc(p,b,hipHostMallocMapped|hipHostMallocPortable); return PxCUresult(mLast);
      |                                 ^~~~~~~~~~~~~~~~~~~
      |                                 hipHostMalloc
/public/home/tangwsh/PhysX/physx/source/cudamanager/src/HipContextManager.cpp:56:53: error: ‘hipHostMallocPortable’ was not declared in this scope
   56 |         mLast=hipHostMalloc(p,b,hipHostMallocMapped|hipHostMallocPortable); return PxCUresult(mLast);
      |                                                     ^~~~~~~~~~~~~~~~~~~~~
/public/home/tangwsh/PhysX/physx/source/cudamanager/src/HipContextManager.cpp: In member function ‘virtual physx::PxCUresult physx::HipCtx::memFreeHost(void*)’:
/public/home/tangwsh/PhysX/physx/source/cudamanager/src/HipContextManager.cpp:58:54: error: ‘hipHostFree’ was not declared in this scope
   58 |     PxCUresult memFreeHost(void* p) override { mLast=hipHostFree(p); return PxCUresult(mLast); }
      |                                                      ^~~~~~~~~~~
/public/home/tangwsh/PhysX/physx/source/cudamanager/src/HipContextManager.cpp: In member function ‘virtual physx::PxCUresult physx::HipCtx::memHostGetDevicePointer(CUdeviceptr*, void*, unsigned int)’:
/public/home/tangwsh/PhysX/physx/source/cudamanager/src/HipContextManager.cpp:61:15: error: ‘hipHostGetDevicePointer’ was not declared in this scope; did you mean ‘memHostGetDevicePointer’?
   61 |         mLast=hipHostGetDevicePointer((void**)d,p,0); return PxCUresult(mLast);
      |               ^~~~~~~~~~~~~~~~~~~~~~~
      |               memHostGetDevicePointer
/public/home/tangwsh/PhysX/physx/source/cudamanager/src/HipContextManager.cpp: In member function ‘virtual physx::PxCUresult physx::HipCtx::moduleLoadDataEx(CUmod_st**, const void*, unsigned int, physx::PxCUjit_option*, void**)’:
/public/home/tangwsh/PhysX/physx/source/cudamanager/src/HipContextManager.cpp:64:34: error: ‘hipModule_t’ was not declared in this scope
   64 |         mLast=hipModuleLoadData((hipModule_t*)m,img); return PxCUresult(mLast);
      |                                  ^~~~~~~~~~~
/public/home/tangwsh/PhysX/physx/source/cudamanager/src/HipContextManager.cpp:64:46: error: expected primary-expression before ‘)’ token
   64 |         mLast=hipModuleLoadData((hipModule_t*)m,img); return PxCUresult(mLast);
      |                                              ^
/public/home/tangwsh/PhysX/physx/source/cudamanager/src/HipContextManager.cpp:64:15: error: ‘hipModuleLoadData’ was not declared in this scope
   64 |         mLast=hipModuleLoadData((hipModule_t*)m,img); return PxCUresult(mLast);
      |               ^~~~~~~~~~~~~~~~~
/public/home/tangwsh/PhysX/physx/source/cudamanager/src/HipContextManager.cpp: In member function ‘virtual physx::PxCUresult physx::HipCtx::moduleGetFunction(CUfunc_st**, CUmodule, const char*)’:
/public/home/tangwsh/PhysX/physx/source/cudamanager/src/HipContextManager.cpp:67:37: error: ‘hipFunction_t’ was not declared in this scope
   67 |         mLast=hipModuleGetFunction((hipFunction_t*)f,(hipModule_t)m,n);
      |                                     ^~~~~~~~~~~~~
/public/home/tangwsh/PhysX/physx/source/cudamanager/src/HipContextManager.cpp:67:51: error: expected primary-expression before ‘)’ token
   67 |         mLast=hipModuleGetFunction((hipFunction_t*)f,(hipModule_t)m,n);
      |                                                   ^
/public/home/tangwsh/PhysX/physx/source/cudamanager/src/HipContextManager.cpp:67:55: error: ‘hipModule_t’ was not declared in this scope
   67 |         mLast=hipModuleGetFunction((hipFunction_t*)f,(hipModule_t)m,n);
      |                                                       ^~~~~~~~~~~
/public/home/tangwsh/PhysX/physx/source/cudamanager/src/HipContextManager.cpp:67:15: error: ‘hipModuleGetFunction’ was not declared in this scope; did you mean ‘moduleGetFunction’?
   67 |         mLast=hipModuleGetFunction((hipFunction_t*)f,(hipModule_t)m,n);
      |               ^~~~~~~~~~~~~~~~~~~~
      |               moduleGetFunction
/public/home/tangwsh/PhysX/physx/source/cudamanager/src/HipContextManager.cpp: In member function ‘virtual physx::PxCUresult physx::HipCtx::moduleUnload(CUmodule)’:
/public/home/tangwsh/PhysX/physx/source/cudamanager/src/HipContextManager.cpp:72:32: error: ‘hipModule_t’ was not declared in this scope
   72 |         mLast=hipModuleUnload((hipModule_t)m); return PxCUresult(mLast);
      |                                ^~~~~~~~~~~
/public/home/tangwsh/PhysX/physx/source/cudamanager/src/HipContextManager.cpp:72:15: error: ‘hipModuleUnload’ was not declared in this scope; did you mean ‘moduleUnload’?
   72 |         mLast=hipModuleUnload((hipModule_t)m); return PxCUresult(mLast);
      |               ^~~~~~~~~~~~~~~
      |               moduleUnload
/public/home/tangwsh/PhysX/physx/source/cudamanager/src/HipContextManager.cpp: In member function ‘virtual physx::PxCUresult physx::HipCtx::streamCreate(CUstream_st**, unsigned int)’:
/public/home/tangwsh/PhysX/physx/source/cudamanager/src/HipContextManager.cpp:75:32: error: ‘hipStream_t’ was not declared in this scope
   75 |         mLast=hipStreamCreate((hipStream_t*)s); return PxCUresult(mLast);
      |                                ^~~~~~~~~~~
/public/home/tangwsh/PhysX/physx/source/cudamanager/src/HipContextManager.cpp:75:44: error: expected primary-expression before ‘)’ token
   75 |         mLast=hipStreamCreate((hipStream_t*)s); return PxCUresult(mLast);
      |                                            ^
/public/home/tangwsh/PhysX/physx/source/cudamanager/src/HipContextManager.cpp:75:15: error: ‘hipStreamCreate’ was not declared in this scope; did you mean ‘streamCreate’?
   75 |         mLast=hipStreamCreate((hipStream_t*)s); return PxCUresult(mLast);
      |               ^~~~~~~~~~~~~~~
      |               streamCreate
/public/home/tangwsh/PhysX/physx/source/cudamanager/src/HipContextManager.cpp: In member function ‘virtual physx::PxCUresult physx::HipCtx::streamCreateWithPriority(CUstream_st**, unsigned int, int)’:
/public/home/tangwsh/PhysX/physx/source/cudamanager/src/HipContextManager.cpp:78:32: error: ‘hipStream_t’ was not declared in this scope
   78 |         mLast=hipStreamCreate((hipStream_t*)s); return PxCUresult(mLast);
      |                                ^~~~~~~~~~~
/public/home/tangwsh/PhysX/physx/source/cudamanager/src/HipContextManager.cpp:78:44: error: expected primary-expression before ‘)’ token
   78 |         mLast=hipStreamCreate((hipStream_t*)s); return PxCUresult(mLast);
      |                                            ^
/public/home/tangwsh/PhysX/physx/source/cudamanager/src/HipContextManager.cpp:78:15: error: ‘hipStreamCreate’ was not declared in this scope; did you mean ‘streamCreate’?
   78 |         mLast=hipStreamCreate((hipStream_t*)s); return PxCUresult(mLast);
      |               ^~~~~~~~~~~~~~~
      |               streamCreate
/public/home/tangwsh/PhysX/physx/source/cudamanager/src/HipContextManager.cpp: In member function ‘virtual physx::PxCUresult physx::HipCtx::streamFlush(CUstream)’:
/public/home/tangwsh/PhysX/physx/source/cudamanager/src/HipContextManager.cpp:81:50: error: ‘hipStream_t’ was not declared in this scope
   81 |         return PxCUresult((PxU32)hipStreamQuery((hipStream_t)s));
      |                                                  ^~~~~~~~~~~
/public/home/tangwsh/PhysX/physx/source/cudamanager/src/HipContextManager.cpp:81:34: error: ‘hipStreamQuery’ was not declared in this scope; did you mean ‘cuStreamQuery’?
   81 |         return PxCUresult((PxU32)hipStreamQuery((hipStream_t)s));
      |                                  ^~~~~~~~~~~~~~
      |                                  cuStreamQuery
/public/home/tangwsh/PhysX/physx/source/cudamanager/src/HipContextManager.cpp: In member function ‘virtual physx::PxCUresult physx::HipCtx::streamWaitEvent(CUstream, CUevent, unsigned int)’:
/public/home/tangwsh/PhysX/physx/source/cudamanager/src/HipContextManager.cpp:84:35: error: ‘hipStream_t’ was not declared in this scope
   84 |         mLast=hipStreamWaitEvent((hipStream_t)s,(hipEvent_t)e,0); return PxCUresult(mLast);
      |                                   ^~~~~~~~~~~
/public/home/tangwsh/PhysX/physx/source/cudamanager/src/HipContextManager.cpp:84:50: error: ‘hipEvent_t’ was not declared in this scope
   84 |         mLast=hipStreamWaitEvent((hipStream_t)s,(hipEvent_t)e,0); return PxCUresult(mLast);
      |                                                  ^~~~~~~~~~
/public/home/tangwsh/PhysX/physx/source/cudamanager/src/HipContextManager.cpp:84:15: error: ‘hipStreamWaitEvent’ was not declared in this scope; did you mean ‘streamWaitEvent’?
   84 |         mLast=hipStreamWaitEvent((hipStream_t)s,(hipEvent_t)e,0); return PxCUresult(mLast);
      |               ^~~~~~~~~~~~~~~~~~
      |               streamWaitEvent
/public/home/tangwsh/PhysX/physx/source/cudamanager/src/HipContextManager.cpp: In member function ‘virtual physx::PxCUresult physx::HipCtx::streamDestroy(CUstream)’:
/public/home/tangwsh/PhysX/physx/source/cudamanager/src/HipContextManager.cpp:89:33: error: ‘hipStream_t’ was not declared in this scope
   89 |         mLast=hipStreamDestroy((hipStream_t)s); return PxCUresult(mLast);
      |                                 ^~~~~~~~~~~
/public/home/tangwsh/PhysX/physx/source/cudamanager/src/HipContextManager.cpp:89:15: error: ‘hipStreamDestroy’ was not declared in this scope; did you mean ‘streamDestroy’?
   89 |         mLast=hipStreamDestroy((hipStream_t)s); return PxCUresult(mLast);
      |               ^~~~~~~~~~~~~~~~
      |               streamDestroy
/public/home/tangwsh/PhysX/physx/source/cudamanager/src/HipContextManager.cpp: In member function ‘virtual physx::PxCUresult physx::HipCtx::streamSynchronize(CUstream)’:
/public/home/tangwsh/PhysX/physx/source/cudamanager/src/HipContextManager.cpp:92:37: error: ‘hipStream_t’ was not declared in this scope
   92 |         mLast=hipStreamSynchronize((hipStream_t)s); return PxCUresult(mLast);
      |                                     ^~~~~~~~~~~
/public/home/tangwsh/PhysX/physx/source/cudamanager/src/HipContextManager.cpp:92:15: error: ‘hipStreamSynchronize’ was not declared in this scope; did you mean ‘cuStreamSynchronize’?
   92 |         mLast=hipStreamSynchronize((hipStream_t)s); return PxCUresult(mLast);
      |               ^~~~~~~~~~~~~~~~~~~~
      |               cuStreamSynchronize
/public/home/tangwsh/PhysX/physx/source/cudamanager/src/HipContextManager.cpp: In member function ‘virtual physx::PxCUresult physx::HipCtx::eventCreate(CUevent_st**, unsigned int)’:
/public/home/tangwsh/PhysX/physx/source/cudamanager/src/HipContextManager.cpp:95:31: error: ‘hipEvent_t’ was not declared in this scope
   95 |         mLast=hipEventCreate((hipEvent_t*)e); return PxCUresult(mLast);
      |                               ^~~~~~~~~~
/public/home/tangwsh/PhysX/physx/source/cudamanager/src/HipContextManager.cpp:95:42: error: expected primary-expression before ‘)’ token
   95 |         mLast=hipEventCreate((hipEvent_t*)e); return PxCUresult(mLast);
      |                                          ^
/public/home/tangwsh/PhysX/physx/source/cudamanager/src/HipContextManager.cpp:95:15: error: ‘hipEventCreate’ was not declared in this scope; did you mean ‘eventCreate’?
   95 |         mLast=hipEventCreate((hipEvent_t*)e); return PxCUresult(mLast);
      |               ^~~~~~~~~~~~~~
      |               eventCreate
/public/home/tangwsh/PhysX/physx/source/cudamanager/src/HipContextManager.cpp: In member function ‘virtual physx::PxCUresult physx::HipCtx::eventRecord(CUevent, CUstream)’:
/public/home/tangwsh/PhysX/physx/source/cudamanager/src/HipContextManager.cpp:98:31: error: ‘hipEvent_t’ was not declared in this scope
   98 |         mLast=hipEventRecord((hipEvent_t)e,(hipStream_t)s); return PxCUresult(mLast);
      |                               ^~~~~~~~~~
/public/home/tangwsh/PhysX/physx/source/cudamanager/src/HipContextManager.cpp:98:45: error: ‘hipStream_t’ was not declared in this scope
   98 |         mLast=hipEventRecord((hipEvent_t)e,(hipStream_t)s); return PxCUresult(mLast);
      |                                             ^~~~~~~~~~~
/public/home/tangwsh/PhysX/physx/source/cudamanager/src/HipContextManager.cpp:98:15: error: ‘hipEventRecord’ was not declared in this scope; did you mean ‘eventRecord’?
   98 |         mLast=hipEventRecord((hipEvent_t)e,(hipStream_t)s); return PxCUresult(mLast);
      |               ^~~~~~~~~~~~~~
      |               eventRecord
/public/home/tangwsh/PhysX/physx/source/cudamanager/src/HipContextManager.cpp: In member function ‘virtual physx::PxCUresult physx::HipCtx::eventQuery(CUevent)’:
/public/home/tangwsh/PhysX/physx/source/cudamanager/src/HipContextManager.cpp:100:70: error: ‘hipEvent_t’ was not declared in this scope
  100 |     PxCUresult eventQuery(CUevent e) override { mLast=hipEventQuery((hipEvent_t)e); return PxCUresult(mLast); }
      |                                                                      ^~~~~~~~~~
/public/home/tangwsh/PhysX/physx/source/cudamanager/src/HipContextManager.cpp:100:55: error: ‘hipEventQuery’ was not declared in this scope; did you mean ‘eventQuery’?
  100 |     PxCUresult eventQuery(CUevent e) override { mLast=hipEventQuery((hipEvent_t)e); return PxCUresult(mLast); }
      |                                                       ^~~~~~~~~~~~~
      |                                                       eventQuery
/public/home/tangwsh/PhysX/physx/source/cudamanager/src/HipContextManager.cpp: In member function ‘virtual physx::PxCUresult physx::HipCtx::eventSynchronize(CUevent)’:
/public/home/tangwsh/PhysX/physx/source/cudamanager/src/HipContextManager.cpp:101:82: error: ‘hipEvent_t’ was not declared in this scope
  101 |     PxCUresult eventSynchronize(CUevent e) override { mLast=hipEventSynchronize((hipEvent_t)e); return PxCUresult(mLast); }
      |                                                                                  ^~~~~~~~~~
/public/home/tangwsh/PhysX/physx/source/cudamanager/src/HipContextManager.cpp:101:61: error: ‘hipEventSynchronize’ was not declared in this scope; did you mean ‘eventSynchronize’?
  101 |     PxCUresult eventSynchronize(CUevent e) override { mLast=hipEventSynchronize((hipEvent_t)e); return PxCUresult(mLast); }
      |                                                             ^~~~~~~~~~~~~~~~~~~
      |                                                             eventSynchronize
/public/home/tangwsh/PhysX/physx/source/cudamanager/src/HipContextManager.cpp: In member function ‘virtual physx::PxCUresult physx::HipCtx::eventDestroy(CUevent)’:
/public/home/tangwsh/PhysX/physx/source/cudamanager/src/HipContextManager.cpp:102:74: error: ‘hipEvent_t’ was not declared in this scope
  102 |     PxCUresult eventDestroy(CUevent e) override { mLast=hipEventDestroy((hipEvent_t)e); return PxCUresult(mLast); }
      |                                                                          ^~~~~~~~~~
/public/home/tangwsh/PhysX/physx/source/cudamanager/src/HipContextManager.cpp:102:57: error: ‘hipEventDestroy’ was not declared in this scope; did you mean ‘eventDestroy’?
  102 |     PxCUresult eventDestroy(CUevent e) override { mLast=hipEventDestroy((hipEvent_t)e); return PxCUresult(mLast); }
      |                                                         ^~~~~~~~~~~~~~~
      |                                                         eventDestroy
/public/home/tangwsh/PhysX/physx/source/cudamanager/src/HipContextManager.cpp: In member function ‘virtual physx::PxCUresult physx::HipCtx::launchKernel(CUfunction, unsigned int, unsigned int, unsigned int, unsigned int, unsigned int, unsigned int, unsigned int, CUstream, physx::PxCudaKernelParam*, size_t, void**, const char*, int)’:
/public/home/tangwsh/PhysX/physx/source/cudamanager/src/HipContextManager.cpp:114:38: error: ‘hipFunction_t’ was not declared in this scope
  114 |         mLast=hipModuleLaunchKernel((hipFunction_t)f,gx,gy,gz,bx,by,bz,sh,(hipStream_t)s,kp,ex);
      |                                      ^~~~~~~~~~~~~
/public/home/tangwsh/PhysX/physx/source/cudamanager/src/HipContextManager.cpp:114:76: error: ‘hipStream_t’ was not declared in this scope
  114 |         mLast=hipModuleLaunchKernel((hipFunction_t)f,gx,gy,gz,bx,by,bz,sh,(hipStream_t)s,kp,ex);
      |                                                                            ^~~~~~~~~~~
/public/home/tangwsh/PhysX/physx/source/cudamanager/src/HipContextManager.cpp:114:15: error: ‘hipModuleLaunchKernel’ was not declared in this scope
  114 |         mLast=hipModuleLaunchKernel((hipFunction_t)f,gx,gy,gz,bx,by,bz,sh,(hipStream_t)s,kp,ex);
      |               ^~~~~~~~~~~~~~~~~~~~~
/public/home/tangwsh/PhysX/physx/source/cudamanager/src/HipContextManager.cpp: In member function ‘virtual physx::PxCUresult physx::HipCtx::launchKernel(CUfunction, physx::PxU32, physx::PxU32, physx::PxU32, physx::PxU32, physx::PxU32, physx::PxU32, physx::PxU32, CUstream, void**, void**, const char*, int)’:
/public/home/tangwsh/PhysX/physx/source/cudamanager/src/HipContextManager.cpp:125:38: error: ‘hipFunction_t’ was not declared in this scope
  125 |         mLast=hipModuleLaunchKernel((hipFunction_t)f,gx,gy,gz,bx,by,bz,sh,(hipStream_t)s,params,ex);
      |                                      ^~~~~~~~~~~~~
/public/home/tangwsh/PhysX/physx/source/cudamanager/src/HipContextManager.cpp:125:76: error: ‘hipStream_t’ was not declared in this scope
  125 |         mLast=hipModuleLaunchKernel((hipFunction_t)f,gx,gy,gz,bx,by,bz,sh,(hipStream_t)s,params,ex);
      |                                                                            ^~~~~~~~~~~
/public/home/tangwsh/PhysX/physx/source/cudamanager/src/HipContextManager.cpp:125:15: error: ‘hipModuleLaunchKernel’ was not declared in this scope
  125 |         mLast=hipModuleLaunchKernel((hipFunction_t)f,gx,gy,gz,bx,by,bz,sh,(hipStream_t)s,params,ex);
      |               ^~~~~~~~~~~~~~~~~~~~~
/public/home/tangwsh/PhysX/physx/source/cudamanager/src/HipContextManager.cpp: In member function ‘virtual physx::PxCUresult physx::HipCtx::memcpyDtoH(void*, CUdeviceptr, size_t)’:
/public/home/tangwsh/PhysX/physx/source/cudamanager/src/HipContextManager.cpp:129:93: error: ‘hipDeviceptr_t’ was not declared in this scope; did you mean ‘hipDeviceProp_t’?
  129 |     PxCUresult memcpyDtoH(void* d,CUdeviceptr s,size_t b) override { mLast=hipMemcpyDtoH(d,(hipDeviceptr_t)s,b); return PxCUresult(mLast); }
      |                                                                                             ^~~~~~~~~~~~~~
      |                                                                                             hipDeviceProp_t
/public/home/tangwsh/PhysX/physx/source/cudamanager/src/HipContextManager.cpp:129:76: error: ‘hipMemcpyDtoH’ was not declared in this scope; did you mean ‘cuMemcpyDtoH’?
  129 |     PxCUresult memcpyDtoH(void* d,CUdeviceptr s,size_t b) override { mLast=hipMemcpyDtoH(d,(hipDeviceptr_t)s,b); return PxCUresult(mLast); }
      |                                                                            ^~~~~~~~~~~~~
      |                                                                            cuMemcpyDtoH
/public/home/tangwsh/PhysX/physx/source/cudamanager/src/HipContextManager.cpp: In member function ‘virtual physx::PxCUresult physx::HipCtx::memcpyDtoHAsync(void*, CUdeviceptr, size_t, CUstream)’:
/public/home/tangwsh/PhysX/physx/source/cudamanager/src/HipContextManager.cpp:130:115: error: ‘hipDeviceptr_t’ was not declared in this scope; did you mean ‘hipDeviceProp_t’?
  130 |     PxCUresult memcpyDtoHAsync(void* d,CUdeviceptr s,size_t b,CUstream st) override { mLast=hipMemcpyDtoHAsync(d,(hipDeviceptr_t)s,b,(hipStream_t)st); return PxCUresult(mLast); }
      |                                                                                                                   ^~~~~~~~~~~~~~
      |                                                                                                                   hipDeviceProp_t
/public/home/tangwsh/PhysX/physx/source/cudamanager/src/HipContextManager.cpp:130:135: error: ‘hipStream_t’ was not declared in this scope
  130 |     PxCUresult memcpyDtoHAsync(void* d,CUdeviceptr s,size_t b,CUstream st) override { mLast=hipMemcpyDtoHAsync(d,(hipDeviceptr_t)s,b,(hipStream_t)st); return PxCUresult(mLast); }
      |                                                                                                                                       ^~~~~~~~~~~
/public/home/tangwsh/PhysX/physx/source/cudamanager/src/HipContextManager.cpp:130:93: error: ‘hipMemcpyDtoHAsync’ was not declared in this scope; did you mean ‘memcpyDtoHAsync’?
  130 |     PxCUresult memcpyDtoHAsync(void* d,CUdeviceptr s,size_t b,CUstream st) override { mLast=hipMemcpyDtoHAsync(d,(hipDeviceptr_t)s,b,(hipStream_t)st); return PxCUresult(mLast); }
      |                                                                                             ^~~~~~~~~~~~~~~~~~
      |                                                                                             memcpyDtoHAsync
/public/home/tangwsh/PhysX/physx/source/cudamanager/src/HipContextManager.cpp: In member function ‘virtual physx::PxCUresult physx::HipCtx::memcpyHtoD(CUdeviceptr, const void*, size_t)’:
/public/home/tangwsh/PhysX/physx/source/cudamanager/src/HipContextManager.cpp:131:97: error: ‘hipDeviceptr_t’ was not declared in this scope; did you mean ‘hipDeviceProp_t’?
  131 |     PxCUresult memcpyHtoD(CUdeviceptr d,const void* s,size_t b) override { mLast=hipMemcpyHtoD((hipDeviceptr_t)d,(void*)s,b); return PxCUresult(mLast); }
      |                                                                                                 ^~~~~~~~~~~~~~
      |                                                                                                 hipDeviceProp_t
/public/home/tangwsh/PhysX/physx/source/cudamanager/src/HipContextManager.cpp:131:82: error: ‘hipMemcpyHtoD’ was not declared in this scope; did you mean ‘cuMemcpyHtoD’?
  131 |     PxCUresult memcpyHtoD(CUdeviceptr d,const void* s,size_t b) override { mLast=hipMemcpyHtoD((hipDeviceptr_t)d,(void*)s,b); return PxCUresult(mLast); }
      |                                                                                  ^~~~~~~~~~~~~
      |                                                                                  cuMemcpyHtoD
/public/home/tangwsh/PhysX/physx/source/cudamanager/src/HipContextManager.cpp: In member function ‘virtual physx::PxCUresult physx::HipCtx::memcpyHtoDAsync(CUdeviceptr, const void*, size_t, CUstream)’:
/public/home/tangwsh/PhysX/physx/source/cudamanager/src/HipContextManager.cpp:132:119: error: ‘hipDeviceptr_t’ was not declared in this scope; did you mean ‘hipDeviceProp_t’?
  132 |     PxCUresult memcpyHtoDAsync(CUdeviceptr d,const void* s,size_t b,CUstream st) override { mLast=hipMemcpyHtoDAsync((hipDeviceptr_t)d,(void*)s,b,(hipStream_t)st); return PxCUresult(mLast); }
      |                                                                                                                       ^~~~~~~~~~~~~~
      |                                                                                                                       hipDeviceProp_t
/public/home/tangwsh/PhysX/physx/source/cudamanager/src/HipContextManager.cpp:132:148: error: ‘hipStream_t’ was not declared in this scope
  132 |     PxCUresult memcpyHtoDAsync(CUdeviceptr d,const void* s,size_t b,CUstream st) override { mLast=hipMemcpyHtoDAsync((hipDeviceptr_t)d,(void*)s,b,(hipStream_t)st); return PxCUresult(mLast); }
      |                                                                                                                                                    ^~~~~~~~~~~
/public/home/tangwsh/PhysX/physx/source/cudamanager/src/HipContextManager.cpp:132:99: error: ‘hipMemcpyHtoDAsync’ was not declared in this scope; did you mean ‘memcpyHtoDAsync’?
  132 |     PxCUresult memcpyHtoDAsync(CUdeviceptr d,const void* s,size_t b,CUstream st) override { mLast=hipMemcpyHtoDAsync((hipDeviceptr_t)d,(void*)s,b,(hipStream_t)st); return PxCUresult(mLast); }
      |                                                                                                   ^~~~~~~~~~~~~~~~~~
      |                                                                                                   memcpyHtoDAsync
/public/home/tangwsh/PhysX/physx/source/cudamanager/src/HipContextManager.cpp: In member function ‘virtual physx::PxCUresult physx::HipCtx::memcpyDtoDAsync(CUdeviceptr, CUdeviceptr, size_t, CUstream)’:
/public/home/tangwsh/PhysX/physx/source/cudamanager/src/HipContextManager.cpp:133:119: error: ‘hipDeviceptr_t’ was not declared in this scope; did you mean ‘hipDeviceProp_t’?
  133 |     PxCUresult memcpyDtoDAsync(CUdeviceptr d,CUdeviceptr s,size_t b,CUstream st) override { mLast=hipMemcpyDtoDAsync((hipDeviceptr_t)d,(hipDeviceptr_t)s,b,(hipStream_t)st); return PxCUresult(mLast); }
      |                                                                                                                       ^~~~~~~~~~~~~~
      |                                                                                                                       hipDeviceProp_t
/public/home/tangwsh/PhysX/physx/source/cudamanager/src/HipContextManager.cpp:133:152: error: expected ‘)’ before ‘s’
  133 |     PxCUresult memcpyDtoDAsync(CUdeviceptr d,CUdeviceptr s,size_t b,CUstream st) override { mLast=hipMemcpyDtoDAsync((hipDeviceptr_t)d,(hipDeviceptr_t)s,b,(hipStream_t)st); return PxCUresult(mLast); }
      |                                                                                                                                                        ^
/public/home/tangwsh/PhysX/physx/source/cudamanager/src/HipContextManager.cpp:133:117: note: to match this ‘(’
  133 |     PxCUresult memcpyDtoDAsync(CUdeviceptr d,CUdeviceptr s,size_t b,CUstream st) override { mLast=hipMemcpyDtoDAsync((hipDeviceptr_t)d,(hipDeviceptr_t)s,b,(hipStream_t)st); return PxCUresult(mLast); }
      |                                                                                                                     ^
/public/home/tangwsh/PhysX/physx/source/cudamanager/src/HipContextManager.cpp:133:157: error: ‘hipStream_t’ was not declared in this scope
  133 |     PxCUresult memcpyDtoDAsync(CUdeviceptr d,CUdeviceptr s,size_t b,CUstream st) override { mLast=hipMemcpyDtoDAsync((hipDeviceptr_t)d,(hipDeviceptr_t)s,b,(hipStream_t)st); return PxCUresult(mLast); }
      |                                                                                                                                                             ^~~~~~~~~~~
/public/home/tangwsh/PhysX/physx/source/cudamanager/src/HipContextManager.cpp:133:99: error: ‘hipMemcpyDtoDAsync’ was not declared in this scope; did you mean ‘memcpyDtoDAsync’?
  133 |     PxCUresult memcpyDtoDAsync(CUdeviceptr d,CUdeviceptr s,size_t b,CUstream st) override { mLast=hipMemcpyDtoDAsync((hipDeviceptr_t)d,(hipDeviceptr_t)s,b,(hipStream_t)st); return PxCUresult(mLast); }
      |                                                                                                   ^~~~~~~~~~~~~~~~~~
      |                                                                                                   memcpyDtoDAsync
/public/home/tangwsh/PhysX/physx/source/cudamanager/src/HipContextManager.cpp: In member function ‘virtual physx::PxCUresult physx::HipCtx::memcpyDtoD(CUdeviceptr, CUdeviceptr, size_t)’:
/public/home/tangwsh/PhysX/physx/source/cudamanager/src/HipContextManager.cpp:134:97: error: ‘hipDeviceptr_t’ was not declared in this scope; did you mean ‘hipDeviceProp_t’?
  134 |     PxCUresult memcpyDtoD(CUdeviceptr d,CUdeviceptr s,size_t b) override { mLast=hipMemcpyDtoD((hipDeviceptr_t)d,(hipDeviceptr_t)s,b); return PxCUresult(mLast); }
      |                                                                                                 ^~~~~~~~~~~~~~
      |                                                                                                 hipDeviceProp_t
/public/home/tangwsh/PhysX/physx/source/cudamanager/src/HipContextManager.cpp:134:130: error: expected ‘)’ before ‘s’
  134 |     PxCUresult memcpyDtoD(CUdeviceptr d,CUdeviceptr s,size_t b) override { mLast=hipMemcpyDtoD((hipDeviceptr_t)d,(hipDeviceptr_t)s,b); return PxCUresult(mLast); }
      |                                                                                                                                  ^
/public/home/tangwsh/PhysX/physx/source/cudamanager/src/HipContextManager.cpp:134:95: note: to match this ‘(’
  134 |     PxCUresult memcpyDtoD(CUdeviceptr d,CUdeviceptr s,size_t b) override { mLast=hipMemcpyDtoD((hipDeviceptr_t)d,(hipDeviceptr_t)s,b); return PxCUresult(mLast); }
      |                                                                                               ^
/public/home/tangwsh/PhysX/physx/source/cudamanager/src/HipContextManager.cpp:134:82: error: ‘hipMemcpyDtoD’ was not declared in this scope; did you mean ‘memcpyDtoD’?
  134 |     PxCUresult memcpyDtoD(CUdeviceptr d,CUdeviceptr s,size_t b) override { mLast=hipMemcpyDtoD((hipDeviceptr_t)d,(hipDeviceptr_t)s,b); return PxCUresult(mLast); }
      |                                                                                  ^~~~~~~~~~~~~
      |                                                                                  memcpyDtoD
/public/home/tangwsh/PhysX/physx/source/cudamanager/src/HipContextManager.cpp: In member function ‘virtual physx::PxCUresult physx::HipCtx::memsetD32Async(CUdeviceptr, unsigned int, size_t, CUstream)’:
/public/home/tangwsh/PhysX/physx/source/cudamanager/src/HipContextManager.cpp:136:113: error: ‘hipDeviceptr_t’ was not declared in this scope; did you mean ‘hipDeviceProp_t’?
  136 |     PxCUresult memsetD32Async(CUdeviceptr d,unsigned v,size_t n,CUstream s) override { mLast=hipMemsetD32Async((hipDeviceptr_t)d,v,n,(hipStream_t)s); return PxCUresult(mLast); }
      |                                                                                                                 ^~~~~~~~~~~~~~
      |                                                                                                                 hipDeviceProp_t
/public/home/tangwsh/PhysX/physx/source/cudamanager/src/HipContextManager.cpp:136:135: error: ‘hipStream_t’ was not declared in this scope
  136 |     PxCUresult memsetD32Async(CUdeviceptr d,unsigned v,size_t n,CUstream s) override { mLast=hipMemsetD32Async((hipDeviceptr_t)d,v,n,(hipStream_t)s); return PxCUresult(mLast); }
      |                                                                                                                                       ^~~~~~~~~~~
/public/home/tangwsh/PhysX/physx/source/cudamanager/src/HipContextManager.cpp:136:94: error: ‘hipMemsetD32Async’ was not declared in this scope; did you mean ‘memsetD32Async’?
  136 |     PxCUresult memsetD32Async(CUdeviceptr d,unsigned v,size_t n,CUstream s) override { mLast=hipMemsetD32Async((hipDeviceptr_t)d,v,n,(hipStream_t)s); return PxCUresult(mLast); }
      |                                                                                              ^~~~~~~~~~~~~~~~~
      |                                                                                              memsetD32Async
/public/home/tangwsh/PhysX/physx/source/cudamanager/src/HipContextManager.cpp: In member function ‘virtual physx::PxCUresult physx::HipCtx::memsetD8Async(CUdeviceptr, unsigned char, size_t, CUstream)’:
/public/home/tangwsh/PhysX/physx/source/cudamanager/src/HipContextManager.cpp:137:116: error: ‘hipDeviceptr_t’ was not declared in this scope; did you mean ‘hipDeviceProp_t’?
  137 |     PxCUresult memsetD8Async(CUdeviceptr d,unsigned char v,size_t n,CUstream s) override { mLast=hipMemsetD8Async((hipDeviceptr_t)d,v,n,(hipStream_t)s); return PxCUresult(mLast); }
      |                                                                                                                    ^~~~~~~~~~~~~~
      |                                                                                                                    hipDeviceProp_t
/public/home/tangwsh/PhysX/physx/source/cudamanager/src/HipContextManager.cpp:137:138: error: ‘hipStream_t’ was not declared in this scope
  137 |     PxCUresult memsetD8Async(CUdeviceptr d,unsigned char v,size_t n,CUstream s) override { mLast=hipMemsetD8Async((hipDeviceptr_t)d,v,n,(hipStream_t)s); return PxCUresult(mLast); }
      |                                                                                                                                          ^~~~~~~~~~~
/public/home/tangwsh/PhysX/physx/source/cudamanager/src/HipContextManager.cpp:137:98: error: ‘hipMemsetD8Async’ was not declared in this scope; did you mean ‘memsetD8Async’?
  137 |     PxCUresult memsetD8Async(CUdeviceptr d,unsigned char v,size_t n,CUstream s) override { mLast=hipMemsetD8Async((hipDeviceptr_t)d,v,n,(hipStream_t)s); return PxCUresult(mLast); }
      |                                                                                                  ^~~~~~~~~~~~~~~~
      |                                                                                                  memsetD8Async
/public/home/tangwsh/PhysX/physx/source/cudamanager/src/HipContextManager.cpp: In member function ‘virtual physx::PxCUresult physx::HipCtx::memsetD32(CUdeviceptr, unsigned int, size_t)’:
/public/home/tangwsh/PhysX/physx/source/cudamanager/src/HipContextManager.cpp:138:92: error: ‘hipDeviceptr_t’ was not declared in this scope; did you mean ‘hipDeviceProp_t’?
  138 |     PxCUresult memsetD32(CUdeviceptr d,unsigned v,size_t n) override { mLast=hipMemsetD32((hipDeviceptr_t)d,v,n); return PxCUresult(mLast); }
      |                                                                                            ^~~~~~~~~~~~~~
      |                                                                                            hipDeviceProp_t
/public/home/tangwsh/PhysX/physx/source/cudamanager/src/HipContextManager.cpp:138:78: error: ‘hipMemsetD32’ was not declared in this scope; did you mean ‘memsetD32’?
  138 |     PxCUresult memsetD32(CUdeviceptr d,unsigned v,size_t n) override { mLast=hipMemsetD32((hipDeviceptr_t)d,v,n); return PxCUresult(mLast); }
      |                                                                              ^~~~~~~~~~~~
      |                                                                              memsetD32
/public/home/tangwsh/PhysX/physx/source/cudamanager/src/HipContextManager.cpp: In member function ‘virtual physx::PxCUresult physx::HipCtx::memsetD16(CUdeviceptr, short unsigned int, size_t)’:
/public/home/tangwsh/PhysX/physx/source/cudamanager/src/HipContextManager.cpp:139:98: error: ‘hipDeviceptr_t’ was not declared in this scope; did you mean ‘hipDeviceProp_t’?
  139 |     PxCUresult memsetD16(CUdeviceptr d,unsigned short v,size_t n) override { mLast=hipMemsetD16((hipDeviceptr_t)d,v,n); return PxCUresult(mLast); }
      |                                                                                                  ^~~~~~~~~~~~~~
      |                                                                                                  hipDeviceProp_t
/public/home/tangwsh/PhysX/physx/source/cudamanager/src/HipContextManager.cpp:139:84: error: ‘hipMemsetD16’ was not declared in this scope; did you mean ‘memsetD16’?
  139 |     PxCUresult memsetD16(CUdeviceptr d,unsigned short v,size_t n) override { mLast=hipMemsetD16((hipDeviceptr_t)d,v,n); return PxCUresult(mLast); }
      |                                                                                    ^~~~~~~~~~~~
      |                                                                                    memsetD16
/public/home/tangwsh/PhysX/physx/source/cudamanager/src/HipContextManager.cpp: In member function ‘virtual physx::PxCUresult physx::HipCtx::memsetD8(CUdeviceptr, unsigned char, size_t)’:
/public/home/tangwsh/PhysX/physx/source/cudamanager/src/HipContextManager.cpp:140:95: error: ‘hipDeviceptr_t’ was not declared in this scope; did you mean ‘hipDeviceProp_t’?
  140 |     PxCUresult memsetD8(CUdeviceptr d,unsigned char v,size_t n) override { mLast=hipMemsetD8((hipDeviceptr_t)d,v,n); return PxCUresult(mLast); }
      |                                                                                               ^~~~~~~~~~~~~~
      |                                                                                               hipDeviceProp_t
/public/home/tangwsh/PhysX/physx/source/cudamanager/src/HipContextManager.cpp:140:82: error: ‘hipMemsetD8’ was not declared in this scope; did you mean ‘memsetD8’?
  140 |     PxCUresult memsetD8(CUdeviceptr d,unsigned char v,size_t n) override { mLast=hipMemsetD8((hipDeviceptr_t)d,v,n); return PxCUresult(mLast); }
      |                                                                                  ^~~~~~~~~~~
      |                                                                                  memsetD8
/public/home/tangwsh/PhysX/physx/source/cudamanager/src/HipContextManager.cpp: At global scope:
/public/home/tangwsh/PhysX/physx/source/cudamanager/src/HipContextManager.cpp:147:18: error: ‘hipDevice_t’ does not name a type; did you mean ‘hipDeviceProp_t’?
  147 |     bool mValid; hipDevice_t mDev; hipCtx_t mCtx; HipCtx* mHCtx;
      |                  ^~~~~~~~~~~
      |                  hipDeviceProp_t
/public/home/tangwsh/PhysX/physx/source/cudamanager/src/HipContextManager.cpp:147:36: error: ‘hipCtx_t’ does not name a type; did you mean ‘HipCtx’?
  147 |     bool mValid; hipDevice_t mDev; hipCtx_t mCtx; HipCtx* mHCtx;
      |                                    ^~~~~~~~
      |                                    HipCtx
/public/home/tangwsh/PhysX/physx/source/cudamanager/src/HipContextManager.cpp:148:13: error: ‘hipModule_t’ was not declared in this scope
  148 |     PxArray<hipModule_t> mMods; int mOrd; char mName[128];
      |             ^~~~~~~~~~~
/public/home/tangwsh/PhysX/physx/source/cudamanager/src/HipContextManager.cpp:148:24: error: template argument 1 is invalid
  148 |     PxArray<hipModule_t> mMods; int mOrd; char mName[128];
      |                        ^
/public/home/tangwsh/PhysX/physx/source/cudamanager/src/HipContextManager.cpp:148:24: error: template argument 2 is invalid
/public/home/tangwsh/PhysX/physx/source/cudamanager/src/HipContextManager.cpp: In member function ‘virtual void* physx::HipCtxMgr::allocDeviceBufferInternal(physx::PxU64, const char*, physx::PxI32)’:
/public/home/tangwsh/PhysX/physx/source/cudamanager/src/HipContextManager.cpp:151:93: warning: ignoring returned value of type ‘hipError_t’, declared with attribute ‘nodiscard’ [-Wunused-result]
  151 |     void* allocDeviceBufferInternal(PxU64 b,const char*,PxI32) override { void* p; hipMalloc(&p,(size_t)b); return p; }
      |                                                                                    ~~~~~~~~~^~~~~~~~~~~~~~
In file included from /opt/dtk/include/hip/hip_runtime.h:113,
                 from /public/home/tangwsh/PhysX/physx/source/cudamanager/src/HipContextManager.cpp:2:
/opt/dtk/include/hip/hip_runtime_api.h:10525:26: note: in call to ‘hipError_t hipMalloc(T**, size_t) [with T = void; hipError_t = hipError_t; size_t = long unsigned int]’, declared here
10525 | static inline hipError_t hipMalloc(T** devPtr, size_t size) {
      |                          ^~~~~~~~~
In file included from /opt/dtk/include/hip/hip_runtime_api.h:38,
                 from /opt/dtk/include/hip/hip_runtime.h:113,
                 from /public/home/tangwsh/PhysX/physx/source/cudamanager/src/HipContextManager.cpp:2:
/opt/dtk/include/hip/hip_runtime_defines.h:477:3: note: ‘hipError_t’ declared here
  477 | } hipError_t;
      |   ^~~~~~~~~~
/public/home/tangwsh/PhysX/physx/source/cudamanager/src/HipContextManager.cpp: In member function ‘virtual void* physx::HipCtxMgr::allocPinnedHostBufferInternal(physx::PxU64, const char*, physx::PxI32)’:
/public/home/tangwsh/PhysX/physx/source/cudamanager/src/HipContextManager.cpp:152:115: error: ‘hipHostMallocMapped’ was not declared in this scope; did you mean ‘hipHostMalloc’?
  152 |     void* allocPinnedHostBufferInternal(PxU64 b,const char*,PxI32) override { void* p; hipHostMalloc(&p,(size_t)b,hipHostMallocMapped|hipHostMallocPortable); return p; }
      |                                                                                                                   ^~~~~~~~~~~~~~~~~~~
      |                                                                                                                   hipHostMalloc
/public/home/tangwsh/PhysX/physx/source/cudamanager/src/HipContextManager.cpp:152:135: error: ‘hipHostMallocPortable’ was not declared in this scope
  152 |     void* allocPinnedHostBufferInternal(PxU64 b,const char*,PxI32) override { void* p; hipHostMalloc(&p,(size_t)b,hipHostMallocMapped|hipHostMallocPortable); return p; }
      |                                                                                                                                       ^~~~~~~~~~~~~~~~~~~~~
/public/home/tangwsh/PhysX/physx/source/cudamanager/src/HipContextManager.cpp: In member function ‘virtual void physx::HipCtxMgr::freeDeviceBufferInternal(void*)’:
/public/home/tangwsh/PhysX/physx/source/cudamanager/src/HipContextManager.cpp:153:61: error: ‘hipFree’ was not declared in this scope
  153 |     void freeDeviceBufferInternal(void* p) override { if(p) hipFree(p); }
      |                                                             ^~~~~~~
/public/home/tangwsh/PhysX/physx/source/cudamanager/src/HipContextManager.cpp: In member function ‘virtual void physx::HipCtxMgr::freePinnedHostBufferInternal(void*)’:
/public/home/tangwsh/PhysX/physx/source/cudamanager/src/HipContextManager.cpp:154:65: error: ‘hipHostFree’ was not declared in this scope
  154 |     void freePinnedHostBufferInternal(void* p) override { if(p) hipHostFree(p); }
      |                                                                 ^~~~~~~~~~~
/public/home/tangwsh/PhysX/physx/source/cudamanager/src/HipContextManager.cpp: In member function ‘virtual void physx::HipCtxMgr::clearDeviceBufferAsyncInternal(void*, physx::PxU32, CUstream, physx::PxI32)’:
/public/home/tangwsh/PhysX/physx/source/cudamanager/src/HipContextManager.cpp:155:107: error: ‘hipDeviceptr_t’ was not declared in this scope; did you mean ‘hipDeviceProp_t’?
  155 |     void clearDeviceBufferAsyncInternal(void* p,PxU32 b,CUstream s,PxI32 v) override { hipMemsetD32Async((hipDeviceptr_t)p,(unsigned)v,b/4,(hipStream_t)s); }
      |                                                                                                           ^~~~~~~~~~~~~~
      |                                                                                                           hipDeviceProp_t
/public/home/tangwsh/PhysX/physx/source/cudamanager/src/HipContextManager.cpp:155:141: error: ‘hipStream_t’ was not declared in this scope
  155 |     void clearDeviceBufferAsyncInternal(void* p,PxU32 b,CUstream s,PxI32 v) override { hipMemsetD32Async((hipDeviceptr_t)p,(unsigned)v,b/4,(hipStream_t)s); }
      |                                                                                                                                             ^~~~~~~~~~~
/public/home/tangwsh/PhysX/physx/source/cudamanager/src/HipContextManager.cpp:155:88: error: ‘hipMemsetD32Async’ was not declared in this scope
  155 |     void clearDeviceBufferAsyncInternal(void* p,PxU32 b,CUstream s,PxI32 v) override { hipMemsetD32Async((hipDeviceptr_t)p,(unsigned)v,b/4,(hipStream_t)s); }
      |                                                                                        ^~~~~~~~~~~~~~~~~
/public/home/tangwsh/PhysX/physx/source/cudamanager/src/HipContextManager.cpp: In member function ‘virtual void physx::HipCtxMgr::copyDToHAsyncInternal(void*, const void*, physx::PxU32, CUstream)’:
/public/home/tangwsh/PhysX/physx/source/cudamanager/src/HipContextManager.cpp:156:108: error: ‘hipDeviceptr_t’ was not declared in this scope; did you mean ‘hipDeviceProp_t’?
  156 |     void copyDToHAsyncInternal(void* d,const void* s,PxU32 b,CUstream st) override { hipMemcpyDtoHAsync(d,(hipDeviceptr_t)s,b,(hipStream_t)st); }
      |                                                                                                            ^~~~~~~~~~~~~~
      |                                                                                                            hipDeviceProp_t
/public/home/tangwsh/PhysX/physx/source/cudamanager/src/HipContextManager.cpp:156:128: error: ‘hipStream_t’ was not declared in this scope
  156 |     void copyDToHAsyncInternal(void* d,const void* s,PxU32 b,CUstream st) override { hipMemcpyDtoHAsync(d,(hipDeviceptr_t)s,b,(hipStream_t)st); }
      |                                                                                                                                ^~~~~~~~~~~
/public/home/tangwsh/PhysX/physx/source/cudamanager/src/HipContextManager.cpp:156:86: error: ‘hipMemcpyDtoHAsync’ was not declared in this scope
  156 |     void copyDToHAsyncInternal(void* d,const void* s,PxU32 b,CUstream st) override { hipMemcpyDtoHAsync(d,(hipDeviceptr_t)s,b,(hipStream_t)st); }
      |                                                                                      ^~~~~~~~~~~~~~~~~~
/public/home/tangwsh/PhysX/physx/source/cudamanager/src/HipContextManager.cpp: In member function ‘virtual void physx::HipCtxMgr::copyHToDAsyncInternal(void*, const void*, physx::PxU32, CUstream)’:
/public/home/tangwsh/PhysX/physx/source/cudamanager/src/HipContextManager.cpp:157:106: error: ‘hipDeviceptr_t’ was not declared in this scope; did you mean ‘hipDeviceProp_t’?
  157 |     void copyHToDAsyncInternal(void* d,const void* s,PxU32 b,CUstream st) override { hipMemcpyHtoDAsync((hipDeviceptr_t)d,(void*)s,b,(hipStream_t)st); }
      |                                                                                                          ^~~~~~~~~~~~~~
      |                                                                                                          hipDeviceProp_t
/public/home/tangwsh/PhysX/physx/source/cudamanager/src/HipContextManager.cpp:157:135: error: ‘hipStream_t’ was not declared in this scope
  157 |     void copyHToDAsyncInternal(void* d,const void* s,PxU32 b,CUstream st) override { hipMemcpyHtoDAsync((hipDeviceptr_t)d,(void*)s,b,(hipStream_t)st); }
      |                                                                                                                                       ^~~~~~~~~~~
/public/home/tangwsh/PhysX/physx/source/cudamanager/src/HipContextManager.cpp:157:86: error: ‘hipMemcpyHtoDAsync’ was not declared in this scope
  157 |     void copyHToDAsyncInternal(void* d,const void* s,PxU32 b,CUstream st) override { hipMemcpyHtoDAsync((hipDeviceptr_t)d,(void*)s,b,(hipStream_t)st); }
      |                                                                                      ^~~~~~~~~~~~~~~~~~
/public/home/tangwsh/PhysX/physx/source/cudamanager/src/HipContextManager.cpp: In member function ‘virtual void physx::HipCtxMgr::copyDToDAsyncInternal(void*, const void*, physx::PxU32, CUstream)’:
/public/home/tangwsh/PhysX/physx/source/cudamanager/src/HipContextManager.cpp:158:106: error: ‘hipDeviceptr_t’ was not declared in this scope; did you mean ‘hipDeviceProp_t’?
  158 |     void copyDToDAsyncInternal(void* d,const void* s,PxU32 b,CUstream st) override { hipMemcpyDtoDAsync((hipDeviceptr_t)d,(hipDeviceptr_t)s,b,(hipStream_t)st); }
      |                                                                                                          ^~~~~~~~~~~~~~
      |                                                                                                          hipDeviceProp_t
/public/home/tangwsh/PhysX/physx/source/cudamanager/src/HipContextManager.cpp:158:139: error: expected ‘)’ before ‘s’
  158 |     void copyDToDAsyncInternal(void* d,const void* s,PxU32 b,CUstream st) override { hipMemcpyDtoDAsync((hipDeviceptr_t)d,(hipDeviceptr_t)s,b,(hipStream_t)st); }
      |                                                                                                                                           ^
/public/home/tangwsh/PhysX/physx/source/cudamanager/src/HipContextManager.cpp:158:104: note: to match this ‘(’
  158 |     void copyDToDAsyncInternal(void* d,const void* s,PxU32 b,CUstream st) override { hipMemcpyDtoDAsync((hipDeviceptr_t)d,(hipDeviceptr_t)s,b,(hipStream_t)st); }
      |                                                                                                        ^
/public/home/tangwsh/PhysX/physx/source/cudamanager/src/HipContextManager.cpp:158:144: error: ‘hipStream_t’ was not declared in this scope
  158 |     void copyDToDAsyncInternal(void* d,const void* s,PxU32 b,CUstream st) override { hipMemcpyDtoDAsync((hipDeviceptr_t)d,(hipDeviceptr_t)s,b,(hipStream_t)st); }
      |                                                                                                                                                ^~~~~~~~~~~
/public/home/tangwsh/PhysX/physx/source/cudamanager/src/HipContextManager.cpp:158:86: error: ‘hipMemcpyDtoDAsync’ was not declared in this scope
  158 |     void copyDToDAsyncInternal(void* d,const void* s,PxU32 b,CUstream st) override { hipMemcpyDtoDAsync((hipDeviceptr_t)d,(hipDeviceptr_t)s,b,(hipStream_t)st); }
      |                                                                                      ^~~~~~~~~~~~~~~~~~
/public/home/tangwsh/PhysX/physx/source/cudamanager/src/HipContextManager.cpp: In member function ‘virtual void physx::HipCtxMgr::copyDToHInternal(void*, const void*, physx::PxU32)’:
/public/home/tangwsh/PhysX/physx/source/cudamanager/src/HipContextManager.cpp:159:86: error: ‘hipDeviceptr_t’ was not declared in this scope; did you mean ‘hipDeviceProp_t’?
  159 |     void copyDToHInternal(void* d,const void* s,PxU32 b) override { hipMemcpyDtoH(d,(hipDeviceptr_t)s,b); }
      |                                                                                      ^~~~~~~~~~~~~~
      |                                                                                      hipDeviceProp_t
/public/home/tangwsh/PhysX/physx/source/cudamanager/src/HipContextManager.cpp:159:69: error: ‘hipMemcpyDtoH’ was not declared in this scope; did you mean ‘cuMemcpyDtoH’?
  159 |     void copyDToHInternal(void* d,const void* s,PxU32 b) override { hipMemcpyDtoH(d,(hipDeviceptr_t)s,b); }
      |                                                                     ^~~~~~~~~~~~~
      |                                                                     cuMemcpyDtoH
/public/home/tangwsh/PhysX/physx/source/cudamanager/src/HipContextManager.cpp: In member function ‘virtual void physx::HipCtxMgr::copyHToDInternal(void*, const void*, physx::PxU32)’:
/public/home/tangwsh/PhysX/physx/source/cudamanager/src/HipContextManager.cpp:160:84: error: ‘hipDeviceptr_t’ was not declared in this scope; did you mean ‘hipDeviceProp_t’?
  160 |     void copyHToDInternal(void* d,const void* s,PxU32 b) override { hipMemcpyHtoD((hipDeviceptr_t)d,(void*)s,b); }
      |                                                                                    ^~~~~~~~~~~~~~
      |                                                                                    hipDeviceProp_t
/public/home/tangwsh/PhysX/physx/source/cudamanager/src/HipContextManager.cpp:160:69: error: ‘hipMemcpyHtoD’ was not declared in this scope; did you mean ‘cuMemcpyHtoD’?
  160 |     void copyHToDInternal(void* d,const void* s,PxU32 b) override { hipMemcpyHtoD((hipDeviceptr_t)d,(void*)s,b); }
      |                                                                     ^~~~~~~~~~~~~
      |                                                                     cuMemcpyHtoD
/public/home/tangwsh/PhysX/physx/source/cudamanager/src/HipContextManager.cpp: In member function ‘virtual void physx::HipCtxMgr::memsetD8AsyncInternal(void*, const PxU8&, physx::PxU32, CUstream)’:
/public/home/tangwsh/PhysX/physx/source/cudamanager/src/HipContextManager.cpp:161:103: error: ‘hipDeviceptr_t’ was not declared in this scope; did you mean ‘hipDeviceProp_t’?
  161 |     void memsetD8AsyncInternal(void* d,const PxU8& v,PxU32 b,CUstream s) override { hipMemsetD8Async((hipDeviceptr_t)d,v,b,(hipStream_t)s); }
      |                                                                                                       ^~~~~~~~~~~~~~
      |                                                                                                       hipDeviceProp_t
/public/home/tangwsh/PhysX/physx/source/cudamanager/src/HipContextManager.cpp:161:125: error: ‘hipStream_t’ was not declared in this scope
  161 |     void memsetD8AsyncInternal(void* d,const PxU8& v,PxU32 b,CUstream s) override { hipMemsetD8Async((hipDeviceptr_t)d,v,b,(hipStream_t)s); }
      |                                                                                                                             ^~~~~~~~~~~
/public/home/tangwsh/PhysX/physx/source/cudamanager/src/HipContextManager.cpp:161:85: error: ‘hipMemsetD8Async’ was not declared in this scope; did you mean ‘memsetAsync’?
  161 |     void memsetD8AsyncInternal(void* d,const PxU8& v,PxU32 b,CUstream s) override { hipMemsetD8Async((hipDeviceptr_t)d,v,b,(hipStream_t)s); }
      |                                                                                     ^~~~~~~~~~~~~~~~
      |                                                                                     memsetAsync
/public/home/tangwsh/PhysX/physx/source/cudamanager/src/HipContextManager.cpp: In member function ‘virtual void physx::HipCtxMgr::memsetD32AsyncInternal(void*, const PxU32&, physx::PxU32, CUstream)’:
/public/home/tangwsh/PhysX/physx/source/cudamanager/src/HipContextManager.cpp:162:106: error: ‘hipDeviceptr_t’ was not declared in this scope; did you mean ‘hipDeviceProp_t’?
  162 |     void memsetD32AsyncInternal(void* d,const PxU32& v,PxU32 n,CUstream s) override { hipMemsetD32Async((hipDeviceptr_t)d,v,n,(hipStream_t)s); }
      |                                                                                                          ^~~~~~~~~~~~~~
      |                                                                                                          hipDeviceProp_t
/public/home/tangwsh/PhysX/physx/source/cudamanager/src/HipContextManager.cpp:162:128: error: ‘hipStream_t’ was not declared in this scope
  162 |     void memsetD32AsyncInternal(void* d,const PxU32& v,PxU32 n,CUstream s) override { hipMemsetD32Async((hipDeviceptr_t)d,v,n,(hipStream_t)s); }
      |                                                                                                                                ^~~~~~~~~~~
/public/home/tangwsh/PhysX/physx/source/cudamanager/src/HipContextManager.cpp:162:87: error: ‘hipMemsetD32Async’ was not declared in this scope
  162 |     void memsetD32AsyncInternal(void* d,const PxU32& v,PxU32 n,CUstream s) override { hipMemsetD32Async((hipDeviceptr_t)d,v,n,(hipStream_t)s); }
      |                                                                                       ^~~~~~~~~~~~~~~~~
/public/home/tangwsh/PhysX/physx/source/cudamanager/src/HipContextManager.cpp: In constructor ‘physx::HipCtxMgr::HipCtxMgr(const physx::PxCudaContextManagerDesc&, physx::PxProfilerCallback*, bool)’:
/public/home/tangwsh/PhysX/physx/source/cudamanager/src/HipContextManager.cpp:167:12: error: ‘hipInit’ was not declared in this scope
  167 |         if(hipInit(0)!=hipSuccess)return;
      |            ^~~~~~~
/public/home/tangwsh/PhysX/physx/source/cudamanager/src/HipContextManager.cpp:168:26: error: ‘mDev’ was not declared in this scope
  168 |         if(hipDeviceGet(&mDev,ord)!=hipSuccess)return;
      |                          ^~~~
/public/home/tangwsh/PhysX/physx/source/cudamanager/src/HipContextManager.cpp:168:12: error: ‘hipDeviceGet’ was not declared in this scope; did you mean ‘hipDeviceProp_t’?
  168 |         if(hipDeviceGet(&mDev,ord)!=hipSuccess)return;
      |            ^~~~~~~~~~~~
      |            hipDeviceProp_t
/public/home/tangwsh/PhysX/physx/source/cudamanager/src/HipContextManager.cpp:169:26: error: ‘mCtx’ was not declared in this scope; did you mean ‘mHCtx’?
  169 |         if(hipCtxCreate(&mCtx,0,mDev)!=hipSuccess)return;
      |                          ^~~~
      |                          mHCtx
/public/home/tangwsh/PhysX/physx/source/cudamanager/src/HipContextManager.cpp:169:33: error: ‘mDev’ was not declared in this scope
  169 |         if(hipCtxCreate(&mCtx,0,mDev)!=hipSuccess)return;
      |                                 ^~~~
/public/home/tangwsh/PhysX/physx/source/cudamanager/src/HipContextManager.cpp:169:12: error: ‘hipCtxCreate’ was not declared in this scope
  169 |         if(hipCtxCreate(&mCtx,0,mDev)!=hipSuccess)return;
      |            ^~~~~~~~~~~~
/public/home/tangwsh/PhysX/physx/source/cudamanager/src/HipContextManager.cpp:171:56: error: ‘mDev’ was not declared in this scope
  171 |         hipDeviceProp_t pr; hipGetDeviceProperties(&pr,mDev);
      |                                                        ^~~~
/public/home/tangwsh/PhysX/physx/source/cudamanager/src/HipContextManager.cpp:171:29: error: ‘hipGetDeviceProperties’ was not declared in this scope; did you mean ‘hipDeviceProp_t_v2’?
  171 |         hipDeviceProp_t pr; hipGetDeviceProperties(&pr,mDev);
      |                             ^~~~~~~~~~~~~~~~~~~~~~
      |                             hipDeviceProp_t_v2
/public/home/tangwsh/PhysX/physx/source/cudamanager/src/HipContextManager.cpp:175:12: error: ‘gGpuModule’ was not declared in this scope; did you mean ‘getCuModules’?
  175 |         if(gGpuModule) { mMods.resize(1); mMods[0]=gGpuModule; }
      |            ^~~~~~~~~~
      |            getCuModules
/public/home/tangwsh/PhysX/physx/source/cudamanager/src/HipContextManager.cpp:175:32: error: request for member ‘resize’ in ‘((physx::HipCtxMgr*)this)->physx::HipCtxMgr::mMods’, which is of non-class type ‘int’
  175 |         if(gGpuModule) { mMods.resize(1); mMods[0]=gGpuModule; }
      |                                ^~~~~~
/public/home/tangwsh/PhysX/physx/source/cudamanager/src/HipContextManager.cpp:175:48: error: invalid types ‘int[int]’ for array subscript
  175 |         if(gGpuModule) { mMods.resize(1); mMods[0]=gGpuModule; }
      |                                                ^
/public/home/tangwsh/PhysX/physx/source/cudamanager/src/HipContextManager.cpp: In destructor ‘virtual physx::HipCtxMgr::~HipCtxMgr()’:
/public/home/tangwsh/PhysX/physx/source/cudamanager/src/HipContextManager.cpp:179:62: error: request for member ‘size’ in ‘((physx::HipCtxMgr*)this)->physx::HipCtxMgr::mMods’, which is of non-class type ‘int’
  179 |     ~HipCtxMgr() override { if(mHCtx){ for(PxU32 i=0;i<mMods.size();i++) if(mMods[i]) hipModuleUnload(mMods[i]); mHCtx->release(); } if(mCtx) hipCtxDestroy(mCtx); PxTlsFree(mTLS); }
      |                                                              ^~~~
/public/home/tangwsh/PhysX/physx/source/cudamanager/src/HipContextManager.cpp:179:82: error: invalid types ‘int[physx::PxU32 {aka unsigned int}]’ for array subscript
  179 |     ~HipCtxMgr() override { if(mHCtx){ for(PxU32 i=0;i<mMods.size();i++) if(mMods[i]) hipModuleUnload(mMods[i]); mHCtx->release(); } if(mCtx) hipCtxDestroy(mCtx); PxTlsFree(mTLS); }
      |                                                                                  ^
/public/home/tangwsh/PhysX/physx/source/cudamanager/src/HipContextManager.cpp:179:108: error: invalid types ‘int[physx::PxU32 {aka unsigned int}]’ for array subscript
  179 |     ~HipCtxMgr() override { if(mHCtx){ for(PxU32 i=0;i<mMods.size();i++) if(mMods[i]) hipModuleUnload(mMods[i]); mHCtx->release(); } if(mCtx) hipCtxDestroy(mCtx); PxTlsFree(mTLS); }
      |                                                                                                            ^
/public/home/tangwsh/PhysX/physx/source/cudamanager/src/HipContextManager.cpp:179:87: error: ‘hipModuleUnload’ was not declared in this scope
  179 |     ~HipCtxMgr() override { if(mHCtx){ for(PxU32 i=0;i<mMods.size();i++) if(mMods[i]) hipModuleUnload(mMods[i]); mHCtx->release(); } if(mCtx) hipCtxDestroy(mCtx); PxTlsFree(mTLS); }
      |                                                                                       ^~~~~~~~~~~~~~~
/public/home/tangwsh/PhysX/physx/source/cudamanager/src/HipContextManager.cpp:179:137: error: ‘mCtx’ was not declared in this scope; did you mean ‘mHCtx’?
  179 |     ~HipCtxMgr() override { if(mHCtx){ for(PxU32 i=0;i<mMods.size();i++) if(mMods[i]) hipModuleUnload(mMods[i]); mHCtx->release(); } if(mCtx) hipCtxDestroy(mCtx); PxTlsFree(mTLS); }
      |                                                                                                                                         ^~~~
      |                                                                                                                                         mHCtx
/public/home/tangwsh/PhysX/physx/source/cudamanager/src/HipContextManager.cpp:179:143: error: ‘hipCtxDestroy’ was not declared in this scope
  179 |     ~HipCtxMgr() override { if(mHCtx){ for(PxU32 i=0;i<mMods.size();i++) if(mMods[i]) hipModuleUnload(mMods[i]); mHCtx->release(); } if(mCtx) hipCtxDestroy(mCtx); PxTlsFree(mTLS); }
      |                                                                                                                                               ^~~~~~~~~~~~~
/public/home/tangwsh/PhysX/physx/source/cudamanager/src/HipContextManager.cpp: In member function ‘virtual void physx::HipCtxMgr::acquireContext()’:
/public/home/tangwsh/PhysX/physx/source/cudamanager/src/HipContextManager.cpp:182:56: error: ‘mCtx’ was not declared in this scope; did you mean ‘mHCtx’?
  182 |     void acquireContext() override { hipCtxPushCurrent(mCtx); PxTlsSetValue(mTLS,PxTlsGetValue(mTLS)+1); }
      |                                                        ^~~~
      |                                                        mHCtx
/public/home/tangwsh/PhysX/physx/source/cudamanager/src/HipContextManager.cpp:182:38: error: ‘hipCtxPushCurrent’ was not declared in this scope
  182 |     void acquireContext() override { hipCtxPushCurrent(mCtx); PxTlsSetValue(mTLS,PxTlsGetValue(mTLS)+1); }
      |                                      ^~~~~~~~~~~~~~~~~
/public/home/tangwsh/PhysX/physx/source/cudamanager/src/HipContextManager.cpp: In member function ‘virtual void physx::HipCtxMgr::releaseContext()’:
/public/home/tangwsh/PhysX/physx/source/cudamanager/src/HipContextManager.cpp:183:78: error: ‘hipCtx_t’ was not declared in this scope; did you mean ‘HipCtx’?
  183 |     void releaseContext() override { PxU32 r=PxTlsGetValue(mTLS); if(--r==0){hipCtx_t c;hipCtxPopCurrent(&c);} PxTlsSetValue(mTLS,r); }
      |                                                                              ^~~~~~~~
      |                                                                              HipCtx
/public/home/tangwsh/PhysX/physx/source/cudamanager/src/HipContextManager.cpp:183:107: error: ‘c’ was not declared in this scope
  183 |     void releaseContext() override { PxU32 r=PxTlsGetValue(mTLS); if(--r==0){hipCtx_t c;hipCtxPopCurrent(&c);} PxTlsSetValue(mTLS,r); }
      |                                                                                                           ^
/public/home/tangwsh/PhysX/physx/source/cudamanager/src/HipContextManager.cpp:183:89: error: ‘hipCtxPopCurrent’ was not declared in this scope
  183 |     void releaseContext() override { PxU32 r=PxTlsGetValue(mTLS); if(--r==0){hipCtx_t c;hipCtxPopCurrent(&c);} PxTlsSetValue(mTLS,r); }
      |                                                                                         ^~~~~~~~~~~~~~~~
/public/home/tangwsh/PhysX/physx/source/cudamanager/src/HipContextManager.cpp: In member function ‘virtual CUctx_st* physx::HipCtxMgr::getContext()’:
/public/home/tangwsh/PhysX/physx/source/cudamanager/src/HipContextManager.cpp:201:57: error: ‘mCtx’ was not declared in this scope; did you mean ‘mHCtx’?
  201 |     CUcontext getContext() override { return (CUcontext)mCtx; }
      |                                                         ^~~~
      |                                                         mHCtx
/public/home/tangwsh/PhysX/physx/source/cudamanager/src/HipContextManager.cpp: In member function ‘virtual CUmod_st** physx::HipCtxMgr::getCuModules()’:
/public/home/tangwsh/PhysX/physx/source/cudamanager/src/HipContextManager.cpp:203:65: error: request for member ‘begin’ in ‘((physx::HipCtxMgr*)this)->physx::HipCtxMgr::mMods’, which is of non-class type ‘int’
  203 |     CUmodule* getCuModules() override { return (CUmodule*)mMods.begin(); }
      |                                                                 ^~~~~
/public/home/tangwsh/PhysX/physx/source/cudamanager/src/HipContextManager.cpp: In member function ‘virtual void physx::HipCtxMgr::getDeviceMemoryInfo(size_t&, size_t&) const’:
/public/home/tangwsh/PhysX/physx/source/cudamanager/src/HipContextManager.cpp:206:69: error: ‘hipMemGetInfo’ was not declared in this scope
  206 |     void getDeviceMemoryInfo(size_t& f, size_t& t) const override { hipMemGetInfo(&f,&t); }
      |                                                                     ^~~~~~~~~~~~~
/public/home/tangwsh/PhysX/physx/source/cudamanager/src/HipContextManager.cpp: In member function ‘virtual CUdeviceptr physx::HipCtxMgr::getMappedDevicePtr(void*)’:
/public/home/tangwsh/PhysX/physx/source/cudamanager/src/HipContextManager.cpp:207:74: error: ‘hipHostGetDevicePointer’ was not declared in this scope
  207 |     CUdeviceptr getMappedDevicePtr(void* pb) override { CUdeviceptr d=0; hipHostGetDevicePointer((void**)&d,pb,0); return d; }
      |                                                                          ^~~~~~~~~~~~~~~~~~~~~~~
gmake[2]: *** [CMakeFiles/HipContext.dir/build.make:76: CMakeFiles/HipContext.dir/public/home/tangwsh/PhysX/physx/source/cudamanager/src/HipContextManager.cpp.o] Error 1
gmake[1]: *** [CMakeFiles/Makefile2:568: CMakeFiles/HipContext.dir/all] Error 2
gmake: *** [Makefile:91: all] Error 2

Build complete.
Run: ./build_cpu/test_cpu
