[  0%] Building CXX object CMakeFiles/Foundation.dir/public/home/tangwsh/PhysX/physx/source/foundation/FdAllocator.cpp.o
[  0%] Building CXX object CMakeFiles/Foundation.dir/public/home/tangwsh/PhysX/physx/source/foundation/FdAssert.cpp.o
[  1%] Building CXX object CMakeFiles/Foundation.dir/public/home/tangwsh/PhysX/physx/source/foundation/FdFoundation.cpp.o
[  1%] Building CXX object CMakeFiles/Foundation.dir/public/home/tangwsh/PhysX/physx/source/foundation/FdMathUtils.cpp.o
[  1%] Building CXX object CMakeFiles/Foundation.dir/public/home/tangwsh/PhysX/physx/source/foundation/FdString.cpp.o
[  2%] Building CXX object CMakeFiles/Foundation.dir/public/home/tangwsh/PhysX/physx/source/foundation/FdTempAllocator.cpp.o
[  2%] Building CXX object CMakeFiles/Foundation.dir/public/home/tangwsh/PhysX/physx/source/foundation/unix/FdUnixAtomic.cpp.o
[  3%] Building CXX object CMakeFiles/Foundation.dir/public/home/tangwsh/PhysX/physx/source/foundation/unix/FdUnixFPU.cpp.o
[  3%] Building CXX object CMakeFiles/Foundation.dir/public/home/tangwsh/PhysX/physx/source/foundation/unix/FdUnixMutex.cpp.o
[  3%] Building CXX object CMakeFiles/Foundation.dir/public/home/tangwsh/PhysX/physx/source/foundation/unix/FdUnixPrintString.cpp.o
[  4%] Building CXX object CMakeFiles/Foundation.dir/public/home/tangwsh/PhysX/physx/source/foundation/unix/FdUnixSList.cpp.o
[  4%] Building CXX object CMakeFiles/Foundation.dir/public/home/tangwsh/PhysX/physx/source/foundation/unix/FdUnixSocket.cpp.o
[  4%] Building CXX object CMakeFiles/Foundation.dir/public/home/tangwsh/PhysX/physx/source/foundation/unix/FdUnixSync.cpp.o
[  5%] Building CXX object CMakeFiles/Foundation.dir/public/home/tangwsh/PhysX/physx/source/foundation/unix/FdUnixThread.cpp.o
[  5%] Building CXX object CMakeFiles/Foundation.dir/public/home/tangwsh/PhysX/physx/source/foundation/unix/FdUnixTime.cpp.o
[  5%] Linking CXX static library libFoundation.a
[  5%] Built target Foundation
[  5%] Building CXX object CMakeFiles/Common.dir/public/home/tangwsh/PhysX/physx/source/common/src/CmCollection.cpp.o
[  5%] Building CXX object CMakeFiles/Common.dir/public/home/tangwsh/PhysX/physx/source/common/src/CmPtrTable.cpp.o
[  6%] Building CXX object CMakeFiles/Common.dir/public/home/tangwsh/PhysX/physx/source/common/src/CmRadixSort.cpp.o
[  6%] Building CXX object CMakeFiles/Common.dir/public/home/tangwsh/PhysX/physx/source/common/src/CmSerialize.cpp.o
[  6%] Building CXX object CMakeFiles/Common.dir/public/home/tangwsh/PhysX/physx/source/common/src/CmVisualization.cpp.o
[  7%] Linking CXX static library libCommon.a
[  7%] Built target Common
[  7%] Building CXX object CMakeFiles/test_cpu.dir/test_cpu.cpp.o
[  8%] Linking CXX executable test_cpu
[  8%] Built target test_cpu
[  9%] Building CXX object CMakeFiles/LowLevel.dir/public/home/tangwsh/PhysX/physx/source/lowlevel/api/src/px_globals.cpp.o
In file included from /public/home/tangwsh/PhysX/physx/include/foundation/PxSimpleTypes.h:36,
                 from /public/home/tangwsh/PhysX/physx/include/common/PxPhysXCommonConfig.h:32,
                 from /public/home/tangwsh/PhysX/physx/include/PxPhysXConfig.h:35,
                 from /public/home/tangwsh/PhysX/physx/source/lowlevel/api/include/PxvConfig.h:34,
                 from /public/home/tangwsh/PhysX/physx/source/lowlevel/api/include/PxvGlobals.h:32,
                 from /public/home/tangwsh/PhysX/physx/source/lowlevel/api/src/px_globals.cpp:29:
/public/home/tangwsh/PhysX/physx/source/geomutils/src/GuGeometryChecks.h:93:37: warning: ‘offsetof’ within non-standard-layout type ‘physx::PxCapsuleGeometry’ is conditionally-supported [-Winvalid-offsetof]
   93 | PX_COMPILE_TIME_ASSERT(PX_OFFSET_OF(physx::PxCapsuleGeometry, radius) == PX_OFFSET_OF(physx::PxSphereGeometry, radius));
/public/home/tangwsh/PhysX/physx/include/foundation/PxPreprocessor.h:430:51: note: in definition of macro ‘PX_COMPILE_TIME_ASSERT’
  430 | #define PX_COMPILE_TIME_ASSERT(exp) static_assert(exp, "")
      |                                                   ^~~
/public/home/tangwsh/PhysX/physx/source/geomutils/src/GuGeometryChecks.h:93:24: note: in expansion of macro ‘PX_OFFSET_OF’
   93 | PX_COMPILE_TIME_ASSERT(PX_OFFSET_OF(physx::PxCapsuleGeometry, radius) == PX_OFFSET_OF(physx::PxSphereGeometry, radius));
      |                        ^~~~~~~~~~~~
/public/home/tangwsh/PhysX/physx/source/geomutils/src/GuGeometryChecks.h:93:87: warning: ‘offsetof’ within non-standard-layout type ‘physx::PxSphereGeometry’ is conditionally-supported [-Winvalid-offsetof]
   93 | PX_COMPILE_TIME_ASSERT(PX_OFFSET_OF(physx::PxCapsuleGeometry, radius) == PX_OFFSET_OF(physx::PxSphereGeometry, radius));
/public/home/tangwsh/PhysX/physx/include/foundation/PxPreprocessor.h:430:51: note: in definition of macro ‘PX_COMPILE_TIME_ASSERT’
  430 | #define PX_COMPILE_TIME_ASSERT(exp) static_assert(exp, "")
      |                                                   ^~~
/public/home/tangwsh/PhysX/physx/source/geomutils/src/GuGeometryChecks.h:93:74: note: in expansion of macro ‘PX_OFFSET_OF’
   93 | PX_COMPILE_TIME_ASSERT(PX_OFFSET_OF(physx::PxCapsuleGeometry, radius) == PX_OFFSET_OF(physx::PxSphereGeometry, radius));
      |                                                                          ^~~~~~~~~~~~
[  9%] Building CXX object CMakeFiles/LowLevel.dir/public/home/tangwsh/PhysX/physx/source/lowlevel/common/src/pipeline/PxcContactCache.cpp.o
In file included from /public/home/tangwsh/PhysX/physx/include/foundation/PxMath.h:33,
                 from /public/home/tangwsh/PhysX/physx/include/foundation/PxVec3.h:33,
                 from /public/home/tangwsh/PhysX/physx/include/foundation/PxQuat.h:33,
                 from /public/home/tangwsh/PhysX/physx/include/foundation/PxTransform.h:32,
                 from /public/home/tangwsh/PhysX/physx/source/lowlevel/common/include/pipeline/PxcContactCache.h:32,
                 from /public/home/tangwsh/PhysX/physx/source/lowlevel/common/src/pipeline/PxcContactCache.cpp:29:
/public/home/tangwsh/PhysX/physx/source/geomutils/src/GuGeometryChecks.h:93:37: warning: ‘offsetof’ within non-standard-layout type ‘physx::PxCapsuleGeometry’ is conditionally-supported [-Winvalid-offsetof]
   93 | PX_COMPILE_TIME_ASSERT(PX_OFFSET_OF(physx::PxCapsuleGeometry, radius) == PX_OFFSET_OF(physx::PxSphereGeometry, radius));
/public/home/tangwsh/PhysX/physx/include/foundation/PxPreprocessor.h:430:51: note: in definition of macro ‘PX_COMPILE_TIME_ASSERT’
  430 | #define PX_COMPILE_TIME_ASSERT(exp) static_assert(exp, "")
      |                                                   ^~~
/public/home/tangwsh/PhysX/physx/source/geomutils/src/GuGeometryChecks.h:93:24: note: in expansion of macro ‘PX_OFFSET_OF’
   93 | PX_COMPILE_TIME_ASSERT(PX_OFFSET_OF(physx::PxCapsuleGeometry, radius) == PX_OFFSET_OF(physx::PxSphereGeometry, radius));
      |                        ^~~~~~~~~~~~
/public/home/tangwsh/PhysX/physx/source/geomutils/src/GuGeometryChecks.h:93:87: warning: ‘offsetof’ within non-standard-layout type ‘physx::PxSphereGeometry’ is conditionally-supported [-Winvalid-offsetof]
   93 | PX_COMPILE_TIME_ASSERT(PX_OFFSET_OF(physx::PxCapsuleGeometry, radius) == PX_OFFSET_OF(physx::PxSphereGeometry, radius));
/public/home/tangwsh/PhysX/physx/include/foundation/PxPreprocessor.h:430:51: note: in definition of macro ‘PX_COMPILE_TIME_ASSERT’
  430 | #define PX_COMPILE_TIME_ASSERT(exp) static_assert(exp, "")
      |                                                   ^~~
/public/home/tangwsh/PhysX/physx/source/geomutils/src/GuGeometryChecks.h:93:74: note: in expansion of macro ‘PX_OFFSET_OF’
   93 | PX_COMPILE_TIME_ASSERT(PX_OFFSET_OF(physx::PxCapsuleGeometry, radius) == PX_OFFSET_OF(physx::PxSphereGeometry, radius));
      |                                                                          ^~~~~~~~~~~~
[  9%] Building CXX object CMakeFiles/LowLevel.dir/public/home/tangwsh/PhysX/physx/source/lowlevel/common/src/pipeline/PxcContactMethodImpl.cpp.o
In file included from /public/home/tangwsh/PhysX/physx/include/foundation/PxSimpleTypes.h:36,
                 from /public/home/tangwsh/PhysX/physx/include/common/PxPhysXCommonConfig.h:32,
                 from /public/home/tangwsh/PhysX/physx/include/geometry/PxGeometry.h:32,
                 from /public/home/tangwsh/PhysX/physx/source/lowlevel/common/src/pipeline/PxcContactMethodImpl.cpp:29:
/public/home/tangwsh/PhysX/physx/source/geomutils/src/GuGeometryChecks.h:93:37: warning: ‘offsetof’ within non-standard-layout type ‘physx::PxCapsuleGeometry’ is conditionally-supported [-Winvalid-offsetof]
   93 | PX_COMPILE_TIME_ASSERT(PX_OFFSET_OF(physx::PxCapsuleGeometry, radius) == PX_OFFSET_OF(physx::PxSphereGeometry, radius));
/public/home/tangwsh/PhysX/physx/include/foundation/PxPreprocessor.h:430:51: note: in definition of macro ‘PX_COMPILE_TIME_ASSERT’
  430 | #define PX_COMPILE_TIME_ASSERT(exp) static_assert(exp, "")
      |                                                   ^~~
/public/home/tangwsh/PhysX/physx/source/geomutils/src/GuGeometryChecks.h:93:24: note: in expansion of macro ‘PX_OFFSET_OF’
   93 | PX_COMPILE_TIME_ASSERT(PX_OFFSET_OF(physx::PxCapsuleGeometry, radius) == PX_OFFSET_OF(physx::PxSphereGeometry, radius));
      |                        ^~~~~~~~~~~~
/public/home/tangwsh/PhysX/physx/source/geomutils/src/GuGeometryChecks.h:93:87: warning: ‘offsetof’ within non-standard-layout type ‘physx::PxSphereGeometry’ is conditionally-supported [-Winvalid-offsetof]
   93 | PX_COMPILE_TIME_ASSERT(PX_OFFSET_OF(physx::PxCapsuleGeometry, radius) == PX_OFFSET_OF(physx::PxSphereGeometry, radius));
/public/home/tangwsh/PhysX/physx/include/foundation/PxPreprocessor.h:430:51: note: in definition of macro ‘PX_COMPILE_TIME_ASSERT’
  430 | #define PX_COMPILE_TIME_ASSERT(exp) static_assert(exp, "")
      |                                                   ^~~
/public/home/tangwsh/PhysX/physx/source/geomutils/src/GuGeometryChecks.h:93:74: note: in expansion of macro ‘PX_OFFSET_OF’
   93 | PX_COMPILE_TIME_ASSERT(PX_OFFSET_OF(physx::PxCapsuleGeometry, radius) == PX_OFFSET_OF(physx::PxSphereGeometry, radius));
      |                                                                          ^~~~~~~~~~~~
[ 10%] Building CXX object CMakeFiles/LowLevel.dir/public/home/tangwsh/PhysX/physx/source/lowlevel/common/src/pipeline/PxcMaterialMethodImpl.cpp.o
In file included from /public/home/tangwsh/PhysX/physx/include/foundation/PxSimpleTypes.h:36,
                 from /public/home/tangwsh/PhysX/physx/include/common/PxPhysXCommonConfig.h:32,
                 from /public/home/tangwsh/PhysX/physx/include/geometry/PxGeometry.h:32,
                 from /public/home/tangwsh/PhysX/physx/source/lowlevel/common/include/pipeline/PxcMaterialMethodImpl.h:32,
                 from /public/home/tangwsh/PhysX/physx/source/lowlevel/common/src/pipeline/PxcMaterialMethodImpl.cpp:29:
/public/home/tangwsh/PhysX/physx/source/geomutils/src/GuGeometryChecks.h:93:37: warning: ‘offsetof’ within non-standard-layout type ‘physx::PxCapsuleGeometry’ is conditionally-supported [-Winvalid-offsetof]
   93 | PX_COMPILE_TIME_ASSERT(PX_OFFSET_OF(physx::PxCapsuleGeometry, radius) == PX_OFFSET_OF(physx::PxSphereGeometry, radius));
/public/home/tangwsh/PhysX/physx/include/foundation/PxPreprocessor.h:430:51: note: in definition of macro ‘PX_COMPILE_TIME_ASSERT’
  430 | #define PX_COMPILE_TIME_ASSERT(exp) static_assert(exp, "")
      |                                                   ^~~
/public/home/tangwsh/PhysX/physx/source/geomutils/src/GuGeometryChecks.h:93:24: note: in expansion of macro ‘PX_OFFSET_OF’
   93 | PX_COMPILE_TIME_ASSERT(PX_OFFSET_OF(physx::PxCapsuleGeometry, radius) == PX_OFFSET_OF(physx::PxSphereGeometry, radius));
      |                        ^~~~~~~~~~~~
/public/home/tangwsh/PhysX/physx/source/geomutils/src/GuGeometryChecks.h:93:87: warning: ‘offsetof’ within non-standard-layout type ‘physx::PxSphereGeometry’ is conditionally-supported [-Winvalid-offsetof]
   93 | PX_COMPILE_TIME_ASSERT(PX_OFFSET_OF(physx::PxCapsuleGeometry, radius) == PX_OFFSET_OF(physx::PxSphereGeometry, radius));
/public/home/tangwsh/PhysX/physx/include/foundation/PxPreprocessor.h:430:51: note: in definition of macro ‘PX_COMPILE_TIME_ASSERT’
  430 | #define PX_COMPILE_TIME_ASSERT(exp) static_assert(exp, "")
      |                                                   ^~~
/public/home/tangwsh/PhysX/physx/source/geomutils/src/GuGeometryChecks.h:93:74: note: in expansion of macro ‘PX_OFFSET_OF’
   93 | PX_COMPILE_TIME_ASSERT(PX_OFFSET_OF(physx::PxCapsuleGeometry, radius) == PX_OFFSET_OF(physx::PxSphereGeometry, radius));
      |                                                                          ^~~~~~~~~~~~
[ 10%] Building CXX object CMakeFiles/LowLevel.dir/public/home/tangwsh/PhysX/physx/source/lowlevel/common/src/pipeline/PxcNpBatch.cpp.o
In file included from /public/home/tangwsh/PhysX/physx/include/foundation/PxSimpleTypes.h:36,
                 from /public/home/tangwsh/PhysX/physx/include/common/PxPhysXCommonConfig.h:32,
                 from /public/home/tangwsh/PhysX/physx/include/PxPhysXConfig.h:35,
                 from /public/home/tangwsh/PhysX/physx/source/lowlevel/api/include/PxvConfig.h:34,
                 from /public/home/tangwsh/PhysX/physx/source/lowlevel/common/include/pipeline/PxcNpBatch.h:32,
                 from /public/home/tangwsh/PhysX/physx/source/lowlevel/common/src/pipeline/PxcNpBatch.cpp:29:
/public/home/tangwsh/PhysX/physx/source/geomutils/src/GuGeometryChecks.h:93:37: warning: ‘offsetof’ within non-standard-layout type ‘physx::PxCapsuleGeometry’ is conditionally-supported [-Winvalid-offsetof]
   93 | PX_COMPILE_TIME_ASSERT(PX_OFFSET_OF(physx::PxCapsuleGeometry, radius) == PX_OFFSET_OF(physx::PxSphereGeometry, radius));
/public/home/tangwsh/PhysX/physx/include/foundation/PxPreprocessor.h:430:51: note: in definition of macro ‘PX_COMPILE_TIME_ASSERT’
  430 | #define PX_COMPILE_TIME_ASSERT(exp) static_assert(exp, "")
      |                                                   ^~~
/public/home/tangwsh/PhysX/physx/source/geomutils/src/GuGeometryChecks.h:93:24: note: in expansion of macro ‘PX_OFFSET_OF’
   93 | PX_COMPILE_TIME_ASSERT(PX_OFFSET_OF(physx::PxCapsuleGeometry, radius) == PX_OFFSET_OF(physx::PxSphereGeometry, radius));
      |                        ^~~~~~~~~~~~
/public/home/tangwsh/PhysX/physx/source/geomutils/src/GuGeometryChecks.h:93:87: warning: ‘offsetof’ within non-standard-layout type ‘physx::PxSphereGeometry’ is conditionally-supported [-Winvalid-offsetof]
   93 | PX_COMPILE_TIME_ASSERT(PX_OFFSET_OF(physx::PxCapsuleGeometry, radius) == PX_OFFSET_OF(physx::PxSphereGeometry, radius));
/public/home/tangwsh/PhysX/physx/include/foundation/PxPreprocessor.h:430:51: note: in definition of macro ‘PX_COMPILE_TIME_ASSERT’
  430 | #define PX_COMPILE_TIME_ASSERT(exp) static_assert(exp, "")
      |                                                   ^~~
/public/home/tangwsh/PhysX/physx/source/geomutils/src/GuGeometryChecks.h:93:74: note: in expansion of macro ‘PX_OFFSET_OF’
   93 | PX_COMPILE_TIME_ASSERT(PX_OFFSET_OF(physx::PxCapsuleGeometry, radius) == PX_OFFSET_OF(physx::PxSphereGeometry, radius));
      |                                                                          ^~~~~~~~~~~~
[ 11%] Building CXX object CMakeFiles/LowLevel.dir/public/home/tangwsh/PhysX/physx/source/lowlevel/common/src/pipeline/PxcNpCacheStreamPair.cpp.o
[ 11%] Building CXX object CMakeFiles/LowLevel.dir/public/home/tangwsh/PhysX/physx/source/lowlevel/common/src/pipeline/PxcNpContactPrepShared.cpp.o
In file included from /public/home/tangwsh/PhysX/physx/include/foundation/PxFoundationConfig.h:32,
                 from /public/home/tangwsh/PhysX/physx/include/foundation/PxAllocatorCallback.h:33,
                 from /public/home/tangwsh/PhysX/physx/include/foundation/PxAllocator.h:32,
                 from /public/home/tangwsh/PhysX/physx/include/foundation/PxTempAllocator.h:32,
                 from /public/home/tangwsh/PhysX/physx/include/foundation/PxAlloca.h:32,
                 from /public/home/tangwsh/PhysX/physx/source/lowlevel/common/src/pipeline/PxcNpContactPrepShared.cpp:29:
/public/home/tangwsh/PhysX/physx/source/geomutils/src/GuGeometryChecks.h:93:37: warning: ‘offsetof’ within non-standard-layout type ‘physx::PxCapsuleGeometry’ is conditionally-supported [-Winvalid-offsetof]
   93 | PX_COMPILE_TIME_ASSERT(PX_OFFSET_OF(physx::PxCapsuleGeometry, radius) == PX_OFFSET_OF(physx::PxSphereGeometry, radius));
/public/home/tangwsh/PhysX/physx/include/foundation/PxPreprocessor.h:430:51: note: in definition of macro ‘PX_COMPILE_TIME_ASSERT’
  430 | #define PX_COMPILE_TIME_ASSERT(exp) static_assert(exp, "")
      |                                                   ^~~
/public/home/tangwsh/PhysX/physx/source/geomutils/src/GuGeometryChecks.h:93:24: note: in expansion of macro ‘PX_OFFSET_OF’
   93 | PX_COMPILE_TIME_ASSERT(PX_OFFSET_OF(physx::PxCapsuleGeometry, radius) == PX_OFFSET_OF(physx::PxSphereGeometry, radius));
      |                        ^~~~~~~~~~~~
/public/home/tangwsh/PhysX/physx/source/geomutils/src/GuGeometryChecks.h:93:87: warning: ‘offsetof’ within non-standard-layout type ‘physx::PxSphereGeometry’ is conditionally-supported [-Winvalid-offsetof]
   93 | PX_COMPILE_TIME_ASSERT(PX_OFFSET_OF(physx::PxCapsuleGeometry, radius) == PX_OFFSET_OF(physx::PxSphereGeometry, radius));
/public/home/tangwsh/PhysX/physx/include/foundation/PxPreprocessor.h:430:51: note: in definition of macro ‘PX_COMPILE_TIME_ASSERT’
  430 | #define PX_COMPILE_TIME_ASSERT(exp) static_assert(exp, "")
      |                                                   ^~~
/public/home/tangwsh/PhysX/physx/source/geomutils/src/GuGeometryChecks.h:93:74: note: in expansion of macro ‘PX_OFFSET_OF’
   93 | PX_COMPILE_TIME_ASSERT(PX_OFFSET_OF(physx::PxCapsuleGeometry, radius) == PX_OFFSET_OF(physx::PxSphereGeometry, radius));
      |                                                                          ^~~~~~~~~~~~
[ 11%] Building CXX object CMakeFiles/LowLevel.dir/public/home/tangwsh/PhysX/physx/source/lowlevel/common/src/pipeline/PxcNpMemBlockPool.cpp.o
[ 12%] Building CXX object CMakeFiles/LowLevel.dir/public/home/tangwsh/PhysX/physx/source/lowlevel/common/src/pipeline/PxcNpThreadContext.cpp.o
In file included from /public/home/tangwsh/PhysX/physx/include/foundation/PxSimpleTypes.h:36,
                 from /public/home/tangwsh/PhysX/physx/include/common/PxPhysXCommonConfig.h:32,
                 from /public/home/tangwsh/PhysX/physx/include/PxPhysXConfig.h:35,
                 from /public/home/tangwsh/PhysX/physx/source/lowlevel/api/include/PxvConfig.h:34,
                 from /public/home/tangwsh/PhysX/physx/source/lowlevel/common/include/pipeline/PxcConstraintBlockStream.h:32,
                 from /public/home/tangwsh/PhysX/physx/source/lowlevel/common/src/pipeline/PxcNpThreadContext.cpp:29:
/public/home/tangwsh/PhysX/physx/source/geomutils/src/GuGeometryChecks.h:93:37: warning: ‘offsetof’ within non-standard-layout type ‘physx::PxCapsuleGeometry’ is conditionally-supported [-Winvalid-offsetof]
   93 | PX_COMPILE_TIME_ASSERT(PX_OFFSET_OF(physx::PxCapsuleGeometry, radius) == PX_OFFSET_OF(physx::PxSphereGeometry, radius));
/public/home/tangwsh/PhysX/physx/include/foundation/PxPreprocessor.h:430:51: note: in definition of macro ‘PX_COMPILE_TIME_ASSERT’
  430 | #define PX_COMPILE_TIME_ASSERT(exp) static_assert(exp, "")
      |                                                   ^~~
/public/home/tangwsh/PhysX/physx/source/geomutils/src/GuGeometryChecks.h:93:24: note: in expansion of macro ‘PX_OFFSET_OF’
   93 | PX_COMPILE_TIME_ASSERT(PX_OFFSET_OF(physx::PxCapsuleGeometry, radius) == PX_OFFSET_OF(physx::PxSphereGeometry, radius));
      |                        ^~~~~~~~~~~~
/public/home/tangwsh/PhysX/physx/source/geomutils/src/GuGeometryChecks.h:93:87: warning: ‘offsetof’ within non-standard-layout type ‘physx::PxSphereGeometry’ is conditionally-supported [-Winvalid-offsetof]
   93 | PX_COMPILE_TIME_ASSERT(PX_OFFSET_OF(physx::PxCapsuleGeometry, radius) == PX_OFFSET_OF(physx::PxSphereGeometry, radius));
/public/home/tangwsh/PhysX/physx/include/foundation/PxPreprocessor.h:430:51: note: in definition of macro ‘PX_COMPILE_TIME_ASSERT’
  430 | #define PX_COMPILE_TIME_ASSERT(exp) static_assert(exp, "")
      |                                                   ^~~
/public/home/tangwsh/PhysX/physx/source/geomutils/src/GuGeometryChecks.h:93:74: note: in expansion of macro ‘PX_OFFSET_OF’
   93 | PX_COMPILE_TIME_ASSERT(PX_OFFSET_OF(physx::PxCapsuleGeometry, radius) == PX_OFFSET_OF(physx::PxSphereGeometry, radius));
      |                                                                          ^~~~~~~~~~~~
[ 12%] Building CXX object CMakeFiles/LowLevel.dir/public/home/tangwsh/PhysX/physx/source/lowlevel/software/src/PxsCCD.cpp.o
In file included from /public/home/tangwsh/PhysX/physx/include/foundation/PxSimpleTypes.h:36,
                 from /public/home/tangwsh/PhysX/physx/include/foundation/PxProfiler.h:30,
                 from /public/home/tangwsh/PhysX/physx/include/common/PxProfileZone.h:30,
                 from /public/home/tangwsh/PhysX/physx/source/lowlevel/software/src/PxsCCD.cpp:29:
/public/home/tangwsh/PhysX/physx/source/geomutils/src/GuGeometryChecks.h:93:37: warning: ‘offsetof’ within non-standard-layout type ‘physx::PxCapsuleGeometry’ is conditionally-supported [-Winvalid-offsetof]
   93 | PX_COMPILE_TIME_ASSERT(PX_OFFSET_OF(physx::PxCapsuleGeometry, radius) == PX_OFFSET_OF(physx::PxSphereGeometry, radius));
/public/home/tangwsh/PhysX/physx/include/foundation/PxPreprocessor.h:430:51: note: in definition of macro ‘PX_COMPILE_TIME_ASSERT’
  430 | #define PX_COMPILE_TIME_ASSERT(exp) static_assert(exp, "")
      |                                                   ^~~
/public/home/tangwsh/PhysX/physx/source/geomutils/src/GuGeometryChecks.h:93:24: note: in expansion of macro ‘PX_OFFSET_OF’
   93 | PX_COMPILE_TIME_ASSERT(PX_OFFSET_OF(physx::PxCapsuleGeometry, radius) == PX_OFFSET_OF(physx::PxSphereGeometry, radius));
      |                        ^~~~~~~~~~~~
/public/home/tangwsh/PhysX/physx/source/geomutils/src/GuGeometryChecks.h:93:87: warning: ‘offsetof’ within non-standard-layout type ‘physx::PxSphereGeometry’ is conditionally-supported [-Winvalid-offsetof]
   93 | PX_COMPILE_TIME_ASSERT(PX_OFFSET_OF(physx::PxCapsuleGeometry, radius) == PX_OFFSET_OF(physx::PxSphereGeometry, radius));
/public/home/tangwsh/PhysX/physx/include/foundation/PxPreprocessor.h:430:51: note: in definition of macro ‘PX_COMPILE_TIME_ASSERT’
  430 | #define PX_COMPILE_TIME_ASSERT(exp) static_assert(exp, "")
      |                                                   ^~~
/public/home/tangwsh/PhysX/physx/source/geomutils/src/GuGeometryChecks.h:93:74: note: in expansion of macro ‘PX_OFFSET_OF’
   93 | PX_COMPILE_TIME_ASSERT(PX_OFFSET_OF(physx::PxCapsuleGeometry, radius) == PX_OFFSET_OF(physx::PxSphereGeometry, radius));
      |                                                                          ^~~~~~~~~~~~
[ 12%] Building CXX object CMakeFiles/LowLevel.dir/public/home/tangwsh/PhysX/physx/source/lowlevel/software/src/PxsContactManager.cpp.o
In file included from /public/home/tangwsh/PhysX/physx/include/foundation/PxSimpleTypes.h:36,
                 from /public/home/tangwsh/PhysX/physx/include/common/PxPhysXCommonConfig.h:32,
                 from /public/home/tangwsh/PhysX/physx/include/PxPhysXConfig.h:35,
                 from /public/home/tangwsh/PhysX/physx/source/lowlevel/api/include/PxvConfig.h:34,
                 from /public/home/tangwsh/PhysX/physx/source/lowlevel/software/include/PxsContactManager.h:32,
                 from /public/home/tangwsh/PhysX/physx/source/lowlevel/software/src/PxsContactManager.cpp:29:
/public/home/tangwsh/PhysX/physx/source/geomutils/src/GuGeometryChecks.h:93:37: warning: ‘offsetof’ within non-standard-layout type ‘physx::PxCapsuleGeometry’ is conditionally-supported [-Winvalid-offsetof]
   93 | PX_COMPILE_TIME_ASSERT(PX_OFFSET_OF(physx::PxCapsuleGeometry, radius) == PX_OFFSET_OF(physx::PxSphereGeometry, radius));
/public/home/tangwsh/PhysX/physx/include/foundation/PxPreprocessor.h:430:51: note: in definition of macro ‘PX_COMPILE_TIME_ASSERT’
  430 | #define PX_COMPILE_TIME_ASSERT(exp) static_assert(exp, "")
      |                                                   ^~~
/public/home/tangwsh/PhysX/physx/source/geomutils/src/GuGeometryChecks.h:93:24: note: in expansion of macro ‘PX_OFFSET_OF’
   93 | PX_COMPILE_TIME_ASSERT(PX_OFFSET_OF(physx::PxCapsuleGeometry, radius) == PX_OFFSET_OF(physx::PxSphereGeometry, radius));
      |                        ^~~~~~~~~~~~
/public/home/tangwsh/PhysX/physx/source/geomutils/src/GuGeometryChecks.h:93:87: warning: ‘offsetof’ within non-standard-layout type ‘physx::PxSphereGeometry’ is conditionally-supported [-Winvalid-offsetof]
   93 | PX_COMPILE_TIME_ASSERT(PX_OFFSET_OF(physx::PxCapsuleGeometry, radius) == PX_OFFSET_OF(physx::PxSphereGeometry, radius));
/public/home/tangwsh/PhysX/physx/include/foundation/PxPreprocessor.h:430:51: note: in definition of macro ‘PX_COMPILE_TIME_ASSERT’
  430 | #define PX_COMPILE_TIME_ASSERT(exp) static_assert(exp, "")
      |                                                   ^~~
/public/home/tangwsh/PhysX/physx/source/geomutils/src/GuGeometryChecks.h:93:74: note: in expansion of macro ‘PX_OFFSET_OF’
   93 | PX_COMPILE_TIME_ASSERT(PX_OFFSET_OF(physx::PxCapsuleGeometry, radius) == PX_OFFSET_OF(physx::PxSphereGeometry, radius));
      |                                                                          ^~~~~~~~~~~~
[ 13%] Building CXX object CMakeFiles/LowLevel.dir/public/home/tangwsh/PhysX/physx/source/lowlevel/software/src/PxsContext.cpp.o
In file included from /public/home/tangwsh/PhysX/physx/include/foundation/PxSimpleTypes.h:36,
                 from /public/home/tangwsh/PhysX/physx/include/foundation/PxProfiler.h:30,
                 from /public/home/tangwsh/PhysX/physx/include/common/PxProfileZone.h:30,
                 from /public/home/tangwsh/PhysX/physx/source/lowlevel/software/src/PxsContext.cpp:29:
/public/home/tangwsh/PhysX/physx/source/geomutils/src/GuGeometryChecks.h:93:37: warning: ‘offsetof’ within non-standard-layout type ‘physx::PxCapsuleGeometry’ is conditionally-supported [-Winvalid-offsetof]
   93 | PX_COMPILE_TIME_ASSERT(PX_OFFSET_OF(physx::PxCapsuleGeometry, radius) == PX_OFFSET_OF(physx::PxSphereGeometry, radius));
/public/home/tangwsh/PhysX/physx/include/foundation/PxPreprocessor.h:430:51: note: in definition of macro ‘PX_COMPILE_TIME_ASSERT’
  430 | #define PX_COMPILE_TIME_ASSERT(exp) static_assert(exp, "")
      |                                                   ^~~
/public/home/tangwsh/PhysX/physx/source/geomutils/src/GuGeometryChecks.h:93:24: note: in expansion of macro ‘PX_OFFSET_OF’
   93 | PX_COMPILE_TIME_ASSERT(PX_OFFSET_OF(physx::PxCapsuleGeometry, radius) == PX_OFFSET_OF(physx::PxSphereGeometry, radius));
      |                        ^~~~~~~~~~~~
/public/home/tangwsh/PhysX/physx/source/geomutils/src/GuGeometryChecks.h:93:87: warning: ‘offsetof’ within non-standard-layout type ‘physx::PxSphereGeometry’ is conditionally-supported [-Winvalid-offsetof]
   93 | PX_COMPILE_TIME_ASSERT(PX_OFFSET_OF(physx::PxCapsuleGeometry, radius) == PX_OFFSET_OF(physx::PxSphereGeometry, radius));
/public/home/tangwsh/PhysX/physx/include/foundation/PxPreprocessor.h:430:51: note: in definition of macro ‘PX_COMPILE_TIME_ASSERT’
  430 | #define PX_COMPILE_TIME_ASSERT(exp) static_assert(exp, "")
      |                                                   ^~~
/public/home/tangwsh/PhysX/physx/source/geomutils/src/GuGeometryChecks.h:93:74: note: in expansion of macro ‘PX_OFFSET_OF’
   93 | PX_COMPILE_TIME_ASSERT(PX_OFFSET_OF(physx::PxCapsuleGeometry, radius) == PX_OFFSET_OF(physx::PxSphereGeometry, radius));
      |                                                                          ^~~~~~~~~~~~
[ 13%] Building CXX object CMakeFiles/LowLevel.dir/public/home/tangwsh/PhysX/physx/source/lowlevel/software/src/PxsDefaultMemoryManager.cpp.o
[ 13%] Building CXX object CMakeFiles/LowLevel.dir/public/home/tangwsh/PhysX/physx/source/lowlevel/software/src/PxsIslandSim.cpp.o
[ 14%] Building CXX object CMakeFiles/LowLevel.dir/public/home/tangwsh/PhysX/physx/source/lowlevel/software/src/PxsNphaseImplementationContext.cpp.o
In file included from /public/home/tangwsh/PhysX/physx/include/foundation/PxFoundationConfig.h:32,
                 from /public/home/tangwsh/PhysX/physx/include/foundation/PxAssert.h:33,
                 from /public/home/tangwsh/PhysX/physx/include/foundation/PxArray.h:32,
                 from /public/home/tangwsh/PhysX/physx/include/foundation/PxPinnedArray.h:32,
                 from /public/home/tangwsh/PhysX/physx/source/lowlevel/software/include/PxsContext.h:32,
                 from /public/home/tangwsh/PhysX/physx/source/lowlevel/software/src/PxsNphaseImplementationContext.cpp:29:
/public/home/tangwsh/PhysX/physx/source/geomutils/src/GuGeometryChecks.h:93:37: warning: ‘offsetof’ within non-standard-layout type ‘physx::PxCapsuleGeometry’ is conditionally-supported [-Winvalid-offsetof]
   93 | PX_COMPILE_TIME_ASSERT(PX_OFFSET_OF(physx::PxCapsuleGeometry, radius) == PX_OFFSET_OF(physx::PxSphereGeometry, radius));
/public/home/tangwsh/PhysX/physx/include/foundation/PxPreprocessor.h:430:51: note: in definition of macro ‘PX_COMPILE_TIME_ASSERT’
  430 | #define PX_COMPILE_TIME_ASSERT(exp) static_assert(exp, "")
      |                                                   ^~~
/public/home/tangwsh/PhysX/physx/source/geomutils/src/GuGeometryChecks.h:93:24: note: in expansion of macro ‘PX_OFFSET_OF’
   93 | PX_COMPILE_TIME_ASSERT(PX_OFFSET_OF(physx::PxCapsuleGeometry, radius) == PX_OFFSET_OF(physx::PxSphereGeometry, radius));
      |                        ^~~~~~~~~~~~
/public/home/tangwsh/PhysX/physx/source/geomutils/src/GuGeometryChecks.h:93:87: warning: ‘offsetof’ within non-standard-layout type ‘physx::PxSphereGeometry’ is conditionally-supported [-Winvalid-offsetof]
   93 | PX_COMPILE_TIME_ASSERT(PX_OFFSET_OF(physx::PxCapsuleGeometry, radius) == PX_OFFSET_OF(physx::PxSphereGeometry, radius));
/public/home/tangwsh/PhysX/physx/include/foundation/PxPreprocessor.h:430:51: note: in definition of macro ‘PX_COMPILE_TIME_ASSERT’
  430 | #define PX_COMPILE_TIME_ASSERT(exp) static_assert(exp, "")
      |                                                   ^~~
/public/home/tangwsh/PhysX/physx/source/geomutils/src/GuGeometryChecks.h:93:74: note: in expansion of macro ‘PX_OFFSET_OF’
   93 | PX_COMPILE_TIME_ASSERT(PX_OFFSET_OF(physx::PxCapsuleGeometry, radius) == PX_OFFSET_OF(physx::PxSphereGeometry, radius));
      |                                                                          ^~~~~~~~~~~~
[ 14%] Building CXX object CMakeFiles/LowLevel.dir/public/home/tangwsh/PhysX/physx/source/lowlevel/software/src/PxsSimpleIslandManager.cpp.o
In file included from /public/home/tangwsh/PhysX/physx/include/foundation/PxSimpleTypes.h:36,
                 from /public/home/tangwsh/PhysX/physx/include/foundation/PxProfiler.h:30,
                 from /public/home/tangwsh/PhysX/physx/include/common/PxProfileZone.h:30,
                 from /public/home/tangwsh/PhysX/physx/source/lowlevel/software/src/PxsSimpleIslandManager.cpp:29:
/public/home/tangwsh/PhysX/physx/source/geomutils/src/GuGeometryChecks.h:93:37: warning: ‘offsetof’ within non-standard-layout type ‘physx::PxCapsuleGeometry’ is conditionally-supported [-Winvalid-offsetof]
   93 | PX_COMPILE_TIME_ASSERT(PX_OFFSET_OF(physx::PxCapsuleGeometry, radius) == PX_OFFSET_OF(physx::PxSphereGeometry, radius));
/public/home/tangwsh/PhysX/physx/include/foundation/PxPreprocessor.h:430:51: note: in definition of macro ‘PX_COMPILE_TIME_ASSERT’
  430 | #define PX_COMPILE_TIME_ASSERT(exp) static_assert(exp, "")
      |                                                   ^~~
/public/home/tangwsh/PhysX/physx/source/geomutils/src/GuGeometryChecks.h:93:24: note: in expansion of macro ‘PX_OFFSET_OF’
   93 | PX_COMPILE_TIME_ASSERT(PX_OFFSET_OF(physx::PxCapsuleGeometry, radius) == PX_OFFSET_OF(physx::PxSphereGeometry, radius));
      |                        ^~~~~~~~~~~~
/public/home/tangwsh/PhysX/physx/source/geomutils/src/GuGeometryChecks.h:93:87: warning: ‘offsetof’ within non-standard-layout type ‘physx::PxSphereGeometry’ is conditionally-supported [-Winvalid-offsetof]
   93 | PX_COMPILE_TIME_ASSERT(PX_OFFSET_OF(physx::PxCapsuleGeometry, radius) == PX_OFFSET_OF(physx::PxSphereGeometry, radius));
/public/home/tangwsh/PhysX/physx/include/foundation/PxPreprocessor.h:430:51: note: in definition of macro ‘PX_COMPILE_TIME_ASSERT’
  430 | #define PX_COMPILE_TIME_ASSERT(exp) static_assert(exp, "")
      |                                                   ^~~
/public/home/tangwsh/PhysX/physx/source/geomutils/src/GuGeometryChecks.h:93:74: note: in expansion of macro ‘PX_OFFSET_OF’
   93 | PX_COMPILE_TIME_ASSERT(PX_OFFSET_OF(physx::PxCapsuleGeometry, radius) == PX_OFFSET_OF(physx::PxSphereGeometry, radius));
      |                                                                          ^~~~~~~~~~~~
[ 14%] Linking CXX static library libLowLevel.a
[ 14%] Built target LowLevel
[ 15%] Building CXX object CMakeFiles/LowLevelAABB.dir/public/home/tangwsh/PhysX/physx/source/lowlevelaabb/src/BpAABBManager.cpp.o
[ 15%] Building CXX object CMakeFiles/LowLevelAABB.dir/public/home/tangwsh/PhysX/physx/source/lowlevelaabb/src/BpAABBManagerBase.cpp.o
[ 16%] Building CXX object CMakeFiles/LowLevelAABB.dir/public/home/tangwsh/PhysX/physx/source/lowlevelaabb/src/BpBroadPhase.cpp.o
[ 16%] Building CXX object CMakeFiles/LowLevelAABB.dir/public/home/tangwsh/PhysX/physx/source/lowlevelaabb/src/BpBroadPhaseABP.cpp.o
[ 16%] Building CXX object CMakeFiles/LowLevelAABB.dir/public/home/tangwsh/PhysX/physx/source/lowlevelaabb/src/BpBroadPhaseMBP.cpp.o
[ 17%] Building CXX object CMakeFiles/LowLevelAABB.dir/public/home/tangwsh/PhysX/physx/source/lowlevelaabb/src/BpBroadPhaseSap.cpp.o
[ 17%] Building CXX object CMakeFiles/LowLevelAABB.dir/public/home/tangwsh/PhysX/physx/source/lowlevelaabb/src/BpBroadPhaseSapAux.cpp.o
[ 17%] Building CXX object CMakeFiles/LowLevelAABB.dir/public/home/tangwsh/PhysX/physx/source/lowlevelaabb/src/BpBroadPhaseShared.cpp.o
[ 18%] Building CXX object CMakeFiles/LowLevelAABB.dir/public/home/tangwsh/PhysX/physx/source/lowlevelaabb/src/BpBroadPhaseUpdate.cpp.o
[ 18%] Building CXX object CMakeFiles/LowLevelAABB.dir/public/home/tangwsh/PhysX/physx/source/lowlevelaabb/src/BpFiltering.cpp.o
[ 18%] Linking CXX static library libLowLevelAABB.a
[ 18%] Built target LowLevelAABB
[ 19%] Building CXX object CMakeFiles/LowLevelDynamics.dir/public/home/tangwsh/PhysX/physx/source/lowleveldynamics/src/DyAllocator.cpp.o
[ 19%] Building CXX object CMakeFiles/LowLevelDynamics.dir/public/home/tangwsh/PhysX/physx/source/lowleveldynamics/src/DyArticulationContactPrep.cpp.o
In file included from /public/home/tangwsh/PhysX/physx/source/lowleveldynamics/src/DyArticulationContactPrep.cpp:29:
/public/home/tangwsh/PhysX/physx/source/geomutils/src/GuGeometryChecks.h:93:37: warning: ‘offsetof’ within non-standard-layout type ‘physx::PxCapsuleGeometry’ is conditionally-supported [-Winvalid-offsetof]
   93 | PX_COMPILE_TIME_ASSERT(PX_OFFSET_OF(physx::PxCapsuleGeometry, radius) == PX_OFFSET_OF(physx::PxSphereGeometry, radius));
/public/home/tangwsh/PhysX/physx/include/foundation/PxPreprocessor.h:430:51: note: in definition of macro ‘PX_COMPILE_TIME_ASSERT’
  430 | #define PX_COMPILE_TIME_ASSERT(exp) static_assert(exp, "")
      |                                                   ^~~
/public/home/tangwsh/PhysX/physx/source/geomutils/src/GuGeometryChecks.h:93:24: note: in expansion of macro ‘PX_OFFSET_OF’
   93 | PX_COMPILE_TIME_ASSERT(PX_OFFSET_OF(physx::PxCapsuleGeometry, radius) == PX_OFFSET_OF(physx::PxSphereGeometry, radius));
      |                        ^~~~~~~~~~~~
/public/home/tangwsh/PhysX/physx/source/geomutils/src/GuGeometryChecks.h:93:87: warning: ‘offsetof’ within non-standard-layout type ‘physx::PxSphereGeometry’ is conditionally-supported [-Winvalid-offsetof]
   93 | PX_COMPILE_TIME_ASSERT(PX_OFFSET_OF(physx::PxCapsuleGeometry, radius) == PX_OFFSET_OF(physx::PxSphereGeometry, radius));
/public/home/tangwsh/PhysX/physx/include/foundation/PxPreprocessor.h:430:51: note: in definition of macro ‘PX_COMPILE_TIME_ASSERT’
  430 | #define PX_COMPILE_TIME_ASSERT(exp) static_assert(exp, "")
      |                                                   ^~~
/public/home/tangwsh/PhysX/physx/source/geomutils/src/GuGeometryChecks.h:93:74: note: in expansion of macro ‘PX_OFFSET_OF’
   93 | PX_COMPILE_TIME_ASSERT(PX_OFFSET_OF(physx::PxCapsuleGeometry, radius) == PX_OFFSET_OF(physx::PxSphereGeometry, radius));
      |                                                                          ^~~~~~~~~~~~
[ 19%] Building CXX object CMakeFiles/LowLevelDynamics.dir/public/home/tangwsh/PhysX/physx/source/lowleveldynamics/src/DyArticulationMimicJoint.cpp.o
[ 20%] Building CXX object CMakeFiles/LowLevelDynamics.dir/public/home/tangwsh/PhysX/physx/source/lowleveldynamics/src/DyConstraintPartition.cpp.o
In file included from /public/home/tangwsh/PhysX/physx/include/foundation/PxSimpleTypes.h:36,
                 from /public/home/tangwsh/PhysX/physx/include/common/PxPhysXCommonConfig.h:32,
                 from /public/home/tangwsh/PhysX/physx/include/PxPhysXConfig.h:35,
                 from /public/home/tangwsh/PhysX/physx/include/PxSceneQueryDesc.h:32,
                 from /public/home/tangwsh/PhysX/physx/include/PxSceneDesc.h:32,
                 from /public/home/tangwsh/PhysX/physx/source/lowleveldynamics/include/DyContext.h:32,
                 from /public/home/tangwsh/PhysX/physx/source/lowleveldynamics/src/DyDynamicsBase.h:32,
                 from /public/home/tangwsh/PhysX/physx/source/lowleveldynamics/src/DyDynamics.h:32,
                 from /public/home/tangwsh/PhysX/physx/source/lowleveldynamics/src/DyConstraintPartition.h:32,
                 from /public/home/tangwsh/PhysX/physx/source/lowleveldynamics/src/DyConstraintPartition.cpp:27:
/public/home/tangwsh/PhysX/physx/source/geomutils/src/GuGeometryChecks.h:93:37: warning: ‘offsetof’ within non-standard-layout type ‘physx::PxCapsuleGeometry’ is conditionally-supported [-Winvalid-offsetof]
   93 | PX_COMPILE_TIME_ASSERT(PX_OFFSET_OF(physx::PxCapsuleGeometry, radius) == PX_OFFSET_OF(physx::PxSphereGeometry, radius));
/public/home/tangwsh/PhysX/physx/include/foundation/PxPreprocessor.h:430:51: note: in definition of macro ‘PX_COMPILE_TIME_ASSERT’
  430 | #define PX_COMPILE_TIME_ASSERT(exp) static_assert(exp, "")
      |                                                   ^~~
/public/home/tangwsh/PhysX/physx/source/geomutils/src/GuGeometryChecks.h:93:24: note: in expansion of macro ‘PX_OFFSET_OF’
   93 | PX_COMPILE_TIME_ASSERT(PX_OFFSET_OF(physx::PxCapsuleGeometry, radius) == PX_OFFSET_OF(physx::PxSphereGeometry, radius));
      |                        ^~~~~~~~~~~~
/public/home/tangwsh/PhysX/physx/source/geomutils/src/GuGeometryChecks.h:93:87: warning: ‘offsetof’ within non-standard-layout type ‘physx::PxSphereGeometry’ is conditionally-supported [-Winvalid-offsetof]
   93 | PX_COMPILE_TIME_ASSERT(PX_OFFSET_OF(physx::PxCapsuleGeometry, radius) == PX_OFFSET_OF(physx::PxSphereGeometry, radius));
/public/home/tangwsh/PhysX/physx/include/foundation/PxPreprocessor.h:430:51: note: in definition of macro ‘PX_COMPILE_TIME_ASSERT’
  430 | #define PX_COMPILE_TIME_ASSERT(exp) static_assert(exp, "")
      |                                                   ^~~
/public/home/tangwsh/PhysX/physx/source/geomutils/src/GuGeometryChecks.h:93:74: note: in expansion of macro ‘PX_OFFSET_OF’
   93 | PX_COMPILE_TIME_ASSERT(PX_OFFSET_OF(physx::PxCapsuleGeometry, radius) == PX_OFFSET_OF(physx::PxSphereGeometry, radius));
      |                                                                          ^~~~~~~~~~~~
[ 20%] Building CXX object CMakeFiles/LowLevelDynamics.dir/public/home/tangwsh/PhysX/physx/source/lowleveldynamics/src/DyConstraintSetup.cpp.o
[ 21%] Building CXX object CMakeFiles/LowLevelDynamics.dir/public/home/tangwsh/PhysX/physx/source/lowleveldynamics/src/DyConstraintSetupBlock.cpp.o
[ 21%] Building CXX object CMakeFiles/LowLevelDynamics.dir/public/home/tangwsh/PhysX/physx/source/lowleveldynamics/src/DyContactPrep.cpp.o
In file included from /public/home/tangwsh/PhysX/physx/source/lowleveldynamics/src/DyContactPrep.cpp:29:
/public/home/tangwsh/PhysX/physx/source/geomutils/src/GuGeometryChecks.h:93:37: warning: ‘offsetof’ within non-standard-layout type ‘physx::PxCapsuleGeometry’ is conditionally-supported [-Winvalid-offsetof]
   93 | PX_COMPILE_TIME_ASSERT(PX_OFFSET_OF(physx::PxCapsuleGeometry, radius) == PX_OFFSET_OF(physx::PxSphereGeometry, radius));
/public/home/tangwsh/PhysX/physx/include/foundation/PxPreprocessor.h:430:51: note: in definition of macro ‘PX_COMPILE_TIME_ASSERT’
  430 | #define PX_COMPILE_TIME_ASSERT(exp) static_assert(exp, "")
      |                                                   ^~~
/public/home/tangwsh/PhysX/physx/source/geomutils/src/GuGeometryChecks.h:93:24: note: in expansion of macro ‘PX_OFFSET_OF’
   93 | PX_COMPILE_TIME_ASSERT(PX_OFFSET_OF(physx::PxCapsuleGeometry, radius) == PX_OFFSET_OF(physx::PxSphereGeometry, radius));
      |                        ^~~~~~~~~~~~
/public/home/tangwsh/PhysX/physx/source/geomutils/src/GuGeometryChecks.h:93:87: warning: ‘offsetof’ within non-standard-layout type ‘physx::PxSphereGeometry’ is conditionally-supported [-Winvalid-offsetof]
   93 | PX_COMPILE_TIME_ASSERT(PX_OFFSET_OF(physx::PxCapsuleGeometry, radius) == PX_OFFSET_OF(physx::PxSphereGeometry, radius));
/public/home/tangwsh/PhysX/physx/include/foundation/PxPreprocessor.h:430:51: note: in definition of macro ‘PX_COMPILE_TIME_ASSERT’
  430 | #define PX_COMPILE_TIME_ASSERT(exp) static_assert(exp, "")
      |                                                   ^~~
/public/home/tangwsh/PhysX/physx/source/geomutils/src/GuGeometryChecks.h:93:74: note: in expansion of macro ‘PX_OFFSET_OF’
   93 | PX_COMPILE_TIME_ASSERT(PX_OFFSET_OF(physx::PxCapsuleGeometry, radius) == PX_OFFSET_OF(physx::PxSphereGeometry, radius));
      |                                                                          ^~~~~~~~~~~~
[ 21%] Building CXX object CMakeFiles/LowLevelDynamics.dir/public/home/tangwsh/PhysX/physx/source/lowleveldynamics/src/DyContactPrep4.cpp.o
In file included from /public/home/tangwsh/PhysX/physx/source/lowleveldynamics/src/DyContactPrep4.cpp:29:
/public/home/tangwsh/PhysX/physx/source/geomutils/src/GuGeometryChecks.h:93:37: warning: ‘offsetof’ within non-standard-layout type ‘physx::PxCapsuleGeometry’ is conditionally-supported [-Winvalid-offsetof]
   93 | PX_COMPILE_TIME_ASSERT(PX_OFFSET_OF(physx::PxCapsuleGeometry, radius) == PX_OFFSET_OF(physx::PxSphereGeometry, radius));
/public/home/tangwsh/PhysX/physx/include/foundation/PxPreprocessor.h:430:51: note: in definition of macro ‘PX_COMPILE_TIME_ASSERT’
  430 | #define PX_COMPILE_TIME_ASSERT(exp) static_assert(exp, "")
      |                                                   ^~~
/public/home/tangwsh/PhysX/physx/source/geomutils/src/GuGeometryChecks.h:93:24: note: in expansion of macro ‘PX_OFFSET_OF’
   93 | PX_COMPILE_TIME_ASSERT(PX_OFFSET_OF(physx::PxCapsuleGeometry, radius) == PX_OFFSET_OF(physx::PxSphereGeometry, radius));
      |                        ^~~~~~~~~~~~
/public/home/tangwsh/PhysX/physx/source/geomutils/src/GuGeometryChecks.h:93:87: warning: ‘offsetof’ within non-standard-layout type ‘physx::PxSphereGeometry’ is conditionally-supported [-Winvalid-offsetof]
   93 | PX_COMPILE_TIME_ASSERT(PX_OFFSET_OF(physx::PxCapsuleGeometry, radius) == PX_OFFSET_OF(physx::PxSphereGeometry, radius));
/public/home/tangwsh/PhysX/physx/include/foundation/PxPreprocessor.h:430:51: note: in definition of macro ‘PX_COMPILE_TIME_ASSERT’
  430 | #define PX_COMPILE_TIME_ASSERT(exp) static_assert(exp, "")
      |                                                   ^~~
/public/home/tangwsh/PhysX/physx/source/geomutils/src/GuGeometryChecks.h:93:74: note: in expansion of macro ‘PX_OFFSET_OF’
   93 | PX_COMPILE_TIME_ASSERT(PX_OFFSET_OF(physx::PxCapsuleGeometry, radius) == PX_OFFSET_OF(physx::PxSphereGeometry, radius));
      |                                                                          ^~~~~~~~~~~~
[ 22%] Building CXX object CMakeFiles/LowLevelDynamics.dir/public/home/tangwsh/PhysX/physx/source/lowleveldynamics/src/DyDynamics.cpp.o
In file included from /public/home/tangwsh/PhysX/physx/include/foundation/PxSimpleTypes.h:36,
                 from /public/home/tangwsh/PhysX/physx/include/foundation/PxTime.h:32,
                 from /public/home/tangwsh/PhysX/physx/source/lowleveldynamics/src/DyDynamics.cpp:29:
/public/home/tangwsh/PhysX/physx/source/geomutils/src/GuGeometryChecks.h:93:37: warning: ‘offsetof’ within non-standard-layout type ‘physx::PxCapsuleGeometry’ is conditionally-supported [-Winvalid-offsetof]
   93 | PX_COMPILE_TIME_ASSERT(PX_OFFSET_OF(physx::PxCapsuleGeometry, radius) == PX_OFFSET_OF(physx::PxSphereGeometry, radius));
/public/home/tangwsh/PhysX/physx/include/foundation/PxPreprocessor.h:430:51: note: in definition of macro ‘PX_COMPILE_TIME_ASSERT’
  430 | #define PX_COMPILE_TIME_ASSERT(exp) static_assert(exp, "")
      |                                                   ^~~
/public/home/tangwsh/PhysX/physx/source/geomutils/src/GuGeometryChecks.h:93:24: note: in expansion of macro ‘PX_OFFSET_OF’
   93 | PX_COMPILE_TIME_ASSERT(PX_OFFSET_OF(physx::PxCapsuleGeometry, radius) == PX_OFFSET_OF(physx::PxSphereGeometry, radius));
      |                        ^~~~~~~~~~~~
/public/home/tangwsh/PhysX/physx/source/geomutils/src/GuGeometryChecks.h:93:87: warning: ‘offsetof’ within non-standard-layout type ‘physx::PxSphereGeometry’ is conditionally-supported [-Winvalid-offsetof]
   93 | PX_COMPILE_TIME_ASSERT(PX_OFFSET_OF(physx::PxCapsuleGeometry, radius) == PX_OFFSET_OF(physx::PxSphereGeometry, radius));
/public/home/tangwsh/PhysX/physx/include/foundation/PxPreprocessor.h:430:51: note: in definition of macro ‘PX_COMPILE_TIME_ASSERT’
  430 | #define PX_COMPILE_TIME_ASSERT(exp) static_assert(exp, "")
      |                                                   ^~~
/public/home/tangwsh/PhysX/physx/source/geomutils/src/GuGeometryChecks.h:93:74: note: in expansion of macro ‘PX_OFFSET_OF’
   93 | PX_COMPILE_TIME_ASSERT(PX_OFFSET_OF(physx::PxCapsuleGeometry, radius) == PX_OFFSET_OF(physx::PxSphereGeometry, radius));
      |                                                                          ^~~~~~~~~~~~
[ 22%] Building CXX object CMakeFiles/LowLevelDynamics.dir/public/home/tangwsh/PhysX/physx/source/lowleveldynamics/src/DyDynamicsBase.cpp.o
In file included from /public/home/tangwsh/PhysX/physx/include/foundation/PxSimpleTypes.h:36,
                 from /public/home/tangwsh/PhysX/physx/include/common/PxPhysXCommonConfig.h:32,
                 from /public/home/tangwsh/PhysX/physx/include/PxPhysXConfig.h:35,
                 from /public/home/tangwsh/PhysX/physx/include/PxSceneQueryDesc.h:32,
                 from /public/home/tangwsh/PhysX/physx/include/PxSceneDesc.h:32,
                 from /public/home/tangwsh/PhysX/physx/source/lowleveldynamics/include/DyContext.h:32,
                 from /public/home/tangwsh/PhysX/physx/source/lowleveldynamics/src/DyDynamicsBase.h:32,
                 from /public/home/tangwsh/PhysX/physx/source/lowleveldynamics/src/DyDynamicsBase.cpp:29:
/public/home/tangwsh/PhysX/physx/source/geomutils/src/GuGeometryChecks.h:93:37: warning: ‘offsetof’ within non-standard-layout type ‘physx::PxCapsuleGeometry’ is conditionally-supported [-Winvalid-offsetof]
   93 | PX_COMPILE_TIME_ASSERT(PX_OFFSET_OF(physx::PxCapsuleGeometry, radius) == PX_OFFSET_OF(physx::PxSphereGeometry, radius));
/public/home/tangwsh/PhysX/physx/include/foundation/PxPreprocessor.h:430:51: note: in definition of macro ‘PX_COMPILE_TIME_ASSERT’
  430 | #define PX_COMPILE_TIME_ASSERT(exp) static_assert(exp, "")
      |                                                   ^~~
/public/home/tangwsh/PhysX/physx/source/geomutils/src/GuGeometryChecks.h:93:24: note: in expansion of macro ‘PX_OFFSET_OF’
   93 | PX_COMPILE_TIME_ASSERT(PX_OFFSET_OF(physx::PxCapsuleGeometry, radius) == PX_OFFSET_OF(physx::PxSphereGeometry, radius));
      |                        ^~~~~~~~~~~~
/public/home/tangwsh/PhysX/physx/source/geomutils/src/GuGeometryChecks.h:93:87: warning: ‘offsetof’ within non-standard-layout type ‘physx::PxSphereGeometry’ is conditionally-supported [-Winvalid-offsetof]
   93 | PX_COMPILE_TIME_ASSERT(PX_OFFSET_OF(physx::PxCapsuleGeometry, radius) == PX_OFFSET_OF(physx::PxSphereGeometry, radius));
/public/home/tangwsh/PhysX/physx/include/foundation/PxPreprocessor.h:430:51: note: in definition of macro ‘PX_COMPILE_TIME_ASSERT’
  430 | #define PX_COMPILE_TIME_ASSERT(exp) static_assert(exp, "")
      |                                                   ^~~
/public/home/tangwsh/PhysX/physx/source/geomutils/src/GuGeometryChecks.h:93:74: note: in expansion of macro ‘PX_OFFSET_OF’
   93 | PX_COMPILE_TIME_ASSERT(PX_OFFSET_OF(physx::PxCapsuleGeometry, radius) == PX_OFFSET_OF(physx::PxSphereGeometry, radius));
      |                                                                          ^~~~~~~~~~~~
[ 22%] Building CXX object CMakeFiles/LowLevelDynamics.dir/public/home/tangwsh/PhysX/physx/source/lowleveldynamics/src/DyFeatherstoneArticulation.cpp.o
In file included from /public/home/tangwsh/PhysX/physx/include/foundation/PxFoundationConfig.h:32,
                 from /public/home/tangwsh/PhysX/physx/include/foundation/PxMathUtils.h:33,
                 from /public/home/tangwsh/PhysX/physx/source/lowleveldynamics/src/DyFeatherstoneArticulation.cpp:29:
/public/home/tangwsh/PhysX/physx/source/geomutils/src/GuGeometryChecks.h:93:37: warning: ‘offsetof’ within non-standard-layout type ‘physx::PxCapsuleGeometry’ is conditionally-supported [-Winvalid-offsetof]
   93 | PX_COMPILE_TIME_ASSERT(PX_OFFSET_OF(physx::PxCapsuleGeometry, radius) == PX_OFFSET_OF(physx::PxSphereGeometry, radius));
/public/home/tangwsh/PhysX/physx/include/foundation/PxPreprocessor.h:430:51: note: in definition of macro ‘PX_COMPILE_TIME_ASSERT’
  430 | #define PX_COMPILE_TIME_ASSERT(exp) static_assert(exp, "")
      |                                                   ^~~
/public/home/tangwsh/PhysX/physx/source/geomutils/src/GuGeometryChecks.h:93:24: note: in expansion of macro ‘PX_OFFSET_OF’
   93 | PX_COMPILE_TIME_ASSERT(PX_OFFSET_OF(physx::PxCapsuleGeometry, radius) == PX_OFFSET_OF(physx::PxSphereGeometry, radius));
      |                        ^~~~~~~~~~~~
/public/home/tangwsh/PhysX/physx/source/geomutils/src/GuGeometryChecks.h:93:87: warning: ‘offsetof’ within non-standard-layout type ‘physx::PxSphereGeometry’ is conditionally-supported [-Winvalid-offsetof]
   93 | PX_COMPILE_TIME_ASSERT(PX_OFFSET_OF(physx::PxCapsuleGeometry, radius) == PX_OFFSET_OF(physx::PxSphereGeometry, radius));
/public/home/tangwsh/PhysX/physx/include/foundation/PxPreprocessor.h:430:51: note: in definition of macro ‘PX_COMPILE_TIME_ASSERT’
  430 | #define PX_COMPILE_TIME_ASSERT(exp) static_assert(exp, "")
      |                                                   ^~~
/public/home/tangwsh/PhysX/physx/source/geomutils/src/GuGeometryChecks.h:93:74: note: in expansion of macro ‘PX_OFFSET_OF’
   93 | PX_COMPILE_TIME_ASSERT(PX_OFFSET_OF(physx::PxCapsuleGeometry, radius) == PX_OFFSET_OF(physx::PxSphereGeometry, radius));
      |                                                                          ^~~~~~~~~~~~
[ 23%] Building CXX object CMakeFiles/LowLevelDynamics.dir/public/home/tangwsh/PhysX/physx/source/lowleveldynamics/src/DyFeatherstoneForwardDynamic.cpp.o
In file included from /public/home/tangwsh/PhysX/physx/include/foundation/PxFoundationConfig.h:32,
                 from /public/home/tangwsh/PhysX/physx/include/foundation/PxMathUtils.h:33,
                 from /public/home/tangwsh/PhysX/physx/source/lowleveldynamics/src/DyFeatherstoneForwardDynamic.cpp:30:
/public/home/tangwsh/PhysX/physx/source/geomutils/src/GuGeometryChecks.h:93:37: warning: ‘offsetof’ within non-standard-layout type ‘physx::PxCapsuleGeometry’ is conditionally-supported [-Winvalid-offsetof]
   93 | PX_COMPILE_TIME_ASSERT(PX_OFFSET_OF(physx::PxCapsuleGeometry, radius) == PX_OFFSET_OF(physx::PxSphereGeometry, radius));
/public/home/tangwsh/PhysX/physx/include/foundation/PxPreprocessor.h:430:51: note: in definition of macro ‘PX_COMPILE_TIME_ASSERT’
  430 | #define PX_COMPILE_TIME_ASSERT(exp) static_assert(exp, "")
      |                                                   ^~~
/public/home/tangwsh/PhysX/physx/source/geomutils/src/GuGeometryChecks.h:93:24: note: in expansion of macro ‘PX_OFFSET_OF’
   93 | PX_COMPILE_TIME_ASSERT(PX_OFFSET_OF(physx::PxCapsuleGeometry, radius) == PX_OFFSET_OF(physx::PxSphereGeometry, radius));
      |                        ^~~~~~~~~~~~
/public/home/tangwsh/PhysX/physx/source/geomutils/src/GuGeometryChecks.h:93:87: warning: ‘offsetof’ within non-standard-layout type ‘physx::PxSphereGeometry’ is conditionally-supported [-Winvalid-offsetof]
   93 | PX_COMPILE_TIME_ASSERT(PX_OFFSET_OF(physx::PxCapsuleGeometry, radius) == PX_OFFSET_OF(physx::PxSphereGeometry, radius));
/public/home/tangwsh/PhysX/physx/include/foundation/PxPreprocessor.h:430:51: note: in definition of macro ‘PX_COMPILE_TIME_ASSERT’
  430 | #define PX_COMPILE_TIME_ASSERT(exp) static_assert(exp, "")
      |                                                   ^~~
/public/home/tangwsh/PhysX/physx/source/geomutils/src/GuGeometryChecks.h:93:74: note: in expansion of macro ‘PX_OFFSET_OF’
   93 | PX_COMPILE_TIME_ASSERT(PX_OFFSET_OF(physx::PxCapsuleGeometry, radius) == PX_OFFSET_OF(physx::PxSphereGeometry, radius));
      |                                                                          ^~~~~~~~~~~~
[ 23%] Building CXX object CMakeFiles/LowLevelDynamics.dir/public/home/tangwsh/PhysX/physx/source/lowleveldynamics/src/DyFeatherstoneInverseDynamic.cpp.o
In file included from /public/home/tangwsh/PhysX/physx/include/foundation/PxFoundationConfig.h:32,
                 from /public/home/tangwsh/PhysX/physx/include/foundation/PxMathUtils.h:33,
                 from /public/home/tangwsh/PhysX/physx/source/common/src/CmConeLimitHelper.h:38,
                 from /public/home/tangwsh/PhysX/physx/source/lowleveldynamics/src/DyFeatherstoneInverseDynamic.cpp:30:
/public/home/tangwsh/PhysX/physx/source/geomutils/src/GuGeometryChecks.h:93:37: warning: ‘offsetof’ within non-standard-layout type ‘physx::PxCapsuleGeometry’ is conditionally-supported [-Winvalid-offsetof]
   93 | PX_COMPILE_TIME_ASSERT(PX_OFFSET_OF(physx::PxCapsuleGeometry, radius) == PX_OFFSET_OF(physx::PxSphereGeometry, radius));
/public/home/tangwsh/PhysX/physx/include/foundation/PxPreprocessor.h:430:51: note: in definition of macro ‘PX_COMPILE_TIME_ASSERT’
  430 | #define PX_COMPILE_TIME_ASSERT(exp) static_assert(exp, "")
      |                                                   ^~~
/public/home/tangwsh/PhysX/physx/source/geomutils/src/GuGeometryChecks.h:93:24: note: in expansion of macro ‘PX_OFFSET_OF’
   93 | PX_COMPILE_TIME_ASSERT(PX_OFFSET_OF(physx::PxCapsuleGeometry, radius) == PX_OFFSET_OF(physx::PxSphereGeometry, radius));
      |                        ^~~~~~~~~~~~
/public/home/tangwsh/PhysX/physx/source/geomutils/src/GuGeometryChecks.h:93:87: warning: ‘offsetof’ within non-standard-layout type ‘physx::PxSphereGeometry’ is conditionally-supported [-Winvalid-offsetof]
   93 | PX_COMPILE_TIME_ASSERT(PX_OFFSET_OF(physx::PxCapsuleGeometry, radius) == PX_OFFSET_OF(physx::PxSphereGeometry, radius));
/public/home/tangwsh/PhysX/physx/include/foundation/PxPreprocessor.h:430:51: note: in definition of macro ‘PX_COMPILE_TIME_ASSERT’
  430 | #define PX_COMPILE_TIME_ASSERT(exp) static_assert(exp, "")
      |                                                   ^~~
/public/home/tangwsh/PhysX/physx/source/geomutils/src/GuGeometryChecks.h:93:74: note: in expansion of macro ‘PX_OFFSET_OF’
   93 | PX_COMPILE_TIME_ASSERT(PX_OFFSET_OF(physx::PxCapsuleGeometry, radius) == PX_OFFSET_OF(physx::PxSphereGeometry, radius));
      |                                                                          ^~~~~~~~~~~~
[ 23%] Building CXX object CMakeFiles/LowLevelDynamics.dir/public/home/tangwsh/PhysX/physx/source/lowleveldynamics/src/DyFrictionCorrelation.cpp.o
[ 24%] Building CXX object CMakeFiles/LowLevelDynamics.dir/public/home/tangwsh/PhysX/physx/source/lowleveldynamics/src/DyRigidBodyToSolverBody.cpp.o
[ 24%] Building CXX object CMakeFiles/LowLevelDynamics.dir/public/home/tangwsh/PhysX/physx/source/lowleveldynamics/src/DySleep.cpp.o
[ 24%] Building CXX object CMakeFiles/LowLevelDynamics.dir/public/home/tangwsh/PhysX/physx/source/lowleveldynamics/src/DySolverConstraints.cpp.o
[ 25%] Building CXX object CMakeFiles/LowLevelDynamics.dir/public/home/tangwsh/PhysX/physx/source/lowleveldynamics/src/DySolverConstraintsBlock.cpp.o
[ 25%] Building CXX object CMakeFiles/LowLevelDynamics.dir/public/home/tangwsh/PhysX/physx/source/lowleveldynamics/src/DySolverControl.cpp.o
[ 26%] Building CXX object CMakeFiles/LowLevelDynamics.dir/public/home/tangwsh/PhysX/physx/source/lowleveldynamics/src/DySolverCore.cpp.o
[ 26%] Building CXX object CMakeFiles/LowLevelDynamics.dir/public/home/tangwsh/PhysX/physx/source/lowleveldynamics/src/DyTGSContactPrep.cpp.o
In file included from /public/home/tangwsh/PhysX/physx/source/lowleveldynamics/src/DyTGSContactPrep.cpp:29:
/public/home/tangwsh/PhysX/physx/source/geomutils/src/GuGeometryChecks.h:93:37: warning: ‘offsetof’ within non-standard-layout type ‘physx::PxCapsuleGeometry’ is conditionally-supported [-Winvalid-offsetof]
   93 | PX_COMPILE_TIME_ASSERT(PX_OFFSET_OF(physx::PxCapsuleGeometry, radius) == PX_OFFSET_OF(physx::PxSphereGeometry, radius));
/public/home/tangwsh/PhysX/physx/include/foundation/PxPreprocessor.h:430:51: note: in definition of macro ‘PX_COMPILE_TIME_ASSERT’
  430 | #define PX_COMPILE_TIME_ASSERT(exp) static_assert(exp, "")
      |                                                   ^~~
/public/home/tangwsh/PhysX/physx/source/geomutils/src/GuGeometryChecks.h:93:24: note: in expansion of macro ‘PX_OFFSET_OF’
   93 | PX_COMPILE_TIME_ASSERT(PX_OFFSET_OF(physx::PxCapsuleGeometry, radius) == PX_OFFSET_OF(physx::PxSphereGeometry, radius));
      |                        ^~~~~~~~~~~~
/public/home/tangwsh/PhysX/physx/source/geomutils/src/GuGeometryChecks.h:93:87: warning: ‘offsetof’ within non-standard-layout type ‘physx::PxSphereGeometry’ is conditionally-supported [-Winvalid-offsetof]
   93 | PX_COMPILE_TIME_ASSERT(PX_OFFSET_OF(physx::PxCapsuleGeometry, radius) == PX_OFFSET_OF(physx::PxSphereGeometry, radius));
/public/home/tangwsh/PhysX/physx/include/foundation/PxPreprocessor.h:430:51: note: in definition of macro ‘PX_COMPILE_TIME_ASSERT’
  430 | #define PX_COMPILE_TIME_ASSERT(exp) static_assert(exp, "")
      |                                                   ^~~
/public/home/tangwsh/PhysX/physx/source/geomutils/src/GuGeometryChecks.h:93:74: note: in expansion of macro ‘PX_OFFSET_OF’
   93 | PX_COMPILE_TIME_ASSERT(PX_OFFSET_OF(physx::PxCapsuleGeometry, radius) == PX_OFFSET_OF(physx::PxSphereGeometry, radius));
      |                                                                          ^~~~~~~~~~~~
[ 26%] Building CXX object CMakeFiles/LowLevelDynamics.dir/public/home/tangwsh/PhysX/physx/source/lowleveldynamics/src/DyTGSContactPrepBlock.cpp.o
In file included from /public/home/tangwsh/PhysX/physx/source/lowleveldynamics/src/DyTGSContactPrepBlock.cpp:29:
/public/home/tangwsh/PhysX/physx/source/geomutils/src/GuGeometryChecks.h:93:37: warning: ‘offsetof’ within non-standard-layout type ‘physx::PxCapsuleGeometry’ is conditionally-supported [-Winvalid-offsetof]
   93 | PX_COMPILE_TIME_ASSERT(PX_OFFSET_OF(physx::PxCapsuleGeometry, radius) == PX_OFFSET_OF(physx::PxSphereGeometry, radius));
/public/home/tangwsh/PhysX/physx/include/foundation/PxPreprocessor.h:430:51: note: in definition of macro ‘PX_COMPILE_TIME_ASSERT’
  430 | #define PX_COMPILE_TIME_ASSERT(exp) static_assert(exp, "")
      |                                                   ^~~
/public/home/tangwsh/PhysX/physx/source/geomutils/src/GuGeometryChecks.h:93:24: note: in expansion of macro ‘PX_OFFSET_OF’
   93 | PX_COMPILE_TIME_ASSERT(PX_OFFSET_OF(physx::PxCapsuleGeometry, radius) == PX_OFFSET_OF(physx::PxSphereGeometry, radius));
      |                        ^~~~~~~~~~~~
/public/home/tangwsh/PhysX/physx/source/geomutils/src/GuGeometryChecks.h:93:87: warning: ‘offsetof’ within non-standard-layout type ‘physx::PxSphereGeometry’ is conditionally-supported [-Winvalid-offsetof]
   93 | PX_COMPILE_TIME_ASSERT(PX_OFFSET_OF(physx::PxCapsuleGeometry, radius) == PX_OFFSET_OF(physx::PxSphereGeometry, radius));
/public/home/tangwsh/PhysX/physx/include/foundation/PxPreprocessor.h:430:51: note: in definition of macro ‘PX_COMPILE_TIME_ASSERT’
  430 | #define PX_COMPILE_TIME_ASSERT(exp) static_assert(exp, "")
      |                                                   ^~~
/public/home/tangwsh/PhysX/physx/source/geomutils/src/GuGeometryChecks.h:93:74: note: in expansion of macro ‘PX_OFFSET_OF’
   93 | PX_COMPILE_TIME_ASSERT(PX_OFFSET_OF(physx::PxCapsuleGeometry, radius) == PX_OFFSET_OF(physx::PxSphereGeometry, radius));
      |                                                                          ^~~~~~~~~~~~
[ 27%] Building CXX object CMakeFiles/LowLevelDynamics.dir/public/home/tangwsh/PhysX/physx/source/lowleveldynamics/src/DyTGSDynamics.cpp.o
In file included from /public/home/tangwsh/PhysX/physx/include/foundation/PxSimpleTypes.h:36,
                 from /public/home/tangwsh/PhysX/physx/include/foundation/PxTime.h:32,
                 from /public/home/tangwsh/PhysX/physx/source/lowleveldynamics/src/DyTGSDynamics.cpp:29:
/public/home/tangwsh/PhysX/physx/source/geomutils/src/GuGeometryChecks.h:93:37: warning: ‘offsetof’ within non-standard-layout type ‘physx::PxCapsuleGeometry’ is conditionally-supported [-Winvalid-offsetof]
   93 | PX_COMPILE_TIME_ASSERT(PX_OFFSET_OF(physx::PxCapsuleGeometry, radius) == PX_OFFSET_OF(physx::PxSphereGeometry, radius));
/public/home/tangwsh/PhysX/physx/include/foundation/PxPreprocessor.h:430:51: note: in definition of macro ‘PX_COMPILE_TIME_ASSERT’
  430 | #define PX_COMPILE_TIME_ASSERT(exp) static_assert(exp, "")
      |                                                   ^~~
/public/home/tangwsh/PhysX/physx/source/geomutils/src/GuGeometryChecks.h:93:24: note: in expansion of macro ‘PX_OFFSET_OF’
   93 | PX_COMPILE_TIME_ASSERT(PX_OFFSET_OF(physx::PxCapsuleGeometry, radius) == PX_OFFSET_OF(physx::PxSphereGeometry, radius));
      |                        ^~~~~~~~~~~~
/public/home/tangwsh/PhysX/physx/source/geomutils/src/GuGeometryChecks.h:93:87: warning: ‘offsetof’ within non-standard-layout type ‘physx::PxSphereGeometry’ is conditionally-supported [-Winvalid-offsetof]
   93 | PX_COMPILE_TIME_ASSERT(PX_OFFSET_OF(physx::PxCapsuleGeometry, radius) == PX_OFFSET_OF(physx::PxSphereGeometry, radius));
/public/home/tangwsh/PhysX/physx/include/foundation/PxPreprocessor.h:430:51: note: in definition of macro ‘PX_COMPILE_TIME_ASSERT’
  430 | #define PX_COMPILE_TIME_ASSERT(exp) static_assert(exp, "")
      |                                                   ^~~
/public/home/tangwsh/PhysX/physx/source/geomutils/src/GuGeometryChecks.h:93:74: note: in expansion of macro ‘PX_OFFSET_OF’
   93 | PX_COMPILE_TIME_ASSERT(PX_OFFSET_OF(physx::PxCapsuleGeometry, radius) == PX_OFFSET_OF(physx::PxSphereGeometry, radius));
      |                                                                          ^~~~~~~~~~~~
[ 27%] Building CXX object CMakeFiles/LowLevelDynamics.dir/public/home/tangwsh/PhysX/physx/source/lowleveldynamics/src/DyThreadContext.cpp.o
[ 27%] Building CXX object CMakeFiles/LowLevelDynamics.dir/public/home/tangwsh/PhysX/physx/source/lowleveldynamics/src/DyThresholdTable.cpp.o
[ 28%] Linking CXX static library libLowLevelDynamics.a
[ 28%] Built target LowLevelDynamics
[ 28%] Building CXX object CMakeFiles/SceneQuery.dir/public/home/tangwsh/PhysX/physx/source/scenequery/src/SqCompoundPruner.cpp.o
[ 29%] Building CXX object CMakeFiles/SceneQuery.dir/public/home/tangwsh/PhysX/physx/source/scenequery/src/SqCompoundPruningPool.cpp.o
[ 29%] Building CXX object CMakeFiles/SceneQuery.dir/public/home/tangwsh/PhysX/physx/source/scenequery/src/SqFactory.cpp.o
[ 30%] Building CXX object CMakeFiles/SceneQuery.dir/public/home/tangwsh/PhysX/physx/source/scenequery/src/SqManager.cpp.o
[ 30%] Building CXX object CMakeFiles/SceneQuery.dir/public/home/tangwsh/PhysX/physx/source/scenequery/src/SqQuery.cpp.o
[ 30%] Linking CXX static library libSceneQuery.a
[ 30%] Built target SceneQuery
[ 31%] Building CXX object CMakeFiles/SimulationController.dir/public/home/tangwsh/PhysX/physx/source/simulationcontroller/src/ScActorCore.cpp.o
In file included from /public/home/tangwsh/PhysX/physx/include/foundation/PxSimpleTypes.h:36,
                 from /public/home/tangwsh/PhysX/physx/include/foundation/PxIO.h:33,
                 from /public/home/tangwsh/PhysX/physx/include/foundation/PxBitAndData.h:32,
                 from /public/home/tangwsh/PhysX/physx/source/simulationcontroller/include/ScActorCore.h:32,
                 from /public/home/tangwsh/PhysX/physx/source/simulationcontroller/src/ScActorCore.cpp:29:
/public/home/tangwsh/PhysX/physx/source/geomutils/src/GuGeometryChecks.h:93:37: warning: ‘offsetof’ within non-standard-layout type ‘physx::PxCapsuleGeometry’ is conditionally-supported [-Winvalid-offsetof]
   93 | PX_COMPILE_TIME_ASSERT(PX_OFFSET_OF(physx::PxCapsuleGeometry, radius) == PX_OFFSET_OF(physx::PxSphereGeometry, radius));
/public/home/tangwsh/PhysX/physx/include/foundation/PxPreprocessor.h:430:51: note: in definition of macro ‘PX_COMPILE_TIME_ASSERT’
  430 | #define PX_COMPILE_TIME_ASSERT(exp) static_assert(exp, "")
      |                                                   ^~~
/public/home/tangwsh/PhysX/physx/source/geomutils/src/GuGeometryChecks.h:93:24: note: in expansion of macro ‘PX_OFFSET_OF’
   93 | PX_COMPILE_TIME_ASSERT(PX_OFFSET_OF(physx::PxCapsuleGeometry, radius) == PX_OFFSET_OF(physx::PxSphereGeometry, radius));
      |                        ^~~~~~~~~~~~
/public/home/tangwsh/PhysX/physx/source/geomutils/src/GuGeometryChecks.h:93:87: warning: ‘offsetof’ within non-standard-layout type ‘physx::PxSphereGeometry’ is conditionally-supported [-Winvalid-offsetof]
   93 | PX_COMPILE_TIME_ASSERT(PX_OFFSET_OF(physx::PxCapsuleGeometry, radius) == PX_OFFSET_OF(physx::PxSphereGeometry, radius));
/public/home/tangwsh/PhysX/physx/include/foundation/PxPreprocessor.h:430:51: note: in definition of macro ‘PX_COMPILE_TIME_ASSERT’
  430 | #define PX_COMPILE_TIME_ASSERT(exp) static_assert(exp, "")
      |                                                   ^~~
/public/home/tangwsh/PhysX/physx/source/geomutils/src/GuGeometryChecks.h:93:74: note: in expansion of macro ‘PX_OFFSET_OF’
   93 | PX_COMPILE_TIME_ASSERT(PX_OFFSET_OF(physx::PxCapsuleGeometry, radius) == PX_OFFSET_OF(physx::PxSphereGeometry, radius));
      |                                                                          ^~~~~~~~~~~~
In file included from /public/home/tangwsh/PhysX/physx/source/simulationcontroller/src/ScElementSim.h:38,
                 from /public/home/tangwsh/PhysX/physx/source/simulationcontroller/src/ScShapeSimBase.h:30,
                 from /public/home/tangwsh/PhysX/physx/source/simulationcontroller/src/ScShapeSim.h:32,
                 from /public/home/tangwsh/PhysX/physx/source/simulationcontroller/src/ScActorCore.cpp:32:
/public/home/tangwsh/PhysX/physx/source/simulationcontroller/include/ScScene.h:222:15: warning: ‘physx::Sc::Scene’ has a field ‘physx::Sc::Scene::mOverlapFilterTaskHead’ whose type uses the anonymous namespace [-Wsubobject-linkage]
  222 |         class Scene : public PxUserAllocated
      |               ^~~~~
/public/home/tangwsh/PhysX/physx/source/simulationcontroller/include/ScScene.h:222:15: warning: ‘physx::Sc::Scene’ has a field ‘physx::Sc::Scene::mOverlapCreatedTaskHead’ whose type uses the anonymous namespace [-Wsubobject-linkage]
/public/home/tangwsh/PhysX/physx/source/simulationcontroller/include/ScScene.h:222:15: warning: ‘physx::Sc::Scene’ has a field ‘physx::Sc::Scene::mIslandInsertionTaskHead’ whose type uses the anonymous namespace [-Wsubobject-linkage]
[ 31%] Building CXX object CMakeFiles/SimulationController.dir/public/home/tangwsh/PhysX/physx/source/simulationcontroller/src/ScActorSim.cpp.o
In file included from /public/home/tangwsh/PhysX/physx/include/foundation/PxFoundationConfig.h:32,
                 from /public/home/tangwsh/PhysX/physx/include/foundation/PxAllocatorCallback.h:33,
                 from /public/home/tangwsh/PhysX/physx/include/foundation/PxAllocator.h:32,
                 from /public/home/tangwsh/PhysX/physx/include/foundation/PxUserAllocated.h:32,
                 from /public/home/tangwsh/PhysX/physx/source/simulationcontroller/src/ScActorSim.h:32,
                 from /public/home/tangwsh/PhysX/physx/source/simulationcontroller/src/ScActorSim.cpp:29:
/public/home/tangwsh/PhysX/physx/source/geomutils/src/GuGeometryChecks.h:93:37: warning: ‘offsetof’ within non-standard-layout type ‘physx::PxCapsuleGeometry’ is conditionally-supported [-Winvalid-offsetof]
   93 | PX_COMPILE_TIME_ASSERT(PX_OFFSET_OF(physx::PxCapsuleGeometry, radius) == PX_OFFSET_OF(physx::PxSphereGeometry, radius));
/public/home/tangwsh/PhysX/physx/include/foundation/PxPreprocessor.h:430:51: note: in definition of macro ‘PX_COMPILE_TIME_ASSERT’
  430 | #define PX_COMPILE_TIME_ASSERT(exp) static_assert(exp, "")
      |                                                   ^~~
/public/home/tangwsh/PhysX/physx/source/geomutils/src/GuGeometryChecks.h:93:24: note: in expansion of macro ‘PX_OFFSET_OF’
   93 | PX_COMPILE_TIME_ASSERT(PX_OFFSET_OF(physx::PxCapsuleGeometry, radius) == PX_OFFSET_OF(physx::PxSphereGeometry, radius));
      |                        ^~~~~~~~~~~~
/public/home/tangwsh/PhysX/physx/source/geomutils/src/GuGeometryChecks.h:93:87: warning: ‘offsetof’ within non-standard-layout type ‘physx::PxSphereGeometry’ is conditionally-supported [-Winvalid-offsetof]
   93 | PX_COMPILE_TIME_ASSERT(PX_OFFSET_OF(physx::PxCapsuleGeometry, radius) == PX_OFFSET_OF(physx::PxSphereGeometry, radius));
/public/home/tangwsh/PhysX/physx/include/foundation/PxPreprocessor.h:430:51: note: in definition of macro ‘PX_COMPILE_TIME_ASSERT’
  430 | #define PX_COMPILE_TIME_ASSERT(exp) static_assert(exp, "")
      |                                                   ^~~
/public/home/tangwsh/PhysX/physx/source/geomutils/src/GuGeometryChecks.h:93:74: note: in expansion of macro ‘PX_OFFSET_OF’
   93 | PX_COMPILE_TIME_ASSERT(PX_OFFSET_OF(physx::PxCapsuleGeometry, radius) == PX_OFFSET_OF(physx::PxSphereGeometry, radius));
      |                                                                          ^~~~~~~~~~~~
In file included from /public/home/tangwsh/PhysX/physx/source/simulationcontroller/src/ScElementSim.h:38,
                 from /public/home/tangwsh/PhysX/physx/source/simulationcontroller/src/ScActorSim.cpp:31:
/public/home/tangwsh/PhysX/physx/source/simulationcontroller/include/ScScene.h:222:15: warning: ‘physx::Sc::Scene’ has a field ‘physx::Sc::Scene::mOverlapFilterTaskHead’ whose type uses the anonymous namespace [-Wsubobject-linkage]
  222 |         class Scene : public PxUserAllocated
      |               ^~~~~
/public/home/tangwsh/PhysX/physx/source/simulationcontroller/include/ScScene.h:222:15: warning: ‘physx::Sc::Scene’ has a field ‘physx::Sc::Scene::mOverlapCreatedTaskHead’ whose type uses the anonymous namespace [-Wsubobject-linkage]
/public/home/tangwsh/PhysX/physx/source/simulationcontroller/include/ScScene.h:222:15: warning: ‘physx::Sc::Scene’ has a field ‘physx::Sc::Scene::mIslandInsertionTaskHead’ whose type uses the anonymous namespace [-Wsubobject-linkage]
[ 31%] Building CXX object CMakeFiles/SimulationController.dir/public/home/tangwsh/PhysX/physx/source/simulationcontroller/src/ScArticulationCore.cpp.o
[ 32%] Building CXX object CMakeFiles/SimulationController.dir/public/home/tangwsh/PhysX/physx/source/simulationcontroller/src/ScArticulationJointCore.cpp.o
[ 32%] Building CXX object CMakeFiles/SimulationController.dir/public/home/tangwsh/PhysX/physx/source/simulationcontroller/src/ScArticulationJointSim.cpp.o
In file included from /public/home/tangwsh/PhysX/physx/include/foundation/PxFoundationConfig.h:32,
                 from /public/home/tangwsh/PhysX/physx/include/foundation/PxAllocatorCallback.h:33,
                 from /public/home/tangwsh/PhysX/physx/include/foundation/PxAllocator.h:32,
                 from /public/home/tangwsh/PhysX/physx/include/foundation/PxUserAllocated.h:32,
                 from /public/home/tangwsh/PhysX/physx/source/simulationcontroller/src/ScActorSim.h:32,
                 from /public/home/tangwsh/PhysX/physx/source/simulationcontroller/src/ScInteraction.h:33,
                 from /public/home/tangwsh/PhysX/physx/source/simulationcontroller/src/ScArticulationJointSim.h:32,
                 from /public/home/tangwsh/PhysX/physx/source/simulationcontroller/src/ScArticulationJointSim.cpp:29:
/public/home/tangwsh/PhysX/physx/source/geomutils/src/GuGeometryChecks.h:93:37: warning: ‘offsetof’ within non-standard-layout type ‘physx::PxCapsuleGeometry’ is conditionally-supported [-Winvalid-offsetof]
   93 | PX_COMPILE_TIME_ASSERT(PX_OFFSET_OF(physx::PxCapsuleGeometry, radius) == PX_OFFSET_OF(physx::PxSphereGeometry, radius));
/public/home/tangwsh/PhysX/physx/include/foundation/PxPreprocessor.h:430:51: note: in definition of macro ‘PX_COMPILE_TIME_ASSERT’
  430 | #define PX_COMPILE_TIME_ASSERT(exp) static_assert(exp, "")
      |                                                   ^~~
/public/home/tangwsh/PhysX/physx/source/geomutils/src/GuGeometryChecks.h:93:24: note: in expansion of macro ‘PX_OFFSET_OF’
   93 | PX_COMPILE_TIME_ASSERT(PX_OFFSET_OF(physx::PxCapsuleGeometry, radius) == PX_OFFSET_OF(physx::PxSphereGeometry, radius));
      |                        ^~~~~~~~~~~~
/public/home/tangwsh/PhysX/physx/source/geomutils/src/GuGeometryChecks.h:93:87: warning: ‘offsetof’ within non-standard-layout type ‘physx::PxSphereGeometry’ is conditionally-supported [-Winvalid-offsetof]
   93 | PX_COMPILE_TIME_ASSERT(PX_OFFSET_OF(physx::PxCapsuleGeometry, radius) == PX_OFFSET_OF(physx::PxSphereGeometry, radius));
/public/home/tangwsh/PhysX/physx/include/foundation/PxPreprocessor.h:430:51: note: in definition of macro ‘PX_COMPILE_TIME_ASSERT’
  430 | #define PX_COMPILE_TIME_ASSERT(exp) static_assert(exp, "")
      |                                                   ^~~
/public/home/tangwsh/PhysX/physx/source/geomutils/src/GuGeometryChecks.h:93:74: note: in expansion of macro ‘PX_OFFSET_OF’
   93 | PX_COMPILE_TIME_ASSERT(PX_OFFSET_OF(physx::PxCapsuleGeometry, radius) == PX_OFFSET_OF(physx::PxSphereGeometry, radius));
      |                                                                          ^~~~~~~~~~~~
In file included from /public/home/tangwsh/PhysX/physx/source/simulationcontroller/src/ScArticulationJointSim.cpp:32:
/public/home/tangwsh/PhysX/physx/source/simulationcontroller/include/ScScene.h:222:15: warning: ‘physx::Sc::Scene’ has a field ‘physx::Sc::Scene::mOverlapFilterTaskHead’ whose type uses the anonymous namespace [-Wsubobject-linkage]
  222 |         class Scene : public PxUserAllocated
      |               ^~~~~
/public/home/tangwsh/PhysX/physx/source/simulationcontroller/include/ScScene.h:222:15: warning: ‘physx::Sc::Scene’ has a field ‘physx::Sc::Scene::mOverlapCreatedTaskHead’ whose type uses the anonymous namespace [-Wsubobject-linkage]
/public/home/tangwsh/PhysX/physx/source/simulationcontroller/include/ScScene.h:222:15: warning: ‘physx::Sc::Scene’ has a field ‘physx::Sc::Scene::mIslandInsertionTaskHead’ whose type uses the anonymous namespace [-Wsubobject-linkage]
[ 32%] Building CXX object CMakeFiles/SimulationController.dir/public/home/tangwsh/PhysX/physx/source/simulationcontroller/src/ScArticulationMimicJointSim.cpp.o
[ 33%] Building CXX object CMakeFiles/SimulationController.dir/public/home/tangwsh/PhysX/physx/source/simulationcontroller/src/ScArticulationSim.cpp.o
In file included from /public/home/tangwsh/PhysX/physx/include/foundation/PxFoundationConfig.h:32,
                 from /public/home/tangwsh/PhysX/physx/include/foundation/PxAllocatorCallback.h:33,
                 from /public/home/tangwsh/PhysX/physx/include/foundation/PxAllocator.h:32,
                 from /public/home/tangwsh/PhysX/physx/include/foundation/PxUserAllocated.h:32,
                 from /public/home/tangwsh/PhysX/physx/source/simulationcontroller/src/ScArticulationSim.h:32,
                 from /public/home/tangwsh/PhysX/physx/source/simulationcontroller/src/ScArticulationSim.cpp:29:
/public/home/tangwsh/PhysX/physx/source/geomutils/src/GuGeometryChecks.h:93:37: warning: ‘offsetof’ within non-standard-layout type ‘physx::PxCapsuleGeometry’ is conditionally-supported [-Winvalid-offsetof]
   93 | PX_COMPILE_TIME_ASSERT(PX_OFFSET_OF(physx::PxCapsuleGeometry, radius) == PX_OFFSET_OF(physx::PxSphereGeometry, radius));
/public/home/tangwsh/PhysX/physx/include/foundation/PxPreprocessor.h:430:51: note: in definition of macro ‘PX_COMPILE_TIME_ASSERT’
  430 | #define PX_COMPILE_TIME_ASSERT(exp) static_assert(exp, "")
      |                                                   ^~~
/public/home/tangwsh/PhysX/physx/source/geomutils/src/GuGeometryChecks.h:93:24: note: in expansion of macro ‘PX_OFFSET_OF’
   93 | PX_COMPILE_TIME_ASSERT(PX_OFFSET_OF(physx::PxCapsuleGeometry, radius) == PX_OFFSET_OF(physx::PxSphereGeometry, radius));
      |                        ^~~~~~~~~~~~
/public/home/tangwsh/PhysX/physx/source/geomutils/src/GuGeometryChecks.h:93:87: warning: ‘offsetof’ within non-standard-layout type ‘physx::PxSphereGeometry’ is conditionally-supported [-Winvalid-offsetof]
   93 | PX_COMPILE_TIME_ASSERT(PX_OFFSET_OF(physx::PxCapsuleGeometry, radius) == PX_OFFSET_OF(physx::PxSphereGeometry, radius));
/public/home/tangwsh/PhysX/physx/include/foundation/PxPreprocessor.h:430:51: note: in definition of macro ‘PX_COMPILE_TIME_ASSERT’
  430 | #define PX_COMPILE_TIME_ASSERT(exp) static_assert(exp, "")
      |                                                   ^~~
/public/home/tangwsh/PhysX/physx/source/geomutils/src/GuGeometryChecks.h:93:74: note: in expansion of macro ‘PX_OFFSET_OF’
   93 | PX_COMPILE_TIME_ASSERT(PX_OFFSET_OF(physx::PxCapsuleGeometry, radius) == PX_OFFSET_OF(physx::PxSphereGeometry, radius));
      |                                                                          ^~~~~~~~~~~~
In file included from /public/home/tangwsh/PhysX/physx/source/simulationcontroller/src/ScArticulationSim.cpp:37:
/public/home/tangwsh/PhysX/physx/source/simulationcontroller/include/ScScene.h:222:15: warning: ‘physx::Sc::Scene’ has a field ‘physx::Sc::Scene::mOverlapFilterTaskHead’ whose type uses the anonymous namespace [-Wsubobject-linkage]
  222 |         class Scene : public PxUserAllocated
      |               ^~~~~
/public/home/tangwsh/PhysX/physx/source/simulationcontroller/include/ScScene.h:222:15: warning: ‘physx::Sc::Scene’ has a field ‘physx::Sc::Scene::mOverlapCreatedTaskHead’ whose type uses the anonymous namespace [-Wsubobject-linkage]
/public/home/tangwsh/PhysX/physx/source/simulationcontroller/include/ScScene.h:222:15: warning: ‘physx::Sc::Scene’ has a field ‘physx::Sc::Scene::mIslandInsertionTaskHead’ whose type uses the anonymous namespace [-Wsubobject-linkage]
[ 33%] Building CXX object CMakeFiles/SimulationController.dir/public/home/tangwsh/PhysX/physx/source/simulationcontroller/src/ScArticulationTendonCore.cpp.o
[ 33%] Building CXX object CMakeFiles/SimulationController.dir/public/home/tangwsh/PhysX/physx/source/simulationcontroller/src/ScArticulationTendonJointCore.cpp.o
[ 34%] Building CXX object CMakeFiles/SimulationController.dir/public/home/tangwsh/PhysX/physx/source/simulationcontroller/src/ScArticulationTendonSim.cpp.o
In file included from /public/home/tangwsh/PhysX/physx/include/foundation/PxFoundationConfig.h:32,
                 from /public/home/tangwsh/PhysX/physx/include/foundation/PxAllocatorCallback.h:33,
                 from /public/home/tangwsh/PhysX/physx/include/foundation/PxAllocator.h:32,
                 from /public/home/tangwsh/PhysX/physx/include/foundation/PxUserAllocated.h:32,
                 from /public/home/tangwsh/PhysX/physx/source/simulationcontroller/src/ScArticulationTendonSim.h:32,
                 from /public/home/tangwsh/PhysX/physx/source/simulationcontroller/src/ScArticulationTendonSim.cpp:29:
/public/home/tangwsh/PhysX/physx/source/geomutils/src/GuGeometryChecks.h:93:37: warning: ‘offsetof’ within non-standard-layout type ‘physx::PxCapsuleGeometry’ is conditionally-supported [-Winvalid-offsetof]
   93 | PX_COMPILE_TIME_ASSERT(PX_OFFSET_OF(physx::PxCapsuleGeometry, radius) == PX_OFFSET_OF(physx::PxSphereGeometry, radius));
/public/home/tangwsh/PhysX/physx/include/foundation/PxPreprocessor.h:430:51: note: in definition of macro ‘PX_COMPILE_TIME_ASSERT’
  430 | #define PX_COMPILE_TIME_ASSERT(exp) static_assert(exp, "")
      |                                                   ^~~
/public/home/tangwsh/PhysX/physx/source/geomutils/src/GuGeometryChecks.h:93:24: note: in expansion of macro ‘PX_OFFSET_OF’
   93 | PX_COMPILE_TIME_ASSERT(PX_OFFSET_OF(physx::PxCapsuleGeometry, radius) == PX_OFFSET_OF(physx::PxSphereGeometry, radius));
      |                        ^~~~~~~~~~~~
/public/home/tangwsh/PhysX/physx/source/geomutils/src/GuGeometryChecks.h:93:87: warning: ‘offsetof’ within non-standard-layout type ‘physx::PxSphereGeometry’ is conditionally-supported [-Winvalid-offsetof]
   93 | PX_COMPILE_TIME_ASSERT(PX_OFFSET_OF(physx::PxCapsuleGeometry, radius) == PX_OFFSET_OF(physx::PxSphereGeometry, radius));
/public/home/tangwsh/PhysX/physx/include/foundation/PxPreprocessor.h:430:51: note: in definition of macro ‘PX_COMPILE_TIME_ASSERT’
  430 | #define PX_COMPILE_TIME_ASSERT(exp) static_assert(exp, "")
      |                                                   ^~~
/public/home/tangwsh/PhysX/physx/source/geomutils/src/GuGeometryChecks.h:93:74: note: in expansion of macro ‘PX_OFFSET_OF’
   93 | PX_COMPILE_TIME_ASSERT(PX_OFFSET_OF(physx::PxCapsuleGeometry, radius) == PX_OFFSET_OF(physx::PxSphereGeometry, radius));
      |                                                                          ^~~~~~~~~~~~
In file included from /public/home/tangwsh/PhysX/physx/source/simulationcontroller/src/ScArticulationTendonSim.cpp:34:
/public/home/tangwsh/PhysX/physx/source/simulationcontroller/include/ScScene.h:222:15: warning: ‘physx::Sc::Scene’ has a field ‘physx::Sc::Scene::mOverlapFilterTaskHead’ whose type uses the anonymous namespace [-Wsubobject-linkage]
  222 |         class Scene : public PxUserAllocated
      |               ^~~~~
/public/home/tangwsh/PhysX/physx/source/simulationcontroller/include/ScScene.h:222:15: warning: ‘physx::Sc::Scene’ has a field ‘physx::Sc::Scene::mOverlapCreatedTaskHead’ whose type uses the anonymous namespace [-Wsubobject-linkage]
/public/home/tangwsh/PhysX/physx/source/simulationcontroller/include/ScScene.h:222:15: warning: ‘physx::Sc::Scene’ has a field ‘physx::Sc::Scene::mIslandInsertionTaskHead’ whose type uses the anonymous namespace [-Wsubobject-linkage]
[ 34%] Building CXX object CMakeFiles/SimulationController.dir/public/home/tangwsh/PhysX/physx/source/simulationcontroller/src/ScBodyCore.cpp.o
In file included from /public/home/tangwsh/PhysX/physx/include/foundation/PxMath.h:33,
                 from /public/home/tangwsh/PhysX/physx/include/foundation/PxVec3.h:33,
                 from /public/home/tangwsh/PhysX/physx/include/foundation/PxQuat.h:33,
                 from /public/home/tangwsh/PhysX/physx/include/foundation/PxTransform.h:32,
                 from /public/home/tangwsh/PhysX/physx/source/simulationcontroller/include/ScBodyCore.h:32,
                 from /public/home/tangwsh/PhysX/physx/source/simulationcontroller/src/ScBodyCore.cpp:29:
/public/home/tangwsh/PhysX/physx/source/geomutils/src/GuGeometryChecks.h:93:37: warning: ‘offsetof’ within non-standard-layout type ‘physx::PxCapsuleGeometry’ is conditionally-supported [-Winvalid-offsetof]
   93 | PX_COMPILE_TIME_ASSERT(PX_OFFSET_OF(physx::PxCapsuleGeometry, radius) == PX_OFFSET_OF(physx::PxSphereGeometry, radius));
/public/home/tangwsh/PhysX/physx/include/foundation/PxPreprocessor.h:430:51: note: in definition of macro ‘PX_COMPILE_TIME_ASSERT’
  430 | #define PX_COMPILE_TIME_ASSERT(exp) static_assert(exp, "")
      |                                                   ^~~
/public/home/tangwsh/PhysX/physx/source/geomutils/src/GuGeometryChecks.h:93:24: note: in expansion of macro ‘PX_OFFSET_OF’
   93 | PX_COMPILE_TIME_ASSERT(PX_OFFSET_OF(physx::PxCapsuleGeometry, radius) == PX_OFFSET_OF(physx::PxSphereGeometry, radius));
      |                        ^~~~~~~~~~~~
/public/home/tangwsh/PhysX/physx/source/geomutils/src/GuGeometryChecks.h:93:87: warning: ‘offsetof’ within non-standard-layout type ‘physx::PxSphereGeometry’ is conditionally-supported [-Winvalid-offsetof]
   93 | PX_COMPILE_TIME_ASSERT(PX_OFFSET_OF(physx::PxCapsuleGeometry, radius) == PX_OFFSET_OF(physx::PxSphereGeometry, radius));
/public/home/tangwsh/PhysX/physx/include/foundation/PxPreprocessor.h:430:51: note: in definition of macro ‘PX_COMPILE_TIME_ASSERT’
  430 | #define PX_COMPILE_TIME_ASSERT(exp) static_assert(exp, "")
      |                                                   ^~~
/public/home/tangwsh/PhysX/physx/source/geomutils/src/GuGeometryChecks.h:93:74: note: in expansion of macro ‘PX_OFFSET_OF’
   93 | PX_COMPILE_TIME_ASSERT(PX_OFFSET_OF(physx::PxCapsuleGeometry, radius) == PX_OFFSET_OF(physx::PxSphereGeometry, radius));
      |                                                                          ^~~~~~~~~~~~
In file included from /public/home/tangwsh/PhysX/physx/source/simulationcontroller/src/ScBodyCore.cpp:32:
/public/home/tangwsh/PhysX/physx/source/simulationcontroller/include/ScScene.h:222:15: warning: ‘physx::Sc::Scene’ has a field ‘physx::Sc::Scene::mOverlapFilterTaskHead’ whose type uses the anonymous namespace [-Wsubobject-linkage]
  222 |         class Scene : public PxUserAllocated
      |               ^~~~~
/public/home/tangwsh/PhysX/physx/source/simulationcontroller/include/ScScene.h:222:15: warning: ‘physx::Sc::Scene’ has a field ‘physx::Sc::Scene::mOverlapCreatedTaskHead’ whose type uses the anonymous namespace [-Wsubobject-linkage]
/public/home/tangwsh/PhysX/physx/source/simulationcontroller/include/ScScene.h:222:15: warning: ‘physx::Sc::Scene’ has a field ‘physx::Sc::Scene::mIslandInsertionTaskHead’ whose type uses the anonymous namespace [-Wsubobject-linkage]
[ 35%] Building CXX object CMakeFiles/SimulationController.dir/public/home/tangwsh/PhysX/physx/source/simulationcontroller/src/ScBodySim.cpp.o
In file included from /public/home/tangwsh/PhysX/physx/include/foundation/PxMath.h:33,
                 from /public/home/tangwsh/PhysX/physx/include/foundation/PxVec3.h:33,
                 from /public/home/tangwsh/PhysX/physx/include/foundation/PxUtilities.h:32,
                 from /public/home/tangwsh/PhysX/physx/source/simulationcontroller/src/ScBodySim.h:32,
                 from /public/home/tangwsh/PhysX/physx/source/simulationcontroller/src/ScBodySim.cpp:29:
/public/home/tangwsh/PhysX/physx/source/geomutils/src/GuGeometryChecks.h:93:37: warning: ‘offsetof’ within non-standard-layout type ‘physx::PxCapsuleGeometry’ is conditionally-supported [-Winvalid-offsetof]
   93 | PX_COMPILE_TIME_ASSERT(PX_OFFSET_OF(physx::PxCapsuleGeometry, radius) == PX_OFFSET_OF(physx::PxSphereGeometry, radius));
/public/home/tangwsh/PhysX/physx/include/foundation/PxPreprocessor.h:430:51: note: in definition of macro ‘PX_COMPILE_TIME_ASSERT’
  430 | #define PX_COMPILE_TIME_ASSERT(exp) static_assert(exp, "")
      |                                                   ^~~
/public/home/tangwsh/PhysX/physx/source/geomutils/src/GuGeometryChecks.h:93:24: note: in expansion of macro ‘PX_OFFSET_OF’
   93 | PX_COMPILE_TIME_ASSERT(PX_OFFSET_OF(physx::PxCapsuleGeometry, radius) == PX_OFFSET_OF(physx::PxSphereGeometry, radius));
      |                        ^~~~~~~~~~~~
/public/home/tangwsh/PhysX/physx/source/geomutils/src/GuGeometryChecks.h:93:87: warning: ‘offsetof’ within non-standard-layout type ‘physx::PxSphereGeometry’ is conditionally-supported [-Winvalid-offsetof]
   93 | PX_COMPILE_TIME_ASSERT(PX_OFFSET_OF(physx::PxCapsuleGeometry, radius) == PX_OFFSET_OF(physx::PxSphereGeometry, radius));
/public/home/tangwsh/PhysX/physx/include/foundation/PxPreprocessor.h:430:51: note: in definition of macro ‘PX_COMPILE_TIME_ASSERT’
  430 | #define PX_COMPILE_TIME_ASSERT(exp) static_assert(exp, "")
      |                                                   ^~~
/public/home/tangwsh/PhysX/physx/source/geomutils/src/GuGeometryChecks.h:93:74: note: in expansion of macro ‘PX_OFFSET_OF’
   93 | PX_COMPILE_TIME_ASSERT(PX_OFFSET_OF(physx::PxCapsuleGeometry, radius) == PX_OFFSET_OF(physx::PxSphereGeometry, radius));
      |                                                                          ^~~~~~~~~~~~
In file included from /public/home/tangwsh/PhysX/physx/source/simulationcontroller/src/ScElementSim.h:38,
                 from /public/home/tangwsh/PhysX/physx/source/simulationcontroller/src/ScShapeSimBase.h:30,
                 from /public/home/tangwsh/PhysX/physx/source/simulationcontroller/src/ScShapeSim.h:32,
                 from /public/home/tangwsh/PhysX/physx/source/simulationcontroller/src/ScBodySim.cpp:30:
/public/home/tangwsh/PhysX/physx/source/simulationcontroller/include/ScScene.h:222:15: warning: ‘physx::Sc::Scene’ has a field ‘physx::Sc::Scene::mOverlapFilterTaskHead’ whose type uses the anonymous namespace [-Wsubobject-linkage]
  222 |         class Scene : public PxUserAllocated
      |               ^~~~~
/public/home/tangwsh/PhysX/physx/source/simulationcontroller/include/ScScene.h:222:15: warning: ‘physx::Sc::Scene’ has a field ‘physx::Sc::Scene::mOverlapCreatedTaskHead’ whose type uses the anonymous namespace [-Wsubobject-linkage]
/public/home/tangwsh/PhysX/physx/source/simulationcontroller/include/ScScene.h:222:15: warning: ‘physx::Sc::Scene’ has a field ‘physx::Sc::Scene::mIslandInsertionTaskHead’ whose type uses the anonymous namespace [-Wsubobject-linkage]
[ 35%] Building CXX object CMakeFiles/SimulationController.dir/public/home/tangwsh/PhysX/physx/source/simulationcontroller/src/ScBroadphase.cpp.o
In file included from /public/home/tangwsh/PhysX/physx/include/foundation/PxSimpleTypes.h:36,
                 from /public/home/tangwsh/PhysX/physx/include/common/PxPhysXCommonConfig.h:32,
                 from /public/home/tangwsh/PhysX/physx/include/PxPhysXConfig.h:35,
                 from /public/home/tangwsh/PhysX/physx/source/lowlevel/api/include/PxvConfig.h:34,
                 from /public/home/tangwsh/PhysX/physx/source/simulationcontroller/include/ScBroadphase.h:32,
                 from /public/home/tangwsh/PhysX/physx/source/simulationcontroller/src/ScBroadphase.cpp:29:
/public/home/tangwsh/PhysX/physx/source/geomutils/src/GuGeometryChecks.h:93:37: warning: ‘offsetof’ within non-standard-layout type ‘physx::PxCapsuleGeometry’ is conditionally-supported [-Winvalid-offsetof]
   93 | PX_COMPILE_TIME_ASSERT(PX_OFFSET_OF(physx::PxCapsuleGeometry, radius) == PX_OFFSET_OF(physx::PxSphereGeometry, radius));
/public/home/tangwsh/PhysX/physx/include/foundation/PxPreprocessor.h:430:51: note: in definition of macro ‘PX_COMPILE_TIME_ASSERT’
  430 | #define PX_COMPILE_TIME_ASSERT(exp) static_assert(exp, "")
      |                                                   ^~~
/public/home/tangwsh/PhysX/physx/source/geomutils/src/GuGeometryChecks.h:93:24: note: in expansion of macro ‘PX_OFFSET_OF’
   93 | PX_COMPILE_TIME_ASSERT(PX_OFFSET_OF(physx::PxCapsuleGeometry, radius) == PX_OFFSET_OF(physx::PxSphereGeometry, radius));
      |                        ^~~~~~~~~~~~
/public/home/tangwsh/PhysX/physx/source/geomutils/src/GuGeometryChecks.h:93:87: warning: ‘offsetof’ within non-standard-layout type ‘physx::PxSphereGeometry’ is conditionally-supported [-Winvalid-offsetof]
   93 | PX_COMPILE_TIME_ASSERT(PX_OFFSET_OF(physx::PxCapsuleGeometry, radius) == PX_OFFSET_OF(physx::PxSphereGeometry, radius));
/public/home/tangwsh/PhysX/physx/include/foundation/PxPreprocessor.h:430:51: note: in definition of macro ‘PX_COMPILE_TIME_ASSERT’
  430 | #define PX_COMPILE_TIME_ASSERT(exp) static_assert(exp, "")
      |                                                   ^~~
/public/home/tangwsh/PhysX/physx/source/geomutils/src/GuGeometryChecks.h:93:74: note: in expansion of macro ‘PX_OFFSET_OF’
   93 | PX_COMPILE_TIME_ASSERT(PX_OFFSET_OF(physx::PxCapsuleGeometry, radius) == PX_OFFSET_OF(physx::PxSphereGeometry, radius));
      |                                                                          ^~~~~~~~~~~~
In file included from /public/home/tangwsh/PhysX/physx/source/simulationcontroller/src/ScElementSim.h:38,
                 from /public/home/tangwsh/PhysX/physx/source/simulationcontroller/src/ScShapeSimBase.h:30,
                 from /public/home/tangwsh/PhysX/physx/source/simulationcontroller/src/ScShapeSim.h:32,
                 from /public/home/tangwsh/PhysX/physx/source/simulationcontroller/src/ScBroadphase.cpp:31:
/public/home/tangwsh/PhysX/physx/source/simulationcontroller/include/ScScene.h:222:15: warning: ‘physx::Sc::Scene’ has a field ‘physx::Sc::Scene::mOverlapFilterTaskHead’ whose type uses the anonymous namespace [-Wsubobject-linkage]
  222 |         class Scene : public PxUserAllocated
      |               ^~~~~
/public/home/tangwsh/PhysX/physx/source/simulationcontroller/include/ScScene.h:222:15: warning: ‘physx::Sc::Scene’ has a field ‘physx::Sc::Scene::mOverlapCreatedTaskHead’ whose type uses the anonymous namespace [-Wsubobject-linkage]
/public/home/tangwsh/PhysX/physx/source/simulationcontroller/include/ScScene.h:222:15: warning: ‘physx::Sc::Scene’ has a field ‘physx::Sc::Scene::mIslandInsertionTaskHead’ whose type uses the anonymous namespace [-Wsubobject-linkage]
[ 35%] Building CXX object CMakeFiles/SimulationController.dir/public/home/tangwsh/PhysX/physx/source/simulationcontroller/src/ScCCD.cpp.o
In file included from /public/home/tangwsh/PhysX/physx/include/foundation/PxSimpleTypes.h:36,
                 from /public/home/tangwsh/PhysX/physx/include/foundation/PxProfiler.h:30,
                 from /public/home/tangwsh/PhysX/physx/include/common/PxProfileZone.h:30,
                 from /public/home/tangwsh/PhysX/physx/source/simulationcontroller/src/ScCCD.cpp:29:
/public/home/tangwsh/PhysX/physx/source/geomutils/src/GuGeometryChecks.h:93:37: warning: ‘offsetof’ within non-standard-layout type ‘physx::PxCapsuleGeometry’ is conditionally-supported [-Winvalid-offsetof]
   93 | PX_COMPILE_TIME_ASSERT(PX_OFFSET_OF(physx::PxCapsuleGeometry, radius) == PX_OFFSET_OF(physx::PxSphereGeometry, radius));
/public/home/tangwsh/PhysX/physx/include/foundation/PxPreprocessor.h:430:51: note: in definition of macro ‘PX_COMPILE_TIME_ASSERT’
  430 | #define PX_COMPILE_TIME_ASSERT(exp) static_assert(exp, "")
      |                                                   ^~~
/public/home/tangwsh/PhysX/physx/source/geomutils/src/GuGeometryChecks.h:93:24: note: in expansion of macro ‘PX_OFFSET_OF’
   93 | PX_COMPILE_TIME_ASSERT(PX_OFFSET_OF(physx::PxCapsuleGeometry, radius) == PX_OFFSET_OF(physx::PxSphereGeometry, radius));
      |                        ^~~~~~~~~~~~
/public/home/tangwsh/PhysX/physx/source/geomutils/src/GuGeometryChecks.h:93:87: warning: ‘offsetof’ within non-standard-layout type ‘physx::PxSphereGeometry’ is conditionally-supported [-Winvalid-offsetof]
   93 | PX_COMPILE_TIME_ASSERT(PX_OFFSET_OF(physx::PxCapsuleGeometry, radius) == PX_OFFSET_OF(physx::PxSphereGeometry, radius));
/public/home/tangwsh/PhysX/physx/include/foundation/PxPreprocessor.h:430:51: note: in definition of macro ‘PX_COMPILE_TIME_ASSERT’
  430 | #define PX_COMPILE_TIME_ASSERT(exp) static_assert(exp, "")
      |                                                   ^~~
/public/home/tangwsh/PhysX/physx/source/geomutils/src/GuGeometryChecks.h:93:74: note: in expansion of macro ‘PX_OFFSET_OF’
   93 | PX_COMPILE_TIME_ASSERT(PX_OFFSET_OF(physx::PxCapsuleGeometry, radius) == PX_OFFSET_OF(physx::PxSphereGeometry, radius));
      |                                                                          ^~~~~~~~~~~~
In file included from /public/home/tangwsh/PhysX/physx/source/simulationcontroller/src/ScElementSim.h:38,
                 from /public/home/tangwsh/PhysX/physx/source/simulationcontroller/src/ScShapeSimBase.h:30,
                 from /public/home/tangwsh/PhysX/physx/source/simulationcontroller/src/ScShapeSim.h:32,
                 from /public/home/tangwsh/PhysX/physx/source/simulationcontroller/src/ScCCD.cpp:31:
/public/home/tangwsh/PhysX/physx/source/simulationcontroller/include/ScScene.h:222:15: warning: ‘physx::Sc::Scene’ has a field ‘physx::Sc::Scene::mOverlapFilterTaskHead’ whose type uses the anonymous namespace [-Wsubobject-linkage]
  222 |         class Scene : public PxUserAllocated
      |               ^~~~~
/public/home/tangwsh/PhysX/physx/source/simulationcontroller/include/ScScene.h:222:15: warning: ‘physx::Sc::Scene’ has a field ‘physx::Sc::Scene::mOverlapCreatedTaskHead’ whose type uses the anonymous namespace [-Wsubobject-linkage]
/public/home/tangwsh/PhysX/physx/source/simulationcontroller/include/ScScene.h:222:15: warning: ‘physx::Sc::Scene’ has a field ‘physx::Sc::Scene::mIslandInsertionTaskHead’ whose type uses the anonymous namespace [-Wsubobject-linkage]
[ 36%] Building CXX object CMakeFiles/SimulationController.dir/public/home/tangwsh/PhysX/physx/source/simulationcontroller/src/ScConstraintBreakage.cpp.o
In file included from /public/home/tangwsh/PhysX/physx/include/foundation/PxSimpleTypes.h:36,
                 from /public/home/tangwsh/PhysX/physx/include/common/PxPhysXCommonConfig.h:32,
                 from /public/home/tangwsh/PhysX/physx/include/PxPhysXConfig.h:35,
                 from /public/home/tangwsh/PhysX/physx/source/simulationcontroller/include/ScScene.h:32,
                 from /public/home/tangwsh/PhysX/physx/source/simulationcontroller/src/ScConstraintBreakage.cpp:29:
/public/home/tangwsh/PhysX/physx/source/geomutils/src/GuGeometryChecks.h:93:37: warning: ‘offsetof’ within non-standard-layout type ‘physx::PxCapsuleGeometry’ is conditionally-supported [-Winvalid-offsetof]
   93 | PX_COMPILE_TIME_ASSERT(PX_OFFSET_OF(physx::PxCapsuleGeometry, radius) == PX_OFFSET_OF(physx::PxSphereGeometry, radius));
/public/home/tangwsh/PhysX/physx/include/foundation/PxPreprocessor.h:430:51: note: in definition of macro ‘PX_COMPILE_TIME_ASSERT’
  430 | #define PX_COMPILE_TIME_ASSERT(exp) static_assert(exp, "")
      |                                                   ^~~
/public/home/tangwsh/PhysX/physx/source/geomutils/src/GuGeometryChecks.h:93:24: note: in expansion of macro ‘PX_OFFSET_OF’
   93 | PX_COMPILE_TIME_ASSERT(PX_OFFSET_OF(physx::PxCapsuleGeometry, radius) == PX_OFFSET_OF(physx::PxSphereGeometry, radius));
      |                        ^~~~~~~~~~~~
/public/home/tangwsh/PhysX/physx/source/geomutils/src/GuGeometryChecks.h:93:87: warning: ‘offsetof’ within non-standard-layout type ‘physx::PxSphereGeometry’ is conditionally-supported [-Winvalid-offsetof]
   93 | PX_COMPILE_TIME_ASSERT(PX_OFFSET_OF(physx::PxCapsuleGeometry, radius) == PX_OFFSET_OF(physx::PxSphereGeometry, radius));
/public/home/tangwsh/PhysX/physx/include/foundation/PxPreprocessor.h:430:51: note: in definition of macro ‘PX_COMPILE_TIME_ASSERT’
  430 | #define PX_COMPILE_TIME_ASSERT(exp) static_assert(exp, "")
      |                                                   ^~~
/public/home/tangwsh/PhysX/physx/source/geomutils/src/GuGeometryChecks.h:93:74: note: in expansion of macro ‘PX_OFFSET_OF’
   93 | PX_COMPILE_TIME_ASSERT(PX_OFFSET_OF(physx::PxCapsuleGeometry, radius) == PX_OFFSET_OF(physx::PxSphereGeometry, radius));
      |                                                                          ^~~~~~~~~~~~
In file included from /public/home/tangwsh/PhysX/physx/source/simulationcontroller/src/ScConstraintBreakage.cpp:29:
/public/home/tangwsh/PhysX/physx/source/simulationcontroller/include/ScScene.h:222:15: warning: ‘physx::Sc::Scene’ has a field ‘physx::Sc::Scene::mOverlapFilterTaskHead’ whose type uses the anonymous namespace [-Wsubobject-linkage]
  222 |         class Scene : public PxUserAllocated
      |               ^~~~~
/public/home/tangwsh/PhysX/physx/source/simulationcontroller/include/ScScene.h:222:15: warning: ‘physx::Sc::Scene’ has a field ‘physx::Sc::Scene::mOverlapCreatedTaskHead’ whose type uses the anonymous namespace [-Wsubobject-linkage]
/public/home/tangwsh/PhysX/physx/source/simulationcontroller/include/ScScene.h:222:15: warning: ‘physx::Sc::Scene’ has a field ‘physx::Sc::Scene::mIslandInsertionTaskHead’ whose type uses the anonymous namespace [-Wsubobject-linkage]
[ 36%] Building CXX object CMakeFiles/SimulationController.dir/public/home/tangwsh/PhysX/physx/source/simulationcontroller/src/ScConstraintCore.cpp.o
[ 36%] Building CXX object CMakeFiles/SimulationController.dir/public/home/tangwsh/PhysX/physx/source/simulationcontroller/src/ScConstraintInteraction.cpp.o
In file included from /public/home/tangwsh/PhysX/physx/include/foundation/PxFoundationConfig.h:32,
                 from /public/home/tangwsh/PhysX/physx/include/foundation/PxAllocatorCallback.h:33,
                 from /public/home/tangwsh/PhysX/physx/include/foundation/PxAllocator.h:32,
                 from /public/home/tangwsh/PhysX/physx/include/foundation/PxUserAllocated.h:32,
                 from /public/home/tangwsh/PhysX/physx/source/simulationcontroller/src/ScActorSim.h:32,
                 from /public/home/tangwsh/PhysX/physx/source/simulationcontroller/src/ScInteraction.h:33,
                 from /public/home/tangwsh/PhysX/physx/source/simulationcontroller/src/ScConstraintInteraction.h:32,
                 from /public/home/tangwsh/PhysX/physx/source/simulationcontroller/src/ScConstraintInteraction.cpp:29:
/public/home/tangwsh/PhysX/physx/source/geomutils/src/GuGeometryChecks.h:93:37: warning: ‘offsetof’ within non-standard-layout type ‘physx::PxCapsuleGeometry’ is conditionally-supported [-Winvalid-offsetof]
   93 | PX_COMPILE_TIME_ASSERT(PX_OFFSET_OF(physx::PxCapsuleGeometry, radius) == PX_OFFSET_OF(physx::PxSphereGeometry, radius));
/public/home/tangwsh/PhysX/physx/include/foundation/PxPreprocessor.h:430:51: note: in definition of macro ‘PX_COMPILE_TIME_ASSERT’
  430 | #define PX_COMPILE_TIME_ASSERT(exp) static_assert(exp, "")
      |                                                   ^~~
/public/home/tangwsh/PhysX/physx/source/geomutils/src/GuGeometryChecks.h:93:24: note: in expansion of macro ‘PX_OFFSET_OF’
   93 | PX_COMPILE_TIME_ASSERT(PX_OFFSET_OF(physx::PxCapsuleGeometry, radius) == PX_OFFSET_OF(physx::PxSphereGeometry, radius));
      |                        ^~~~~~~~~~~~
/public/home/tangwsh/PhysX/physx/source/geomutils/src/GuGeometryChecks.h:93:87: warning: ‘offsetof’ within non-standard-layout type ‘physx::PxSphereGeometry’ is conditionally-supported [-Winvalid-offsetof]
   93 | PX_COMPILE_TIME_ASSERT(PX_OFFSET_OF(physx::PxCapsuleGeometry, radius) == PX_OFFSET_OF(physx::PxSphereGeometry, radius));
/public/home/tangwsh/PhysX/physx/include/foundation/PxPreprocessor.h:430:51: note: in definition of macro ‘PX_COMPILE_TIME_ASSERT’
  430 | #define PX_COMPILE_TIME_ASSERT(exp) static_assert(exp, "")
      |                                                   ^~~
/public/home/tangwsh/PhysX/physx/source/geomutils/src/GuGeometryChecks.h:93:74: note: in expansion of macro ‘PX_OFFSET_OF’
   93 | PX_COMPILE_TIME_ASSERT(PX_OFFSET_OF(physx::PxCapsuleGeometry, radius) == PX_OFFSET_OF(physx::PxSphereGeometry, radius));
      |                                                                          ^~~~~~~~~~~~
In file included from /public/home/tangwsh/PhysX/physx/source/simulationcontroller/src/ScConstraintInteraction.cpp:32:
/public/home/tangwsh/PhysX/physx/source/simulationcontroller/include/ScScene.h:222:15: warning: ‘physx::Sc::Scene’ has a field ‘physx::Sc::Scene::mOverlapFilterTaskHead’ whose type uses the anonymous namespace [-Wsubobject-linkage]
  222 |         class Scene : public PxUserAllocated
      |               ^~~~~
/public/home/tangwsh/PhysX/physx/source/simulationcontroller/include/ScScene.h:222:15: warning: ‘physx::Sc::Scene’ has a field ‘physx::Sc::Scene::mOverlapCreatedTaskHead’ whose type uses the anonymous namespace [-Wsubobject-linkage]
/public/home/tangwsh/PhysX/physx/source/simulationcontroller/include/ScScene.h:222:15: warning: ‘physx::Sc::Scene’ has a field ‘physx::Sc::Scene::mIslandInsertionTaskHead’ whose type uses the anonymous namespace [-Wsubobject-linkage]
[ 37%] Building CXX object CMakeFiles/SimulationController.dir/public/home/tangwsh/PhysX/physx/source/simulationcontroller/src/ScConstraintSim.cpp.o
In file included from /public/home/tangwsh/PhysX/physx/include/foundation/PxMath.h:33,
                 from /public/home/tangwsh/PhysX/physx/include/foundation/PxVec3.h:33,
                 from /public/home/tangwsh/PhysX/physx/include/foundation/PxUtilities.h:32,
                 from /public/home/tangwsh/PhysX/physx/source/simulationcontroller/src/ScBodySim.h:32,
                 from /public/home/tangwsh/PhysX/physx/source/simulationcontroller/src/ScConstraintSim.cpp:29:
/public/home/tangwsh/PhysX/physx/source/geomutils/src/GuGeometryChecks.h:93:37: warning: ‘offsetof’ within non-standard-layout type ‘physx::PxCapsuleGeometry’ is conditionally-supported [-Winvalid-offsetof]
   93 | PX_COMPILE_TIME_ASSERT(PX_OFFSET_OF(physx::PxCapsuleGeometry, radius) == PX_OFFSET_OF(physx::PxSphereGeometry, radius));
/public/home/tangwsh/PhysX/physx/include/foundation/PxPreprocessor.h:430:51: note: in definition of macro ‘PX_COMPILE_TIME_ASSERT’
  430 | #define PX_COMPILE_TIME_ASSERT(exp) static_assert(exp, "")
      |                                                   ^~~
/public/home/tangwsh/PhysX/physx/source/geomutils/src/GuGeometryChecks.h:93:24: note: in expansion of macro ‘PX_OFFSET_OF’
   93 | PX_COMPILE_TIME_ASSERT(PX_OFFSET_OF(physx::PxCapsuleGeometry, radius) == PX_OFFSET_OF(physx::PxSphereGeometry, radius));
      |                        ^~~~~~~~~~~~
/public/home/tangwsh/PhysX/physx/source/geomutils/src/GuGeometryChecks.h:93:87: warning: ‘offsetof’ within non-standard-layout type ‘physx::PxSphereGeometry’ is conditionally-supported [-Winvalid-offsetof]
   93 | PX_COMPILE_TIME_ASSERT(PX_OFFSET_OF(physx::PxCapsuleGeometry, radius) == PX_OFFSET_OF(physx::PxSphereGeometry, radius));
/public/home/tangwsh/PhysX/physx/include/foundation/PxPreprocessor.h:430:51: note: in definition of macro ‘PX_COMPILE_TIME_ASSERT’
  430 | #define PX_COMPILE_TIME_ASSERT(exp) static_assert(exp, "")
      |                                                   ^~~
/public/home/tangwsh/PhysX/physx/source/geomutils/src/GuGeometryChecks.h:93:74: note: in expansion of macro ‘PX_OFFSET_OF’
   93 | PX_COMPILE_TIME_ASSERT(PX_OFFSET_OF(physx::PxCapsuleGeometry, radius) == PX_OFFSET_OF(physx::PxSphereGeometry, radius));
      |                                                                          ^~~~~~~~~~~~
In file included from /public/home/tangwsh/PhysX/physx/source/simulationcontroller/src/ScElementSim.h:38,
                 from /public/home/tangwsh/PhysX/physx/source/simulationcontroller/src/ScElementSimInteraction.h:33,
                 from /public/home/tangwsh/PhysX/physx/source/simulationcontroller/src/ScConstraintSim.cpp:34:
/public/home/tangwsh/PhysX/physx/source/simulationcontroller/include/ScScene.h:222:15: warning: ‘physx::Sc::Scene’ has a field ‘physx::Sc::Scene::mOverlapFilterTaskHead’ whose type uses the anonymous namespace [-Wsubobject-linkage]
  222 |         class Scene : public PxUserAllocated
      |               ^~~~~
/public/home/tangwsh/PhysX/physx/source/simulationcontroller/include/ScScene.h:222:15: warning: ‘physx::Sc::Scene’ has a field ‘physx::Sc::Scene::mOverlapCreatedTaskHead’ whose type uses the anonymous namespace [-Wsubobject-linkage]
/public/home/tangwsh/PhysX/physx/source/simulationcontroller/include/ScScene.h:222:15: warning: ‘physx::Sc::Scene’ has a field ‘physx::Sc::Scene::mIslandInsertionTaskHead’ whose type uses the anonymous namespace [-Wsubobject-linkage]
[ 37%] Building CXX object CMakeFiles/SimulationController.dir/public/home/tangwsh/PhysX/physx/source/simulationcontroller/src/ScDeformableSurfaceCore.cpp.o
In file included from /public/home/tangwsh/PhysX/physx/source/simulationcontroller/src/ScDeformableSurfaceCore.cpp:29:
/public/home/tangwsh/PhysX/physx/source/geomutils/src/GuGeometryChecks.h:93:37: warning: ‘offsetof’ within non-standard-layout type ‘physx::PxCapsuleGeometry’ is conditionally-supported [-Winvalid-offsetof]
   93 | PX_COMPILE_TIME_ASSERT(PX_OFFSET_OF(physx::PxCapsuleGeometry, radius) == PX_OFFSET_OF(physx::PxSphereGeometry, radius));
/public/home/tangwsh/PhysX/physx/include/foundation/PxPreprocessor.h:430:51: note: in definition of macro ‘PX_COMPILE_TIME_ASSERT’
  430 | #define PX_COMPILE_TIME_ASSERT(exp) static_assert(exp, "")
      |                                                   ^~~
/public/home/tangwsh/PhysX/physx/source/geomutils/src/GuGeometryChecks.h:93:24: note: in expansion of macro ‘PX_OFFSET_OF’
   93 | PX_COMPILE_TIME_ASSERT(PX_OFFSET_OF(physx::PxCapsuleGeometry, radius) == PX_OFFSET_OF(physx::PxSphereGeometry, radius));
      |                        ^~~~~~~~~~~~
/public/home/tangwsh/PhysX/physx/source/geomutils/src/GuGeometryChecks.h:93:87: warning: ‘offsetof’ within non-standard-layout type ‘physx::PxSphereGeometry’ is conditionally-supported [-Winvalid-offsetof]
   93 | PX_COMPILE_TIME_ASSERT(PX_OFFSET_OF(physx::PxCapsuleGeometry, radius) == PX_OFFSET_OF(physx::PxSphereGeometry, radius));
/public/home/tangwsh/PhysX/physx/include/foundation/PxPreprocessor.h:430:51: note: in definition of macro ‘PX_COMPILE_TIME_ASSERT’
  430 | #define PX_COMPILE_TIME_ASSERT(exp) static_assert(exp, "")
      |                                                   ^~~
/public/home/tangwsh/PhysX/physx/source/geomutils/src/GuGeometryChecks.h:93:74: note: in expansion of macro ‘PX_OFFSET_OF’
   93 | PX_COMPILE_TIME_ASSERT(PX_OFFSET_OF(physx::PxCapsuleGeometry, radius) == PX_OFFSET_OF(physx::PxSphereGeometry, radius));
      |                                                                          ^~~~~~~~~~~~
In file included from /public/home/tangwsh/PhysX/physx/source/simulationcontroller/src/ScElementSim.h:38,
                 from /public/home/tangwsh/PhysX/physx/source/simulationcontroller/src/ScShapeSimBase.h:30,
                 from /public/home/tangwsh/PhysX/physx/source/simulationcontroller/src/ScGpuActorSim.h:33,
                 from /public/home/tangwsh/PhysX/physx/source/simulationcontroller/src/ScDeformableSurfaceSim.h:35,
                 from /public/home/tangwsh/PhysX/physx/source/simulationcontroller/src/ScDeformableSurfaceCore.cpp:36:
/public/home/tangwsh/PhysX/physx/source/simulationcontroller/include/ScScene.h:222:15: warning: ‘physx::Sc::Scene’ has a field ‘physx::Sc::Scene::mOverlapFilterTaskHead’ whose type uses the anonymous namespace [-Wsubobject-linkage]
  222 |         class Scene : public PxUserAllocated
      |               ^~~~~
/public/home/tangwsh/PhysX/physx/source/simulationcontroller/include/ScScene.h:222:15: warning: ‘physx::Sc::Scene’ has a field ‘physx::Sc::Scene::mOverlapCreatedTaskHead’ whose type uses the anonymous namespace [-Wsubobject-linkage]
/public/home/tangwsh/PhysX/physx/source/simulationcontroller/include/ScScene.h:222:15: warning: ‘physx::Sc::Scene’ has a field ‘physx::Sc::Scene::mIslandInsertionTaskHead’ whose type uses the anonymous namespace [-Wsubobject-linkage]
[ 37%] Building CXX object CMakeFiles/SimulationController.dir/public/home/tangwsh/PhysX/physx/source/simulationcontroller/src/ScDeformableSurfaceSim.cpp.o
In file included from /public/home/tangwsh/PhysX/physx/source/simulationcontroller/src/ScDeformableSurfaceSim.cpp:27:
/public/home/tangwsh/PhysX/physx/source/geomutils/src/GuGeometryChecks.h:93:37: warning: ‘offsetof’ within non-standard-layout type ‘physx::PxCapsuleGeometry’ is conditionally-supported [-Winvalid-offsetof]
   93 | PX_COMPILE_TIME_ASSERT(PX_OFFSET_OF(physx::PxCapsuleGeometry, radius) == PX_OFFSET_OF(physx::PxSphereGeometry, radius));
/public/home/tangwsh/PhysX/physx/include/foundation/PxPreprocessor.h:430:51: note: in definition of macro ‘PX_COMPILE_TIME_ASSERT’
  430 | #define PX_COMPILE_TIME_ASSERT(exp) static_assert(exp, "")
      |                                                   ^~~
/public/home/tangwsh/PhysX/physx/source/geomutils/src/GuGeometryChecks.h:93:24: note: in expansion of macro ‘PX_OFFSET_OF’
   93 | PX_COMPILE_TIME_ASSERT(PX_OFFSET_OF(physx::PxCapsuleGeometry, radius) == PX_OFFSET_OF(physx::PxSphereGeometry, radius));
      |                        ^~~~~~~~~~~~
/public/home/tangwsh/PhysX/physx/source/geomutils/src/GuGeometryChecks.h:93:87: warning: ‘offsetof’ within non-standard-layout type ‘physx::PxSphereGeometry’ is conditionally-supported [-Winvalid-offsetof]
   93 | PX_COMPILE_TIME_ASSERT(PX_OFFSET_OF(physx::PxCapsuleGeometry, radius) == PX_OFFSET_OF(physx::PxSphereGeometry, radius));
/public/home/tangwsh/PhysX/physx/include/foundation/PxPreprocessor.h:430:51: note: in definition of macro ‘PX_COMPILE_TIME_ASSERT’
  430 | #define PX_COMPILE_TIME_ASSERT(exp) static_assert(exp, "")
      |                                                   ^~~
/public/home/tangwsh/PhysX/physx/source/geomutils/src/GuGeometryChecks.h:93:74: note: in expansion of macro ‘PX_OFFSET_OF’
   93 | PX_COMPILE_TIME_ASSERT(PX_OFFSET_OF(physx::PxCapsuleGeometry, radius) == PX_OFFSET_OF(physx::PxSphereGeometry, radius));
      |                                                                          ^~~~~~~~~~~~
In file included from /public/home/tangwsh/PhysX/physx/source/simulationcontroller/src/ScElementSim.h:38,
                 from /public/home/tangwsh/PhysX/physx/source/simulationcontroller/src/ScShapeSimBase.h:30,
                 from /public/home/tangwsh/PhysX/physx/source/simulationcontroller/src/ScGpuActorSim.h:33,
                 from /public/home/tangwsh/PhysX/physx/source/simulationcontroller/src/ScDeformableSurfaceSim.h:35,
                 from /public/home/tangwsh/PhysX/physx/source/simulationcontroller/src/ScDeformableSurfaceSim.cpp:31:
/public/home/tangwsh/PhysX/physx/source/simulationcontroller/include/ScScene.h:222:15: warning: ‘physx::Sc::Scene’ has a field ‘physx::Sc::Scene::mOverlapFilterTaskHead’ whose type uses the anonymous namespace [-Wsubobject-linkage]
  222 |         class Scene : public PxUserAllocated
      |               ^~~~~
/public/home/tangwsh/PhysX/physx/source/simulationcontroller/include/ScScene.h:222:15: warning: ‘physx::Sc::Scene’ has a field ‘physx::Sc::Scene::mOverlapCreatedTaskHead’ whose type uses the anonymous namespace [-Wsubobject-linkage]
/public/home/tangwsh/PhysX/physx/source/simulationcontroller/include/ScScene.h:222:15: warning: ‘physx::Sc::Scene’ has a field ‘physx::Sc::Scene::mIslandInsertionTaskHead’ whose type uses the anonymous namespace [-Wsubobject-linkage]
[ 38%] Building CXX object CMakeFiles/SimulationController.dir/public/home/tangwsh/PhysX/physx/source/simulationcontroller/src/ScDeformableVolumeCore.cpp.o
In file included from /public/home/tangwsh/PhysX/physx/source/simulationcontroller/src/ScDeformableVolumeCore.cpp:29:
/public/home/tangwsh/PhysX/physx/source/geomutils/src/GuGeometryChecks.h:93:37: warning: ‘offsetof’ within non-standard-layout type ‘physx::PxCapsuleGeometry’ is conditionally-supported [-Winvalid-offsetof]
   93 | PX_COMPILE_TIME_ASSERT(PX_OFFSET_OF(physx::PxCapsuleGeometry, radius) == PX_OFFSET_OF(physx::PxSphereGeometry, radius));
/public/home/tangwsh/PhysX/physx/include/foundation/PxPreprocessor.h:430:51: note: in definition of macro ‘PX_COMPILE_TIME_ASSERT’
  430 | #define PX_COMPILE_TIME_ASSERT(exp) static_assert(exp, "")
      |                                                   ^~~
/public/home/tangwsh/PhysX/physx/source/geomutils/src/GuGeometryChecks.h:93:24: note: in expansion of macro ‘PX_OFFSET_OF’
   93 | PX_COMPILE_TIME_ASSERT(PX_OFFSET_OF(physx::PxCapsuleGeometry, radius) == PX_OFFSET_OF(physx::PxSphereGeometry, radius));
      |                        ^~~~~~~~~~~~
/public/home/tangwsh/PhysX/physx/source/geomutils/src/GuGeometryChecks.h:93:87: warning: ‘offsetof’ within non-standard-layout type ‘physx::PxSphereGeometry’ is conditionally-supported [-Winvalid-offsetof]
   93 | PX_COMPILE_TIME_ASSERT(PX_OFFSET_OF(physx::PxCapsuleGeometry, radius) == PX_OFFSET_OF(physx::PxSphereGeometry, radius));
/public/home/tangwsh/PhysX/physx/include/foundation/PxPreprocessor.h:430:51: note: in definition of macro ‘PX_COMPILE_TIME_ASSERT’
  430 | #define PX_COMPILE_TIME_ASSERT(exp) static_assert(exp, "")
      |                                                   ^~~
/public/home/tangwsh/PhysX/physx/source/geomutils/src/GuGeometryChecks.h:93:74: note: in expansion of macro ‘PX_OFFSET_OF’
   93 | PX_COMPILE_TIME_ASSERT(PX_OFFSET_OF(physx::PxCapsuleGeometry, radius) == PX_OFFSET_OF(physx::PxSphereGeometry, radius));
      |                                                                          ^~~~~~~~~~~~
In file included from /public/home/tangwsh/PhysX/physx/source/simulationcontroller/src/ScElementSim.h:38,
                 from /public/home/tangwsh/PhysX/physx/source/simulationcontroller/src/ScShapeSimBase.h:30,
                 from /public/home/tangwsh/PhysX/physx/source/simulationcontroller/src/ScGpuActorSim.h:33,
                 from /public/home/tangwsh/PhysX/physx/source/simulationcontroller/src/ScDeformableVolumeSim.h:35,
                 from /public/home/tangwsh/PhysX/physx/source/simulationcontroller/src/ScDeformableVolumeCore.cpp:37:
/public/home/tangwsh/PhysX/physx/source/simulationcontroller/include/ScScene.h:222:15: warning: ‘physx::Sc::Scene’ has a field ‘physx::Sc::Scene::mOverlapFilterTaskHead’ whose type uses the anonymous namespace [-Wsubobject-linkage]
  222 |         class Scene : public PxUserAllocated
      |               ^~~~~
/public/home/tangwsh/PhysX/physx/source/simulationcontroller/include/ScScene.h:222:15: warning: ‘physx::Sc::Scene’ has a field ‘physx::Sc::Scene::mOverlapCreatedTaskHead’ whose type uses the anonymous namespace [-Wsubobject-linkage]
/public/home/tangwsh/PhysX/physx/source/simulationcontroller/include/ScScene.h:222:15: warning: ‘physx::Sc::Scene’ has a field ‘physx::Sc::Scene::mIslandInsertionTaskHead’ whose type uses the anonymous namespace [-Wsubobject-linkage]
[ 38%] Building CXX object CMakeFiles/SimulationController.dir/public/home/tangwsh/PhysX/physx/source/simulationcontroller/src/ScDeformableVolumeSim.cpp.o
In file included from /public/home/tangwsh/PhysX/physx/source/simulationcontroller/src/ScDeformableVolumeSim.cpp:27:
/public/home/tangwsh/PhysX/physx/source/geomutils/src/GuGeometryChecks.h:93:37: warning: ‘offsetof’ within non-standard-layout type ‘physx::PxCapsuleGeometry’ is conditionally-supported [-Winvalid-offsetof]
   93 | PX_COMPILE_TIME_ASSERT(PX_OFFSET_OF(physx::PxCapsuleGeometry, radius) == PX_OFFSET_OF(physx::PxSphereGeometry, radius));
/public/home/tangwsh/PhysX/physx/include/foundation/PxPreprocessor.h:430:51: note: in definition of macro ‘PX_COMPILE_TIME_ASSERT’
  430 | #define PX_COMPILE_TIME_ASSERT(exp) static_assert(exp, "")
      |                                                   ^~~
/public/home/tangwsh/PhysX/physx/source/geomutils/src/GuGeometryChecks.h:93:24: note: in expansion of macro ‘PX_OFFSET_OF’
   93 | PX_COMPILE_TIME_ASSERT(PX_OFFSET_OF(physx::PxCapsuleGeometry, radius) == PX_OFFSET_OF(physx::PxSphereGeometry, radius));
      |                        ^~~~~~~~~~~~
/public/home/tangwsh/PhysX/physx/source/geomutils/src/GuGeometryChecks.h:93:87: warning: ‘offsetof’ within non-standard-layout type ‘physx::PxSphereGeometry’ is conditionally-supported [-Winvalid-offsetof]
   93 | PX_COMPILE_TIME_ASSERT(PX_OFFSET_OF(physx::PxCapsuleGeometry, radius) == PX_OFFSET_OF(physx::PxSphereGeometry, radius));
/public/home/tangwsh/PhysX/physx/include/foundation/PxPreprocessor.h:430:51: note: in definition of macro ‘PX_COMPILE_TIME_ASSERT’
  430 | #define PX_COMPILE_TIME_ASSERT(exp) static_assert(exp, "")
      |                                                   ^~~
/public/home/tangwsh/PhysX/physx/source/geomutils/src/GuGeometryChecks.h:93:74: note: in expansion of macro ‘PX_OFFSET_OF’
   93 | PX_COMPILE_TIME_ASSERT(PX_OFFSET_OF(physx::PxCapsuleGeometry, radius) == PX_OFFSET_OF(physx::PxSphereGeometry, radius));
      |                                                                          ^~~~~~~~~~~~
In file included from /public/home/tangwsh/PhysX/physx/source/simulationcontroller/src/ScElementSim.h:38,
                 from /public/home/tangwsh/PhysX/physx/source/simulationcontroller/src/ScShapeSimBase.h:30,
                 from /public/home/tangwsh/PhysX/physx/source/simulationcontroller/src/ScGpuActorSim.h:33,
                 from /public/home/tangwsh/PhysX/physx/source/simulationcontroller/src/ScDeformableVolumeSim.h:35,
                 from /public/home/tangwsh/PhysX/physx/source/simulationcontroller/src/ScDeformableVolumeSim.cpp:31:
/public/home/tangwsh/PhysX/physx/source/simulationcontroller/include/ScScene.h:222:15: warning: ‘physx::Sc::Scene’ has a field ‘physx::Sc::Scene::mOverlapFilterTaskHead’ whose type uses the anonymous namespace [-Wsubobject-linkage]
  222 |         class Scene : public PxUserAllocated
      |               ^~~~~
/public/home/tangwsh/PhysX/physx/source/simulationcontroller/include/ScScene.h:222:15: warning: ‘physx::Sc::Scene’ has a field ‘physx::Sc::Scene::mOverlapCreatedTaskHead’ whose type uses the anonymous namespace [-Wsubobject-linkage]
/public/home/tangwsh/PhysX/physx/source/simulationcontroller/include/ScScene.h:222:15: warning: ‘physx::Sc::Scene’ has a field ‘physx::Sc::Scene::mIslandInsertionTaskHead’ whose type uses the anonymous namespace [-Wsubobject-linkage]
[ 38%] Building CXX object CMakeFiles/SimulationController.dir/public/home/tangwsh/PhysX/physx/source/simulationcontroller/src/ScElementInteractionMarker.cpp.o
In file included from /public/home/tangwsh/PhysX/physx/include/foundation/PxFoundationConfig.h:32,
                 from /public/home/tangwsh/PhysX/physx/include/foundation/PxAllocatorCallback.h:33,
                 from /public/home/tangwsh/PhysX/physx/include/foundation/PxAllocator.h:32,
                 from /public/home/tangwsh/PhysX/physx/include/foundation/PxUserAllocated.h:32,
                 from /public/home/tangwsh/PhysX/physx/source/simulationcontroller/src/ScActorSim.h:32,
                 from /public/home/tangwsh/PhysX/physx/source/simulationcontroller/src/ScInteraction.h:33,
                 from /public/home/tangwsh/PhysX/physx/source/simulationcontroller/src/ScElementSimInteraction.h:32,
                 from /public/home/tangwsh/PhysX/physx/source/simulationcontroller/src/ScElementInteractionMarker.h:32,
                 from /public/home/tangwsh/PhysX/physx/source/simulationcontroller/src/ScElementInteractionMarker.cpp:29:
/public/home/tangwsh/PhysX/physx/source/geomutils/src/GuGeometryChecks.h:93:37: warning: ‘offsetof’ within non-standard-layout type ‘physx::PxCapsuleGeometry’ is conditionally-supported [-Winvalid-offsetof]
   93 | PX_COMPILE_TIME_ASSERT(PX_OFFSET_OF(physx::PxCapsuleGeometry, radius) == PX_OFFSET_OF(physx::PxSphereGeometry, radius));
/public/home/tangwsh/PhysX/physx/include/foundation/PxPreprocessor.h:430:51: note: in definition of macro ‘PX_COMPILE_TIME_ASSERT’
  430 | #define PX_COMPILE_TIME_ASSERT(exp) static_assert(exp, "")
      |                                                   ^~~
/public/home/tangwsh/PhysX/physx/source/geomutils/src/GuGeometryChecks.h:93:24: note: in expansion of macro ‘PX_OFFSET_OF’
   93 | PX_COMPILE_TIME_ASSERT(PX_OFFSET_OF(physx::PxCapsuleGeometry, radius) == PX_OFFSET_OF(physx::PxSphereGeometry, radius));
      |                        ^~~~~~~~~~~~
/public/home/tangwsh/PhysX/physx/source/geomutils/src/GuGeometryChecks.h:93:87: warning: ‘offsetof’ within non-standard-layout type ‘physx::PxSphereGeometry’ is conditionally-supported [-Winvalid-offsetof]
   93 | PX_COMPILE_TIME_ASSERT(PX_OFFSET_OF(physx::PxCapsuleGeometry, radius) == PX_OFFSET_OF(physx::PxSphereGeometry, radius));
/public/home/tangwsh/PhysX/physx/include/foundation/PxPreprocessor.h:430:51: note: in definition of macro ‘PX_COMPILE_TIME_ASSERT’
  430 | #define PX_COMPILE_TIME_ASSERT(exp) static_assert(exp, "")
      |                                                   ^~~
/public/home/tangwsh/PhysX/physx/source/geomutils/src/GuGeometryChecks.h:93:74: note: in expansion of macro ‘PX_OFFSET_OF’
   93 | PX_COMPILE_TIME_ASSERT(PX_OFFSET_OF(physx::PxCapsuleGeometry, radius) == PX_OFFSET_OF(physx::PxSphereGeometry, radius));
      |                                                                          ^~~~~~~~~~~~
In file included from /public/home/tangwsh/PhysX/physx/source/simulationcontroller/src/ScElementSim.h:38,
                 from /public/home/tangwsh/PhysX/physx/source/simulationcontroller/src/ScElementSimInteraction.h:33,
                 from /public/home/tangwsh/PhysX/physx/source/simulationcontroller/src/ScElementInteractionMarker.h:32,
                 from /public/home/tangwsh/PhysX/physx/source/simulationcontroller/src/ScElementInteractionMarker.cpp:29:
/public/home/tangwsh/PhysX/physx/source/simulationcontroller/include/ScScene.h:222:15: warning: ‘physx::Sc::Scene’ has a field ‘physx::Sc::Scene::mOverlapFilterTaskHead’ whose type uses the anonymous namespace [-Wsubobject-linkage]
  222 |         class Scene : public PxUserAllocated
      |               ^~~~~
/public/home/tangwsh/PhysX/physx/source/simulationcontroller/include/ScScene.h:222:15: warning: ‘physx::Sc::Scene’ has a field ‘physx::Sc::Scene::mOverlapCreatedTaskHead’ whose type uses the anonymous namespace [-Wsubobject-linkage]
/public/home/tangwsh/PhysX/physx/source/simulationcontroller/include/ScScene.h:222:15: warning: ‘physx::Sc::Scene’ has a field ‘physx::Sc::Scene::mIslandInsertionTaskHead’ whose type uses the anonymous namespace [-Wsubobject-linkage]
[ 39%] Building CXX object CMakeFiles/SimulationController.dir/public/home/tangwsh/PhysX/physx/source/simulationcontroller/src/ScElementSim.cpp.o
In file included from /public/home/tangwsh/PhysX/physx/include/foundation/PxSimpleTypes.h:36,
                 from /public/home/tangwsh/PhysX/physx/include/common/PxPhysXCommonConfig.h:32,
                 from /public/home/tangwsh/PhysX/physx/include/PxPhysXConfig.h:35,
                 from /public/home/tangwsh/PhysX/physx/include/PxFiltering.h:32,
                 from /public/home/tangwsh/PhysX/physx/source/simulationcontroller/src/ScElementSim.h:32,
                 from /public/home/tangwsh/PhysX/physx/source/simulationcontroller/src/ScElementSim.cpp:29:
/public/home/tangwsh/PhysX/physx/source/geomutils/src/GuGeometryChecks.h:93:37: warning: ‘offsetof’ within non-standard-layout type ‘physx::PxCapsuleGeometry’ is conditionally-supported [-Winvalid-offsetof]
   93 | PX_COMPILE_TIME_ASSERT(PX_OFFSET_OF(physx::PxCapsuleGeometry, radius) == PX_OFFSET_OF(physx::PxSphereGeometry, radius));
/public/home/tangwsh/PhysX/physx/include/foundation/PxPreprocessor.h:430:51: note: in definition of macro ‘PX_COMPILE_TIME_ASSERT’
  430 | #define PX_COMPILE_TIME_ASSERT(exp) static_assert(exp, "")
      |                                                   ^~~
/public/home/tangwsh/PhysX/physx/source/geomutils/src/GuGeometryChecks.h:93:24: note: in expansion of macro ‘PX_OFFSET_OF’
   93 | PX_COMPILE_TIME_ASSERT(PX_OFFSET_OF(physx::PxCapsuleGeometry, radius) == PX_OFFSET_OF(physx::PxSphereGeometry, radius));
      |                        ^~~~~~~~~~~~
/public/home/tangwsh/PhysX/physx/source/geomutils/src/GuGeometryChecks.h:93:87: warning: ‘offsetof’ within non-standard-layout type ‘physx::PxSphereGeometry’ is conditionally-supported [-Winvalid-offsetof]
   93 | PX_COMPILE_TIME_ASSERT(PX_OFFSET_OF(physx::PxCapsuleGeometry, radius) == PX_OFFSET_OF(physx::PxSphereGeometry, radius));
/public/home/tangwsh/PhysX/physx/include/foundation/PxPreprocessor.h:430:51: note: in definition of macro ‘PX_COMPILE_TIME_ASSERT’
  430 | #define PX_COMPILE_TIME_ASSERT(exp) static_assert(exp, "")
      |                                                   ^~~
/public/home/tangwsh/PhysX/physx/source/geomutils/src/GuGeometryChecks.h:93:74: note: in expansion of macro ‘PX_OFFSET_OF’
   93 | PX_COMPILE_TIME_ASSERT(PX_OFFSET_OF(physx::PxCapsuleGeometry, radius) == PX_OFFSET_OF(physx::PxSphereGeometry, radius));
      |                                                                          ^~~~~~~~~~~~
In file included from /public/home/tangwsh/PhysX/physx/source/simulationcontroller/src/ScElementSim.h:38,
                 from /public/home/tangwsh/PhysX/physx/source/simulationcontroller/src/ScElementSim.cpp:29:
/public/home/tangwsh/PhysX/physx/source/simulationcontroller/include/ScScene.h:222:15: warning: ‘physx::Sc::Scene’ has a field ‘physx::Sc::Scene::mOverlapFilterTaskHead’ whose type uses the anonymous namespace [-Wsubobject-linkage]
  222 |         class Scene : public PxUserAllocated
      |               ^~~~~
/public/home/tangwsh/PhysX/physx/source/simulationcontroller/include/ScScene.h:222:15: warning: ‘physx::Sc::Scene’ has a field ‘physx::Sc::Scene::mOverlapCreatedTaskHead’ whose type uses the anonymous namespace [-Wsubobject-linkage]
/public/home/tangwsh/PhysX/physx/source/simulationcontroller/include/ScScene.h:222:15: warning: ‘physx::Sc::Scene’ has a field ‘physx::Sc::Scene::mIslandInsertionTaskHead’ whose type uses the anonymous namespace [-Wsubobject-linkage]
[ 39%] Building CXX object CMakeFiles/SimulationController.dir/public/home/tangwsh/PhysX/physx/source/simulationcontroller/src/ScFiltering.cpp.o
In file included from /public/home/tangwsh/PhysX/physx/include/foundation/PxSimpleTypes.h:36,
                 from /public/home/tangwsh/PhysX/physx/include/common/PxPhysXCommonConfig.h:32,
                 from /public/home/tangwsh/PhysX/physx/include/PxPhysXConfig.h:35,
                 from /public/home/tangwsh/PhysX/physx/include/PxFiltering.h:32,
                 from /public/home/tangwsh/PhysX/physx/source/simulationcontroller/src/ScFiltering.h:32,
                 from /public/home/tangwsh/PhysX/physx/source/simulationcontroller/src/ScFiltering.cpp:29:
/public/home/tangwsh/PhysX/physx/source/geomutils/src/GuGeometryChecks.h:93:37: warning: ‘offsetof’ within non-standard-layout type ‘physx::PxCapsuleGeometry’ is conditionally-supported [-Winvalid-offsetof]
   93 | PX_COMPILE_TIME_ASSERT(PX_OFFSET_OF(physx::PxCapsuleGeometry, radius) == PX_OFFSET_OF(physx::PxSphereGeometry, radius));
/public/home/tangwsh/PhysX/physx/include/foundation/PxPreprocessor.h:430:51: note: in definition of macro ‘PX_COMPILE_TIME_ASSERT’
  430 | #define PX_COMPILE_TIME_ASSERT(exp) static_assert(exp, "")
      |                                                   ^~~
/public/home/tangwsh/PhysX/physx/source/geomutils/src/GuGeometryChecks.h:93:24: note: in expansion of macro ‘PX_OFFSET_OF’
   93 | PX_COMPILE_TIME_ASSERT(PX_OFFSET_OF(physx::PxCapsuleGeometry, radius) == PX_OFFSET_OF(physx::PxSphereGeometry, radius));
      |                        ^~~~~~~~~~~~
/public/home/tangwsh/PhysX/physx/source/geomutils/src/GuGeometryChecks.h:93:87: warning: ‘offsetof’ within non-standard-layout type ‘physx::PxSphereGeometry’ is conditionally-supported [-Winvalid-offsetof]
   93 | PX_COMPILE_TIME_ASSERT(PX_OFFSET_OF(physx::PxCapsuleGeometry, radius) == PX_OFFSET_OF(physx::PxSphereGeometry, radius));
/public/home/tangwsh/PhysX/physx/include/foundation/PxPreprocessor.h:430:51: note: in definition of macro ‘PX_COMPILE_TIME_ASSERT’
  430 | #define PX_COMPILE_TIME_ASSERT(exp) static_assert(exp, "")
      |                                                   ^~~
/public/home/tangwsh/PhysX/physx/source/geomutils/src/GuGeometryChecks.h:93:74: note: in expansion of macro ‘PX_OFFSET_OF’
   93 | PX_COMPILE_TIME_ASSERT(PX_OFFSET_OF(physx::PxCapsuleGeometry, radius) == PX_OFFSET_OF(physx::PxSphereGeometry, radius));
      |                                                                          ^~~~~~~~~~~~
In file included from /public/home/tangwsh/PhysX/physx/source/simulationcontroller/src/ScElementSim.h:38,
                 from /public/home/tangwsh/PhysX/physx/source/simulationcontroller/src/ScElementSimInteraction.h:33,
                 from /public/home/tangwsh/PhysX/physx/source/simulationcontroller/src/ScShapeInteraction.h:32,
                 from /public/home/tangwsh/PhysX/physx/source/simulationcontroller/src/ScFiltering.cpp:30:
/public/home/tangwsh/PhysX/physx/source/simulationcontroller/include/ScScene.h:222:15: warning: ‘physx::Sc::Scene’ has a field ‘physx::Sc::Scene::mOverlapFilterTaskHead’ whose type uses the anonymous namespace [-Wsubobject-linkage]
  222 |         class Scene : public PxUserAllocated
      |               ^~~~~
/public/home/tangwsh/PhysX/physx/source/simulationcontroller/include/ScScene.h:222:15: warning: ‘physx::Sc::Scene’ has a field ‘physx::Sc::Scene::mOverlapCreatedTaskHead’ whose type uses the anonymous namespace [-Wsubobject-linkage]
/public/home/tangwsh/PhysX/physx/source/simulationcontroller/include/ScScene.h:222:15: warning: ‘physx::Sc::Scene’ has a field ‘physx::Sc::Scene::mIslandInsertionTaskHead’ whose type uses the anonymous namespace [-Wsubobject-linkage]
[ 40%] Building CXX object CMakeFiles/SimulationController.dir/public/home/tangwsh/PhysX/physx/source/simulationcontroller/src/ScGpuActorSim.cpp.o
In file included from /public/home/tangwsh/PhysX/physx/include/foundation/PxFoundationConfig.h:32,
                 from /public/home/tangwsh/PhysX/physx/include/foundation/PxAllocatorCallback.h:33,
                 from /public/home/tangwsh/PhysX/physx/include/foundation/PxAllocator.h:32,
                 from /public/home/tangwsh/PhysX/physx/include/foundation/PxUserAllocated.h:32,
                 from /public/home/tangwsh/PhysX/physx/source/simulationcontroller/src/ScActorSim.h:32,
                 from /public/home/tangwsh/PhysX/physx/source/simulationcontroller/src/ScGpuActorSim.h:32,
                 from /public/home/tangwsh/PhysX/physx/source/simulationcontroller/src/ScGpuActorSim.cpp:29:
/public/home/tangwsh/PhysX/physx/source/geomutils/src/GuGeometryChecks.h:93:37: warning: ‘offsetof’ within non-standard-layout type ‘physx::PxCapsuleGeometry’ is conditionally-supported [-Winvalid-offsetof]
   93 | PX_COMPILE_TIME_ASSERT(PX_OFFSET_OF(physx::PxCapsuleGeometry, radius) == PX_OFFSET_OF(physx::PxSphereGeometry, radius));
/public/home/tangwsh/PhysX/physx/include/foundation/PxPreprocessor.h:430:51: note: in definition of macro ‘PX_COMPILE_TIME_ASSERT’
  430 | #define PX_COMPILE_TIME_ASSERT(exp) static_assert(exp, "")
      |                                                   ^~~
/public/home/tangwsh/PhysX/physx/source/geomutils/src/GuGeometryChecks.h:93:24: note: in expansion of macro ‘PX_OFFSET_OF’
   93 | PX_COMPILE_TIME_ASSERT(PX_OFFSET_OF(physx::PxCapsuleGeometry, radius) == PX_OFFSET_OF(physx::PxSphereGeometry, radius));
      |                        ^~~~~~~~~~~~
/public/home/tangwsh/PhysX/physx/source/geomutils/src/GuGeometryChecks.h:93:87: warning: ‘offsetof’ within non-standard-layout type ‘physx::PxSphereGeometry’ is conditionally-supported [-Winvalid-offsetof]
   93 | PX_COMPILE_TIME_ASSERT(PX_OFFSET_OF(physx::PxCapsuleGeometry, radius) == PX_OFFSET_OF(physx::PxSphereGeometry, radius));
/public/home/tangwsh/PhysX/physx/include/foundation/PxPreprocessor.h:430:51: note: in definition of macro ‘PX_COMPILE_TIME_ASSERT’
  430 | #define PX_COMPILE_TIME_ASSERT(exp) static_assert(exp, "")
      |                                                   ^~~
/public/home/tangwsh/PhysX/physx/source/geomutils/src/GuGeometryChecks.h:93:74: note: in expansion of macro ‘PX_OFFSET_OF’
   93 | PX_COMPILE_TIME_ASSERT(PX_OFFSET_OF(physx::PxCapsuleGeometry, radius) == PX_OFFSET_OF(physx::PxSphereGeometry, radius));
      |                                                                          ^~~~~~~~~~~~
In file included from /public/home/tangwsh/PhysX/physx/source/simulationcontroller/src/ScElementSim.h:38,
                 from /public/home/tangwsh/PhysX/physx/source/simulationcontroller/src/ScShapeSimBase.h:30,
                 from /public/home/tangwsh/PhysX/physx/source/simulationcontroller/src/ScGpuActorSim.h:33,
                 from /public/home/tangwsh/PhysX/physx/source/simulationcontroller/src/ScGpuActorSim.cpp:29:
/public/home/tangwsh/PhysX/physx/source/simulationcontroller/include/ScScene.h:222:15: warning: ‘physx::Sc::Scene’ has a field ‘physx::Sc::Scene::mOverlapFilterTaskHead’ whose type uses the anonymous namespace [-Wsubobject-linkage]
  222 |         class Scene : public PxUserAllocated
      |               ^~~~~
/public/home/tangwsh/PhysX/physx/source/simulationcontroller/include/ScScene.h:222:15: warning: ‘physx::Sc::Scene’ has a field ‘physx::Sc::Scene::mOverlapCreatedTaskHead’ whose type uses the anonymous namespace [-Wsubobject-linkage]
/public/home/tangwsh/PhysX/physx/source/simulationcontroller/include/ScScene.h:222:15: warning: ‘physx::Sc::Scene’ has a field ‘physx::Sc::Scene::mIslandInsertionTaskHead’ whose type uses the anonymous namespace [-Wsubobject-linkage]
[ 40%] Building CXX object CMakeFiles/SimulationController.dir/public/home/tangwsh/PhysX/physx/source/simulationcontroller/src/ScInteraction.cpp.o
In file included from /public/home/tangwsh/PhysX/physx/include/foundation/PxFoundationConfig.h:32,
                 from /public/home/tangwsh/PhysX/physx/include/foundation/PxAllocatorCallback.h:33,
                 from /public/home/tangwsh/PhysX/physx/include/foundation/PxAllocator.h:32,
                 from /public/home/tangwsh/PhysX/physx/include/foundation/PxUserAllocated.h:32,
                 from /public/home/tangwsh/PhysX/physx/source/simulationcontroller/src/ScActorSim.h:32,
                 from /public/home/tangwsh/PhysX/physx/source/simulationcontroller/src/ScInteraction.h:33,
                 from /public/home/tangwsh/PhysX/physx/source/simulationcontroller/src/ScInteraction.cpp:30:
/public/home/tangwsh/PhysX/physx/source/geomutils/src/GuGeometryChecks.h:93:37: warning: ‘offsetof’ within non-standard-layout type ‘physx::PxCapsuleGeometry’ is conditionally-supported [-Winvalid-offsetof]
   93 | PX_COMPILE_TIME_ASSERT(PX_OFFSET_OF(physx::PxCapsuleGeometry, radius) == PX_OFFSET_OF(physx::PxSphereGeometry, radius));
/public/home/tangwsh/PhysX/physx/include/foundation/PxPreprocessor.h:430:51: note: in definition of macro ‘PX_COMPILE_TIME_ASSERT’
  430 | #define PX_COMPILE_TIME_ASSERT(exp) static_assert(exp, "")
      |                                                   ^~~
/public/home/tangwsh/PhysX/physx/source/geomutils/src/GuGeometryChecks.h:93:24: note: in expansion of macro ‘PX_OFFSET_OF’
   93 | PX_COMPILE_TIME_ASSERT(PX_OFFSET_OF(physx::PxCapsuleGeometry, radius) == PX_OFFSET_OF(physx::PxSphereGeometry, radius));
      |                        ^~~~~~~~~~~~
/public/home/tangwsh/PhysX/physx/source/geomutils/src/GuGeometryChecks.h:93:87: warning: ‘offsetof’ within non-standard-layout type ‘physx::PxSphereGeometry’ is conditionally-supported [-Winvalid-offsetof]
   93 | PX_COMPILE_TIME_ASSERT(PX_OFFSET_OF(physx::PxCapsuleGeometry, radius) == PX_OFFSET_OF(physx::PxSphereGeometry, radius));
/public/home/tangwsh/PhysX/physx/include/foundation/PxPreprocessor.h:430:51: note: in definition of macro ‘PX_COMPILE_TIME_ASSERT’
  430 | #define PX_COMPILE_TIME_ASSERT(exp) static_assert(exp, "")
      |                                                   ^~~
/public/home/tangwsh/PhysX/physx/source/geomutils/src/GuGeometryChecks.h:93:74: note: in expansion of macro ‘PX_OFFSET_OF’
   93 | PX_COMPILE_TIME_ASSERT(PX_OFFSET_OF(physx::PxCapsuleGeometry, radius) == PX_OFFSET_OF(physx::PxSphereGeometry, radius));
      |                                                                          ^~~~~~~~~~~~
In file included from /public/home/tangwsh/PhysX/physx/source/simulationcontroller/src/ScNPhaseCore.h:45,
                 from /public/home/tangwsh/PhysX/physx/source/simulationcontroller/src/ScInteraction.cpp:31:
/public/home/tangwsh/PhysX/physx/source/simulationcontroller/include/ScScene.h:222:15: warning: ‘physx::Sc::Scene’ has a field ‘physx::Sc::Scene::mOverlapFilterTaskHead’ whose type uses the anonymous namespace [-Wsubobject-linkage]
  222 |         class Scene : public PxUserAllocated
      |               ^~~~~
/public/home/tangwsh/PhysX/physx/source/simulationcontroller/include/ScScene.h:222:15: warning: ‘physx::Sc::Scene’ has a field ‘physx::Sc::Scene::mOverlapCreatedTaskHead’ whose type uses the anonymous namespace [-Wsubobject-linkage]
/public/home/tangwsh/PhysX/physx/source/simulationcontroller/include/ScScene.h:222:15: warning: ‘physx::Sc::Scene’ has a field ‘physx::Sc::Scene::mIslandInsertionTaskHead’ whose type uses the anonymous namespace [-Wsubobject-linkage]
[ 40%] Building CXX object CMakeFiles/SimulationController.dir/public/home/tangwsh/PhysX/physx/source/simulationcontroller/src/ScIterators.cpp.o
In file included from /public/home/tangwsh/PhysX/physx/include/foundation/PxMath.h:33,
                 from /public/home/tangwsh/PhysX/physx/include/foundation/PxVec3.h:33,
                 from /public/home/tangwsh/PhysX/physx/source/simulationcontroller/include/ScIterators.h:32,
                 from /public/home/tangwsh/PhysX/physx/source/simulationcontroller/src/ScIterators.cpp:30:
/public/home/tangwsh/PhysX/physx/source/geomutils/src/GuGeometryChecks.h:93:37: warning: ‘offsetof’ within non-standard-layout type ‘physx::PxCapsuleGeometry’ is conditionally-supported [-Winvalid-offsetof]
   93 | PX_COMPILE_TIME_ASSERT(PX_OFFSET_OF(physx::PxCapsuleGeometry, radius) == PX_OFFSET_OF(physx::PxSphereGeometry, radius));
/public/home/tangwsh/PhysX/physx/include/foundation/PxPreprocessor.h:430:51: note: in definition of macro ‘PX_COMPILE_TIME_ASSERT’
  430 | #define PX_COMPILE_TIME_ASSERT(exp) static_assert(exp, "")
      |                                                   ^~~
/public/home/tangwsh/PhysX/physx/source/geomutils/src/GuGeometryChecks.h:93:24: note: in expansion of macro ‘PX_OFFSET_OF’
   93 | PX_COMPILE_TIME_ASSERT(PX_OFFSET_OF(physx::PxCapsuleGeometry, radius) == PX_OFFSET_OF(physx::PxSphereGeometry, radius));
      |                        ^~~~~~~~~~~~
/public/home/tangwsh/PhysX/physx/source/geomutils/src/GuGeometryChecks.h:93:87: warning: ‘offsetof’ within non-standard-layout type ‘physx::PxSphereGeometry’ is conditionally-supported [-Winvalid-offsetof]
   93 | PX_COMPILE_TIME_ASSERT(PX_OFFSET_OF(physx::PxCapsuleGeometry, radius) == PX_OFFSET_OF(physx::PxSphereGeometry, radius));
/public/home/tangwsh/PhysX/physx/include/foundation/PxPreprocessor.h:430:51: note: in definition of macro ‘PX_COMPILE_TIME_ASSERT’
  430 | #define PX_COMPILE_TIME_ASSERT(exp) static_assert(exp, "")
      |                                                   ^~~
/public/home/tangwsh/PhysX/physx/source/geomutils/src/GuGeometryChecks.h:93:74: note: in expansion of macro ‘PX_OFFSET_OF’
   93 | PX_COMPILE_TIME_ASSERT(PX_OFFSET_OF(physx::PxCapsuleGeometry, radius) == PX_OFFSET_OF(physx::PxSphereGeometry, radius));
      |                                                                          ^~~~~~~~~~~~
In file included from /public/home/tangwsh/PhysX/physx/source/simulationcontroller/src/ScElementSim.h:38,
                 from /public/home/tangwsh/PhysX/physx/source/simulationcontroller/src/ScShapeSimBase.h:30,
                 from /public/home/tangwsh/PhysX/physx/source/simulationcontroller/src/ScShapeSim.h:32,
                 from /public/home/tangwsh/PhysX/physx/source/simulationcontroller/src/ScIterators.cpp:32:
/public/home/tangwsh/PhysX/physx/source/simulationcontroller/include/ScScene.h:222:15: warning: ‘physx::Sc::Scene’ has a field ‘physx::Sc::Scene::mOverlapFilterTaskHead’ whose type uses the anonymous namespace [-Wsubobject-linkage]
  222 |         class Scene : public PxUserAllocated
      |               ^~~~~
/public/home/tangwsh/PhysX/physx/source/simulationcontroller/include/ScScene.h:222:15: warning: ‘physx::Sc::Scene’ has a field ‘physx::Sc::Scene::mOverlapCreatedTaskHead’ whose type uses the anonymous namespace [-Wsubobject-linkage]
/public/home/tangwsh/PhysX/physx/source/simulationcontroller/include/ScScene.h:222:15: warning: ‘physx::Sc::Scene’ has a field ‘physx::Sc::Scene::mIslandInsertionTaskHead’ whose type uses the anonymous namespace [-Wsubobject-linkage]
[ 41%] Building CXX object CMakeFiles/SimulationController.dir/public/home/tangwsh/PhysX/physx/source/simulationcontroller/src/ScKinematics.cpp.o
In file included from /public/home/tangwsh/PhysX/physx/include/foundation/PxSimpleTypes.h:36,
                 from /public/home/tangwsh/PhysX/physx/include/foundation/PxProfiler.h:30,
                 from /public/home/tangwsh/PhysX/physx/include/common/PxProfileZone.h:30,
                 from /public/home/tangwsh/PhysX/physx/source/simulationcontroller/src/ScKinematics.cpp:29:
/public/home/tangwsh/PhysX/physx/source/geomutils/src/GuGeometryChecks.h:93:37: warning: ‘offsetof’ within non-standard-layout type ‘physx::PxCapsuleGeometry’ is conditionally-supported [-Winvalid-offsetof]
   93 | PX_COMPILE_TIME_ASSERT(PX_OFFSET_OF(physx::PxCapsuleGeometry, radius) == PX_OFFSET_OF(physx::PxSphereGeometry, radius));
/public/home/tangwsh/PhysX/physx/include/foundation/PxPreprocessor.h:430:51: note: in definition of macro ‘PX_COMPILE_TIME_ASSERT’
  430 | #define PX_COMPILE_TIME_ASSERT(exp) static_assert(exp, "")
      |                                                   ^~~
/public/home/tangwsh/PhysX/physx/source/geomutils/src/GuGeometryChecks.h:93:24: note: in expansion of macro ‘PX_OFFSET_OF’
   93 | PX_COMPILE_TIME_ASSERT(PX_OFFSET_OF(physx::PxCapsuleGeometry, radius) == PX_OFFSET_OF(physx::PxSphereGeometry, radius));
      |                        ^~~~~~~~~~~~
/public/home/tangwsh/PhysX/physx/source/geomutils/src/GuGeometryChecks.h:93:87: warning: ‘offsetof’ within non-standard-layout type ‘physx::PxSphereGeometry’ is conditionally-supported [-Winvalid-offsetof]
   93 | PX_COMPILE_TIME_ASSERT(PX_OFFSET_OF(physx::PxCapsuleGeometry, radius) == PX_OFFSET_OF(physx::PxSphereGeometry, radius));
/public/home/tangwsh/PhysX/physx/include/foundation/PxPreprocessor.h:430:51: note: in definition of macro ‘PX_COMPILE_TIME_ASSERT’
  430 | #define PX_COMPILE_TIME_ASSERT(exp) static_assert(exp, "")
      |                                                   ^~~
/public/home/tangwsh/PhysX/physx/source/geomutils/src/GuGeometryChecks.h:93:74: note: in expansion of macro ‘PX_OFFSET_OF’
   93 | PX_COMPILE_TIME_ASSERT(PX_OFFSET_OF(physx::PxCapsuleGeometry, radius) == PX_OFFSET_OF(physx::PxSphereGeometry, radius));
      |                                                                          ^~~~~~~~~~~~
In file included from /public/home/tangwsh/PhysX/physx/source/simulationcontroller/src/ScKinematics.cpp:30:
/public/home/tangwsh/PhysX/physx/source/simulationcontroller/include/ScScene.h:222:15: warning: ‘physx::Sc::Scene’ has a field ‘physx::Sc::Scene::mOverlapFilterTaskHead’ whose type uses the anonymous namespace [-Wsubobject-linkage]
  222 |         class Scene : public PxUserAllocated
      |               ^~~~~
/public/home/tangwsh/PhysX/physx/source/simulationcontroller/include/ScScene.h:222:15: warning: ‘physx::Sc::Scene’ has a field ‘physx::Sc::Scene::mOverlapCreatedTaskHead’ whose type uses the anonymous namespace [-Wsubobject-linkage]
/public/home/tangwsh/PhysX/physx/source/simulationcontroller/include/ScScene.h:222:15: warning: ‘physx::Sc::Scene’ has a field ‘physx::Sc::Scene::mIslandInsertionTaskHead’ whose type uses the anonymous namespace [-Wsubobject-linkage]
[ 41%] Building CXX object CMakeFiles/SimulationController.dir/public/home/tangwsh/PhysX/physx/source/simulationcontroller/src/ScNPhaseCore.cpp.o
In file included from /public/home/tangwsh/PhysX/physx/include/foundation/PxSimpleTypes.h:36,
                 from /public/home/tangwsh/PhysX/physx/include/common/PxPhysXCommonConfig.h:32,
                 from /public/home/tangwsh/PhysX/physx/include/PxPhysXConfig.h:35,
                 from /public/home/tangwsh/PhysX/physx/include/PxSceneQueryDesc.h:32,
                 from /public/home/tangwsh/PhysX/physx/include/PxSceneDesc.h:32,
                 from /public/home/tangwsh/PhysX/physx/source/simulationcontroller/src/ScNPhaseCore.h:32,
                 from /public/home/tangwsh/PhysX/physx/source/simulationcontroller/src/ScNPhaseCore.cpp:29:
/public/home/tangwsh/PhysX/physx/source/geomutils/src/GuGeometryChecks.h:93:37: warning: ‘offsetof’ within non-standard-layout type ‘physx::PxCapsuleGeometry’ is conditionally-supported [-Winvalid-offsetof]
   93 | PX_COMPILE_TIME_ASSERT(PX_OFFSET_OF(physx::PxCapsuleGeometry, radius) == PX_OFFSET_OF(physx::PxSphereGeometry, radius));
/public/home/tangwsh/PhysX/physx/include/foundation/PxPreprocessor.h:430:51: note: in definition of macro ‘PX_COMPILE_TIME_ASSERT’
  430 | #define PX_COMPILE_TIME_ASSERT(exp) static_assert(exp, "")
      |                                                   ^~~
/public/home/tangwsh/PhysX/physx/source/geomutils/src/GuGeometryChecks.h:93:24: note: in expansion of macro ‘PX_OFFSET_OF’
   93 | PX_COMPILE_TIME_ASSERT(PX_OFFSET_OF(physx::PxCapsuleGeometry, radius) == PX_OFFSET_OF(physx::PxSphereGeometry, radius));
      |                        ^~~~~~~~~~~~
/public/home/tangwsh/PhysX/physx/source/geomutils/src/GuGeometryChecks.h:93:87: warning: ‘offsetof’ within non-standard-layout type ‘physx::PxSphereGeometry’ is conditionally-supported [-Winvalid-offsetof]
   93 | PX_COMPILE_TIME_ASSERT(PX_OFFSET_OF(physx::PxCapsuleGeometry, radius) == PX_OFFSET_OF(physx::PxSphereGeometry, radius));
/public/home/tangwsh/PhysX/physx/include/foundation/PxPreprocessor.h:430:51: note: in definition of macro ‘PX_COMPILE_TIME_ASSERT’
  430 | #define PX_COMPILE_TIME_ASSERT(exp) static_assert(exp, "")
      |                                                   ^~~
/public/home/tangwsh/PhysX/physx/source/geomutils/src/GuGeometryChecks.h:93:74: note: in expansion of macro ‘PX_OFFSET_OF’
   93 | PX_COMPILE_TIME_ASSERT(PX_OFFSET_OF(physx::PxCapsuleGeometry, radius) == PX_OFFSET_OF(physx::PxSphereGeometry, radius));
      |                                                                          ^~~~~~~~~~~~
In file included from /public/home/tangwsh/PhysX/physx/source/simulationcontroller/src/ScNPhaseCore.h:45,
                 from /public/home/tangwsh/PhysX/physx/source/simulationcontroller/src/ScNPhaseCore.cpp:29:
/public/home/tangwsh/PhysX/physx/source/simulationcontroller/include/ScScene.h:222:15: warning: ‘physx::Sc::Scene’ has a field ‘physx::Sc::Scene::mOverlapFilterTaskHead’ whose type uses the anonymous namespace [-Wsubobject-linkage]
  222 |         class Scene : public PxUserAllocated
      |               ^~~~~
/public/home/tangwsh/PhysX/physx/source/simulationcontroller/include/ScScene.h:222:15: warning: ‘physx::Sc::Scene’ has a field ‘physx::Sc::Scene::mOverlapCreatedTaskHead’ whose type uses the anonymous namespace [-Wsubobject-linkage]
/public/home/tangwsh/PhysX/physx/source/simulationcontroller/include/ScScene.h:222:15: warning: ‘physx::Sc::Scene’ has a field ‘physx::Sc::Scene::mIslandInsertionTaskHead’ whose type uses the anonymous namespace [-Wsubobject-linkage]
[ 41%] Building CXX object CMakeFiles/SimulationController.dir/public/home/tangwsh/PhysX/physx/source/simulationcontroller/src/ScParticleSystemCore.cpp.o
In file included from /public/home/tangwsh/PhysX/physx/source/simulationcontroller/src/ScParticleSystemCore.cpp:27:
/public/home/tangwsh/PhysX/physx/source/geomutils/src/GuGeometryChecks.h:93:37: warning: ‘offsetof’ within non-standard-layout type ‘physx::PxCapsuleGeometry’ is conditionally-supported [-Winvalid-offsetof]
   93 | PX_COMPILE_TIME_ASSERT(PX_OFFSET_OF(physx::PxCapsuleGeometry, radius) == PX_OFFSET_OF(physx::PxSphereGeometry, radius));
/public/home/tangwsh/PhysX/physx/include/foundation/PxPreprocessor.h:430:51: note: in definition of macro ‘PX_COMPILE_TIME_ASSERT’
  430 | #define PX_COMPILE_TIME_ASSERT(exp) static_assert(exp, "")
      |                                                   ^~~
/public/home/tangwsh/PhysX/physx/source/geomutils/src/GuGeometryChecks.h:93:24: note: in expansion of macro ‘PX_OFFSET_OF’
   93 | PX_COMPILE_TIME_ASSERT(PX_OFFSET_OF(physx::PxCapsuleGeometry, radius) == PX_OFFSET_OF(physx::PxSphereGeometry, radius));
      |                        ^~~~~~~~~~~~
/public/home/tangwsh/PhysX/physx/source/geomutils/src/GuGeometryChecks.h:93:87: warning: ‘offsetof’ within non-standard-layout type ‘physx::PxSphereGeometry’ is conditionally-supported [-Winvalid-offsetof]
   93 | PX_COMPILE_TIME_ASSERT(PX_OFFSET_OF(physx::PxCapsuleGeometry, radius) == PX_OFFSET_OF(physx::PxSphereGeometry, radius));
/public/home/tangwsh/PhysX/physx/include/foundation/PxPreprocessor.h:430:51: note: in definition of macro ‘PX_COMPILE_TIME_ASSERT’
  430 | #define PX_COMPILE_TIME_ASSERT(exp) static_assert(exp, "")
      |                                                   ^~~
/public/home/tangwsh/PhysX/physx/source/geomutils/src/GuGeometryChecks.h:93:74: note: in expansion of macro ‘PX_OFFSET_OF’
   93 | PX_COMPILE_TIME_ASSERT(PX_OFFSET_OF(physx::PxCapsuleGeometry, radius) == PX_OFFSET_OF(physx::PxSphereGeometry, radius));
      |                                                                          ^~~~~~~~~~~~
In file included from /public/home/tangwsh/PhysX/physx/source/simulationcontroller/src/ScElementSim.h:38,
                 from /public/home/tangwsh/PhysX/physx/source/simulationcontroller/src/ScShapeSimBase.h:30,
                 from /public/home/tangwsh/PhysX/physx/source/simulationcontroller/src/ScGpuActorSim.h:33,
                 from /public/home/tangwsh/PhysX/physx/source/simulationcontroller/src/ScParticleSystemSim.h:33,
                 from /public/home/tangwsh/PhysX/physx/source/simulationcontroller/src/ScParticleSystemCore.cpp:34:
/public/home/tangwsh/PhysX/physx/source/simulationcontroller/include/ScScene.h:222:15: warning: ‘physx::Sc::Scene’ has a field ‘physx::Sc::Scene::mOverlapFilterTaskHead’ whose type uses the anonymous namespace [-Wsubobject-linkage]
  222 |         class Scene : public PxUserAllocated
      |               ^~~~~
/public/home/tangwsh/PhysX/physx/source/simulationcontroller/include/ScScene.h:222:15: warning: ‘physx::Sc::Scene’ has a field ‘physx::Sc::Scene::mOverlapCreatedTaskHead’ whose type uses the anonymous namespace [-Wsubobject-linkage]
/public/home/tangwsh/PhysX/physx/source/simulationcontroller/include/ScScene.h:222:15: warning: ‘physx::Sc::Scene’ has a field ‘physx::Sc::Scene::mIslandInsertionTaskHead’ whose type uses the anonymous namespace [-Wsubobject-linkage]
[ 42%] Building CXX object CMakeFiles/SimulationController.dir/public/home/tangwsh/PhysX/physx/source/simulationcontroller/src/ScParticleSystemShapeCore.cpp.o
In file included from /public/home/tangwsh/PhysX/physx/source/simulationcontroller/src/ScParticleSystemShapeCore.cpp:27:
/public/home/tangwsh/PhysX/physx/source/geomutils/src/GuGeometryChecks.h:93:37: warning: ‘offsetof’ within non-standard-layout type ‘physx::PxCapsuleGeometry’ is conditionally-supported [-Winvalid-offsetof]
   93 | PX_COMPILE_TIME_ASSERT(PX_OFFSET_OF(physx::PxCapsuleGeometry, radius) == PX_OFFSET_OF(physx::PxSphereGeometry, radius));
/public/home/tangwsh/PhysX/physx/include/foundation/PxPreprocessor.h:430:51: note: in definition of macro ‘PX_COMPILE_TIME_ASSERT’
  430 | #define PX_COMPILE_TIME_ASSERT(exp) static_assert(exp, "")
      |                                                   ^~~
/public/home/tangwsh/PhysX/physx/source/geomutils/src/GuGeometryChecks.h:93:24: note: in expansion of macro ‘PX_OFFSET_OF’
   93 | PX_COMPILE_TIME_ASSERT(PX_OFFSET_OF(physx::PxCapsuleGeometry, radius) == PX_OFFSET_OF(physx::PxSphereGeometry, radius));
      |                        ^~~~~~~~~~~~
/public/home/tangwsh/PhysX/physx/source/geomutils/src/GuGeometryChecks.h:93:87: warning: ‘offsetof’ within non-standard-layout type ‘physx::PxSphereGeometry’ is conditionally-supported [-Winvalid-offsetof]
   93 | PX_COMPILE_TIME_ASSERT(PX_OFFSET_OF(physx::PxCapsuleGeometry, radius) == PX_OFFSET_OF(physx::PxSphereGeometry, radius));
/public/home/tangwsh/PhysX/physx/include/foundation/PxPreprocessor.h:430:51: note: in definition of macro ‘PX_COMPILE_TIME_ASSERT’
  430 | #define PX_COMPILE_TIME_ASSERT(exp) static_assert(exp, "")
      |                                                   ^~~
/public/home/tangwsh/PhysX/physx/source/geomutils/src/GuGeometryChecks.h:93:74: note: in expansion of macro ‘PX_OFFSET_OF’
   93 | PX_COMPILE_TIME_ASSERT(PX_OFFSET_OF(physx::PxCapsuleGeometry, radius) == PX_OFFSET_OF(physx::PxSphereGeometry, radius));
      |                                                                          ^~~~~~~~~~~~
[ 42%] Building CXX object CMakeFiles/SimulationController.dir/public/home/tangwsh/PhysX/physx/source/simulationcontroller/src/ScParticleSystemSim.cpp.o
In file included from /public/home/tangwsh/PhysX/physx/source/simulationcontroller/src/ScParticleSystemSim.cpp:27:
/public/home/tangwsh/PhysX/physx/source/geomutils/src/GuGeometryChecks.h:93:37: warning: ‘offsetof’ within non-standard-layout type ‘physx::PxCapsuleGeometry’ is conditionally-supported [-Winvalid-offsetof]
   93 | PX_COMPILE_TIME_ASSERT(PX_OFFSET_OF(physx::PxCapsuleGeometry, radius) == PX_OFFSET_OF(physx::PxSphereGeometry, radius));
/public/home/tangwsh/PhysX/physx/include/foundation/PxPreprocessor.h:430:51: note: in definition of macro ‘PX_COMPILE_TIME_ASSERT’
  430 | #define PX_COMPILE_TIME_ASSERT(exp) static_assert(exp, "")
      |                                                   ^~~
/public/home/tangwsh/PhysX/physx/source/geomutils/src/GuGeometryChecks.h:93:24: note: in expansion of macro ‘PX_OFFSET_OF’
   93 | PX_COMPILE_TIME_ASSERT(PX_OFFSET_OF(physx::PxCapsuleGeometry, radius) == PX_OFFSET_OF(physx::PxSphereGeometry, radius));
      |                        ^~~~~~~~~~~~
/public/home/tangwsh/PhysX/physx/source/geomutils/src/GuGeometryChecks.h:93:87: warning: ‘offsetof’ within non-standard-layout type ‘physx::PxSphereGeometry’ is conditionally-supported [-Winvalid-offsetof]
   93 | PX_COMPILE_TIME_ASSERT(PX_OFFSET_OF(physx::PxCapsuleGeometry, radius) == PX_OFFSET_OF(physx::PxSphereGeometry, radius));
/public/home/tangwsh/PhysX/physx/include/foundation/PxPreprocessor.h:430:51: note: in definition of macro ‘PX_COMPILE_TIME_ASSERT’
  430 | #define PX_COMPILE_TIME_ASSERT(exp) static_assert(exp, "")
      |                                                   ^~~
/public/home/tangwsh/PhysX/physx/source/geomutils/src/GuGeometryChecks.h:93:74: note: in expansion of macro ‘PX_OFFSET_OF’
   93 | PX_COMPILE_TIME_ASSERT(PX_OFFSET_OF(physx::PxCapsuleGeometry, radius) == PX_OFFSET_OF(physx::PxSphereGeometry, radius));
      |                                                                          ^~~~~~~~~~~~
In file included from /public/home/tangwsh/PhysX/physx/source/simulationcontroller/src/ScElementSim.h:38,
                 from /public/home/tangwsh/PhysX/physx/source/simulationcontroller/src/ScShapeSimBase.h:30,
                 from /public/home/tangwsh/PhysX/physx/source/simulationcontroller/src/ScGpuActorSim.h:33,
                 from /public/home/tangwsh/PhysX/physx/source/simulationcontroller/src/ScParticleSystemSim.h:33,
                 from /public/home/tangwsh/PhysX/physx/source/simulationcontroller/src/ScParticleSystemSim.cpp:31:
/public/home/tangwsh/PhysX/physx/source/simulationcontroller/include/ScScene.h:222:15: warning: ‘physx::Sc::Scene’ has a field ‘physx::Sc::Scene::mOverlapFilterTaskHead’ whose type uses the anonymous namespace [-Wsubobject-linkage]
  222 |         class Scene : public PxUserAllocated
      |               ^~~~~
/public/home/tangwsh/PhysX/physx/source/simulationcontroller/include/ScScene.h:222:15: warning: ‘physx::Sc::Scene’ has a field ‘physx::Sc::Scene::mOverlapCreatedTaskHead’ whose type uses the anonymous namespace [-Wsubobject-linkage]
/public/home/tangwsh/PhysX/physx/source/simulationcontroller/include/ScScene.h:222:15: warning: ‘physx::Sc::Scene’ has a field ‘physx::Sc::Scene::mIslandInsertionTaskHead’ whose type uses the anonymous namespace [-Wsubobject-linkage]
[ 42%] Building CXX object CMakeFiles/SimulationController.dir/public/home/tangwsh/PhysX/physx/source/simulationcontroller/src/ScPhysics.cpp.o
In file included from /public/home/tangwsh/PhysX/physx/include/foundation/PxSimpleTypes.h:36,
                 from /public/home/tangwsh/PhysX/physx/include/common/PxPhysXCommonConfig.h:32,
                 from /public/home/tangwsh/PhysX/physx/include/common/PxTolerancesScale.h:33,
                 from /public/home/tangwsh/PhysX/physx/source/simulationcontroller/src/ScPhysics.cpp:30:
/public/home/tangwsh/PhysX/physx/source/geomutils/src/GuGeometryChecks.h:93:37: warning: ‘offsetof’ within non-standard-layout type ‘physx::PxCapsuleGeometry’ is conditionally-supported [-Winvalid-offsetof]
   93 | PX_COMPILE_TIME_ASSERT(PX_OFFSET_OF(physx::PxCapsuleGeometry, radius) == PX_OFFSET_OF(physx::PxSphereGeometry, radius));
/public/home/tangwsh/PhysX/physx/include/foundation/PxPreprocessor.h:430:51: note: in definition of macro ‘PX_COMPILE_TIME_ASSERT’
  430 | #define PX_COMPILE_TIME_ASSERT(exp) static_assert(exp, "")
      |                                                   ^~~
/public/home/tangwsh/PhysX/physx/source/geomutils/src/GuGeometryChecks.h:93:24: note: in expansion of macro ‘PX_OFFSET_OF’
   93 | PX_COMPILE_TIME_ASSERT(PX_OFFSET_OF(physx::PxCapsuleGeometry, radius) == PX_OFFSET_OF(physx::PxSphereGeometry, radius));
      |                        ^~~~~~~~~~~~
/public/home/tangwsh/PhysX/physx/source/geomutils/src/GuGeometryChecks.h:93:87: warning: ‘offsetof’ within non-standard-layout type ‘physx::PxSphereGeometry’ is conditionally-supported [-Winvalid-offsetof]
   93 | PX_COMPILE_TIME_ASSERT(PX_OFFSET_OF(physx::PxCapsuleGeometry, radius) == PX_OFFSET_OF(physx::PxSphereGeometry, radius));
/public/home/tangwsh/PhysX/physx/include/foundation/PxPreprocessor.h:430:51: note: in definition of macro ‘PX_COMPILE_TIME_ASSERT’
  430 | #define PX_COMPILE_TIME_ASSERT(exp) static_assert(exp, "")
      |                                                   ^~~
/public/home/tangwsh/PhysX/physx/source/geomutils/src/GuGeometryChecks.h:93:74: note: in expansion of macro ‘PX_OFFSET_OF’
   93 | PX_COMPILE_TIME_ASSERT(PX_OFFSET_OF(physx::PxCapsuleGeometry, radius) == PX_OFFSET_OF(physx::PxSphereGeometry, radius));
      |                                                                          ^~~~~~~~~~~~
In file included from /public/home/tangwsh/PhysX/physx/source/simulationcontroller/src/ScPhysics.cpp:33:
/public/home/tangwsh/PhysX/physx/source/simulationcontroller/include/ScScene.h:222:15: warning: ‘physx::Sc::Scene’ has a field ‘physx::Sc::Scene::mOverlapFilterTaskHead’ whose type uses the anonymous namespace [-Wsubobject-linkage]
  222 |         class Scene : public PxUserAllocated
      |               ^~~~~
/public/home/tangwsh/PhysX/physx/source/simulationcontroller/include/ScScene.h:222:15: warning: ‘physx::Sc::Scene’ has a field ‘physx::Sc::Scene::mOverlapCreatedTaskHead’ whose type uses the anonymous namespace [-Wsubobject-linkage]
/public/home/tangwsh/PhysX/physx/source/simulationcontroller/include/ScScene.h:222:15: warning: ‘physx::Sc::Scene’ has a field ‘physx::Sc::Scene::mIslandInsertionTaskHead’ whose type uses the anonymous namespace [-Wsubobject-linkage]
[ 43%] Building CXX object CMakeFiles/SimulationController.dir/public/home/tangwsh/PhysX/physx/source/simulationcontroller/src/ScPipeline.cpp.o
In file included from /public/home/tangwsh/PhysX/physx/include/foundation/PxSimpleTypes.h:36,
                 from /public/home/tangwsh/PhysX/physx/include/common/PxPhysXCommonConfig.h:32,
                 from /public/home/tangwsh/PhysX/physx/include/PxPhysXConfig.h:35,
                 from /public/home/tangwsh/PhysX/physx/source/simulationcontroller/include/ScScene.h:32,
                 from /public/home/tangwsh/PhysX/physx/source/simulationcontroller/src/ScPipeline.cpp:33:
/public/home/tangwsh/PhysX/physx/source/geomutils/src/GuGeometryChecks.h:93:37: warning: ‘offsetof’ within non-standard-layout type ‘physx::PxCapsuleGeometry’ is conditionally-supported [-Winvalid-offsetof]
   93 | PX_COMPILE_TIME_ASSERT(PX_OFFSET_OF(physx::PxCapsuleGeometry, radius) == PX_OFFSET_OF(physx::PxSphereGeometry, radius));
/public/home/tangwsh/PhysX/physx/include/foundation/PxPreprocessor.h:430:51: note: in definition of macro ‘PX_COMPILE_TIME_ASSERT’
  430 | #define PX_COMPILE_TIME_ASSERT(exp) static_assert(exp, "")
      |                                                   ^~~
/public/home/tangwsh/PhysX/physx/source/geomutils/src/GuGeometryChecks.h:93:24: note: in expansion of macro ‘PX_OFFSET_OF’
   93 | PX_COMPILE_TIME_ASSERT(PX_OFFSET_OF(physx::PxCapsuleGeometry, radius) == PX_OFFSET_OF(physx::PxSphereGeometry, radius));
      |                        ^~~~~~~~~~~~
/public/home/tangwsh/PhysX/physx/source/geomutils/src/GuGeometryChecks.h:93:87: warning: ‘offsetof’ within non-standard-layout type ‘physx::PxSphereGeometry’ is conditionally-supported [-Winvalid-offsetof]
   93 | PX_COMPILE_TIME_ASSERT(PX_OFFSET_OF(physx::PxCapsuleGeometry, radius) == PX_OFFSET_OF(physx::PxSphereGeometry, radius));
/public/home/tangwsh/PhysX/physx/include/foundation/PxPreprocessor.h:430:51: note: in definition of macro ‘PX_COMPILE_TIME_ASSERT’
  430 | #define PX_COMPILE_TIME_ASSERT(exp) static_assert(exp, "")
      |                                                   ^~~
/public/home/tangwsh/PhysX/physx/source/geomutils/src/GuGeometryChecks.h:93:74: note: in expansion of macro ‘PX_OFFSET_OF’
   93 | PX_COMPILE_TIME_ASSERT(PX_OFFSET_OF(physx::PxCapsuleGeometry, radius) == PX_OFFSET_OF(physx::PxSphereGeometry, radius));
      |                                                                          ^~~~~~~~~~~~
In file included from /public/home/tangwsh/PhysX/physx/source/simulationcontroller/src/ScPipeline.cpp:33:
/public/home/tangwsh/PhysX/physx/source/simulationcontroller/include/ScScene.h:222:15: warning: ‘physx::Sc::Scene’ has a field ‘physx::Sc::Scene::mOverlapFilterTaskHead’ whose type uses the anonymous namespace [-Wsubobject-linkage]
  222 |         class Scene : public PxUserAllocated
      |               ^~~~~
/public/home/tangwsh/PhysX/physx/source/simulationcontroller/include/ScScene.h:222:15: warning: ‘physx::Sc::Scene’ has a field ‘physx::Sc::Scene::mOverlapCreatedTaskHead’ whose type uses the anonymous namespace [-Wsubobject-linkage]
/public/home/tangwsh/PhysX/physx/source/simulationcontroller/include/ScScene.h:222:15: warning: ‘physx::Sc::Scene’ has a field ‘physx::Sc::Scene::mIslandInsertionTaskHead’ whose type uses the anonymous namespace [-Wsubobject-linkage]
[ 43%] Building CXX object CMakeFiles/SimulationController.dir/public/home/tangwsh/PhysX/physx/source/simulationcontroller/src/ScRigidCore.cpp.o
In file included from /public/home/tangwsh/PhysX/physx/include/foundation/PxSimpleTypes.h:36,
                 from /public/home/tangwsh/PhysX/physx/include/foundation/PxIO.h:33,
                 from /public/home/tangwsh/PhysX/physx/include/foundation/PxBitAndData.h:32,
                 from /public/home/tangwsh/PhysX/physx/source/simulationcontroller/include/ScActorCore.h:32,
                 from /public/home/tangwsh/PhysX/physx/source/simulationcontroller/include/ScRigidCore.h:32,
                 from /public/home/tangwsh/PhysX/physx/source/simulationcontroller/src/ScRigidCore.cpp:29:
/public/home/tangwsh/PhysX/physx/source/geomutils/src/GuGeometryChecks.h:93:37: warning: ‘offsetof’ within non-standard-layout type ‘physx::PxCapsuleGeometry’ is conditionally-supported [-Winvalid-offsetof]
   93 | PX_COMPILE_TIME_ASSERT(PX_OFFSET_OF(physx::PxCapsuleGeometry, radius) == PX_OFFSET_OF(physx::PxSphereGeometry, radius));
/public/home/tangwsh/PhysX/physx/include/foundation/PxPreprocessor.h:430:51: note: in definition of macro ‘PX_COMPILE_TIME_ASSERT’
  430 | #define PX_COMPILE_TIME_ASSERT(exp) static_assert(exp, "")
      |                                                   ^~~
/public/home/tangwsh/PhysX/physx/source/geomutils/src/GuGeometryChecks.h:93:24: note: in expansion of macro ‘PX_OFFSET_OF’
   93 | PX_COMPILE_TIME_ASSERT(PX_OFFSET_OF(physx::PxCapsuleGeometry, radius) == PX_OFFSET_OF(physx::PxSphereGeometry, radius));
      |                        ^~~~~~~~~~~~
/public/home/tangwsh/PhysX/physx/source/geomutils/src/GuGeometryChecks.h:93:87: warning: ‘offsetof’ within non-standard-layout type ‘physx::PxSphereGeometry’ is conditionally-supported [-Winvalid-offsetof]
   93 | PX_COMPILE_TIME_ASSERT(PX_OFFSET_OF(physx::PxCapsuleGeometry, radius) == PX_OFFSET_OF(physx::PxSphereGeometry, radius));
/public/home/tangwsh/PhysX/physx/include/foundation/PxPreprocessor.h:430:51: note: in definition of macro ‘PX_COMPILE_TIME_ASSERT’
  430 | #define PX_COMPILE_TIME_ASSERT(exp) static_assert(exp, "")
      |                                                   ^~~
/public/home/tangwsh/PhysX/physx/source/geomutils/src/GuGeometryChecks.h:93:74: note: in expansion of macro ‘PX_OFFSET_OF’
   93 | PX_COMPILE_TIME_ASSERT(PX_OFFSET_OF(physx::PxCapsuleGeometry, radius) == PX_OFFSET_OF(physx::PxSphereGeometry, radius));
      |                                                                          ^~~~~~~~~~~~
In file included from /public/home/tangwsh/PhysX/physx/source/simulationcontroller/src/ScElementSim.h:38,
                 from /public/home/tangwsh/PhysX/physx/source/simulationcontroller/src/ScShapeSimBase.h:30,
                 from /public/home/tangwsh/PhysX/physx/source/simulationcontroller/src/ScShapeSim.h:32,
                 from /public/home/tangwsh/PhysX/physx/source/simulationcontroller/src/ScRigidCore.cpp:31:
/public/home/tangwsh/PhysX/physx/source/simulationcontroller/include/ScScene.h:222:15: warning: ‘physx::Sc::Scene’ has a field ‘physx::Sc::Scene::mOverlapFilterTaskHead’ whose type uses the anonymous namespace [-Wsubobject-linkage]
  222 |         class Scene : public PxUserAllocated
      |               ^~~~~
/public/home/tangwsh/PhysX/physx/source/simulationcontroller/include/ScScene.h:222:15: warning: ‘physx::Sc::Scene’ has a field ‘physx::Sc::Scene::mOverlapCreatedTaskHead’ whose type uses the anonymous namespace [-Wsubobject-linkage]
/public/home/tangwsh/PhysX/physx/source/simulationcontroller/include/ScScene.h:222:15: warning: ‘physx::Sc::Scene’ has a field ‘physx::Sc::Scene::mIslandInsertionTaskHead’ whose type uses the anonymous namespace [-Wsubobject-linkage]
[ 43%] Building CXX object CMakeFiles/SimulationController.dir/public/home/tangwsh/PhysX/physx/source/simulationcontroller/src/ScRigidSim.cpp.o
In file included from /public/home/tangwsh/PhysX/physx/include/foundation/PxSimpleTypes.h:36,
                 from /public/home/tangwsh/PhysX/physx/include/common/PxPhysXCommonConfig.h:32,
                 from /public/home/tangwsh/PhysX/physx/include/PxPhysXConfig.h:35,
                 from /public/home/tangwsh/PhysX/physx/source/simulationcontroller/include/ScScene.h:32,
                 from /public/home/tangwsh/PhysX/physx/source/simulationcontroller/src/ScRigidSim.cpp:29:
/public/home/tangwsh/PhysX/physx/source/geomutils/src/GuGeometryChecks.h:93:37: warning: ‘offsetof’ within non-standard-layout type ‘physx::PxCapsuleGeometry’ is conditionally-supported [-Winvalid-offsetof]
   93 | PX_COMPILE_TIME_ASSERT(PX_OFFSET_OF(physx::PxCapsuleGeometry, radius) == PX_OFFSET_OF(physx::PxSphereGeometry, radius));
/public/home/tangwsh/PhysX/physx/include/foundation/PxPreprocessor.h:430:51: note: in definition of macro ‘PX_COMPILE_TIME_ASSERT’
  430 | #define PX_COMPILE_TIME_ASSERT(exp) static_assert(exp, "")
      |                                                   ^~~
/public/home/tangwsh/PhysX/physx/source/geomutils/src/GuGeometryChecks.h:93:24: note: in expansion of macro ‘PX_OFFSET_OF’
   93 | PX_COMPILE_TIME_ASSERT(PX_OFFSET_OF(physx::PxCapsuleGeometry, radius) == PX_OFFSET_OF(physx::PxSphereGeometry, radius));
      |                        ^~~~~~~~~~~~
/public/home/tangwsh/PhysX/physx/source/geomutils/src/GuGeometryChecks.h:93:87: warning: ‘offsetof’ within non-standard-layout type ‘physx::PxSphereGeometry’ is conditionally-supported [-Winvalid-offsetof]
   93 | PX_COMPILE_TIME_ASSERT(PX_OFFSET_OF(physx::PxCapsuleGeometry, radius) == PX_OFFSET_OF(physx::PxSphereGeometry, radius));
/public/home/tangwsh/PhysX/physx/include/foundation/PxPreprocessor.h:430:51: note: in definition of macro ‘PX_COMPILE_TIME_ASSERT’
  430 | #define PX_COMPILE_TIME_ASSERT(exp) static_assert(exp, "")
      |                                                   ^~~
/public/home/tangwsh/PhysX/physx/source/geomutils/src/GuGeometryChecks.h:93:74: note: in expansion of macro ‘PX_OFFSET_OF’
   93 | PX_COMPILE_TIME_ASSERT(PX_OFFSET_OF(physx::PxCapsuleGeometry, radius) == PX_OFFSET_OF(physx::PxSphereGeometry, radius));
      |                                                                          ^~~~~~~~~~~~
In file included from /public/home/tangwsh/PhysX/physx/source/simulationcontroller/src/ScRigidSim.cpp:29:
/public/home/tangwsh/PhysX/physx/source/simulationcontroller/include/ScScene.h:222:15: warning: ‘physx::Sc::Scene’ has a field ‘physx::Sc::Scene::mOverlapFilterTaskHead’ whose type uses the anonymous namespace [-Wsubobject-linkage]
  222 |         class Scene : public PxUserAllocated
      |               ^~~~~
/public/home/tangwsh/PhysX/physx/source/simulationcontroller/include/ScScene.h:222:15: warning: ‘physx::Sc::Scene’ has a field ‘physx::Sc::Scene::mOverlapCreatedTaskHead’ whose type uses the anonymous namespace [-Wsubobject-linkage]
/public/home/tangwsh/PhysX/physx/source/simulationcontroller/include/ScScene.h:222:15: warning: ‘physx::Sc::Scene’ has a field ‘physx::Sc::Scene::mIslandInsertionTaskHead’ whose type uses the anonymous namespace [-Wsubobject-linkage]
[ 44%] Building CXX object CMakeFiles/SimulationController.dir/public/home/tangwsh/PhysX/physx/source/simulationcontroller/src/ScScene.cpp.o
In file included from /public/home/tangwsh/PhysX/physx/include/foundation/PxSimpleTypes.h:36,
                 from /public/home/tangwsh/PhysX/physx/include/common/PxPhysXCommonConfig.h:32,
                 from /public/home/tangwsh/PhysX/physx/include/PxPhysXConfig.h:35,
                 from /public/home/tangwsh/PhysX/physx/include/PxPhysics.h:32,
                 from /public/home/tangwsh/PhysX/physx/source/simulationcontroller/include/ScPhysics.h:32,
                 from /public/home/tangwsh/PhysX/physx/source/simulationcontroller/src/ScScene.cpp:29:
/public/home/tangwsh/PhysX/physx/source/geomutils/src/GuGeometryChecks.h:93:37: warning: ‘offsetof’ within non-standard-layout type ‘physx::PxCapsuleGeometry’ is conditionally-supported [-Winvalid-offsetof]
   93 | PX_COMPILE_TIME_ASSERT(PX_OFFSET_OF(physx::PxCapsuleGeometry, radius) == PX_OFFSET_OF(physx::PxSphereGeometry, radius));
/public/home/tangwsh/PhysX/physx/include/foundation/PxPreprocessor.h:430:51: note: in definition of macro ‘PX_COMPILE_TIME_ASSERT’
  430 | #define PX_COMPILE_TIME_ASSERT(exp) static_assert(exp, "")
      |                                                   ^~~
/public/home/tangwsh/PhysX/physx/source/geomutils/src/GuGeometryChecks.h:93:24: note: in expansion of macro ‘PX_OFFSET_OF’
   93 | PX_COMPILE_TIME_ASSERT(PX_OFFSET_OF(physx::PxCapsuleGeometry, radius) == PX_OFFSET_OF(physx::PxSphereGeometry, radius));
      |                        ^~~~~~~~~~~~
/public/home/tangwsh/PhysX/physx/source/geomutils/src/GuGeometryChecks.h:93:87: warning: ‘offsetof’ within non-standard-layout type ‘physx::PxSphereGeometry’ is conditionally-supported [-Winvalid-offsetof]
   93 | PX_COMPILE_TIME_ASSERT(PX_OFFSET_OF(physx::PxCapsuleGeometry, radius) == PX_OFFSET_OF(physx::PxSphereGeometry, radius));
/public/home/tangwsh/PhysX/physx/include/foundation/PxPreprocessor.h:430:51: note: in definition of macro ‘PX_COMPILE_TIME_ASSERT’
  430 | #define PX_COMPILE_TIME_ASSERT(exp) static_assert(exp, "")
      |                                                   ^~~
/public/home/tangwsh/PhysX/physx/source/geomutils/src/GuGeometryChecks.h:93:74: note: in expansion of macro ‘PX_OFFSET_OF’
   93 | PX_COMPILE_TIME_ASSERT(PX_OFFSET_OF(physx::PxCapsuleGeometry, radius) == PX_OFFSET_OF(physx::PxSphereGeometry, radius));
      |                                                                          ^~~~~~~~~~~~
In file included from /public/home/tangwsh/PhysX/physx/source/simulationcontroller/src/ScScene.cpp:30:
/public/home/tangwsh/PhysX/physx/source/simulationcontroller/include/ScScene.h:222:15: warning: ‘physx::Sc::Scene’ has a field ‘physx::Sc::Scene::mOverlapFilterTaskHead’ whose type uses the anonymous namespace [-Wsubobject-linkage]
  222 |         class Scene : public PxUserAllocated
      |               ^~~~~
/public/home/tangwsh/PhysX/physx/source/simulationcontroller/include/ScScene.h:222:15: warning: ‘physx::Sc::Scene’ has a field ‘physx::Sc::Scene::mOverlapCreatedTaskHead’ whose type uses the anonymous namespace [-Wsubobject-linkage]
/public/home/tangwsh/PhysX/physx/source/simulationcontroller/include/ScScene.h:222:15: warning: ‘physx::Sc::Scene’ has a field ‘physx::Sc::Scene::mIslandInsertionTaskHead’ whose type uses the anonymous namespace [-Wsubobject-linkage]
[ 44%] Building CXX object CMakeFiles/SimulationController.dir/public/home/tangwsh/PhysX/physx/source/simulationcontroller/src/ScShapeCore.cpp.o
In file included from /public/home/tangwsh/PhysX/physx/include/foundation/PxSimpleTypes.h:36,
                 from /public/home/tangwsh/PhysX/physx/include/foundation/PxErrors.h:32,
                 from /public/home/tangwsh/PhysX/physx/include/foundation/PxErrorCallback.h:33,
                 from /public/home/tangwsh/PhysX/physx/source/simulationcontroller/src/ScShapeCore.cpp:29:
/public/home/tangwsh/PhysX/physx/source/geomutils/src/GuGeometryChecks.h:93:37: warning: ‘offsetof’ within non-standard-layout type ‘physx::PxCapsuleGeometry’ is conditionally-supported [-Winvalid-offsetof]
   93 | PX_COMPILE_TIME_ASSERT(PX_OFFSET_OF(physx::PxCapsuleGeometry, radius) == PX_OFFSET_OF(physx::PxSphereGeometry, radius));
/public/home/tangwsh/PhysX/physx/include/foundation/PxPreprocessor.h:430:51: note: in definition of macro ‘PX_COMPILE_TIME_ASSERT’
  430 | #define PX_COMPILE_TIME_ASSERT(exp) static_assert(exp, "")
      |                                                   ^~~
/public/home/tangwsh/PhysX/physx/source/geomutils/src/GuGeometryChecks.h:93:24: note: in expansion of macro ‘PX_OFFSET_OF’
   93 | PX_COMPILE_TIME_ASSERT(PX_OFFSET_OF(physx::PxCapsuleGeometry, radius) == PX_OFFSET_OF(physx::PxSphereGeometry, radius));
      |                        ^~~~~~~~~~~~
/public/home/tangwsh/PhysX/physx/source/geomutils/src/GuGeometryChecks.h:93:87: warning: ‘offsetof’ within non-standard-layout type ‘physx::PxSphereGeometry’ is conditionally-supported [-Winvalid-offsetof]
   93 | PX_COMPILE_TIME_ASSERT(PX_OFFSET_OF(physx::PxCapsuleGeometry, radius) == PX_OFFSET_OF(physx::PxSphereGeometry, radius));
/public/home/tangwsh/PhysX/physx/include/foundation/PxPreprocessor.h:430:51: note: in definition of macro ‘PX_COMPILE_TIME_ASSERT’
  430 | #define PX_COMPILE_TIME_ASSERT(exp) static_assert(exp, "")
      |                                                   ^~~
/public/home/tangwsh/PhysX/physx/source/geomutils/src/GuGeometryChecks.h:93:74: note: in expansion of macro ‘PX_OFFSET_OF’
   93 | PX_COMPILE_TIME_ASSERT(PX_OFFSET_OF(physx::PxCapsuleGeometry, radius) == PX_OFFSET_OF(physx::PxSphereGeometry, radius));
      |                                                                          ^~~~~~~~~~~~
In file included from /public/home/tangwsh/PhysX/physx/source/simulationcontroller/src/ScElementSim.h:38,
                 from /public/home/tangwsh/PhysX/physx/source/simulationcontroller/src/ScShapeSimBase.h:30,
                 from /public/home/tangwsh/PhysX/physx/source/simulationcontroller/src/ScShapeSim.h:32,
                 from /public/home/tangwsh/PhysX/physx/source/simulationcontroller/src/ScShapeCore.cpp:30:
/public/home/tangwsh/PhysX/physx/source/simulationcontroller/include/ScScene.h:222:15: warning: ‘physx::Sc::Scene’ has a field ‘physx::Sc::Scene::mOverlapFilterTaskHead’ whose type uses the anonymous namespace [-Wsubobject-linkage]
  222 |         class Scene : public PxUserAllocated
      |               ^~~~~
/public/home/tangwsh/PhysX/physx/source/simulationcontroller/include/ScScene.h:222:15: warning: ‘physx::Sc::Scene’ has a field ‘physx::Sc::Scene::mOverlapCreatedTaskHead’ whose type uses the anonymous namespace [-Wsubobject-linkage]
/public/home/tangwsh/PhysX/physx/source/simulationcontroller/include/ScScene.h:222:15: warning: ‘physx::Sc::Scene’ has a field ‘physx::Sc::Scene::mIslandInsertionTaskHead’ whose type uses the anonymous namespace [-Wsubobject-linkage]
[ 45%] Building CXX object CMakeFiles/SimulationController.dir/public/home/tangwsh/PhysX/physx/source/simulationcontroller/src/ScShapeInteraction.cpp.o
In file included from /public/home/tangwsh/PhysX/physx/include/foundation/PxFoundationConfig.h:32,
                 from /public/home/tangwsh/PhysX/physx/include/foundation/PxAllocatorCallback.h:33,
                 from /public/home/tangwsh/PhysX/physx/include/foundation/PxAllocator.h:32,
                 from /public/home/tangwsh/PhysX/physx/include/foundation/PxUserAllocated.h:32,
                 from /public/home/tangwsh/PhysX/physx/source/simulationcontroller/src/ScActorSim.h:32,
                 from /public/home/tangwsh/PhysX/physx/source/simulationcontroller/src/ScInteraction.h:33,
                 from /public/home/tangwsh/PhysX/physx/source/simulationcontroller/src/ScElementSimInteraction.h:32,
                 from /public/home/tangwsh/PhysX/physx/source/simulationcontroller/src/ScShapeInteraction.h:32,
                 from /public/home/tangwsh/PhysX/physx/source/simulationcontroller/src/ScShapeInteraction.cpp:29:
/public/home/tangwsh/PhysX/physx/source/geomutils/src/GuGeometryChecks.h:93:37: warning: ‘offsetof’ within non-standard-layout type ‘physx::PxCapsuleGeometry’ is conditionally-supported [-Winvalid-offsetof]
   93 | PX_COMPILE_TIME_ASSERT(PX_OFFSET_OF(physx::PxCapsuleGeometry, radius) == PX_OFFSET_OF(physx::PxSphereGeometry, radius));
/public/home/tangwsh/PhysX/physx/include/foundation/PxPreprocessor.h:430:51: note: in definition of macro ‘PX_COMPILE_TIME_ASSERT’
  430 | #define PX_COMPILE_TIME_ASSERT(exp) static_assert(exp, "")
      |                                                   ^~~
/public/home/tangwsh/PhysX/physx/source/geomutils/src/GuGeometryChecks.h:93:24: note: in expansion of macro ‘PX_OFFSET_OF’
   93 | PX_COMPILE_TIME_ASSERT(PX_OFFSET_OF(physx::PxCapsuleGeometry, radius) == PX_OFFSET_OF(physx::PxSphereGeometry, radius));
      |                        ^~~~~~~~~~~~
/public/home/tangwsh/PhysX/physx/source/geomutils/src/GuGeometryChecks.h:93:87: warning: ‘offsetof’ within non-standard-layout type ‘physx::PxSphereGeometry’ is conditionally-supported [-Winvalid-offsetof]
   93 | PX_COMPILE_TIME_ASSERT(PX_OFFSET_OF(physx::PxCapsuleGeometry, radius) == PX_OFFSET_OF(physx::PxSphereGeometry, radius));
/public/home/tangwsh/PhysX/physx/include/foundation/PxPreprocessor.h:430:51: note: in definition of macro ‘PX_COMPILE_TIME_ASSERT’
  430 | #define PX_COMPILE_TIME_ASSERT(exp) static_assert(exp, "")
      |                                                   ^~~
/public/home/tangwsh/PhysX/physx/source/geomutils/src/GuGeometryChecks.h:93:74: note: in expansion of macro ‘PX_OFFSET_OF’
   93 | PX_COMPILE_TIME_ASSERT(PX_OFFSET_OF(physx::PxCapsuleGeometry, radius) == PX_OFFSET_OF(physx::PxSphereGeometry, radius));
      |                                                                          ^~~~~~~~~~~~
In file included from /public/home/tangwsh/PhysX/physx/source/simulationcontroller/src/ScElementSim.h:38,
                 from /public/home/tangwsh/PhysX/physx/source/simulationcontroller/src/ScElementSimInteraction.h:33,
                 from /public/home/tangwsh/PhysX/physx/source/simulationcontroller/src/ScShapeInteraction.h:32,
                 from /public/home/tangwsh/PhysX/physx/source/simulationcontroller/src/ScShapeInteraction.cpp:29:
/public/home/tangwsh/PhysX/physx/source/simulationcontroller/include/ScScene.h:222:15: warning: ‘physx::Sc::Scene’ has a field ‘physx::Sc::Scene::mOverlapFilterTaskHead’ whose type uses the anonymous namespace [-Wsubobject-linkage]
  222 |         class Scene : public PxUserAllocated
      |               ^~~~~
/public/home/tangwsh/PhysX/physx/source/simulationcontroller/include/ScScene.h:222:15: warning: ‘physx::Sc::Scene’ has a field ‘physx::Sc::Scene::mOverlapCreatedTaskHead’ whose type uses the anonymous namespace [-Wsubobject-linkage]
/public/home/tangwsh/PhysX/physx/source/simulationcontroller/include/ScScene.h:222:15: warning: ‘physx::Sc::Scene’ has a field ‘physx::Sc::Scene::mIslandInsertionTaskHead’ whose type uses the anonymous namespace [-Wsubobject-linkage]
[ 45%] Building CXX object CMakeFiles/SimulationController.dir/public/home/tangwsh/PhysX/physx/source/simulationcontroller/src/ScShapeSim.cpp.o
In file included from /public/home/tangwsh/PhysX/physx/include/foundation/PxSimpleTypes.h:36,
                 from /public/home/tangwsh/PhysX/physx/include/common/PxPhysXCommonConfig.h:32,
                 from /public/home/tangwsh/PhysX/physx/include/PxPhysXConfig.h:35,
                 from /public/home/tangwsh/PhysX/physx/include/PxFiltering.h:32,
                 from /public/home/tangwsh/PhysX/physx/source/simulationcontroller/src/ScElementSim.h:32,
                 from /public/home/tangwsh/PhysX/physx/source/simulationcontroller/src/ScShapeSimBase.h:30,
                 from /public/home/tangwsh/PhysX/physx/source/simulationcontroller/src/ScShapeSim.h:32,
                 from /public/home/tangwsh/PhysX/physx/source/simulationcontroller/src/ScShapeSim.cpp:29:
/public/home/tangwsh/PhysX/physx/source/geomutils/src/GuGeometryChecks.h:93:37: warning: ‘offsetof’ within non-standard-layout type ‘physx::PxCapsuleGeometry’ is conditionally-supported [-Winvalid-offsetof]
   93 | PX_COMPILE_TIME_ASSERT(PX_OFFSET_OF(physx::PxCapsuleGeometry, radius) == PX_OFFSET_OF(physx::PxSphereGeometry, radius));
/public/home/tangwsh/PhysX/physx/include/foundation/PxPreprocessor.h:430:51: note: in definition of macro ‘PX_COMPILE_TIME_ASSERT’
  430 | #define PX_COMPILE_TIME_ASSERT(exp) static_assert(exp, "")
      |                                                   ^~~
/public/home/tangwsh/PhysX/physx/source/geomutils/src/GuGeometryChecks.h:93:24: note: in expansion of macro ‘PX_OFFSET_OF’
   93 | PX_COMPILE_TIME_ASSERT(PX_OFFSET_OF(physx::PxCapsuleGeometry, radius) == PX_OFFSET_OF(physx::PxSphereGeometry, radius));
      |                        ^~~~~~~~~~~~
/public/home/tangwsh/PhysX/physx/source/geomutils/src/GuGeometryChecks.h:93:87: warning: ‘offsetof’ within non-standard-layout type ‘physx::PxSphereGeometry’ is conditionally-supported [-Winvalid-offsetof]
   93 | PX_COMPILE_TIME_ASSERT(PX_OFFSET_OF(physx::PxCapsuleGeometry, radius) == PX_OFFSET_OF(physx::PxSphereGeometry, radius));
/public/home/tangwsh/PhysX/physx/include/foundation/PxPreprocessor.h:430:51: note: in definition of macro ‘PX_COMPILE_TIME_ASSERT’
  430 | #define PX_COMPILE_TIME_ASSERT(exp) static_assert(exp, "")
      |                                                   ^~~
/public/home/tangwsh/PhysX/physx/source/geomutils/src/GuGeometryChecks.h:93:74: note: in expansion of macro ‘PX_OFFSET_OF’
   93 | PX_COMPILE_TIME_ASSERT(PX_OFFSET_OF(physx::PxCapsuleGeometry, radius) == PX_OFFSET_OF(physx::PxSphereGeometry, radius));
      |                                                                          ^~~~~~~~~~~~
In file included from /public/home/tangwsh/PhysX/physx/source/simulationcontroller/src/ScElementSim.h:38,
                 from /public/home/tangwsh/PhysX/physx/source/simulationcontroller/src/ScShapeSimBase.h:30,
                 from /public/home/tangwsh/PhysX/physx/source/simulationcontroller/src/ScShapeSim.h:32,
                 from /public/home/tangwsh/PhysX/physx/source/simulationcontroller/src/ScShapeSim.cpp:29:
/public/home/tangwsh/PhysX/physx/source/simulationcontroller/include/ScScene.h:222:15: warning: ‘physx::Sc::Scene’ has a field ‘physx::Sc::Scene::mOverlapFilterTaskHead’ whose type uses the anonymous namespace [-Wsubobject-linkage]
  222 |         class Scene : public PxUserAllocated
      |               ^~~~~
/public/home/tangwsh/PhysX/physx/source/simulationcontroller/include/ScScene.h:222:15: warning: ‘physx::Sc::Scene’ has a field ‘physx::Sc::Scene::mOverlapCreatedTaskHead’ whose type uses the anonymous namespace [-Wsubobject-linkage]
/public/home/tangwsh/PhysX/physx/source/simulationcontroller/include/ScScene.h:222:15: warning: ‘physx::Sc::Scene’ has a field ‘physx::Sc::Scene::mIslandInsertionTaskHead’ whose type uses the anonymous namespace [-Wsubobject-linkage]
[ 45%] Building CXX object CMakeFiles/SimulationController.dir/public/home/tangwsh/PhysX/physx/source/simulationcontroller/src/ScShapeSimBase.cpp.o
In file included from /public/home/tangwsh/PhysX/physx/include/foundation/PxSimpleTypes.h:36,
                 from /public/home/tangwsh/PhysX/physx/include/common/PxPhysXCommonConfig.h:32,
                 from /public/home/tangwsh/PhysX/physx/include/PxPhysXConfig.h:35,
                 from /public/home/tangwsh/PhysX/physx/include/PxFiltering.h:32,
                 from /public/home/tangwsh/PhysX/physx/source/simulationcontroller/src/ScElementSim.h:32,
                 from /public/home/tangwsh/PhysX/physx/source/simulationcontroller/src/ScShapeSimBase.h:30,
                 from /public/home/tangwsh/PhysX/physx/source/simulationcontroller/src/ScShapeSimBase.cpp:27:
/public/home/tangwsh/PhysX/physx/source/geomutils/src/GuGeometryChecks.h:93:37: warning: ‘offsetof’ within non-standard-layout type ‘physx::PxCapsuleGeometry’ is conditionally-supported [-Winvalid-offsetof]
   93 | PX_COMPILE_TIME_ASSERT(PX_OFFSET_OF(physx::PxCapsuleGeometry, radius) == PX_OFFSET_OF(physx::PxSphereGeometry, radius));
/public/home/tangwsh/PhysX/physx/include/foundation/PxPreprocessor.h:430:51: note: in definition of macro ‘PX_COMPILE_TIME_ASSERT’
  430 | #define PX_COMPILE_TIME_ASSERT(exp) static_assert(exp, "")
      |                                                   ^~~
/public/home/tangwsh/PhysX/physx/source/geomutils/src/GuGeometryChecks.h:93:24: note: in expansion of macro ‘PX_OFFSET_OF’
   93 | PX_COMPILE_TIME_ASSERT(PX_OFFSET_OF(physx::PxCapsuleGeometry, radius) == PX_OFFSET_OF(physx::PxSphereGeometry, radius));
      |                        ^~~~~~~~~~~~
/public/home/tangwsh/PhysX/physx/source/geomutils/src/GuGeometryChecks.h:93:87: warning: ‘offsetof’ within non-standard-layout type ‘physx::PxSphereGeometry’ is conditionally-supported [-Winvalid-offsetof]
   93 | PX_COMPILE_TIME_ASSERT(PX_OFFSET_OF(physx::PxCapsuleGeometry, radius) == PX_OFFSET_OF(physx::PxSphereGeometry, radius));
/public/home/tangwsh/PhysX/physx/include/foundation/PxPreprocessor.h:430:51: note: in definition of macro ‘PX_COMPILE_TIME_ASSERT’
  430 | #define PX_COMPILE_TIME_ASSERT(exp) static_assert(exp, "")
      |                                                   ^~~
/public/home/tangwsh/PhysX/physx/source/geomutils/src/GuGeometryChecks.h:93:74: note: in expansion of macro ‘PX_OFFSET_OF’
   93 | PX_COMPILE_TIME_ASSERT(PX_OFFSET_OF(physx::PxCapsuleGeometry, radius) == PX_OFFSET_OF(physx::PxSphereGeometry, radius));
      |                                                                          ^~~~~~~~~~~~
In file included from /public/home/tangwsh/PhysX/physx/source/simulationcontroller/src/ScElementSim.h:38,
                 from /public/home/tangwsh/PhysX/physx/source/simulationcontroller/src/ScShapeSimBase.h:30,
                 from /public/home/tangwsh/PhysX/physx/source/simulationcontroller/src/ScShapeSimBase.cpp:27:
/public/home/tangwsh/PhysX/physx/source/simulationcontroller/include/ScScene.h:222:15: warning: ‘physx::Sc::Scene’ has a field ‘physx::Sc::Scene::mOverlapFilterTaskHead’ whose type uses the anonymous namespace [-Wsubobject-linkage]
  222 |         class Scene : public PxUserAllocated
      |               ^~~~~
/public/home/tangwsh/PhysX/physx/source/simulationcontroller/include/ScScene.h:222:15: warning: ‘physx::Sc::Scene’ has a field ‘physx::Sc::Scene::mOverlapCreatedTaskHead’ whose type uses the anonymous namespace [-Wsubobject-linkage]
/public/home/tangwsh/PhysX/physx/source/simulationcontroller/include/ScScene.h:222:15: warning: ‘physx::Sc::Scene’ has a field ‘physx::Sc::Scene::mIslandInsertionTaskHead’ whose type uses the anonymous namespace [-Wsubobject-linkage]
[ 46%] Building CXX object CMakeFiles/SimulationController.dir/public/home/tangwsh/PhysX/physx/source/simulationcontroller/src/ScSimStats.cpp.o
[ 46%] Building CXX object CMakeFiles/SimulationController.dir/public/home/tangwsh/PhysX/physx/source/simulationcontroller/src/ScSimulationController.cpp.o
In file included from /public/home/tangwsh/PhysX/physx/include/cudamanager/PxCudaTypes.h:33,
                 from /public/home/tangwsh/PhysX/physx/include/PxDirectGPUAPI.h:32,
                 from /public/home/tangwsh/PhysX/physx/source/lowlevel/software/include/PxsSimulationController.h:32,
                 from /public/home/tangwsh/PhysX/physx/source/simulationcontroller/src/ScSimulationController.h:32,
                 from /public/home/tangwsh/PhysX/physx/source/simulationcontroller/src/ScSimulationController.cpp:29:
/public/home/tangwsh/PhysX/physx/source/geomutils/src/GuGeometryChecks.h:93:37: warning: ‘offsetof’ within non-standard-layout type ‘physx::PxCapsuleGeometry’ is conditionally-supported [-Winvalid-offsetof]
   93 | PX_COMPILE_TIME_ASSERT(PX_OFFSET_OF(physx::PxCapsuleGeometry, radius) == PX_OFFSET_OF(physx::PxSphereGeometry, radius));
/public/home/tangwsh/PhysX/physx/include/foundation/PxPreprocessor.h:430:51: note: in definition of macro ‘PX_COMPILE_TIME_ASSERT’
  430 | #define PX_COMPILE_TIME_ASSERT(exp) static_assert(exp, "")
      |                                                   ^~~
/public/home/tangwsh/PhysX/physx/source/geomutils/src/GuGeometryChecks.h:93:24: note: in expansion of macro ‘PX_OFFSET_OF’
   93 | PX_COMPILE_TIME_ASSERT(PX_OFFSET_OF(physx::PxCapsuleGeometry, radius) == PX_OFFSET_OF(physx::PxSphereGeometry, radius));
      |                        ^~~~~~~~~~~~
/public/home/tangwsh/PhysX/physx/source/geomutils/src/GuGeometryChecks.h:93:87: warning: ‘offsetof’ within non-standard-layout type ‘physx::PxSphereGeometry’ is conditionally-supported [-Winvalid-offsetof]
   93 | PX_COMPILE_TIME_ASSERT(PX_OFFSET_OF(physx::PxCapsuleGeometry, radius) == PX_OFFSET_OF(physx::PxSphereGeometry, radius));
/public/home/tangwsh/PhysX/physx/include/foundation/PxPreprocessor.h:430:51: note: in definition of macro ‘PX_COMPILE_TIME_ASSERT’
  430 | #define PX_COMPILE_TIME_ASSERT(exp) static_assert(exp, "")
      |                                                   ^~~
/public/home/tangwsh/PhysX/physx/source/geomutils/src/GuGeometryChecks.h:93:74: note: in expansion of macro ‘PX_OFFSET_OF’
   93 | PX_COMPILE_TIME_ASSERT(PX_OFFSET_OF(physx::PxCapsuleGeometry, radius) == PX_OFFSET_OF(physx::PxSphereGeometry, radius));
      |                                                                          ^~~~~~~~~~~~
[ 46%] Building CXX object CMakeFiles/SimulationController.dir/public/home/tangwsh/PhysX/physx/source/simulationcontroller/src/ScSleep.cpp.o
In file included from /public/home/tangwsh/PhysX/physx/include/foundation/PxSimpleTypes.h:36,
                 from /public/home/tangwsh/PhysX/physx/include/common/PxPhysXCommonConfig.h:32,
                 from /public/home/tangwsh/PhysX/physx/include/PxPhysXConfig.h:35,
                 from /public/home/tangwsh/PhysX/physx/source/simulationcontroller/include/ScScene.h:32,
                 from /public/home/tangwsh/PhysX/physx/source/simulationcontroller/src/ScSleep.cpp:29:
/public/home/tangwsh/PhysX/physx/source/geomutils/src/GuGeometryChecks.h:93:37: warning: ‘offsetof’ within non-standard-layout type ‘physx::PxCapsuleGeometry’ is conditionally-supported [-Winvalid-offsetof]
   93 | PX_COMPILE_TIME_ASSERT(PX_OFFSET_OF(physx::PxCapsuleGeometry, radius) == PX_OFFSET_OF(physx::PxSphereGeometry, radius));
/public/home/tangwsh/PhysX/physx/include/foundation/PxPreprocessor.h:430:51: note: in definition of macro ‘PX_COMPILE_TIME_ASSERT’
  430 | #define PX_COMPILE_TIME_ASSERT(exp) static_assert(exp, "")
      |                                                   ^~~
/public/home/tangwsh/PhysX/physx/source/geomutils/src/GuGeometryChecks.h:93:24: note: in expansion of macro ‘PX_OFFSET_OF’
   93 | PX_COMPILE_TIME_ASSERT(PX_OFFSET_OF(physx::PxCapsuleGeometry, radius) == PX_OFFSET_OF(physx::PxSphereGeometry, radius));
      |                        ^~~~~~~~~~~~
/public/home/tangwsh/PhysX/physx/source/geomutils/src/GuGeometryChecks.h:93:87: warning: ‘offsetof’ within non-standard-layout type ‘physx::PxSphereGeometry’ is conditionally-supported [-Winvalid-offsetof]
   93 | PX_COMPILE_TIME_ASSERT(PX_OFFSET_OF(physx::PxCapsuleGeometry, radius) == PX_OFFSET_OF(physx::PxSphereGeometry, radius));
/public/home/tangwsh/PhysX/physx/include/foundation/PxPreprocessor.h:430:51: note: in definition of macro ‘PX_COMPILE_TIME_ASSERT’
  430 | #define PX_COMPILE_TIME_ASSERT(exp) static_assert(exp, "")
      |                                                   ^~~
/public/home/tangwsh/PhysX/physx/source/geomutils/src/GuGeometryChecks.h:93:74: note: in expansion of macro ‘PX_OFFSET_OF’
   93 | PX_COMPILE_TIME_ASSERT(PX_OFFSET_OF(physx::PxCapsuleGeometry, radius) == PX_OFFSET_OF(physx::PxSphereGeometry, radius));
      |                                                                          ^~~~~~~~~~~~
In file included from /public/home/tangwsh/PhysX/physx/source/simulationcontroller/src/ScSleep.cpp:29:
/public/home/tangwsh/PhysX/physx/source/simulationcontroller/include/ScScene.h:222:15: warning: ‘physx::Sc::Scene’ has a field ‘physx::Sc::Scene::mOverlapFilterTaskHead’ whose type uses the anonymous namespace [-Wsubobject-linkage]
  222 |         class Scene : public PxUserAllocated
      |               ^~~~~
/public/home/tangwsh/PhysX/physx/source/simulationcontroller/include/ScScene.h:222:15: warning: ‘physx::Sc::Scene’ has a field ‘physx::Sc::Scene::mOverlapCreatedTaskHead’ whose type uses the anonymous namespace [-Wsubobject-linkage]
/public/home/tangwsh/PhysX/physx/source/simulationcontroller/include/ScScene.h:222:15: warning: ‘physx::Sc::Scene’ has a field ‘physx::Sc::Scene::mIslandInsertionTaskHead’ whose type uses the anonymous namespace [-Wsubobject-linkage]
[ 47%] Building CXX object CMakeFiles/SimulationController.dir/public/home/tangwsh/PhysX/physx/source/simulationcontroller/src/ScSqBoundsManager.cpp.o
In file included from /public/home/tangwsh/PhysX/physx/include/foundation/PxSimpleTypes.h:36,
                 from /public/home/tangwsh/PhysX/physx/source/geomutils/include/GuPrunerTypedef.h:32,
                 from /public/home/tangwsh/PhysX/physx/source/simulationcontroller/src/ScSqBoundsManager.cpp:29:
/public/home/tangwsh/PhysX/physx/source/geomutils/src/GuGeometryChecks.h:93:37: warning: ‘offsetof’ within non-standard-layout type ‘physx::PxCapsuleGeometry’ is conditionally-supported [-Winvalid-offsetof]
   93 | PX_COMPILE_TIME_ASSERT(PX_OFFSET_OF(physx::PxCapsuleGeometry, radius) == PX_OFFSET_OF(physx::PxSphereGeometry, radius));
/public/home/tangwsh/PhysX/physx/include/foundation/PxPreprocessor.h:430:51: note: in definition of macro ‘PX_COMPILE_TIME_ASSERT’
  430 | #define PX_COMPILE_TIME_ASSERT(exp) static_assert(exp, "")
      |                                                   ^~~
/public/home/tangwsh/PhysX/physx/source/geomutils/src/GuGeometryChecks.h:93:24: note: in expansion of macro ‘PX_OFFSET_OF’
   93 | PX_COMPILE_TIME_ASSERT(PX_OFFSET_OF(physx::PxCapsuleGeometry, radius) == PX_OFFSET_OF(physx::PxSphereGeometry, radius));
      |                        ^~~~~~~~~~~~
/public/home/tangwsh/PhysX/physx/source/geomutils/src/GuGeometryChecks.h:93:87: warning: ‘offsetof’ within non-standard-layout type ‘physx::PxSphereGeometry’ is conditionally-supported [-Winvalid-offsetof]
   93 | PX_COMPILE_TIME_ASSERT(PX_OFFSET_OF(physx::PxCapsuleGeometry, radius) == PX_OFFSET_OF(physx::PxSphereGeometry, radius));
/public/home/tangwsh/PhysX/physx/include/foundation/PxPreprocessor.h:430:51: note: in definition of macro ‘PX_COMPILE_TIME_ASSERT’
  430 | #define PX_COMPILE_TIME_ASSERT(exp) static_assert(exp, "")
      |                                                   ^~~
/public/home/tangwsh/PhysX/physx/source/geomutils/src/GuGeometryChecks.h:93:74: note: in expansion of macro ‘PX_OFFSET_OF’
   93 | PX_COMPILE_TIME_ASSERT(PX_OFFSET_OF(physx::PxCapsuleGeometry, radius) == PX_OFFSET_OF(physx::PxSphereGeometry, radius));
      |                                                                          ^~~~~~~~~~~~
In file included from /public/home/tangwsh/PhysX/physx/source/simulationcontroller/src/ScElementSim.h:38,
                 from /public/home/tangwsh/PhysX/physx/source/simulationcontroller/src/ScShapeSimBase.h:30,
                 from /public/home/tangwsh/PhysX/physx/source/simulationcontroller/src/ScShapeSim.h:32,
                 from /public/home/tangwsh/PhysX/physx/source/simulationcontroller/src/ScSqBoundsManager.cpp:32:
/public/home/tangwsh/PhysX/physx/source/simulationcontroller/include/ScScene.h:222:15: warning: ‘physx::Sc::Scene’ has a field ‘physx::Sc::Scene::mOverlapFilterTaskHead’ whose type uses the anonymous namespace [-Wsubobject-linkage]
  222 |         class Scene : public PxUserAllocated
      |               ^~~~~
/public/home/tangwsh/PhysX/physx/source/simulationcontroller/include/ScScene.h:222:15: warning: ‘physx::Sc::Scene’ has a field ‘physx::Sc::Scene::mOverlapCreatedTaskHead’ whose type uses the anonymous namespace [-Wsubobject-linkage]
/public/home/tangwsh/PhysX/physx/source/simulationcontroller/include/ScScene.h:222:15: warning: ‘physx::Sc::Scene’ has a field ‘physx::Sc::Scene::mIslandInsertionTaskHead’ whose type uses the anonymous namespace [-Wsubobject-linkage]
[ 47%] Building CXX object CMakeFiles/SimulationController.dir/public/home/tangwsh/PhysX/physx/source/simulationcontroller/src/ScStaticCore.cpp.o
[ 47%] Building CXX object CMakeFiles/SimulationController.dir/public/home/tangwsh/PhysX/physx/source/simulationcontroller/src/ScTriggerInteraction.cpp.o
In file included from /public/home/tangwsh/PhysX/physx/include/foundation/PxFoundationConfig.h:32,
                 from /public/home/tangwsh/PhysX/physx/include/foundation/PxAllocatorCallback.h:33,
                 from /public/home/tangwsh/PhysX/physx/include/foundation/PxAllocator.h:32,
                 from /public/home/tangwsh/PhysX/physx/include/foundation/PxUserAllocated.h:32,
                 from /public/home/tangwsh/PhysX/physx/source/simulationcontroller/src/ScActorSim.h:32,
                 from /public/home/tangwsh/PhysX/physx/source/simulationcontroller/src/ScInteraction.h:33,
                 from /public/home/tangwsh/PhysX/physx/source/simulationcontroller/src/ScElementSimInteraction.h:32,
                 from /public/home/tangwsh/PhysX/physx/source/simulationcontroller/src/ScTriggerInteraction.h:32,
                 from /public/home/tangwsh/PhysX/physx/source/simulationcontroller/src/ScTriggerInteraction.cpp:29:
/public/home/tangwsh/PhysX/physx/source/geomutils/src/GuGeometryChecks.h:93:37: warning: ‘offsetof’ within non-standard-layout type ‘physx::PxCapsuleGeometry’ is conditionally-supported [-Winvalid-offsetof]
   93 | PX_COMPILE_TIME_ASSERT(PX_OFFSET_OF(physx::PxCapsuleGeometry, radius) == PX_OFFSET_OF(physx::PxSphereGeometry, radius));
/public/home/tangwsh/PhysX/physx/include/foundation/PxPreprocessor.h:430:51: note: in definition of macro ‘PX_COMPILE_TIME_ASSERT’
  430 | #define PX_COMPILE_TIME_ASSERT(exp) static_assert(exp, "")
      |                                                   ^~~
/public/home/tangwsh/PhysX/physx/source/geomutils/src/GuGeometryChecks.h:93:24: note: in expansion of macro ‘PX_OFFSET_OF’
   93 | PX_COMPILE_TIME_ASSERT(PX_OFFSET_OF(physx::PxCapsuleGeometry, radius) == PX_OFFSET_OF(physx::PxSphereGeometry, radius));
      |                        ^~~~~~~~~~~~
/public/home/tangwsh/PhysX/physx/source/geomutils/src/GuGeometryChecks.h:93:87: warning: ‘offsetof’ within non-standard-layout type ‘physx::PxSphereGeometry’ is conditionally-supported [-Winvalid-offsetof]
   93 | PX_COMPILE_TIME_ASSERT(PX_OFFSET_OF(physx::PxCapsuleGeometry, radius) == PX_OFFSET_OF(physx::PxSphereGeometry, radius));
/public/home/tangwsh/PhysX/physx/include/foundation/PxPreprocessor.h:430:51: note: in definition of macro ‘PX_COMPILE_TIME_ASSERT’
  430 | #define PX_COMPILE_TIME_ASSERT(exp) static_assert(exp, "")
      |                                                   ^~~
/public/home/tangwsh/PhysX/physx/source/geomutils/src/GuGeometryChecks.h:93:74: note: in expansion of macro ‘PX_OFFSET_OF’
   93 | PX_COMPILE_TIME_ASSERT(PX_OFFSET_OF(physx::PxCapsuleGeometry, radius) == PX_OFFSET_OF(physx::PxSphereGeometry, radius));
      |                                                                          ^~~~~~~~~~~~
In file included from /public/home/tangwsh/PhysX/physx/source/simulationcontroller/src/ScElementSim.h:38,
                 from /public/home/tangwsh/PhysX/physx/source/simulationcontroller/src/ScElementSimInteraction.h:33,
                 from /public/home/tangwsh/PhysX/physx/source/simulationcontroller/src/ScTriggerInteraction.h:32,
                 from /public/home/tangwsh/PhysX/physx/source/simulationcontroller/src/ScTriggerInteraction.cpp:29:
/public/home/tangwsh/PhysX/physx/source/simulationcontroller/include/ScScene.h:222:15: warning: ‘physx::Sc::Scene’ has a field ‘physx::Sc::Scene::mOverlapFilterTaskHead’ whose type uses the anonymous namespace [-Wsubobject-linkage]
  222 |         class Scene : public PxUserAllocated
      |               ^~~~~
/public/home/tangwsh/PhysX/physx/source/simulationcontroller/include/ScScene.h:222:15: warning: ‘physx::Sc::Scene’ has a field ‘physx::Sc::Scene::mOverlapCreatedTaskHead’ whose type uses the anonymous namespace [-Wsubobject-linkage]
/public/home/tangwsh/PhysX/physx/source/simulationcontroller/include/ScScene.h:222:15: warning: ‘physx::Sc::Scene’ has a field ‘physx::Sc::Scene::mIslandInsertionTaskHead’ whose type uses the anonymous namespace [-Wsubobject-linkage]
[ 48%] Building CXX object CMakeFiles/SimulationController.dir/public/home/tangwsh/PhysX/physx/source/simulationcontroller/src/ScVisualize.cpp.o
In file included from /public/home/tangwsh/PhysX/physx/include/foundation/PxSimpleTypes.h:36,
                 from /public/home/tangwsh/PhysX/physx/include/common/PxPhysXCommonConfig.h:32,
                 from /public/home/tangwsh/PhysX/physx/include/PxPhysXConfig.h:35,
                 from /public/home/tangwsh/PhysX/physx/source/simulationcontroller/include/ScScene.h:32,
                 from /public/home/tangwsh/PhysX/physx/source/simulationcontroller/src/ScVisualize.cpp:29:
/public/home/tangwsh/PhysX/physx/source/geomutils/src/GuGeometryChecks.h:93:37: warning: ‘offsetof’ within non-standard-layout type ‘physx::PxCapsuleGeometry’ is conditionally-supported [-Winvalid-offsetof]
   93 | PX_COMPILE_TIME_ASSERT(PX_OFFSET_OF(physx::PxCapsuleGeometry, radius) == PX_OFFSET_OF(physx::PxSphereGeometry, radius));
/public/home/tangwsh/PhysX/physx/include/foundation/PxPreprocessor.h:430:51: note: in definition of macro ‘PX_COMPILE_TIME_ASSERT’
  430 | #define PX_COMPILE_TIME_ASSERT(exp) static_assert(exp, "")
      |                                                   ^~~
/public/home/tangwsh/PhysX/physx/source/geomutils/src/GuGeometryChecks.h:93:24: note: in expansion of macro ‘PX_OFFSET_OF’
   93 | PX_COMPILE_TIME_ASSERT(PX_OFFSET_OF(physx::PxCapsuleGeometry, radius) == PX_OFFSET_OF(physx::PxSphereGeometry, radius));
      |                        ^~~~~~~~~~~~
/public/home/tangwsh/PhysX/physx/source/geomutils/src/GuGeometryChecks.h:93:87: warning: ‘offsetof’ within non-standard-layout type ‘physx::PxSphereGeometry’ is conditionally-supported [-Winvalid-offsetof]
   93 | PX_COMPILE_TIME_ASSERT(PX_OFFSET_OF(physx::PxCapsuleGeometry, radius) == PX_OFFSET_OF(physx::PxSphereGeometry, radius));
/public/home/tangwsh/PhysX/physx/include/foundation/PxPreprocessor.h:430:51: note: in definition of macro ‘PX_COMPILE_TIME_ASSERT’
  430 | #define PX_COMPILE_TIME_ASSERT(exp) static_assert(exp, "")
      |                                                   ^~~
/public/home/tangwsh/PhysX/physx/source/geomutils/src/GuGeometryChecks.h:93:74: note: in expansion of macro ‘PX_OFFSET_OF’
   93 | PX_COMPILE_TIME_ASSERT(PX_OFFSET_OF(physx::PxCapsuleGeometry, radius) == PX_OFFSET_OF(physx::PxSphereGeometry, radius));
      |                                                                          ^~~~~~~~~~~~
In file included from /public/home/tangwsh/PhysX/physx/source/simulationcontroller/src/ScVisualize.cpp:29:
/public/home/tangwsh/PhysX/physx/source/simulationcontroller/include/ScScene.h:222:15: warning: ‘physx::Sc::Scene’ has a field ‘physx::Sc::Scene::mOverlapFilterTaskHead’ whose type uses the anonymous namespace [-Wsubobject-linkage]
  222 |         class Scene : public PxUserAllocated
      |               ^~~~~
/public/home/tangwsh/PhysX/physx/source/simulationcontroller/include/ScScene.h:222:15: warning: ‘physx::Sc::Scene’ has a field ‘physx::Sc::Scene::mOverlapCreatedTaskHead’ whose type uses the anonymous namespace [-Wsubobject-linkage]
/public/home/tangwsh/PhysX/physx/source/simulationcontroller/include/ScScene.h:222:15: warning: ‘physx::Sc::Scene’ has a field ‘physx::Sc::Scene::mIslandInsertionTaskHead’ whose type uses the anonymous namespace [-Wsubobject-linkage]
[ 48%] Linking CXX static library libSimulationController.a
[ 48%] Built target SimulationController
[ 49%] Building CXX object CMakeFiles/PhysXTask.dir/public/home/tangwsh/PhysX/physx/source/task/src/TaskManager.cpp.o
[ 49%] Linking CXX static library libPhysXTask.a
[ 49%] Built target PhysXTask
[ 49%] Building CXX object CMakeFiles/PhysXSDK.dir/public/home/tangwsh/PhysX/physx/source/physx/src/NpActor.cpp.o
In file included from /public/home/tangwsh/PhysX/physx/include/foundation/PxSimpleTypes.h:36,
                 from /public/home/tangwsh/PhysX/physx/include/common/PxPhysXCommonConfig.h:32,
                 from /public/home/tangwsh/PhysX/physx/include/common/PxSerialFramework.h:33,
                 from /public/home/tangwsh/PhysX/physx/source/physx/src/NpConnector.h:32,
                 from /public/home/tangwsh/PhysX/physx/source/physx/src/NpActor.h:32,
                 from /public/home/tangwsh/PhysX/physx/source/physx/src/NpActor.cpp:29:
/public/home/tangwsh/PhysX/physx/source/geomutils/src/GuGeometryChecks.h:93:37: warning: ‘offsetof’ within non-standard-layout type ‘physx::PxCapsuleGeometry’ is conditionally-supported [-Winvalid-offsetof]
   93 | PX_COMPILE_TIME_ASSERT(PX_OFFSET_OF(physx::PxCapsuleGeometry, radius) == PX_OFFSET_OF(physx::PxSphereGeometry, radius));
/public/home/tangwsh/PhysX/physx/include/foundation/PxPreprocessor.h:430:51: note: in definition of macro ‘PX_COMPILE_TIME_ASSERT’
  430 | #define PX_COMPILE_TIME_ASSERT(exp) static_assert(exp, "")
      |                                                   ^~~
/public/home/tangwsh/PhysX/physx/source/geomutils/src/GuGeometryChecks.h:93:24: note: in expansion of macro ‘PX_OFFSET_OF’
   93 | PX_COMPILE_TIME_ASSERT(PX_OFFSET_OF(physx::PxCapsuleGeometry, radius) == PX_OFFSET_OF(physx::PxSphereGeometry, radius));
      |                        ^~~~~~~~~~~~
/public/home/tangwsh/PhysX/physx/source/geomutils/src/GuGeometryChecks.h:93:87: warning: ‘offsetof’ within non-standard-layout type ‘physx::PxSphereGeometry’ is conditionally-supported [-Winvalid-offsetof]
   93 | PX_COMPILE_TIME_ASSERT(PX_OFFSET_OF(physx::PxCapsuleGeometry, radius) == PX_OFFSET_OF(physx::PxSphereGeometry, radius));
/public/home/tangwsh/PhysX/physx/include/foundation/PxPreprocessor.h:430:51: note: in definition of macro ‘PX_COMPILE_TIME_ASSERT’
  430 | #define PX_COMPILE_TIME_ASSERT(exp) static_assert(exp, "")
      |                                                   ^~~
/public/home/tangwsh/PhysX/physx/source/geomutils/src/GuGeometryChecks.h:93:74: note: in expansion of macro ‘PX_OFFSET_OF’
   93 | PX_COMPILE_TIME_ASSERT(PX_OFFSET_OF(physx::PxCapsuleGeometry, radius) == PX_OFFSET_OF(physx::PxSphereGeometry, radius));
      |                                                                          ^~~~~~~~~~~~
In file included from /public/home/tangwsh/PhysX/physx/source/physx/src/NpScene.h:63,
                 from /public/home/tangwsh/PhysX/physx/source/physx/src/NpBase.h:33,
                 from /public/home/tangwsh/PhysX/physx/source/physx/src/NpActor.h:33,
                 from /public/home/tangwsh/PhysX/physx/source/physx/src/NpActor.cpp:29:
/public/home/tangwsh/PhysX/physx/source/simulationcontroller/include/ScScene.h:222:15: warning: ‘physx::Sc::Scene’ has a field ‘physx::Sc::Scene::mOverlapFilterTaskHead’ whose type uses the anonymous namespace [-Wsubobject-linkage]
  222 |         class Scene : public PxUserAllocated
      |               ^~~~~
/public/home/tangwsh/PhysX/physx/source/simulationcontroller/include/ScScene.h:222:15: warning: ‘physx::Sc::Scene’ has a field ‘physx::Sc::Scene::mOverlapCreatedTaskHead’ whose type uses the anonymous namespace [-Wsubobject-linkage]
/public/home/tangwsh/PhysX/physx/source/simulationcontroller/include/ScScene.h:222:15: warning: ‘physx::Sc::Scene’ has a field ‘physx::Sc::Scene::mIslandInsertionTaskHead’ whose type uses the anonymous namespace [-Wsubobject-linkage]
[ 50%] Building CXX object CMakeFiles/PhysXSDK.dir/public/home/tangwsh/PhysX/physx/source/physx/src/NpAggregate.cpp.o
In file included from /public/home/tangwsh/PhysX/physx/include/foundation/PxSimpleTypes.h:36,
                 from /public/home/tangwsh/PhysX/physx/include/common/PxPhysXCommonConfig.h:32,
                 from /public/home/tangwsh/PhysX/physx/include/PxPhysXConfig.h:35,
                 from /public/home/tangwsh/PhysX/physx/include/PxAggregate.h:32,
                 from /public/home/tangwsh/PhysX/physx/source/physx/src/NpAggregate.h:32,
                 from /public/home/tangwsh/PhysX/physx/source/physx/src/NpAggregate.cpp:29:
/public/home/tangwsh/PhysX/physx/source/geomutils/src/GuGeometryChecks.h:93:37: warning: ‘offsetof’ within non-standard-layout type ‘physx::PxCapsuleGeometry’ is conditionally-supported [-Winvalid-offsetof]
   93 | PX_COMPILE_TIME_ASSERT(PX_OFFSET_OF(physx::PxCapsuleGeometry, radius) == PX_OFFSET_OF(physx::PxSphereGeometry, radius));
/public/home/tangwsh/PhysX/physx/include/foundation/PxPreprocessor.h:430:51: note: in definition of macro ‘PX_COMPILE_TIME_ASSERT’
  430 | #define PX_COMPILE_TIME_ASSERT(exp) static_assert(exp, "")
      |                                                   ^~~
/public/home/tangwsh/PhysX/physx/source/geomutils/src/GuGeometryChecks.h:93:24: note: in expansion of macro ‘PX_OFFSET_OF’
   93 | PX_COMPILE_TIME_ASSERT(PX_OFFSET_OF(physx::PxCapsuleGeometry, radius) == PX_OFFSET_OF(physx::PxSphereGeometry, radius));
      |                        ^~~~~~~~~~~~
/public/home/tangwsh/PhysX/physx/source/geomutils/src/GuGeometryChecks.h:93:87: warning: ‘offsetof’ within non-standard-layout type ‘physx::PxSphereGeometry’ is conditionally-supported [-Winvalid-offsetof]
   93 | PX_COMPILE_TIME_ASSERT(PX_OFFSET_OF(physx::PxCapsuleGeometry, radius) == PX_OFFSET_OF(physx::PxSphereGeometry, radius));
/public/home/tangwsh/PhysX/physx/include/foundation/PxPreprocessor.h:430:51: note: in definition of macro ‘PX_COMPILE_TIME_ASSERT’
  430 | #define PX_COMPILE_TIME_ASSERT(exp) static_assert(exp, "")
      |                                                   ^~~
/public/home/tangwsh/PhysX/physx/source/geomutils/src/GuGeometryChecks.h:93:74: note: in expansion of macro ‘PX_OFFSET_OF’
   93 | PX_COMPILE_TIME_ASSERT(PX_OFFSET_OF(physx::PxCapsuleGeometry, radius) == PX_OFFSET_OF(physx::PxSphereGeometry, radius));
      |                                                                          ^~~~~~~~~~~~
In file included from /public/home/tangwsh/PhysX/physx/source/physx/src/NpScene.h:63,
                 from /public/home/tangwsh/PhysX/physx/source/physx/src/NpBase.h:33,
                 from /public/home/tangwsh/PhysX/physx/source/physx/src/NpAggregate.h:33,
                 from /public/home/tangwsh/PhysX/physx/source/physx/src/NpAggregate.cpp:29:
/public/home/tangwsh/PhysX/physx/source/simulationcontroller/include/ScScene.h:222:15: warning: ‘physx::Sc::Scene’ has a field ‘physx::Sc::Scene::mOverlapFilterTaskHead’ whose type uses the anonymous namespace [-Wsubobject-linkage]
  222 |         class Scene : public PxUserAllocated
      |               ^~~~~
/public/home/tangwsh/PhysX/physx/source/simulationcontroller/include/ScScene.h:222:15: warning: ‘physx::Sc::Scene’ has a field ‘physx::Sc::Scene::mOverlapCreatedTaskHead’ whose type uses the anonymous namespace [-Wsubobject-linkage]
/public/home/tangwsh/PhysX/physx/source/simulationcontroller/include/ScScene.h:222:15: warning: ‘physx::Sc::Scene’ has a field ‘physx::Sc::Scene::mIslandInsertionTaskHead’ whose type uses the anonymous namespace [-Wsubobject-linkage]
[ 50%] Building CXX object CMakeFiles/PhysXSDK.dir/public/home/tangwsh/PhysX/physx/source/physx/src/NpArticulationJointReducedCoordinate.cpp.o
In file included from /public/home/tangwsh/PhysX/physx/include/foundation/PxSimpleTypes.h:36,
                 from /public/home/tangwsh/PhysX/physx/source/physx/src/NpCheck.h:32,
                 from /public/home/tangwsh/PhysX/physx/source/physx/src/NpArticulationJointReducedCoordinate.cpp:29:
/public/home/tangwsh/PhysX/physx/source/geomutils/src/GuGeometryChecks.h:93:37: warning: ‘offsetof’ within non-standard-layout type ‘physx::PxCapsuleGeometry’ is conditionally-supported [-Winvalid-offsetof]
   93 | PX_COMPILE_TIME_ASSERT(PX_OFFSET_OF(physx::PxCapsuleGeometry, radius) == PX_OFFSET_OF(physx::PxSphereGeometry, radius));
/public/home/tangwsh/PhysX/physx/include/foundation/PxPreprocessor.h:430:51: note: in definition of macro ‘PX_COMPILE_TIME_ASSERT’
  430 | #define PX_COMPILE_TIME_ASSERT(exp) static_assert(exp, "")
      |                                                   ^~~
/public/home/tangwsh/PhysX/physx/source/geomutils/src/GuGeometryChecks.h:93:24: note: in expansion of macro ‘PX_OFFSET_OF’
   93 | PX_COMPILE_TIME_ASSERT(PX_OFFSET_OF(physx::PxCapsuleGeometry, radius) == PX_OFFSET_OF(physx::PxSphereGeometry, radius));
      |                        ^~~~~~~~~~~~
/public/home/tangwsh/PhysX/physx/source/geomutils/src/GuGeometryChecks.h:93:87: warning: ‘offsetof’ within non-standard-layout type ‘physx::PxSphereGeometry’ is conditionally-supported [-Winvalid-offsetof]
   93 | PX_COMPILE_TIME_ASSERT(PX_OFFSET_OF(physx::PxCapsuleGeometry, radius) == PX_OFFSET_OF(physx::PxSphereGeometry, radius));
/public/home/tangwsh/PhysX/physx/include/foundation/PxPreprocessor.h:430:51: note: in definition of macro ‘PX_COMPILE_TIME_ASSERT’
  430 | #define PX_COMPILE_TIME_ASSERT(exp) static_assert(exp, "")
      |                                                   ^~~
/public/home/tangwsh/PhysX/physx/source/geomutils/src/GuGeometryChecks.h:93:74: note: in expansion of macro ‘PX_OFFSET_OF’
   93 | PX_COMPILE_TIME_ASSERT(PX_OFFSET_OF(physx::PxCapsuleGeometry, radius) == PX_OFFSET_OF(physx::PxSphereGeometry, radius));
      |                                                                          ^~~~~~~~~~~~
In file included from /public/home/tangwsh/PhysX/physx/source/physx/src/NpScene.h:63,
                 from /public/home/tangwsh/PhysX/physx/source/physx/src/NpBase.h:33,
                 from /public/home/tangwsh/PhysX/physx/source/physx/src/NpActor.h:33,
                 from /public/home/tangwsh/PhysX/physx/source/physx/src/NpActorTemplate.h:33,
                 from /public/home/tangwsh/PhysX/physx/source/physx/src/NpRigidActorTemplate.h:32,
                 from /public/home/tangwsh/PhysX/physx/source/physx/src/NpRigidBodyTemplate.h:32,
                 from /public/home/tangwsh/PhysX/physx/source/physx/src/NpArticulationLink.h:32,
                 from /public/home/tangwsh/PhysX/physx/source/physx/src/NpArticulationJointReducedCoordinate.h:34,
                 from /public/home/tangwsh/PhysX/physx/source/physx/src/NpArticulationJointReducedCoordinate.cpp:30:
/public/home/tangwsh/PhysX/physx/source/simulationcontroller/include/ScScene.h:222:15: warning: ‘physx::Sc::Scene’ has a field ‘physx::Sc::Scene::mOverlapFilterTaskHead’ whose type uses the anonymous namespace [-Wsubobject-linkage]
  222 |         class Scene : public PxUserAllocated
      |               ^~~~~
/public/home/tangwsh/PhysX/physx/source/simulationcontroller/include/ScScene.h:222:15: warning: ‘physx::Sc::Scene’ has a field ‘physx::Sc::Scene::mOverlapCreatedTaskHead’ whose type uses the anonymous namespace [-Wsubobject-linkage]
/public/home/tangwsh/PhysX/physx/source/simulationcontroller/include/ScScene.h:222:15: warning: ‘physx::Sc::Scene’ has a field ‘physx::Sc::Scene::mIslandInsertionTaskHead’ whose type uses the anonymous namespace [-Wsubobject-linkage]
[ 50%] Building CXX object CMakeFiles/PhysXSDK.dir/public/home/tangwsh/PhysX/physx/source/physx/src/NpArticulationLink.cpp.o
In file included from /public/home/tangwsh/PhysX/physx/include/foundation/PxSimpleTypes.h:36,
                 from /public/home/tangwsh/PhysX/physx/include/common/PxPhysXCommonConfig.h:32,
                 from /public/home/tangwsh/PhysX/physx/include/PxPhysXConfig.h:35,
                 from /public/home/tangwsh/PhysX/physx/include/PxArticulationReducedCoordinate.h:32,
                 from /public/home/tangwsh/PhysX/physx/source/physx/src/NpArticulationReducedCoordinate.h:32,
                 from /public/home/tangwsh/PhysX/physx/source/physx/src/NpArticulationLink.cpp:29:
/public/home/tangwsh/PhysX/physx/source/geomutils/src/GuGeometryChecks.h:93:37: warning: ‘offsetof’ within non-standard-layout type ‘physx::PxCapsuleGeometry’ is conditionally-supported [-Winvalid-offsetof]
   93 | PX_COMPILE_TIME_ASSERT(PX_OFFSET_OF(physx::PxCapsuleGeometry, radius) == PX_OFFSET_OF(physx::PxSphereGeometry, radius));
/public/home/tangwsh/PhysX/physx/include/foundation/PxPreprocessor.h:430:51: note: in definition of macro ‘PX_COMPILE_TIME_ASSERT’
  430 | #define PX_COMPILE_TIME_ASSERT(exp) static_assert(exp, "")
      |                                                   ^~~
/public/home/tangwsh/PhysX/physx/source/geomutils/src/GuGeometryChecks.h:93:24: note: in expansion of macro ‘PX_OFFSET_OF’
   93 | PX_COMPILE_TIME_ASSERT(PX_OFFSET_OF(physx::PxCapsuleGeometry, radius) == PX_OFFSET_OF(physx::PxSphereGeometry, radius));
      |                        ^~~~~~~~~~~~
/public/home/tangwsh/PhysX/physx/source/geomutils/src/GuGeometryChecks.h:93:87: warning: ‘offsetof’ within non-standard-layout type ‘physx::PxSphereGeometry’ is conditionally-supported [-Winvalid-offsetof]
   93 | PX_COMPILE_TIME_ASSERT(PX_OFFSET_OF(physx::PxCapsuleGeometry, radius) == PX_OFFSET_OF(physx::PxSphereGeometry, radius));
/public/home/tangwsh/PhysX/physx/include/foundation/PxPreprocessor.h:430:51: note: in definition of macro ‘PX_COMPILE_TIME_ASSERT’
  430 | #define PX_COMPILE_TIME_ASSERT(exp) static_assert(exp, "")
      |                                                   ^~~
/public/home/tangwsh/PhysX/physx/source/geomutils/src/GuGeometryChecks.h:93:74: note: in expansion of macro ‘PX_OFFSET_OF’
   93 | PX_COMPILE_TIME_ASSERT(PX_OFFSET_OF(physx::PxCapsuleGeometry, radius) == PX_OFFSET_OF(physx::PxSphereGeometry, radius));
      |                                                                          ^~~~~~~~~~~~
In file included from /public/home/tangwsh/PhysX/physx/source/physx/src/NpScene.h:63,
                 from /public/home/tangwsh/PhysX/physx/source/physx/src/NpBase.h:33,
                 from /public/home/tangwsh/PhysX/physx/source/physx/src/NpActor.h:33,
                 from /public/home/tangwsh/PhysX/physx/source/physx/src/NpActorTemplate.h:33,
                 from /public/home/tangwsh/PhysX/physx/source/physx/src/NpRigidActorTemplate.h:32,
                 from /public/home/tangwsh/PhysX/physx/source/physx/src/NpRigidBodyTemplate.h:32,
                 from /public/home/tangwsh/PhysX/physx/source/physx/src/NpArticulationLink.h:32,
                 from /public/home/tangwsh/PhysX/physx/source/physx/src/NpArticulationReducedCoordinate.h:41,
                 from /public/home/tangwsh/PhysX/physx/source/physx/src/NpArticulationLink.cpp:29:
/public/home/tangwsh/PhysX/physx/source/simulationcontroller/include/ScScene.h:222:15: warning: ‘physx::Sc::Scene’ has a field ‘physx::Sc::Scene::mOverlapFilterTaskHead’ whose type uses the anonymous namespace [-Wsubobject-linkage]
  222 |         class Scene : public PxUserAllocated
      |               ^~~~~
/public/home/tangwsh/PhysX/physx/source/simulationcontroller/include/ScScene.h:222:15: warning: ‘physx::Sc::Scene’ has a field ‘physx::Sc::Scene::mOverlapCreatedTaskHead’ whose type uses the anonymous namespace [-Wsubobject-linkage]
/public/home/tangwsh/PhysX/physx/source/simulationcontroller/include/ScScene.h:222:15: warning: ‘physx::Sc::Scene’ has a field ‘physx::Sc::Scene::mIslandInsertionTaskHead’ whose type uses the anonymous namespace [-Wsubobject-linkage]
[ 51%] Building CXX object CMakeFiles/PhysXSDK.dir/public/home/tangwsh/PhysX/physx/source/physx/src/NpArticulationMimicJoint.cpp.o
In file included from /public/home/tangwsh/PhysX/physx/include/foundation/PxSimpleTypes.h:36,
                 from /public/home/tangwsh/PhysX/physx/include/common/PxPhysXCommonConfig.h:32,
                 from /public/home/tangwsh/PhysX/physx/include/PxPhysXConfig.h:35,
                 from /public/home/tangwsh/PhysX/physx/include/PxArticulationReducedCoordinate.h:32,
                 from /public/home/tangwsh/PhysX/physx/source/physx/src/NpArticulationMimicJoint.h:29,
                 from /public/home/tangwsh/PhysX/physx/source/physx/src/NpArticulationMimicJoint.cpp:29:
/public/home/tangwsh/PhysX/physx/source/geomutils/src/GuGeometryChecks.h:93:37: warning: ‘offsetof’ within non-standard-layout type ‘physx::PxCapsuleGeometry’ is conditionally-supported [-Winvalid-offsetof]
   93 | PX_COMPILE_TIME_ASSERT(PX_OFFSET_OF(physx::PxCapsuleGeometry, radius) == PX_OFFSET_OF(physx::PxSphereGeometry, radius));
/public/home/tangwsh/PhysX/physx/include/foundation/PxPreprocessor.h:430:51: note: in definition of macro ‘PX_COMPILE_TIME_ASSERT’
  430 | #define PX_COMPILE_TIME_ASSERT(exp) static_assert(exp, "")
      |                                                   ^~~
/public/home/tangwsh/PhysX/physx/source/geomutils/src/GuGeometryChecks.h:93:24: note: in expansion of macro ‘PX_OFFSET_OF’
   93 | PX_COMPILE_TIME_ASSERT(PX_OFFSET_OF(physx::PxCapsuleGeometry, radius) == PX_OFFSET_OF(physx::PxSphereGeometry, radius));
      |                        ^~~~~~~~~~~~
/public/home/tangwsh/PhysX/physx/source/geomutils/src/GuGeometryChecks.h:93:87: warning: ‘offsetof’ within non-standard-layout type ‘physx::PxSphereGeometry’ is conditionally-supported [-Winvalid-offsetof]
   93 | PX_COMPILE_TIME_ASSERT(PX_OFFSET_OF(physx::PxCapsuleGeometry, radius) == PX_OFFSET_OF(physx::PxSphereGeometry, radius));
/public/home/tangwsh/PhysX/physx/include/foundation/PxPreprocessor.h:430:51: note: in definition of macro ‘PX_COMPILE_TIME_ASSERT’
  430 | #define PX_COMPILE_TIME_ASSERT(exp) static_assert(exp, "")
      |                                                   ^~~
/public/home/tangwsh/PhysX/physx/source/geomutils/src/GuGeometryChecks.h:93:74: note: in expansion of macro ‘PX_OFFSET_OF’
   93 | PX_COMPILE_TIME_ASSERT(PX_OFFSET_OF(physx::PxCapsuleGeometry, radius) == PX_OFFSET_OF(physx::PxSphereGeometry, radius));
      |                                                                          ^~~~~~~~~~~~
In file included from /public/home/tangwsh/PhysX/physx/source/physx/src/NpScene.h:63,
                 from /public/home/tangwsh/PhysX/physx/source/physx/src/NpBase.h:33,
                 from /public/home/tangwsh/PhysX/physx/source/physx/src/NpArticulationMimicJoint.h:34,
                 from /public/home/tangwsh/PhysX/physx/source/physx/src/NpArticulationMimicJoint.cpp:29:
/public/home/tangwsh/PhysX/physx/source/simulationcontroller/include/ScScene.h:222:15: warning: ‘physx::Sc::Scene’ has a field ‘physx::Sc::Scene::mOverlapFilterTaskHead’ whose type uses the anonymous namespace [-Wsubobject-linkage]
  222 |         class Scene : public PxUserAllocated
      |               ^~~~~
/public/home/tangwsh/PhysX/physx/source/simulationcontroller/include/ScScene.h:222:15: warning: ‘physx::Sc::Scene’ has a field ‘physx::Sc::Scene::mOverlapCreatedTaskHead’ whose type uses the anonymous namespace [-Wsubobject-linkage]
/public/home/tangwsh/PhysX/physx/source/simulationcontroller/include/ScScene.h:222:15: warning: ‘physx::Sc::Scene’ has a field ‘physx::Sc::Scene::mIslandInsertionTaskHead’ whose type uses the anonymous namespace [-Wsubobject-linkage]
[ 51%] Building CXX object CMakeFiles/PhysXSDK.dir/public/home/tangwsh/PhysX/physx/source/physx/src/NpArticulationReducedCoordinate.cpp.o
In file included from /public/home/tangwsh/PhysX/physx/include/foundation/PxSimpleTypes.h:36,
                 from /public/home/tangwsh/PhysX/physx/include/common/PxPhysXCommonConfig.h:32,
                 from /public/home/tangwsh/PhysX/physx/include/PxPhysXConfig.h:35,
                 from /public/home/tangwsh/PhysX/physx/include/PxArticulationReducedCoordinate.h:32,
                 from /public/home/tangwsh/PhysX/physx/source/physx/src/NpArticulationReducedCoordinate.h:32,
                 from /public/home/tangwsh/PhysX/physx/source/physx/src/NpArticulationReducedCoordinate.cpp:29:
/public/home/tangwsh/PhysX/physx/source/geomutils/src/GuGeometryChecks.h:93:37: warning: ‘offsetof’ within non-standard-layout type ‘physx::PxCapsuleGeometry’ is conditionally-supported [-Winvalid-offsetof]
   93 | PX_COMPILE_TIME_ASSERT(PX_OFFSET_OF(physx::PxCapsuleGeometry, radius) == PX_OFFSET_OF(physx::PxSphereGeometry, radius));
/public/home/tangwsh/PhysX/physx/include/foundation/PxPreprocessor.h:430:51: note: in definition of macro ‘PX_COMPILE_TIME_ASSERT’
  430 | #define PX_COMPILE_TIME_ASSERT(exp) static_assert(exp, "")
      |                                                   ^~~
/public/home/tangwsh/PhysX/physx/source/geomutils/src/GuGeometryChecks.h:93:24: note: in expansion of macro ‘PX_OFFSET_OF’
   93 | PX_COMPILE_TIME_ASSERT(PX_OFFSET_OF(physx::PxCapsuleGeometry, radius) == PX_OFFSET_OF(physx::PxSphereGeometry, radius));
      |                        ^~~~~~~~~~~~
/public/home/tangwsh/PhysX/physx/source/geomutils/src/GuGeometryChecks.h:93:87: warning: ‘offsetof’ within non-standard-layout type ‘physx::PxSphereGeometry’ is conditionally-supported [-Winvalid-offsetof]
   93 | PX_COMPILE_TIME_ASSERT(PX_OFFSET_OF(physx::PxCapsuleGeometry, radius) == PX_OFFSET_OF(physx::PxSphereGeometry, radius));
/public/home/tangwsh/PhysX/physx/include/foundation/PxPreprocessor.h:430:51: note: in definition of macro ‘PX_COMPILE_TIME_ASSERT’
  430 | #define PX_COMPILE_TIME_ASSERT(exp) static_assert(exp, "")
      |                                                   ^~~
/public/home/tangwsh/PhysX/physx/source/geomutils/src/GuGeometryChecks.h:93:74: note: in expansion of macro ‘PX_OFFSET_OF’
   93 | PX_COMPILE_TIME_ASSERT(PX_OFFSET_OF(physx::PxCapsuleGeometry, radius) == PX_OFFSET_OF(physx::PxSphereGeometry, radius));
      |                                                                          ^~~~~~~~~~~~
In file included from /public/home/tangwsh/PhysX/physx/source/physx/src/NpScene.h:63,
                 from /public/home/tangwsh/PhysX/physx/source/physx/src/NpBase.h:33,
                 from /public/home/tangwsh/PhysX/physx/source/physx/src/NpActor.h:33,
                 from /public/home/tangwsh/PhysX/physx/source/physx/src/NpActorTemplate.h:33,
                 from /public/home/tangwsh/PhysX/physx/source/physx/src/NpRigidActorTemplate.h:32,
                 from /public/home/tangwsh/PhysX/physx/source/physx/src/NpRigidBodyTemplate.h:32,
                 from /public/home/tangwsh/PhysX/physx/source/physx/src/NpArticulationLink.h:32,
                 from /public/home/tangwsh/PhysX/physx/source/physx/src/NpArticulationReducedCoordinate.h:41,
                 from /public/home/tangwsh/PhysX/physx/source/physx/src/NpArticulationReducedCoordinate.cpp:29:
/public/home/tangwsh/PhysX/physx/source/simulationcontroller/include/ScScene.h:222:15: warning: ‘physx::Sc::Scene’ has a field ‘physx::Sc::Scene::mOverlapFilterTaskHead’ whose type uses the anonymous namespace [-Wsubobject-linkage]
  222 |         class Scene : public PxUserAllocated
      |               ^~~~~
/public/home/tangwsh/PhysX/physx/source/simulationcontroller/include/ScScene.h:222:15: warning: ‘physx::Sc::Scene’ has a field ‘physx::Sc::Scene::mOverlapCreatedTaskHead’ whose type uses the anonymous namespace [-Wsubobject-linkage]
/public/home/tangwsh/PhysX/physx/source/simulationcontroller/include/ScScene.h:222:15: warning: ‘physx::Sc::Scene’ has a field ‘physx::Sc::Scene::mIslandInsertionTaskHead’ whose type uses the anonymous namespace [-Wsubobject-linkage]
[ 51%] Building CXX object CMakeFiles/PhysXSDK.dir/public/home/tangwsh/PhysX/physx/source/physx/src/NpArticulationTendon.cpp.o
In file included from /public/home/tangwsh/PhysX/physx/include/foundation/PxFoundationConfig.h:32,
                 from /public/home/tangwsh/PhysX/physx/include/foundation/PxAssert.h:33,
                 from /public/home/tangwsh/PhysX/physx/include/foundation/PxArray.h:32,
                 from /public/home/tangwsh/PhysX/physx/include/foundation/PxInlineArray.h:32,
                 from /public/home/tangwsh/PhysX/physx/source/physx/src/NpArticulationTendon.h:32,
                 from /public/home/tangwsh/PhysX/physx/source/physx/src/NpArticulationTendon.cpp:29:
/public/home/tangwsh/PhysX/physx/source/geomutils/src/GuGeometryChecks.h:93:37: warning: ‘offsetof’ within non-standard-layout type ‘physx::PxCapsuleGeometry’ is conditionally-supported [-Winvalid-offsetof]
   93 | PX_COMPILE_TIME_ASSERT(PX_OFFSET_OF(physx::PxCapsuleGeometry, radius) == PX_OFFSET_OF(physx::PxSphereGeometry, radius));
/public/home/tangwsh/PhysX/physx/include/foundation/PxPreprocessor.h:430:51: note: in definition of macro ‘PX_COMPILE_TIME_ASSERT’
  430 | #define PX_COMPILE_TIME_ASSERT(exp) static_assert(exp, "")
      |                                                   ^~~
/public/home/tangwsh/PhysX/physx/source/geomutils/src/GuGeometryChecks.h:93:24: note: in expansion of macro ‘PX_OFFSET_OF’
   93 | PX_COMPILE_TIME_ASSERT(PX_OFFSET_OF(physx::PxCapsuleGeometry, radius) == PX_OFFSET_OF(physx::PxSphereGeometry, radius));
      |                        ^~~~~~~~~~~~
/public/home/tangwsh/PhysX/physx/source/geomutils/src/GuGeometryChecks.h:93:87: warning: ‘offsetof’ within non-standard-layout type ‘physx::PxSphereGeometry’ is conditionally-supported [-Winvalid-offsetof]
   93 | PX_COMPILE_TIME_ASSERT(PX_OFFSET_OF(physx::PxCapsuleGeometry, radius) == PX_OFFSET_OF(physx::PxSphereGeometry, radius));
/public/home/tangwsh/PhysX/physx/include/foundation/PxPreprocessor.h:430:51: note: in definition of macro ‘PX_COMPILE_TIME_ASSERT’
  430 | #define PX_COMPILE_TIME_ASSERT(exp) static_assert(exp, "")
      |                                                   ^~~
/public/home/tangwsh/PhysX/physx/source/geomutils/src/GuGeometryChecks.h:93:74: note: in expansion of macro ‘PX_OFFSET_OF’
   93 | PX_COMPILE_TIME_ASSERT(PX_OFFSET_OF(physx::PxCapsuleGeometry, radius) == PX_OFFSET_OF(physx::PxSphereGeometry, radius));
      |                                                                          ^~~~~~~~~~~~
In file included from /public/home/tangwsh/PhysX/physx/source/physx/src/NpScene.h:63,
                 from /public/home/tangwsh/PhysX/physx/source/physx/src/NpBase.h:33,
                 from /public/home/tangwsh/PhysX/physx/source/physx/src/NpArticulationTendon.h:37,
                 from /public/home/tangwsh/PhysX/physx/source/physx/src/NpArticulationTendon.cpp:29:
/public/home/tangwsh/PhysX/physx/source/simulationcontroller/include/ScScene.h:222:15: warning: ‘physx::Sc::Scene’ has a field ‘physx::Sc::Scene::mOverlapFilterTaskHead’ whose type uses the anonymous namespace [-Wsubobject-linkage]
  222 |         class Scene : public PxUserAllocated
      |               ^~~~~
/public/home/tangwsh/PhysX/physx/source/simulationcontroller/include/ScScene.h:222:15: warning: ‘physx::Sc::Scene’ has a field ‘physx::Sc::Scene::mOverlapCreatedTaskHead’ whose type uses the anonymous namespace [-Wsubobject-linkage]
/public/home/tangwsh/PhysX/physx/source/simulationcontroller/include/ScScene.h:222:15: warning: ‘physx::Sc::Scene’ has a field ‘physx::Sc::Scene::mIslandInsertionTaskHead’ whose type uses the anonymous namespace [-Wsubobject-linkage]
[ 52%] Building CXX object CMakeFiles/PhysXSDK.dir/public/home/tangwsh/PhysX/physx/source/physx/src/NpBounds.cpp.o
In file included from /public/home/tangwsh/PhysX/physx/include/foundation/PxMath.h:33,
                 from /public/home/tangwsh/PhysX/physx/include/foundation/PxVec3.h:33,
                 from /public/home/tangwsh/PhysX/physx/include/foundation/PxQuat.h:33,
                 from /public/home/tangwsh/PhysX/physx/include/foundation/PxTransform.h:32,
                 from /public/home/tangwsh/PhysX/physx/source/physx/src/NpBounds.cpp:29:
/public/home/tangwsh/PhysX/physx/source/geomutils/src/GuGeometryChecks.h:93:37: warning: ‘offsetof’ within non-standard-layout type ‘physx::PxCapsuleGeometry’ is conditionally-supported [-Winvalid-offsetof]
   93 | PX_COMPILE_TIME_ASSERT(PX_OFFSET_OF(physx::PxCapsuleGeometry, radius) == PX_OFFSET_OF(physx::PxSphereGeometry, radius));
/public/home/tangwsh/PhysX/physx/include/foundation/PxPreprocessor.h:430:51: note: in definition of macro ‘PX_COMPILE_TIME_ASSERT’
  430 | #define PX_COMPILE_TIME_ASSERT(exp) static_assert(exp, "")
      |                                                   ^~~
/public/home/tangwsh/PhysX/physx/source/geomutils/src/GuGeometryChecks.h:93:24: note: in expansion of macro ‘PX_OFFSET_OF’
   93 | PX_COMPILE_TIME_ASSERT(PX_OFFSET_OF(physx::PxCapsuleGeometry, radius) == PX_OFFSET_OF(physx::PxSphereGeometry, radius));
      |                        ^~~~~~~~~~~~
/public/home/tangwsh/PhysX/physx/source/geomutils/src/GuGeometryChecks.h:93:87: warning: ‘offsetof’ within non-standard-layout type ‘physx::PxSphereGeometry’ is conditionally-supported [-Winvalid-offsetof]
   93 | PX_COMPILE_TIME_ASSERT(PX_OFFSET_OF(physx::PxCapsuleGeometry, radius) == PX_OFFSET_OF(physx::PxSphereGeometry, radius));
/public/home/tangwsh/PhysX/physx/include/foundation/PxPreprocessor.h:430:51: note: in definition of macro ‘PX_COMPILE_TIME_ASSERT’
  430 | #define PX_COMPILE_TIME_ASSERT(exp) static_assert(exp, "")
      |                                                   ^~~
/public/home/tangwsh/PhysX/physx/source/geomutils/src/GuGeometryChecks.h:93:74: note: in expansion of macro ‘PX_OFFSET_OF’
   93 | PX_COMPILE_TIME_ASSERT(PX_OFFSET_OF(physx::PxCapsuleGeometry, radius) == PX_OFFSET_OF(physx::PxSphereGeometry, radius));
      |                                                                          ^~~~~~~~~~~~
In file included from /public/home/tangwsh/PhysX/physx/source/physx/src/NpScene.h:63,
                 from /public/home/tangwsh/PhysX/physx/source/physx/src/NpBase.h:33,
                 from /public/home/tangwsh/PhysX/physx/source/physx/src/NpActor.h:33,
                 from /public/home/tangwsh/PhysX/physx/source/physx/src/NpActorTemplate.h:33,
                 from /public/home/tangwsh/PhysX/physx/source/physx/src/NpRigidActorTemplate.h:32,
                 from /public/home/tangwsh/PhysX/physx/source/physx/src/NpRigidStatic.h:33,
                 from /public/home/tangwsh/PhysX/physx/source/physx/src/NpBounds.cpp:32:
/public/home/tangwsh/PhysX/physx/source/simulationcontroller/include/ScScene.h:222:15: warning: ‘physx::Sc::Scene’ has a field ‘physx::Sc::Scene::mOverlapFilterTaskHead’ whose type uses the anonymous namespace [-Wsubobject-linkage]
  222 |         class Scene : public PxUserAllocated
      |               ^~~~~
/public/home/tangwsh/PhysX/physx/source/simulationcontroller/include/ScScene.h:222:15: warning: ‘physx::Sc::Scene’ has a field ‘physx::Sc::Scene::mOverlapCreatedTaskHead’ whose type uses the anonymous namespace [-Wsubobject-linkage]
/public/home/tangwsh/PhysX/physx/source/simulationcontroller/include/ScScene.h:222:15: warning: ‘physx::Sc::Scene’ has a field ‘physx::Sc::Scene::mIslandInsertionTaskHead’ whose type uses the anonymous namespace [-Wsubobject-linkage]
[ 52%] Building CXX object CMakeFiles/PhysXSDK.dir/public/home/tangwsh/PhysX/physx/source/physx/src/NpCheck.cpp.o
In file included from /public/home/tangwsh/PhysX/physx/include/foundation/PxSimpleTypes.h:36,
                 from /public/home/tangwsh/PhysX/physx/source/physx/src/NpCheck.h:32,
                 from /public/home/tangwsh/PhysX/physx/source/physx/src/NpCheck.cpp:29:
/public/home/tangwsh/PhysX/physx/source/geomutils/src/GuGeometryChecks.h:93:37: warning: ‘offsetof’ within non-standard-layout type ‘physx::PxCapsuleGeometry’ is conditionally-supported [-Winvalid-offsetof]
   93 | PX_COMPILE_TIME_ASSERT(PX_OFFSET_OF(physx::PxCapsuleGeometry, radius) == PX_OFFSET_OF(physx::PxSphereGeometry, radius));
/public/home/tangwsh/PhysX/physx/include/foundation/PxPreprocessor.h:430:51: note: in definition of macro ‘PX_COMPILE_TIME_ASSERT’
  430 | #define PX_COMPILE_TIME_ASSERT(exp) static_assert(exp, "")
      |                                                   ^~~
/public/home/tangwsh/PhysX/physx/source/geomutils/src/GuGeometryChecks.h:93:24: note: in expansion of macro ‘PX_OFFSET_OF’
   93 | PX_COMPILE_TIME_ASSERT(PX_OFFSET_OF(physx::PxCapsuleGeometry, radius) == PX_OFFSET_OF(physx::PxSphereGeometry, radius));
      |                        ^~~~~~~~~~~~
/public/home/tangwsh/PhysX/physx/source/geomutils/src/GuGeometryChecks.h:93:87: warning: ‘offsetof’ within non-standard-layout type ‘physx::PxSphereGeometry’ is conditionally-supported [-Winvalid-offsetof]
   93 | PX_COMPILE_TIME_ASSERT(PX_OFFSET_OF(physx::PxCapsuleGeometry, radius) == PX_OFFSET_OF(physx::PxSphereGeometry, radius));
/public/home/tangwsh/PhysX/physx/include/foundation/PxPreprocessor.h:430:51: note: in definition of macro ‘PX_COMPILE_TIME_ASSERT’
  430 | #define PX_COMPILE_TIME_ASSERT(exp) static_assert(exp, "")
      |                                                   ^~~
/public/home/tangwsh/PhysX/physx/source/geomutils/src/GuGeometryChecks.h:93:74: note: in expansion of macro ‘PX_OFFSET_OF’
   93 | PX_COMPILE_TIME_ASSERT(PX_OFFSET_OF(physx::PxCapsuleGeometry, radius) == PX_OFFSET_OF(physx::PxSphereGeometry, radius));
      |                                                                          ^~~~~~~~~~~~
In file included from /public/home/tangwsh/PhysX/physx/source/physx/src/NpScene.h:63,
                 from /public/home/tangwsh/PhysX/physx/source/physx/src/NpCheck.cpp:30:
/public/home/tangwsh/PhysX/physx/source/simulationcontroller/include/ScScene.h:222:15: warning: ‘physx::Sc::Scene’ has a field ‘physx::Sc::Scene::mOverlapFilterTaskHead’ whose type uses the anonymous namespace [-Wsubobject-linkage]
  222 |         class Scene : public PxUserAllocated
      |               ^~~~~
/public/home/tangwsh/PhysX/physx/source/simulationcontroller/include/ScScene.h:222:15: warning: ‘physx::Sc::Scene’ has a field ‘physx::Sc::Scene::mOverlapCreatedTaskHead’ whose type uses the anonymous namespace [-Wsubobject-linkage]
/public/home/tangwsh/PhysX/physx/source/simulationcontroller/include/ScScene.h:222:15: warning: ‘physx::Sc::Scene’ has a field ‘physx::Sc::Scene::mIslandInsertionTaskHead’ whose type uses the anonymous namespace [-Wsubobject-linkage]
[ 53%] Building CXX object CMakeFiles/PhysXSDK.dir/public/home/tangwsh/PhysX/physx/source/physx/src/NpConstraint.cpp.o
In file included from /public/home/tangwsh/PhysX/physx/include/foundation/PxSimpleTypes.h:36,
                 from /public/home/tangwsh/PhysX/physx/include/common/PxPhysXCommonConfig.h:32,
                 from /public/home/tangwsh/PhysX/physx/include/PxPhysXConfig.h:35,
                 from /public/home/tangwsh/PhysX/physx/include/PxConstraint.h:33,
                 from /public/home/tangwsh/PhysX/physx/source/physx/src/NpConstraint.cpp:29:
/public/home/tangwsh/PhysX/physx/source/geomutils/src/GuGeometryChecks.h:93:37: warning: ‘offsetof’ within non-standard-layout type ‘physx::PxCapsuleGeometry’ is conditionally-supported [-Winvalid-offsetof]
   93 | PX_COMPILE_TIME_ASSERT(PX_OFFSET_OF(physx::PxCapsuleGeometry, radius) == PX_OFFSET_OF(physx::PxSphereGeometry, radius));
/public/home/tangwsh/PhysX/physx/include/foundation/PxPreprocessor.h:430:51: note: in definition of macro ‘PX_COMPILE_TIME_ASSERT’
  430 | #define PX_COMPILE_TIME_ASSERT(exp) static_assert(exp, "")
      |                                                   ^~~
/public/home/tangwsh/PhysX/physx/source/geomutils/src/GuGeometryChecks.h:93:24: note: in expansion of macro ‘PX_OFFSET_OF’
   93 | PX_COMPILE_TIME_ASSERT(PX_OFFSET_OF(physx::PxCapsuleGeometry, radius) == PX_OFFSET_OF(physx::PxSphereGeometry, radius));
      |                        ^~~~~~~~~~~~
/public/home/tangwsh/PhysX/physx/source/geomutils/src/GuGeometryChecks.h:93:87: warning: ‘offsetof’ within non-standard-layout type ‘physx::PxSphereGeometry’ is conditionally-supported [-Winvalid-offsetof]
   93 | PX_COMPILE_TIME_ASSERT(PX_OFFSET_OF(physx::PxCapsuleGeometry, radius) == PX_OFFSET_OF(physx::PxSphereGeometry, radius));
/public/home/tangwsh/PhysX/physx/include/foundation/PxPreprocessor.h:430:51: note: in definition of macro ‘PX_COMPILE_TIME_ASSERT’
  430 | #define PX_COMPILE_TIME_ASSERT(exp) static_assert(exp, "")
      |                                                   ^~~
/public/home/tangwsh/PhysX/physx/source/geomutils/src/GuGeometryChecks.h:93:74: note: in expansion of macro ‘PX_OFFSET_OF’
   93 | PX_COMPILE_TIME_ASSERT(PX_OFFSET_OF(physx::PxCapsuleGeometry, radius) == PX_OFFSET_OF(physx::PxSphereGeometry, radius));
      |                                                                          ^~~~~~~~~~~~
In file included from /public/home/tangwsh/PhysX/physx/source/physx/src/NpScene.h:63,
                 from /public/home/tangwsh/PhysX/physx/source/physx/src/NpBase.h:33,
                 from /public/home/tangwsh/PhysX/physx/source/physx/src/NpConstraint.h:34,
                 from /public/home/tangwsh/PhysX/physx/source/physx/src/NpConstraint.cpp:30:
/public/home/tangwsh/PhysX/physx/source/simulationcontroller/include/ScScene.h:222:15: warning: ‘physx::Sc::Scene’ has a field ‘physx::Sc::Scene::mOverlapFilterTaskHead’ whose type uses the anonymous namespace [-Wsubobject-linkage]
  222 |         class Scene : public PxUserAllocated
      |               ^~~~~
/public/home/tangwsh/PhysX/physx/source/simulationcontroller/include/ScScene.h:222:15: warning: ‘physx::Sc::Scene’ has a field ‘physx::Sc::Scene::mOverlapCreatedTaskHead’ whose type uses the anonymous namespace [-Wsubobject-linkage]
/public/home/tangwsh/PhysX/physx/source/simulationcontroller/include/ScScene.h:222:15: warning: ‘physx::Sc::Scene’ has a field ‘physx::Sc::Scene::mIslandInsertionTaskHead’ whose type uses the anonymous namespace [-Wsubobject-linkage]
[ 53%] Building CXX object CMakeFiles/PhysXSDK.dir/public/home/tangwsh/PhysX/physx/source/physx/src/NpDebugViz.cpp.o
In file included from /public/home/tangwsh/PhysX/physx/include/foundation/PxSimpleTypes.h:36,
                 from /public/home/tangwsh/PhysX/physx/include/common/PxPhysXCommonConfig.h:32,
                 from /public/home/tangwsh/PhysX/physx/source/physx/src/NpDebugViz.h:32,
                 from /public/home/tangwsh/PhysX/physx/source/physx/src/NpDebugViz.cpp:29:
/public/home/tangwsh/PhysX/physx/source/geomutils/src/GuGeometryChecks.h:93:37: warning: ‘offsetof’ within non-standard-layout type ‘physx::PxCapsuleGeometry’ is conditionally-supported [-Winvalid-offsetof]
   93 | PX_COMPILE_TIME_ASSERT(PX_OFFSET_OF(physx::PxCapsuleGeometry, radius) == PX_OFFSET_OF(physx::PxSphereGeometry, radius));
/public/home/tangwsh/PhysX/physx/include/foundation/PxPreprocessor.h:430:51: note: in definition of macro ‘PX_COMPILE_TIME_ASSERT’
  430 | #define PX_COMPILE_TIME_ASSERT(exp) static_assert(exp, "")
      |                                                   ^~~
/public/home/tangwsh/PhysX/physx/source/geomutils/src/GuGeometryChecks.h:93:24: note: in expansion of macro ‘PX_OFFSET_OF’
   93 | PX_COMPILE_TIME_ASSERT(PX_OFFSET_OF(physx::PxCapsuleGeometry, radius) == PX_OFFSET_OF(physx::PxSphereGeometry, radius));
      |                        ^~~~~~~~~~~~
/public/home/tangwsh/PhysX/physx/source/geomutils/src/GuGeometryChecks.h:93:87: warning: ‘offsetof’ within non-standard-layout type ‘physx::PxSphereGeometry’ is conditionally-supported [-Winvalid-offsetof]
   93 | PX_COMPILE_TIME_ASSERT(PX_OFFSET_OF(physx::PxCapsuleGeometry, radius) == PX_OFFSET_OF(physx::PxSphereGeometry, radius));
/public/home/tangwsh/PhysX/physx/include/foundation/PxPreprocessor.h:430:51: note: in definition of macro ‘PX_COMPILE_TIME_ASSERT’
  430 | #define PX_COMPILE_TIME_ASSERT(exp) static_assert(exp, "")
      |                                                   ^~~
/public/home/tangwsh/PhysX/physx/source/geomutils/src/GuGeometryChecks.h:93:74: note: in expansion of macro ‘PX_OFFSET_OF’
   93 | PX_COMPILE_TIME_ASSERT(PX_OFFSET_OF(physx::PxCapsuleGeometry, radius) == PX_OFFSET_OF(physx::PxSphereGeometry, radius));
      |                                                                          ^~~~~~~~~~~~
In file included from /public/home/tangwsh/PhysX/physx/source/physx/src/NpScene.h:63,
                 from /public/home/tangwsh/PhysX/physx/source/physx/src/NpDebugViz.cpp:34:
/public/home/tangwsh/PhysX/physx/source/simulationcontroller/include/ScScene.h:222:15: warning: ‘physx::Sc::Scene’ has a field ‘physx::Sc::Scene::mOverlapFilterTaskHead’ whose type uses the anonymous namespace [-Wsubobject-linkage]
  222 |         class Scene : public PxUserAllocated
      |               ^~~~~
/public/home/tangwsh/PhysX/physx/source/simulationcontroller/include/ScScene.h:222:15: warning: ‘physx::Sc::Scene’ has a field ‘physx::Sc::Scene::mOverlapCreatedTaskHead’ whose type uses the anonymous namespace [-Wsubobject-linkage]
/public/home/tangwsh/PhysX/physx/source/simulationcontroller/include/ScScene.h:222:15: warning: ‘physx::Sc::Scene’ has a field ‘physx::Sc::Scene::mIslandInsertionTaskHead’ whose type uses the anonymous namespace [-Wsubobject-linkage]
[ 53%] Building CXX object CMakeFiles/PhysXSDK.dir/public/home/tangwsh/PhysX/physx/source/physx/src/NpDeformableAttachment.cpp.o
In file included from /public/home/tangwsh/PhysX/physx/include/foundation/PxSimpleTypes.h:36,
                 from /public/home/tangwsh/PhysX/physx/source/lowlevel/software/include/PxsHeapMemoryAllocator.h:32,
                 from /public/home/tangwsh/PhysX/physx/source/physx/src/NpDeformableAttachment.cpp:29:
/public/home/tangwsh/PhysX/physx/source/geomutils/src/GuGeometryChecks.h:93:37: warning: ‘offsetof’ within non-standard-layout type ‘physx::PxCapsuleGeometry’ is conditionally-supported [-Winvalid-offsetof]
   93 | PX_COMPILE_TIME_ASSERT(PX_OFFSET_OF(physx::PxCapsuleGeometry, radius) == PX_OFFSET_OF(physx::PxSphereGeometry, radius));
/public/home/tangwsh/PhysX/physx/include/foundation/PxPreprocessor.h:430:51: note: in definition of macro ‘PX_COMPILE_TIME_ASSERT’
  430 | #define PX_COMPILE_TIME_ASSERT(exp) static_assert(exp, "")
      |                                                   ^~~
/public/home/tangwsh/PhysX/physx/source/geomutils/src/GuGeometryChecks.h:93:24: note: in expansion of macro ‘PX_OFFSET_OF’
   93 | PX_COMPILE_TIME_ASSERT(PX_OFFSET_OF(physx::PxCapsuleGeometry, radius) == PX_OFFSET_OF(physx::PxSphereGeometry, radius));
      |                        ^~~~~~~~~~~~
/public/home/tangwsh/PhysX/physx/source/geomutils/src/GuGeometryChecks.h:93:87: warning: ‘offsetof’ within non-standard-layout type ‘physx::PxSphereGeometry’ is conditionally-supported [-Winvalid-offsetof]
   93 | PX_COMPILE_TIME_ASSERT(PX_OFFSET_OF(physx::PxCapsuleGeometry, radius) == PX_OFFSET_OF(physx::PxSphereGeometry, radius));
/public/home/tangwsh/PhysX/physx/include/foundation/PxPreprocessor.h:430:51: note: in definition of macro ‘PX_COMPILE_TIME_ASSERT’
  430 | #define PX_COMPILE_TIME_ASSERT(exp) static_assert(exp, "")
      |                                                   ^~~
/public/home/tangwsh/PhysX/physx/source/geomutils/src/GuGeometryChecks.h:93:74: note: in expansion of macro ‘PX_OFFSET_OF’
   93 | PX_COMPILE_TIME_ASSERT(PX_OFFSET_OF(physx::PxCapsuleGeometry, radius) == PX_OFFSET_OF(physx::PxSphereGeometry, radius));
      |                                                                          ^~~~~~~~~~~~
In file included from /public/home/tangwsh/PhysX/physx/source/physx/src/NpScene.h:63,
                 from /public/home/tangwsh/PhysX/physx/source/physx/src/NpDeformableAttachment.cpp:36:
/public/home/tangwsh/PhysX/physx/source/simulationcontroller/include/ScScene.h:222:15: warning: ‘physx::Sc::Scene’ has a field ‘physx::Sc::Scene::mOverlapFilterTaskHead’ whose type uses the anonymous namespace [-Wsubobject-linkage]
  222 |         class Scene : public PxUserAllocated
      |               ^~~~~
/public/home/tangwsh/PhysX/physx/source/simulationcontroller/include/ScScene.h:222:15: warning: ‘physx::Sc::Scene’ has a field ‘physx::Sc::Scene::mOverlapCreatedTaskHead’ whose type uses the anonymous namespace [-Wsubobject-linkage]
/public/home/tangwsh/PhysX/physx/source/simulationcontroller/include/ScScene.h:222:15: warning: ‘physx::Sc::Scene’ has a field ‘physx::Sc::Scene::mIslandInsertionTaskHead’ whose type uses the anonymous namespace [-Wsubobject-linkage]
[ 54%] Building CXX object CMakeFiles/PhysXSDK.dir/public/home/tangwsh/PhysX/physx/source/physx/src/NpDeformableElementFilter.cpp.o
In file included from /public/home/tangwsh/PhysX/physx/include/foundation/PxSimpleTypes.h:36,
                 from /public/home/tangwsh/PhysX/physx/source/lowlevel/software/include/PxsHeapMemoryAllocator.h:32,
                 from /public/home/tangwsh/PhysX/physx/source/physx/src/NpDeformableElementFilter.cpp:29:
/public/home/tangwsh/PhysX/physx/source/geomutils/src/GuGeometryChecks.h:93:37: warning: ‘offsetof’ within non-standard-layout type ‘physx::PxCapsuleGeometry’ is conditionally-supported [-Winvalid-offsetof]
   93 | PX_COMPILE_TIME_ASSERT(PX_OFFSET_OF(physx::PxCapsuleGeometry, radius) == PX_OFFSET_OF(physx::PxSphereGeometry, radius));
/public/home/tangwsh/PhysX/physx/include/foundation/PxPreprocessor.h:430:51: note: in definition of macro ‘PX_COMPILE_TIME_ASSERT’
  430 | #define PX_COMPILE_TIME_ASSERT(exp) static_assert(exp, "")
      |                                                   ^~~
/public/home/tangwsh/PhysX/physx/source/geomutils/src/GuGeometryChecks.h:93:24: note: in expansion of macro ‘PX_OFFSET_OF’
   93 | PX_COMPILE_TIME_ASSERT(PX_OFFSET_OF(physx::PxCapsuleGeometry, radius) == PX_OFFSET_OF(physx::PxSphereGeometry, radius));
      |                        ^~~~~~~~~~~~
/public/home/tangwsh/PhysX/physx/source/geomutils/src/GuGeometryChecks.h:93:87: warning: ‘offsetof’ within non-standard-layout type ‘physx::PxSphereGeometry’ is conditionally-supported [-Winvalid-offsetof]
   93 | PX_COMPILE_TIME_ASSERT(PX_OFFSET_OF(physx::PxCapsuleGeometry, radius) == PX_OFFSET_OF(physx::PxSphereGeometry, radius));
/public/home/tangwsh/PhysX/physx/include/foundation/PxPreprocessor.h:430:51: note: in definition of macro ‘PX_COMPILE_TIME_ASSERT’
  430 | #define PX_COMPILE_TIME_ASSERT(exp) static_assert(exp, "")
      |                                                   ^~~
/public/home/tangwsh/PhysX/physx/source/geomutils/src/GuGeometryChecks.h:93:74: note: in expansion of macro ‘PX_OFFSET_OF’
   93 | PX_COMPILE_TIME_ASSERT(PX_OFFSET_OF(physx::PxCapsuleGeometry, radius) == PX_OFFSET_OF(physx::PxSphereGeometry, radius));
      |                                                                          ^~~~~~~~~~~~
In file included from /public/home/tangwsh/PhysX/physx/source/physx/src/NpScene.h:63,
                 from /public/home/tangwsh/PhysX/physx/source/physx/src/NpDeformableElementFilter.cpp:36:
/public/home/tangwsh/PhysX/physx/source/simulationcontroller/include/ScScene.h:222:15: warning: ‘physx::Sc::Scene’ has a field ‘physx::Sc::Scene::mOverlapFilterTaskHead’ whose type uses the anonymous namespace [-Wsubobject-linkage]
  222 |         class Scene : public PxUserAllocated
      |               ^~~~~
/public/home/tangwsh/PhysX/physx/source/simulationcontroller/include/ScScene.h:222:15: warning: ‘physx::Sc::Scene’ has a field ‘physx::Sc::Scene::mOverlapCreatedTaskHead’ whose type uses the anonymous namespace [-Wsubobject-linkage]
/public/home/tangwsh/PhysX/physx/source/simulationcontroller/include/ScScene.h:222:15: warning: ‘physx::Sc::Scene’ has a field ‘physx::Sc::Scene::mIslandInsertionTaskHead’ whose type uses the anonymous namespace [-Wsubobject-linkage]
[ 54%] Building CXX object CMakeFiles/PhysXSDK.dir/public/home/tangwsh/PhysX/physx/source/physx/src/NpDeformableSurface.cpp.o
In file included from /public/home/tangwsh/PhysX/physx/include/foundation/PxSimpleTypes.h:36,
                 from /public/home/tangwsh/PhysX/physx/source/lowlevel/software/include/PxsHeapMemoryAllocator.h:32,
                 from /public/home/tangwsh/PhysX/physx/source/physx/src/NpDeformableSurface.cpp:29:
/public/home/tangwsh/PhysX/physx/source/geomutils/src/GuGeometryChecks.h:93:37: warning: ‘offsetof’ within non-standard-layout type ‘physx::PxCapsuleGeometry’ is conditionally-supported [-Winvalid-offsetof]
   93 | PX_COMPILE_TIME_ASSERT(PX_OFFSET_OF(physx::PxCapsuleGeometry, radius) == PX_OFFSET_OF(physx::PxSphereGeometry, radius));
/public/home/tangwsh/PhysX/physx/include/foundation/PxPreprocessor.h:430:51: note: in definition of macro ‘PX_COMPILE_TIME_ASSERT’
  430 | #define PX_COMPILE_TIME_ASSERT(exp) static_assert(exp, "")
      |                                                   ^~~
/public/home/tangwsh/PhysX/physx/source/geomutils/src/GuGeometryChecks.h:93:24: note: in expansion of macro ‘PX_OFFSET_OF’
   93 | PX_COMPILE_TIME_ASSERT(PX_OFFSET_OF(physx::PxCapsuleGeometry, radius) == PX_OFFSET_OF(physx::PxSphereGeometry, radius));
      |                        ^~~~~~~~~~~~
/public/home/tangwsh/PhysX/physx/source/geomutils/src/GuGeometryChecks.h:93:87: warning: ‘offsetof’ within non-standard-layout type ‘physx::PxSphereGeometry’ is conditionally-supported [-Winvalid-offsetof]
   93 | PX_COMPILE_TIME_ASSERT(PX_OFFSET_OF(physx::PxCapsuleGeometry, radius) == PX_OFFSET_OF(physx::PxSphereGeometry, radius));
/public/home/tangwsh/PhysX/physx/include/foundation/PxPreprocessor.h:430:51: note: in definition of macro ‘PX_COMPILE_TIME_ASSERT’
  430 | #define PX_COMPILE_TIME_ASSERT(exp) static_assert(exp, "")
      |                                                   ^~~
/public/home/tangwsh/PhysX/physx/source/geomutils/src/GuGeometryChecks.h:93:74: note: in expansion of macro ‘PX_OFFSET_OF’
   93 | PX_COMPILE_TIME_ASSERT(PX_OFFSET_OF(physx::PxCapsuleGeometry, radius) == PX_OFFSET_OF(physx::PxSphereGeometry, radius));
      |                                                                          ^~~~~~~~~~~~
In file included from /public/home/tangwsh/PhysX/physx/source/physx/src/NpScene.h:63,
                 from /public/home/tangwsh/PhysX/physx/source/physx/src/NpBase.h:33,
                 from /public/home/tangwsh/PhysX/physx/source/physx/src/NpActor.h:33,
                 from /public/home/tangwsh/PhysX/physx/source/physx/src/NpActorTemplate.h:33,
                 from /public/home/tangwsh/PhysX/physx/source/physx/src/NpDeformableSurface.h:37,
                 from /public/home/tangwsh/PhysX/physx/source/physx/src/NpDeformableSurface.cpp:35:
/public/home/tangwsh/PhysX/physx/source/simulationcontroller/include/ScScene.h:222:15: warning: ‘physx::Sc::Scene’ has a field ‘physx::Sc::Scene::mOverlapFilterTaskHead’ whose type uses the anonymous namespace [-Wsubobject-linkage]
  222 |         class Scene : public PxUserAllocated
      |               ^~~~~
/public/home/tangwsh/PhysX/physx/source/simulationcontroller/include/ScScene.h:222:15: warning: ‘physx::Sc::Scene’ has a field ‘physx::Sc::Scene::mOverlapCreatedTaskHead’ whose type uses the anonymous namespace [-Wsubobject-linkage]
/public/home/tangwsh/PhysX/physx/source/simulationcontroller/include/ScScene.h:222:15: warning: ‘physx::Sc::Scene’ has a field ‘physx::Sc::Scene::mIslandInsertionTaskHead’ whose type uses the anonymous namespace [-Wsubobject-linkage]
[ 54%] Building CXX object CMakeFiles/PhysXSDK.dir/public/home/tangwsh/PhysX/physx/source/physx/src/NpDeformableSurfaceMaterial.cpp.o
In file included from /public/home/tangwsh/PhysX/physx/include/foundation/PxSimpleTypes.h:36,
                 from /public/home/tangwsh/PhysX/physx/include/common/PxPhysXCommonConfig.h:32,
                 from /public/home/tangwsh/PhysX/physx/include/common/PxSerialFramework.h:33,
                 from /public/home/tangwsh/PhysX/physx/source/physx/src/NpDeformableSurfaceMaterial.h:32,
                 from /public/home/tangwsh/PhysX/physx/source/physx/src/NpDeformableSurfaceMaterial.cpp:29:
/public/home/tangwsh/PhysX/physx/source/geomutils/src/GuGeometryChecks.h:93:37: warning: ‘offsetof’ within non-standard-layout type ‘physx::PxCapsuleGeometry’ is conditionally-supported [-Winvalid-offsetof]
   93 | PX_COMPILE_TIME_ASSERT(PX_OFFSET_OF(physx::PxCapsuleGeometry, radius) == PX_OFFSET_OF(physx::PxSphereGeometry, radius));
/public/home/tangwsh/PhysX/physx/include/foundation/PxPreprocessor.h:430:51: note: in definition of macro ‘PX_COMPILE_TIME_ASSERT’
  430 | #define PX_COMPILE_TIME_ASSERT(exp) static_assert(exp, "")
      |                                                   ^~~
/public/home/tangwsh/PhysX/physx/source/geomutils/src/GuGeometryChecks.h:93:24: note: in expansion of macro ‘PX_OFFSET_OF’
   93 | PX_COMPILE_TIME_ASSERT(PX_OFFSET_OF(physx::PxCapsuleGeometry, radius) == PX_OFFSET_OF(physx::PxSphereGeometry, radius));
      |                        ^~~~~~~~~~~~
/public/home/tangwsh/PhysX/physx/source/geomutils/src/GuGeometryChecks.h:93:87: warning: ‘offsetof’ within non-standard-layout type ‘physx::PxSphereGeometry’ is conditionally-supported [-Winvalid-offsetof]
   93 | PX_COMPILE_TIME_ASSERT(PX_OFFSET_OF(physx::PxCapsuleGeometry, radius) == PX_OFFSET_OF(physx::PxSphereGeometry, radius));
/public/home/tangwsh/PhysX/physx/include/foundation/PxPreprocessor.h:430:51: note: in definition of macro ‘PX_COMPILE_TIME_ASSERT’
  430 | #define PX_COMPILE_TIME_ASSERT(exp) static_assert(exp, "")
      |                                                   ^~~
/public/home/tangwsh/PhysX/physx/source/geomutils/src/GuGeometryChecks.h:93:74: note: in expansion of macro ‘PX_OFFSET_OF’
   93 | PX_COMPILE_TIME_ASSERT(PX_OFFSET_OF(physx::PxCapsuleGeometry, radius) == PX_OFFSET_OF(physx::PxSphereGeometry, radius));
      |                                                                          ^~~~~~~~~~~~
In file included from /public/home/tangwsh/PhysX/physx/source/physx/src/NpScene.h:63,
                 from /public/home/tangwsh/PhysX/physx/source/physx/src/NpBase.h:33,
                 from /public/home/tangwsh/PhysX/physx/source/physx/src/NpActor.h:33,
                 from /public/home/tangwsh/PhysX/physx/source/physx/src/NpActorTemplate.h:33,
                 from /public/home/tangwsh/PhysX/physx/source/physx/src/NpDeformableSurface.h:37,
                 from /public/home/tangwsh/PhysX/physx/source/physx/src/NpFactory.h:43,
                 from /public/home/tangwsh/PhysX/physx/source/physx/src/NpPhysicsInsertionCallback.h:36,
                 from /public/home/tangwsh/PhysX/physx/source/physx/src/NpPhysics.h:41,
                 from /public/home/tangwsh/PhysX/physx/source/physx/src/NpDeformableSurfaceMaterial.cpp:30:
/public/home/tangwsh/PhysX/physx/source/simulationcontroller/include/ScScene.h:222:15: warning: ‘physx::Sc::Scene’ has a field ‘physx::Sc::Scene::mOverlapFilterTaskHead’ whose type uses the anonymous namespace [-Wsubobject-linkage]
  222 |         class Scene : public PxUserAllocated
      |               ^~~~~
/public/home/tangwsh/PhysX/physx/source/simulationcontroller/include/ScScene.h:222:15: warning: ‘physx::Sc::Scene’ has a field ‘physx::Sc::Scene::mOverlapCreatedTaskHead’ whose type uses the anonymous namespace [-Wsubobject-linkage]
/public/home/tangwsh/PhysX/physx/source/simulationcontroller/include/ScScene.h:222:15: warning: ‘physx::Sc::Scene’ has a field ‘physx::Sc::Scene::mIslandInsertionTaskHead’ whose type uses the anonymous namespace [-Wsubobject-linkage]
[ 55%] Building CXX object CMakeFiles/PhysXSDK.dir/public/home/tangwsh/PhysX/physx/source/physx/src/NpDeformableVolume.cpp.o
In file included from /public/home/tangwsh/PhysX/physx/include/foundation/PxSimpleTypes.h:36,
                 from /public/home/tangwsh/PhysX/physx/source/lowleveldynamics/include/DyDeformableVolumeCore.h:30,
                 from /public/home/tangwsh/PhysX/physx/source/physx/src/NpDeformableVolume.cpp:29:
/public/home/tangwsh/PhysX/physx/source/geomutils/src/GuGeometryChecks.h:93:37: warning: ‘offsetof’ within non-standard-layout type ‘physx::PxCapsuleGeometry’ is conditionally-supported [-Winvalid-offsetof]
   93 | PX_COMPILE_TIME_ASSERT(PX_OFFSET_OF(physx::PxCapsuleGeometry, radius) == PX_OFFSET_OF(physx::PxSphereGeometry, radius));
/public/home/tangwsh/PhysX/physx/include/foundation/PxPreprocessor.h:430:51: note: in definition of macro ‘PX_COMPILE_TIME_ASSERT’
  430 | #define PX_COMPILE_TIME_ASSERT(exp) static_assert(exp, "")
      |                                                   ^~~
/public/home/tangwsh/PhysX/physx/source/geomutils/src/GuGeometryChecks.h:93:24: note: in expansion of macro ‘PX_OFFSET_OF’
   93 | PX_COMPILE_TIME_ASSERT(PX_OFFSET_OF(physx::PxCapsuleGeometry, radius) == PX_OFFSET_OF(physx::PxSphereGeometry, radius));
      |                        ^~~~~~~~~~~~
/public/home/tangwsh/PhysX/physx/source/geomutils/src/GuGeometryChecks.h:93:87: warning: ‘offsetof’ within non-standard-layout type ‘physx::PxSphereGeometry’ is conditionally-supported [-Winvalid-offsetof]
   93 | PX_COMPILE_TIME_ASSERT(PX_OFFSET_OF(physx::PxCapsuleGeometry, radius) == PX_OFFSET_OF(physx::PxSphereGeometry, radius));
/public/home/tangwsh/PhysX/physx/include/foundation/PxPreprocessor.h:430:51: note: in definition of macro ‘PX_COMPILE_TIME_ASSERT’
  430 | #define PX_COMPILE_TIME_ASSERT(exp) static_assert(exp, "")
      |                                                   ^~~
/public/home/tangwsh/PhysX/physx/source/geomutils/src/GuGeometryChecks.h:93:74: note: in expansion of macro ‘PX_OFFSET_OF’
   93 | PX_COMPILE_TIME_ASSERT(PX_OFFSET_OF(physx::PxCapsuleGeometry, radius) == PX_OFFSET_OF(physx::PxSphereGeometry, radius));
      |                                                                          ^~~~~~~~~~~~
In file included from /public/home/tangwsh/PhysX/physx/source/physx/src/NpScene.h:63,
                 from /public/home/tangwsh/PhysX/physx/source/physx/src/NpBase.h:33,
                 from /public/home/tangwsh/PhysX/physx/source/physx/src/NpActor.h:33,
                 from /public/home/tangwsh/PhysX/physx/source/physx/src/NpActorTemplate.h:33,
                 from /public/home/tangwsh/PhysX/physx/source/physx/src/NpDeformableVolume.h:37,
                 from /public/home/tangwsh/PhysX/physx/source/physx/src/NpDeformableVolume.cpp:35:
/public/home/tangwsh/PhysX/physx/source/simulationcontroller/include/ScScene.h:222:15: warning: ‘physx::Sc::Scene’ has a field ‘physx::Sc::Scene::mOverlapFilterTaskHead’ whose type uses the anonymous namespace [-Wsubobject-linkage]
  222 |         class Scene : public PxUserAllocated
      |               ^~~~~
/public/home/tangwsh/PhysX/physx/source/simulationcontroller/include/ScScene.h:222:15: warning: ‘physx::Sc::Scene’ has a field ‘physx::Sc::Scene::mOverlapCreatedTaskHead’ whose type uses the anonymous namespace [-Wsubobject-linkage]
/public/home/tangwsh/PhysX/physx/source/simulationcontroller/include/ScScene.h:222:15: warning: ‘physx::Sc::Scene’ has a field ‘physx::Sc::Scene::mIslandInsertionTaskHead’ whose type uses the anonymous namespace [-Wsubobject-linkage]
[ 55%] Building CXX object CMakeFiles/PhysXSDK.dir/public/home/tangwsh/PhysX/physx/source/physx/src/NpDeformableVolumeMaterial.cpp.o
In file included from /public/home/tangwsh/PhysX/physx/include/foundation/PxSimpleTypes.h:36,
                 from /public/home/tangwsh/PhysX/physx/include/common/PxPhysXCommonConfig.h:32,
                 from /public/home/tangwsh/PhysX/physx/include/common/PxSerialFramework.h:33,
                 from /public/home/tangwsh/PhysX/physx/source/physx/src/NpDeformableVolumeMaterial.h:32,
                 from /public/home/tangwsh/PhysX/physx/source/physx/src/NpDeformableVolumeMaterial.cpp:29:
/public/home/tangwsh/PhysX/physx/source/geomutils/src/GuGeometryChecks.h:93:37: warning: ‘offsetof’ within non-standard-layout type ‘physx::PxCapsuleGeometry’ is conditionally-supported [-Winvalid-offsetof]
   93 | PX_COMPILE_TIME_ASSERT(PX_OFFSET_OF(physx::PxCapsuleGeometry, radius) == PX_OFFSET_OF(physx::PxSphereGeometry, radius));
/public/home/tangwsh/PhysX/physx/include/foundation/PxPreprocessor.h:430:51: note: in definition of macro ‘PX_COMPILE_TIME_ASSERT’
  430 | #define PX_COMPILE_TIME_ASSERT(exp) static_assert(exp, "")
      |                                                   ^~~
/public/home/tangwsh/PhysX/physx/source/geomutils/src/GuGeometryChecks.h:93:24: note: in expansion of macro ‘PX_OFFSET_OF’
   93 | PX_COMPILE_TIME_ASSERT(PX_OFFSET_OF(physx::PxCapsuleGeometry, radius) == PX_OFFSET_OF(physx::PxSphereGeometry, radius));
      |                        ^~~~~~~~~~~~
/public/home/tangwsh/PhysX/physx/source/geomutils/src/GuGeometryChecks.h:93:87: warning: ‘offsetof’ within non-standard-layout type ‘physx::PxSphereGeometry’ is conditionally-supported [-Winvalid-offsetof]
   93 | PX_COMPILE_TIME_ASSERT(PX_OFFSET_OF(physx::PxCapsuleGeometry, radius) == PX_OFFSET_OF(physx::PxSphereGeometry, radius));
/public/home/tangwsh/PhysX/physx/include/foundation/PxPreprocessor.h:430:51: note: in definition of macro ‘PX_COMPILE_TIME_ASSERT’
  430 | #define PX_COMPILE_TIME_ASSERT(exp) static_assert(exp, "")
      |                                                   ^~~
/public/home/tangwsh/PhysX/physx/source/geomutils/src/GuGeometryChecks.h:93:74: note: in expansion of macro ‘PX_OFFSET_OF’
   93 | PX_COMPILE_TIME_ASSERT(PX_OFFSET_OF(physx::PxCapsuleGeometry, radius) == PX_OFFSET_OF(physx::PxSphereGeometry, radius));
      |                                                                          ^~~~~~~~~~~~
In file included from /public/home/tangwsh/PhysX/physx/source/physx/src/NpScene.h:63,
                 from /public/home/tangwsh/PhysX/physx/source/physx/src/NpBase.h:33,
                 from /public/home/tangwsh/PhysX/physx/source/physx/src/NpActor.h:33,
                 from /public/home/tangwsh/PhysX/physx/source/physx/src/NpActorTemplate.h:33,
                 from /public/home/tangwsh/PhysX/physx/source/physx/src/NpDeformableSurface.h:37,
                 from /public/home/tangwsh/PhysX/physx/source/physx/src/NpFactory.h:43,
                 from /public/home/tangwsh/PhysX/physx/source/physx/src/NpPhysicsInsertionCallback.h:36,
                 from /public/home/tangwsh/PhysX/physx/source/physx/src/NpPhysics.h:41,
                 from /public/home/tangwsh/PhysX/physx/source/physx/src/NpDeformableVolumeMaterial.cpp:30:
/public/home/tangwsh/PhysX/physx/source/simulationcontroller/include/ScScene.h:222:15: warning: ‘physx::Sc::Scene’ has a field ‘physx::Sc::Scene::mOverlapFilterTaskHead’ whose type uses the anonymous namespace [-Wsubobject-linkage]
  222 |         class Scene : public PxUserAllocated
      |               ^~~~~
/public/home/tangwsh/PhysX/physx/source/simulationcontroller/include/ScScene.h:222:15: warning: ‘physx::Sc::Scene’ has a field ‘physx::Sc::Scene::mOverlapCreatedTaskHead’ whose type uses the anonymous namespace [-Wsubobject-linkage]
/public/home/tangwsh/PhysX/physx/source/simulationcontroller/include/ScScene.h:222:15: warning: ‘physx::Sc::Scene’ has a field ‘physx::Sc::Scene::mIslandInsertionTaskHead’ whose type uses the anonymous namespace [-Wsubobject-linkage]
[ 55%] Building CXX object CMakeFiles/PhysXSDK.dir/public/home/tangwsh/PhysX/physx/source/physx/src/NpDirectGPUAPI.cpp.o
In file included from /public/home/tangwsh/PhysX/physx/include/cudamanager/PxCudaTypes.h:33,
                 from /public/home/tangwsh/PhysX/physx/include/PxDirectGPUAPI.h:32,
                 from /public/home/tangwsh/PhysX/physx/source/physx/src/NpDirectGPUAPI.cpp:29:
/public/home/tangwsh/PhysX/physx/source/geomutils/src/GuGeometryChecks.h:93:37: warning: ‘offsetof’ within non-standard-layout type ‘physx::PxCapsuleGeometry’ is conditionally-supported [-Winvalid-offsetof]
   93 | PX_COMPILE_TIME_ASSERT(PX_OFFSET_OF(physx::PxCapsuleGeometry, radius) == PX_OFFSET_OF(physx::PxSphereGeometry, radius));
/public/home/tangwsh/PhysX/physx/include/foundation/PxPreprocessor.h:430:51: note: in definition of macro ‘PX_COMPILE_TIME_ASSERT’
  430 | #define PX_COMPILE_TIME_ASSERT(exp) static_assert(exp, "")
      |                                                   ^~~
/public/home/tangwsh/PhysX/physx/source/geomutils/src/GuGeometryChecks.h:93:24: note: in expansion of macro ‘PX_OFFSET_OF’
   93 | PX_COMPILE_TIME_ASSERT(PX_OFFSET_OF(physx::PxCapsuleGeometry, radius) == PX_OFFSET_OF(physx::PxSphereGeometry, radius));
      |                        ^~~~~~~~~~~~
/public/home/tangwsh/PhysX/physx/source/geomutils/src/GuGeometryChecks.h:93:87: warning: ‘offsetof’ within non-standard-layout type ‘physx::PxSphereGeometry’ is conditionally-supported [-Winvalid-offsetof]
   93 | PX_COMPILE_TIME_ASSERT(PX_OFFSET_OF(physx::PxCapsuleGeometry, radius) == PX_OFFSET_OF(physx::PxSphereGeometry, radius));
/public/home/tangwsh/PhysX/physx/include/foundation/PxPreprocessor.h:430:51: note: in definition of macro ‘PX_COMPILE_TIME_ASSERT’
  430 | #define PX_COMPILE_TIME_ASSERT(exp) static_assert(exp, "")
      |                                                   ^~~
/public/home/tangwsh/PhysX/physx/source/geomutils/src/GuGeometryChecks.h:93:74: note: in expansion of macro ‘PX_OFFSET_OF’
   93 | PX_COMPILE_TIME_ASSERT(PX_OFFSET_OF(physx::PxCapsuleGeometry, radius) == PX_OFFSET_OF(physx::PxSphereGeometry, radius));
      |                                                                          ^~~~~~~~~~~~
In file included from /public/home/tangwsh/PhysX/physx/source/physx/src/NpScene.h:63,
                 from /public/home/tangwsh/PhysX/physx/source/physx/src/NpDirectGPUAPI.cpp:32:
/public/home/tangwsh/PhysX/physx/source/simulationcontroller/include/ScScene.h:222:15: warning: ‘physx::Sc::Scene’ has a field ‘physx::Sc::Scene::mOverlapFilterTaskHead’ whose type uses the anonymous namespace [-Wsubobject-linkage]
  222 |         class Scene : public PxUserAllocated
      |               ^~~~~
/public/home/tangwsh/PhysX/physx/source/simulationcontroller/include/ScScene.h:222:15: warning: ‘physx::Sc::Scene’ has a field ‘physx::Sc::Scene::mOverlapCreatedTaskHead’ whose type uses the anonymous namespace [-Wsubobject-linkage]
/public/home/tangwsh/PhysX/physx/source/simulationcontroller/include/ScScene.h:222:15: warning: ‘physx::Sc::Scene’ has a field ‘physx::Sc::Scene::mIslandInsertionTaskHead’ whose type uses the anonymous namespace [-Wsubobject-linkage]
[ 56%] Building CXX object CMakeFiles/PhysXSDK.dir/public/home/tangwsh/PhysX/physx/source/physx/src/NpFactory.cpp.o
In file included from /public/home/tangwsh/PhysX/physx/include/foundation/PxMath.h:33,
                 from /public/home/tangwsh/PhysX/physx/include/foundation/PxVec3.h:33,
                 from /public/home/tangwsh/PhysX/physx/include/foundation/PxQuat.h:33,
                 from /public/home/tangwsh/PhysX/physx/include/foundation/PxTransform.h:32,
                 from /public/home/tangwsh/PhysX/physx/include/geometry/PxGeometryQuery.h:41,
                 from /public/home/tangwsh/PhysX/physx/source/physx/src/NpFactory.cpp:29:
/public/home/tangwsh/PhysX/physx/source/geomutils/src/GuGeometryChecks.h:93:37: warning: ‘offsetof’ within non-standard-layout type ‘physx::PxCapsuleGeometry’ is conditionally-supported [-Winvalid-offsetof]
   93 | PX_COMPILE_TIME_ASSERT(PX_OFFSET_OF(physx::PxCapsuleGeometry, radius) == PX_OFFSET_OF(physx::PxSphereGeometry, radius));
/public/home/tangwsh/PhysX/physx/include/foundation/PxPreprocessor.h:430:51: note: in definition of macro ‘PX_COMPILE_TIME_ASSERT’
  430 | #define PX_COMPILE_TIME_ASSERT(exp) static_assert(exp, "")
      |                                                   ^~~
/public/home/tangwsh/PhysX/physx/source/geomutils/src/GuGeometryChecks.h:93:24: note: in expansion of macro ‘PX_OFFSET_OF’
   93 | PX_COMPILE_TIME_ASSERT(PX_OFFSET_OF(physx::PxCapsuleGeometry, radius) == PX_OFFSET_OF(physx::PxSphereGeometry, radius));
      |                        ^~~~~~~~~~~~
/public/home/tangwsh/PhysX/physx/source/geomutils/src/GuGeometryChecks.h:93:87: warning: ‘offsetof’ within non-standard-layout type ‘physx::PxSphereGeometry’ is conditionally-supported [-Winvalid-offsetof]
   93 | PX_COMPILE_TIME_ASSERT(PX_OFFSET_OF(physx::PxCapsuleGeometry, radius) == PX_OFFSET_OF(physx::PxSphereGeometry, radius));
/public/home/tangwsh/PhysX/physx/include/foundation/PxPreprocessor.h:430:51: note: in definition of macro ‘PX_COMPILE_TIME_ASSERT’
  430 | #define PX_COMPILE_TIME_ASSERT(exp) static_assert(exp, "")
      |                                                   ^~~
/public/home/tangwsh/PhysX/physx/source/geomutils/src/GuGeometryChecks.h:93:74: note: in expansion of macro ‘PX_OFFSET_OF’
   93 | PX_COMPILE_TIME_ASSERT(PX_OFFSET_OF(physx::PxCapsuleGeometry, radius) == PX_OFFSET_OF(physx::PxSphereGeometry, radius));
      |                                                                          ^~~~~~~~~~~~
In file included from /public/home/tangwsh/PhysX/physx/source/physx/src/NpScene.h:63,
                 from /public/home/tangwsh/PhysX/physx/source/physx/src/NpBase.h:33,
                 from /public/home/tangwsh/PhysX/physx/source/physx/src/NpActor.h:33,
                 from /public/home/tangwsh/PhysX/physx/source/physx/src/NpActorTemplate.h:33,
                 from /public/home/tangwsh/PhysX/physx/source/physx/src/NpDeformableSurface.h:37,
                 from /public/home/tangwsh/PhysX/physx/source/physx/src/NpFactory.h:43,
                 from /public/home/tangwsh/PhysX/physx/source/physx/src/NpFactory.cpp:30:
/public/home/tangwsh/PhysX/physx/source/simulationcontroller/include/ScScene.h:222:15: warning: ‘physx::Sc::Scene’ has a field ‘physx::Sc::Scene::mOverlapFilterTaskHead’ whose type uses the anonymous namespace [-Wsubobject-linkage]
  222 |         class Scene : public PxUserAllocated
      |               ^~~~~
/public/home/tangwsh/PhysX/physx/source/simulationcontroller/include/ScScene.h:222:15: warning: ‘physx::Sc::Scene’ has a field ‘physx::Sc::Scene::mOverlapCreatedTaskHead’ whose type uses the anonymous namespace [-Wsubobject-linkage]
/public/home/tangwsh/PhysX/physx/source/simulationcontroller/include/ScScene.h:222:15: warning: ‘physx::Sc::Scene’ has a field ‘physx::Sc::Scene::mIslandInsertionTaskHead’ whose type uses the anonymous namespace [-Wsubobject-linkage]
[ 56%] Building CXX object CMakeFiles/PhysXSDK.dir/public/home/tangwsh/PhysX/physx/source/physx/src/NpMaterial.cpp.o
In file included from /public/home/tangwsh/PhysX/physx/include/foundation/PxSimpleTypes.h:36,
                 from /public/home/tangwsh/PhysX/physx/include/common/PxPhysXCommonConfig.h:32,
                 from /public/home/tangwsh/PhysX/physx/include/common/PxSerialFramework.h:33,
                 from /public/home/tangwsh/PhysX/physx/source/physx/src/NpMaterial.h:32,
                 from /public/home/tangwsh/PhysX/physx/source/physx/src/NpMaterial.cpp:29:
/public/home/tangwsh/PhysX/physx/source/geomutils/src/GuGeometryChecks.h:93:37: warning: ‘offsetof’ within non-standard-layout type ‘physx::PxCapsuleGeometry’ is conditionally-supported [-Winvalid-offsetof]
   93 | PX_COMPILE_TIME_ASSERT(PX_OFFSET_OF(physx::PxCapsuleGeometry, radius) == PX_OFFSET_OF(physx::PxSphereGeometry, radius));
/public/home/tangwsh/PhysX/physx/include/foundation/PxPreprocessor.h:430:51: note: in definition of macro ‘PX_COMPILE_TIME_ASSERT’
  430 | #define PX_COMPILE_TIME_ASSERT(exp) static_assert(exp, "")
      |                                                   ^~~
/public/home/tangwsh/PhysX/physx/source/geomutils/src/GuGeometryChecks.h:93:24: note: in expansion of macro ‘PX_OFFSET_OF’
   93 | PX_COMPILE_TIME_ASSERT(PX_OFFSET_OF(physx::PxCapsuleGeometry, radius) == PX_OFFSET_OF(physx::PxSphereGeometry, radius));
      |                        ^~~~~~~~~~~~
/public/home/tangwsh/PhysX/physx/source/geomutils/src/GuGeometryChecks.h:93:87: warning: ‘offsetof’ within non-standard-layout type ‘physx::PxSphereGeometry’ is conditionally-supported [-Winvalid-offsetof]
   93 | PX_COMPILE_TIME_ASSERT(PX_OFFSET_OF(physx::PxCapsuleGeometry, radius) == PX_OFFSET_OF(physx::PxSphereGeometry, radius));
/public/home/tangwsh/PhysX/physx/include/foundation/PxPreprocessor.h:430:51: note: in definition of macro ‘PX_COMPILE_TIME_ASSERT’
  430 | #define PX_COMPILE_TIME_ASSERT(exp) static_assert(exp, "")
      |                                                   ^~~
/public/home/tangwsh/PhysX/physx/source/geomutils/src/GuGeometryChecks.h:93:74: note: in expansion of macro ‘PX_OFFSET_OF’
   93 | PX_COMPILE_TIME_ASSERT(PX_OFFSET_OF(physx::PxCapsuleGeometry, radius) == PX_OFFSET_OF(physx::PxSphereGeometry, radius));
      |                                                                          ^~~~~~~~~~~~
In file included from /public/home/tangwsh/PhysX/physx/source/physx/src/NpScene.h:63,
                 from /public/home/tangwsh/PhysX/physx/source/physx/src/NpBase.h:33,
                 from /public/home/tangwsh/PhysX/physx/source/physx/src/NpActor.h:33,
                 from /public/home/tangwsh/PhysX/physx/source/physx/src/NpActorTemplate.h:33,
                 from /public/home/tangwsh/PhysX/physx/source/physx/src/NpDeformableSurface.h:37,
                 from /public/home/tangwsh/PhysX/physx/source/physx/src/NpFactory.h:43,
                 from /public/home/tangwsh/PhysX/physx/source/physx/src/NpPhysicsInsertionCallback.h:36,
                 from /public/home/tangwsh/PhysX/physx/source/physx/src/NpPhysics.h:41,
                 from /public/home/tangwsh/PhysX/physx/source/physx/src/NpMaterial.cpp:30:
/public/home/tangwsh/PhysX/physx/source/simulationcontroller/include/ScScene.h:222:15: warning: ‘physx::Sc::Scene’ has a field ‘physx::Sc::Scene::mOverlapFilterTaskHead’ whose type uses the anonymous namespace [-Wsubobject-linkage]
  222 |         class Scene : public PxUserAllocated
      |               ^~~~~
/public/home/tangwsh/PhysX/physx/source/simulationcontroller/include/ScScene.h:222:15: warning: ‘physx::Sc::Scene’ has a field ‘physx::Sc::Scene::mOverlapCreatedTaskHead’ whose type uses the anonymous namespace [-Wsubobject-linkage]
/public/home/tangwsh/PhysX/physx/source/simulationcontroller/include/ScScene.h:222:15: warning: ‘physx::Sc::Scene’ has a field ‘physx::Sc::Scene::mIslandInsertionTaskHead’ whose type uses the anonymous namespace [-Wsubobject-linkage]
[ 56%] Building CXX object CMakeFiles/PhysXSDK.dir/public/home/tangwsh/PhysX/physx/source/physx/src/NpPBDMaterial.cpp.o
In file included from /public/home/tangwsh/PhysX/physx/include/foundation/PxSimpleTypes.h:36,
                 from /public/home/tangwsh/PhysX/physx/include/common/PxPhysXCommonConfig.h:32,
                 from /public/home/tangwsh/PhysX/physx/include/common/PxSerialFramework.h:33,
                 from /public/home/tangwsh/PhysX/physx/source/physx/src/NpPBDMaterial.h:32,
                 from /public/home/tangwsh/PhysX/physx/source/physx/src/NpPBDMaterial.cpp:29:
/public/home/tangwsh/PhysX/physx/source/geomutils/src/GuGeometryChecks.h:93:37: warning: ‘offsetof’ within non-standard-layout type ‘physx::PxCapsuleGeometry’ is conditionally-supported [-Winvalid-offsetof]
   93 | PX_COMPILE_TIME_ASSERT(PX_OFFSET_OF(physx::PxCapsuleGeometry, radius) == PX_OFFSET_OF(physx::PxSphereGeometry, radius));
/public/home/tangwsh/PhysX/physx/include/foundation/PxPreprocessor.h:430:51: note: in definition of macro ‘PX_COMPILE_TIME_ASSERT’
  430 | #define PX_COMPILE_TIME_ASSERT(exp) static_assert(exp, "")
      |                                                   ^~~
/public/home/tangwsh/PhysX/physx/source/geomutils/src/GuGeometryChecks.h:93:24: note: in expansion of macro ‘PX_OFFSET_OF’
   93 | PX_COMPILE_TIME_ASSERT(PX_OFFSET_OF(physx::PxCapsuleGeometry, radius) == PX_OFFSET_OF(physx::PxSphereGeometry, radius));
      |                        ^~~~~~~~~~~~
/public/home/tangwsh/PhysX/physx/source/geomutils/src/GuGeometryChecks.h:93:87: warning: ‘offsetof’ within non-standard-layout type ‘physx::PxSphereGeometry’ is conditionally-supported [-Winvalid-offsetof]
   93 | PX_COMPILE_TIME_ASSERT(PX_OFFSET_OF(physx::PxCapsuleGeometry, radius) == PX_OFFSET_OF(physx::PxSphereGeometry, radius));
/public/home/tangwsh/PhysX/physx/include/foundation/PxPreprocessor.h:430:51: note: in definition of macro ‘PX_COMPILE_TIME_ASSERT’
  430 | #define PX_COMPILE_TIME_ASSERT(exp) static_assert(exp, "")
      |                                                   ^~~
/public/home/tangwsh/PhysX/physx/source/geomutils/src/GuGeometryChecks.h:93:74: note: in expansion of macro ‘PX_OFFSET_OF’
   93 | PX_COMPILE_TIME_ASSERT(PX_OFFSET_OF(physx::PxCapsuleGeometry, radius) == PX_OFFSET_OF(physx::PxSphereGeometry, radius));
      |                                                                          ^~~~~~~~~~~~
In file included from /public/home/tangwsh/PhysX/physx/source/physx/src/NpScene.h:63,
                 from /public/home/tangwsh/PhysX/physx/source/physx/src/NpBase.h:33,
                 from /public/home/tangwsh/PhysX/physx/source/physx/src/NpActor.h:33,
                 from /public/home/tangwsh/PhysX/physx/source/physx/src/NpActorTemplate.h:33,
                 from /public/home/tangwsh/PhysX/physx/source/physx/src/NpDeformableSurface.h:37,
                 from /public/home/tangwsh/PhysX/physx/source/physx/src/NpFactory.h:43,
                 from /public/home/tangwsh/PhysX/physx/source/physx/src/NpPhysicsInsertionCallback.h:36,
                 from /public/home/tangwsh/PhysX/physx/source/physx/src/NpPhysics.h:41,
                 from /public/home/tangwsh/PhysX/physx/source/physx/src/NpPBDMaterial.cpp:30:
/public/home/tangwsh/PhysX/physx/source/simulationcontroller/include/ScScene.h:222:15: warning: ‘physx::Sc::Scene’ has a field ‘physx::Sc::Scene::mOverlapFilterTaskHead’ whose type uses the anonymous namespace [-Wsubobject-linkage]
  222 |         class Scene : public PxUserAllocated
      |               ^~~~~
/public/home/tangwsh/PhysX/physx/source/simulationcontroller/include/ScScene.h:222:15: warning: ‘physx::Sc::Scene’ has a field ‘physx::Sc::Scene::mOverlapCreatedTaskHead’ whose type uses the anonymous namespace [-Wsubobject-linkage]
/public/home/tangwsh/PhysX/physx/source/simulationcontroller/include/ScScene.h:222:15: warning: ‘physx::Sc::Scene’ has a field ‘physx::Sc::Scene::mIslandInsertionTaskHead’ whose type uses the anonymous namespace [-Wsubobject-linkage]
[ 57%] Building CXX object CMakeFiles/PhysXSDK.dir/public/home/tangwsh/PhysX/physx/source/physx/src/NpPBDParticleSystem.cpp.o
In file included from /public/home/tangwsh/PhysX/physx/source/physx/src/NpPBDParticleSystem.cpp:29:
/public/home/tangwsh/PhysX/physx/source/geomutils/src/GuGeometryChecks.h:93:37: warning: ‘offsetof’ within non-standard-layout type ‘physx::PxCapsuleGeometry’ is conditionally-supported [-Winvalid-offsetof]
   93 | PX_COMPILE_TIME_ASSERT(PX_OFFSET_OF(physx::PxCapsuleGeometry, radius) == PX_OFFSET_OF(physx::PxSphereGeometry, radius));
/public/home/tangwsh/PhysX/physx/include/foundation/PxPreprocessor.h:430:51: note: in definition of macro ‘PX_COMPILE_TIME_ASSERT’
  430 | #define PX_COMPILE_TIME_ASSERT(exp) static_assert(exp, "")
      |                                                   ^~~
/public/home/tangwsh/PhysX/physx/source/geomutils/src/GuGeometryChecks.h:93:24: note: in expansion of macro ‘PX_OFFSET_OF’
   93 | PX_COMPILE_TIME_ASSERT(PX_OFFSET_OF(physx::PxCapsuleGeometry, radius) == PX_OFFSET_OF(physx::PxSphereGeometry, radius));
      |                        ^~~~~~~~~~~~
/public/home/tangwsh/PhysX/physx/source/geomutils/src/GuGeometryChecks.h:93:87: warning: ‘offsetof’ within non-standard-layout type ‘physx::PxSphereGeometry’ is conditionally-supported [-Winvalid-offsetof]
   93 | PX_COMPILE_TIME_ASSERT(PX_OFFSET_OF(physx::PxCapsuleGeometry, radius) == PX_OFFSET_OF(physx::PxSphereGeometry, radius));
/public/home/tangwsh/PhysX/physx/include/foundation/PxPreprocessor.h:430:51: note: in definition of macro ‘PX_COMPILE_TIME_ASSERT’
  430 | #define PX_COMPILE_TIME_ASSERT(exp) static_assert(exp, "")
      |                                                   ^~~
/public/home/tangwsh/PhysX/physx/source/geomutils/src/GuGeometryChecks.h:93:74: note: in expansion of macro ‘PX_OFFSET_OF’
   93 | PX_COMPILE_TIME_ASSERT(PX_OFFSET_OF(physx::PxCapsuleGeometry, radius) == PX_OFFSET_OF(physx::PxSphereGeometry, radius));
      |                                                                          ^~~~~~~~~~~~
In file included from /public/home/tangwsh/PhysX/physx/source/physx/src/NpScene.h:63,
                 from /public/home/tangwsh/PhysX/physx/source/physx/src/NpBase.h:33,
                 from /public/home/tangwsh/PhysX/physx/source/physx/src/NpActor.h:33,
                 from /public/home/tangwsh/PhysX/physx/source/physx/src/NpActorTemplate.h:33,
                 from /public/home/tangwsh/PhysX/physx/source/physx/src/NpPBDParticleSystem.h:37,
                 from /public/home/tangwsh/PhysX/physx/source/physx/src/NpPBDParticleSystem.cpp:33:
/public/home/tangwsh/PhysX/physx/source/simulationcontroller/include/ScScene.h:222:15: warning: ‘physx::Sc::Scene’ has a field ‘physx::Sc::Scene::mOverlapFilterTaskHead’ whose type uses the anonymous namespace [-Wsubobject-linkage]
  222 |         class Scene : public PxUserAllocated
      |               ^~~~~
/public/home/tangwsh/PhysX/physx/source/simulationcontroller/include/ScScene.h:222:15: warning: ‘physx::Sc::Scene’ has a field ‘physx::Sc::Scene::mOverlapCreatedTaskHead’ whose type uses the anonymous namespace [-Wsubobject-linkage]
/public/home/tangwsh/PhysX/physx/source/simulationcontroller/include/ScScene.h:222:15: warning: ‘physx::Sc::Scene’ has a field ‘physx::Sc::Scene::mIslandInsertionTaskHead’ whose type uses the anonymous namespace [-Wsubobject-linkage]
[ 57%] Building CXX object CMakeFiles/PhysXSDK.dir/public/home/tangwsh/PhysX/physx/source/physx/src/NpParticleBuffer.cpp.o
In file included from /public/home/tangwsh/PhysX/physx/source/physx/src/NpParticleBuffer.cpp:29:
/public/home/tangwsh/PhysX/physx/source/geomutils/src/GuGeometryChecks.h:93:37: warning: ‘offsetof’ within non-standard-layout type ‘physx::PxCapsuleGeometry’ is conditionally-supported [-Winvalid-offsetof]
   93 | PX_COMPILE_TIME_ASSERT(PX_OFFSET_OF(physx::PxCapsuleGeometry, radius) == PX_OFFSET_OF(physx::PxSphereGeometry, radius));
/public/home/tangwsh/PhysX/physx/include/foundation/PxPreprocessor.h:430:51: note: in definition of macro ‘PX_COMPILE_TIME_ASSERT’
  430 | #define PX_COMPILE_TIME_ASSERT(exp) static_assert(exp, "")
      |                                                   ^~~
/public/home/tangwsh/PhysX/physx/source/geomutils/src/GuGeometryChecks.h:93:24: note: in expansion of macro ‘PX_OFFSET_OF’
   93 | PX_COMPILE_TIME_ASSERT(PX_OFFSET_OF(physx::PxCapsuleGeometry, radius) == PX_OFFSET_OF(physx::PxSphereGeometry, radius));
      |                        ^~~~~~~~~~~~
/public/home/tangwsh/PhysX/physx/source/geomutils/src/GuGeometryChecks.h:93:87: warning: ‘offsetof’ within non-standard-layout type ‘physx::PxSphereGeometry’ is conditionally-supported [-Winvalid-offsetof]
   93 | PX_COMPILE_TIME_ASSERT(PX_OFFSET_OF(physx::PxCapsuleGeometry, radius) == PX_OFFSET_OF(physx::PxSphereGeometry, radius));
/public/home/tangwsh/PhysX/physx/include/foundation/PxPreprocessor.h:430:51: note: in definition of macro ‘PX_COMPILE_TIME_ASSERT’
  430 | #define PX_COMPILE_TIME_ASSERT(exp) static_assert(exp, "")
      |                                                   ^~~
/public/home/tangwsh/PhysX/physx/source/geomutils/src/GuGeometryChecks.h:93:74: note: in expansion of macro ‘PX_OFFSET_OF’
   93 | PX_COMPILE_TIME_ASSERT(PX_OFFSET_OF(physx::PxCapsuleGeometry, radius) == PX_OFFSET_OF(physx::PxSphereGeometry, radius));
      |                                                                          ^~~~~~~~~~~~
In file included from /public/home/tangwsh/PhysX/physx/source/physx/src/NpScene.h:63,
                 from /public/home/tangwsh/PhysX/physx/source/physx/src/NpBase.h:33,
                 from /public/home/tangwsh/PhysX/physx/source/physx/src/NpParticleBuffer.h:37,
                 from /public/home/tangwsh/PhysX/physx/source/physx/src/NpParticleBuffer.cpp:33:
/public/home/tangwsh/PhysX/physx/source/simulationcontroller/include/ScScene.h:222:15: warning: ‘physx::Sc::Scene’ has a field ‘physx::Sc::Scene::mOverlapFilterTaskHead’ whose type uses the anonymous namespace [-Wsubobject-linkage]
  222 |         class Scene : public PxUserAllocated
      |               ^~~~~
/public/home/tangwsh/PhysX/physx/source/simulationcontroller/include/ScScene.h:222:15: warning: ‘physx::Sc::Scene’ has a field ‘physx::Sc::Scene::mOverlapCreatedTaskHead’ whose type uses the anonymous namespace [-Wsubobject-linkage]
/public/home/tangwsh/PhysX/physx/source/simulationcontroller/include/ScScene.h:222:15: warning: ‘physx::Sc::Scene’ has a field ‘physx::Sc::Scene::mIslandInsertionTaskHead’ whose type uses the anonymous namespace [-Wsubobject-linkage]
[ 58%] Building CXX object CMakeFiles/PhysXSDK.dir/public/home/tangwsh/PhysX/physx/source/physx/src/NpPhysics.cpp.o
In file included from /public/home/tangwsh/PhysX/physx/include/foundation/PxSimpleTypes.h:36,
                 from /public/home/tangwsh/PhysX/physx/include/common/PxPhysXCommonConfig.h:32,
                 from /public/home/tangwsh/PhysX/physx/include/PxPhysXConfig.h:35,
                 from /public/home/tangwsh/PhysX/physx/include/PxPhysics.h:32,
                 from /public/home/tangwsh/PhysX/physx/source/physx/src/NpPhysics.h:32,
                 from /public/home/tangwsh/PhysX/physx/source/physx/src/NpPhysics.cpp:29:
/public/home/tangwsh/PhysX/physx/source/geomutils/src/GuGeometryChecks.h:93:37: warning: ‘offsetof’ within non-standard-layout type ‘physx::PxCapsuleGeometry’ is conditionally-supported [-Winvalid-offsetof]
   93 | PX_COMPILE_TIME_ASSERT(PX_OFFSET_OF(physx::PxCapsuleGeometry, radius) == PX_OFFSET_OF(physx::PxSphereGeometry, radius));
/public/home/tangwsh/PhysX/physx/include/foundation/PxPreprocessor.h:430:51: note: in definition of macro ‘PX_COMPILE_TIME_ASSERT’
  430 | #define PX_COMPILE_TIME_ASSERT(exp) static_assert(exp, "")
      |                                                   ^~~
/public/home/tangwsh/PhysX/physx/source/geomutils/src/GuGeometryChecks.h:93:24: note: in expansion of macro ‘PX_OFFSET_OF’
   93 | PX_COMPILE_TIME_ASSERT(PX_OFFSET_OF(physx::PxCapsuleGeometry, radius) == PX_OFFSET_OF(physx::PxSphereGeometry, radius));
      |                        ^~~~~~~~~~~~
/public/home/tangwsh/PhysX/physx/source/geomutils/src/GuGeometryChecks.h:93:87: warning: ‘offsetof’ within non-standard-layout type ‘physx::PxSphereGeometry’ is conditionally-supported [-Winvalid-offsetof]
   93 | PX_COMPILE_TIME_ASSERT(PX_OFFSET_OF(physx::PxCapsuleGeometry, radius) == PX_OFFSET_OF(physx::PxSphereGeometry, radius));
/public/home/tangwsh/PhysX/physx/include/foundation/PxPreprocessor.h:430:51: note: in definition of macro ‘PX_COMPILE_TIME_ASSERT’
  430 | #define PX_COMPILE_TIME_ASSERT(exp) static_assert(exp, "")
      |                                                   ^~~
/public/home/tangwsh/PhysX/physx/source/geomutils/src/GuGeometryChecks.h:93:74: note: in expansion of macro ‘PX_OFFSET_OF’
   93 | PX_COMPILE_TIME_ASSERT(PX_OFFSET_OF(physx::PxCapsuleGeometry, radius) == PX_OFFSET_OF(physx::PxSphereGeometry, radius));
      |                                                                          ^~~~~~~~~~~~
In file included from /public/home/tangwsh/PhysX/physx/source/physx/src/NpScene.h:63,
                 from /public/home/tangwsh/PhysX/physx/source/physx/src/NpBase.h:33,
                 from /public/home/tangwsh/PhysX/physx/source/physx/src/NpActor.h:33,
                 from /public/home/tangwsh/PhysX/physx/source/physx/src/NpActorTemplate.h:33,
                 from /public/home/tangwsh/PhysX/physx/source/physx/src/NpDeformableSurface.h:37,
                 from /public/home/tangwsh/PhysX/physx/source/physx/src/NpFactory.h:43,
                 from /public/home/tangwsh/PhysX/physx/source/physx/src/NpPhysicsInsertionCallback.h:36,
                 from /public/home/tangwsh/PhysX/physx/source/physx/src/NpPhysics.h:41,
                 from /public/home/tangwsh/PhysX/physx/source/physx/src/NpPhysics.cpp:29:
/public/home/tangwsh/PhysX/physx/source/simulationcontroller/include/ScScene.h:222:15: warning: ‘physx::Sc::Scene’ has a field ‘physx::Sc::Scene::mOverlapFilterTaskHead’ whose type uses the anonymous namespace [-Wsubobject-linkage]
  222 |         class Scene : public PxUserAllocated
      |               ^~~~~
/public/home/tangwsh/PhysX/physx/source/simulationcontroller/include/ScScene.h:222:15: warning: ‘physx::Sc::Scene’ has a field ‘physx::Sc::Scene::mOverlapCreatedTaskHead’ whose type uses the anonymous namespace [-Wsubobject-linkage]
/public/home/tangwsh/PhysX/physx/source/simulationcontroller/include/ScScene.h:222:15: warning: ‘physx::Sc::Scene’ has a field ‘physx::Sc::Scene::mIslandInsertionTaskHead’ whose type uses the anonymous namespace [-Wsubobject-linkage]
[ 58%] Building CXX object CMakeFiles/PhysXSDK.dir/public/home/tangwsh/PhysX/physx/source/physx/src/NpPruningStructure.cpp.o
In file included from /public/home/tangwsh/PhysX/physx/include/foundation/PxSimpleTypes.h:36,
                 from /public/home/tangwsh/PhysX/physx/include/common/PxPhysXCommonConfig.h:32,
                 from /public/home/tangwsh/PhysX/physx/include/PxPhysXConfig.h:35,
                 from /public/home/tangwsh/PhysX/physx/include/PxPruningStructure.h:32,
                 from /public/home/tangwsh/PhysX/physx/source/physx/src/NpPruningStructure.h:32,
                 from /public/home/tangwsh/PhysX/physx/source/physx/src/NpPruningStructure.cpp:29:
/public/home/tangwsh/PhysX/physx/source/geomutils/src/GuGeometryChecks.h:93:37: warning: ‘offsetof’ within non-standard-layout type ‘physx::PxCapsuleGeometry’ is conditionally-supported [-Winvalid-offsetof]
   93 | PX_COMPILE_TIME_ASSERT(PX_OFFSET_OF(physx::PxCapsuleGeometry, radius) == PX_OFFSET_OF(physx::PxSphereGeometry, radius));
/public/home/tangwsh/PhysX/physx/include/foundation/PxPreprocessor.h:430:51: note: in definition of macro ‘PX_COMPILE_TIME_ASSERT’
  430 | #define PX_COMPILE_TIME_ASSERT(exp) static_assert(exp, "")
      |                                                   ^~~
/public/home/tangwsh/PhysX/physx/source/geomutils/src/GuGeometryChecks.h:93:24: note: in expansion of macro ‘PX_OFFSET_OF’
   93 | PX_COMPILE_TIME_ASSERT(PX_OFFSET_OF(physx::PxCapsuleGeometry, radius) == PX_OFFSET_OF(physx::PxSphereGeometry, radius));
      |                        ^~~~~~~~~~~~
/public/home/tangwsh/PhysX/physx/source/geomutils/src/GuGeometryChecks.h:93:87: warning: ‘offsetof’ within non-standard-layout type ‘physx::PxSphereGeometry’ is conditionally-supported [-Winvalid-offsetof]
   93 | PX_COMPILE_TIME_ASSERT(PX_OFFSET_OF(physx::PxCapsuleGeometry, radius) == PX_OFFSET_OF(physx::PxSphereGeometry, radius));
/public/home/tangwsh/PhysX/physx/include/foundation/PxPreprocessor.h:430:51: note: in definition of macro ‘PX_COMPILE_TIME_ASSERT’
  430 | #define PX_COMPILE_TIME_ASSERT(exp) static_assert(exp, "")
      |                                                   ^~~
/public/home/tangwsh/PhysX/physx/source/geomutils/src/GuGeometryChecks.h:93:74: note: in expansion of macro ‘PX_OFFSET_OF’
   93 | PX_COMPILE_TIME_ASSERT(PX_OFFSET_OF(physx::PxCapsuleGeometry, radius) == PX_OFFSET_OF(physx::PxSphereGeometry, radius));
      |                                                                          ^~~~~~~~~~~~
In file included from /public/home/tangwsh/PhysX/physx/source/physx/src/NpScene.h:63,
                 from /public/home/tangwsh/PhysX/physx/source/physx/src/NpBase.h:33,
                 from /public/home/tangwsh/PhysX/physx/source/physx/src/NpActor.h:33,
                 from /public/home/tangwsh/PhysX/physx/source/physx/src/NpActorTemplate.h:33,
                 from /public/home/tangwsh/PhysX/physx/source/physx/src/NpRigidActorTemplate.h:32,
                 from /public/home/tangwsh/PhysX/physx/source/physx/src/NpRigidBodyTemplate.h:32,
                 from /public/home/tangwsh/PhysX/physx/source/physx/src/NpRigidDynamic.h:33,
                 from /public/home/tangwsh/PhysX/physx/source/physx/src/NpPruningStructure.cpp:34:
/public/home/tangwsh/PhysX/physx/source/simulationcontroller/include/ScScene.h:222:15: warning: ‘physx::Sc::Scene’ has a field ‘physx::Sc::Scene::mOverlapFilterTaskHead’ whose type uses the anonymous namespace [-Wsubobject-linkage]
  222 |         class Scene : public PxUserAllocated
      |               ^~~~~
/public/home/tangwsh/PhysX/physx/source/simulationcontroller/include/ScScene.h:222:15: warning: ‘physx::Sc::Scene’ has a field ‘physx::Sc::Scene::mOverlapCreatedTaskHead’ whose type uses the anonymous namespace [-Wsubobject-linkage]
/public/home/tangwsh/PhysX/physx/source/simulationcontroller/include/ScScene.h:222:15: warning: ‘physx::Sc::Scene’ has a field ‘physx::Sc::Scene::mIslandInsertionTaskHead’ whose type uses the anonymous namespace [-Wsubobject-linkage]
[ 58%] Building CXX object CMakeFiles/PhysXSDK.dir/public/home/tangwsh/PhysX/physx/source/physx/src/NpPvdSceneClient.cpp.o
[ 59%] Building CXX object CMakeFiles/PhysXSDK.dir/public/home/tangwsh/PhysX/physx/source/physx/src/NpPvdSceneQueryCollector.cpp.o
[ 59%] Building CXX object CMakeFiles/PhysXSDK.dir/public/home/tangwsh/PhysX/physx/source/physx/src/NpRigidDynamic.cpp.o
In file included from /public/home/tangwsh/PhysX/physx/include/foundation/PxSimpleTypes.h:36,
                 from /public/home/tangwsh/PhysX/physx/include/common/PxPhysXCommonConfig.h:32,
                 from /public/home/tangwsh/PhysX/physx/include/PxPhysXConfig.h:35,
                 from /public/home/tangwsh/PhysX/physx/include/PxActor.h:32,
                 from /public/home/tangwsh/PhysX/physx/include/PxRigidActor.h:32,
                 from /public/home/tangwsh/PhysX/physx/include/PxRigidBody.h:32,
                 from /public/home/tangwsh/PhysX/physx/include/PxRigidDynamic.h:32,
                 from /public/home/tangwsh/PhysX/physx/source/physx/src/NpRigidDynamic.h:32,
                 from /public/home/tangwsh/PhysX/physx/source/physx/src/NpRigidDynamic.cpp:29:
/public/home/tangwsh/PhysX/physx/source/geomutils/src/GuGeometryChecks.h:93:37: warning: ‘offsetof’ within non-standard-layout type ‘physx::PxCapsuleGeometry’ is conditionally-supported [-Winvalid-offsetof]
   93 | PX_COMPILE_TIME_ASSERT(PX_OFFSET_OF(physx::PxCapsuleGeometry, radius) == PX_OFFSET_OF(physx::PxSphereGeometry, radius));
/public/home/tangwsh/PhysX/physx/include/foundation/PxPreprocessor.h:430:51: note: in definition of macro ‘PX_COMPILE_TIME_ASSERT’
  430 | #define PX_COMPILE_TIME_ASSERT(exp) static_assert(exp, "")
      |                                                   ^~~
/public/home/tangwsh/PhysX/physx/source/geomutils/src/GuGeometryChecks.h:93:24: note: in expansion of macro ‘PX_OFFSET_OF’
   93 | PX_COMPILE_TIME_ASSERT(PX_OFFSET_OF(physx::PxCapsuleGeometry, radius) == PX_OFFSET_OF(physx::PxSphereGeometry, radius));
      |                        ^~~~~~~~~~~~
/public/home/tangwsh/PhysX/physx/source/geomutils/src/GuGeometryChecks.h:93:87: warning: ‘offsetof’ within non-standard-layout type ‘physx::PxSphereGeometry’ is conditionally-supported [-Winvalid-offsetof]
   93 | PX_COMPILE_TIME_ASSERT(PX_OFFSET_OF(physx::PxCapsuleGeometry, radius) == PX_OFFSET_OF(physx::PxSphereGeometry, radius));
/public/home/tangwsh/PhysX/physx/include/foundation/PxPreprocessor.h:430:51: note: in definition of macro ‘PX_COMPILE_TIME_ASSERT’
  430 | #define PX_COMPILE_TIME_ASSERT(exp) static_assert(exp, "")
      |                                                   ^~~
/public/home/tangwsh/PhysX/physx/source/geomutils/src/GuGeometryChecks.h:93:74: note: in expansion of macro ‘PX_OFFSET_OF’
   93 | PX_COMPILE_TIME_ASSERT(PX_OFFSET_OF(physx::PxCapsuleGeometry, radius) == PX_OFFSET_OF(physx::PxSphereGeometry, radius));
      |                                                                          ^~~~~~~~~~~~
In file included from /public/home/tangwsh/PhysX/physx/source/physx/src/NpScene.h:63,
                 from /public/home/tangwsh/PhysX/physx/source/physx/src/NpBase.h:33,
                 from /public/home/tangwsh/PhysX/physx/source/physx/src/NpActor.h:33,
                 from /public/home/tangwsh/PhysX/physx/source/physx/src/NpActorTemplate.h:33,
                 from /public/home/tangwsh/PhysX/physx/source/physx/src/NpRigidActorTemplate.h:32,
                 from /public/home/tangwsh/PhysX/physx/source/physx/src/NpRigidBodyTemplate.h:32,
                 from /public/home/tangwsh/PhysX/physx/source/physx/src/NpRigidDynamic.h:33,
                 from /public/home/tangwsh/PhysX/physx/source/physx/src/NpRigidDynamic.cpp:29:
/public/home/tangwsh/PhysX/physx/source/simulationcontroller/include/ScScene.h:222:15: warning: ‘physx::Sc::Scene’ has a field ‘physx::Sc::Scene::mOverlapFilterTaskHead’ whose type uses the anonymous namespace [-Wsubobject-linkage]
  222 |         class Scene : public PxUserAllocated
      |               ^~~~~
/public/home/tangwsh/PhysX/physx/source/simulationcontroller/include/ScScene.h:222:15: warning: ‘physx::Sc::Scene’ has a field ‘physx::Sc::Scene::mOverlapCreatedTaskHead’ whose type uses the anonymous namespace [-Wsubobject-linkage]
/public/home/tangwsh/PhysX/physx/source/simulationcontroller/include/ScScene.h:222:15: warning: ‘physx::Sc::Scene’ has a field ‘physx::Sc::Scene::mIslandInsertionTaskHead’ whose type uses the anonymous namespace [-Wsubobject-linkage]
[ 59%] Building CXX object CMakeFiles/PhysXSDK.dir/public/home/tangwsh/PhysX/physx/source/physx/src/NpRigidStatic.cpp.o
In file included from /public/home/tangwsh/PhysX/physx/include/foundation/PxSimpleTypes.h:36,
                 from /public/home/tangwsh/PhysX/physx/include/common/PxPhysXCommonConfig.h:32,
                 from /public/home/tangwsh/PhysX/physx/include/PxPhysXConfig.h:35,
                 from /public/home/tangwsh/PhysX/physx/include/PxRigidStatic.h:32,
                 from /public/home/tangwsh/PhysX/physx/source/physx/src/NpRigidStatic.h:32,
                 from /public/home/tangwsh/PhysX/physx/source/physx/src/NpRigidStatic.cpp:29:
/public/home/tangwsh/PhysX/physx/source/geomutils/src/GuGeometryChecks.h:93:37: warning: ‘offsetof’ within non-standard-layout type ‘physx::PxCapsuleGeometry’ is conditionally-supported [-Winvalid-offsetof]
   93 | PX_COMPILE_TIME_ASSERT(PX_OFFSET_OF(physx::PxCapsuleGeometry, radius) == PX_OFFSET_OF(physx::PxSphereGeometry, radius));
/public/home/tangwsh/PhysX/physx/include/foundation/PxPreprocessor.h:430:51: note: in definition of macro ‘PX_COMPILE_TIME_ASSERT’
  430 | #define PX_COMPILE_TIME_ASSERT(exp) static_assert(exp, "")
      |                                                   ^~~
/public/home/tangwsh/PhysX/physx/source/geomutils/src/GuGeometryChecks.h:93:24: note: in expansion of macro ‘PX_OFFSET_OF’
   93 | PX_COMPILE_TIME_ASSERT(PX_OFFSET_OF(physx::PxCapsuleGeometry, radius) == PX_OFFSET_OF(physx::PxSphereGeometry, radius));
      |                        ^~~~~~~~~~~~
/public/home/tangwsh/PhysX/physx/source/geomutils/src/GuGeometryChecks.h:93:87: warning: ‘offsetof’ within non-standard-layout type ‘physx::PxSphereGeometry’ is conditionally-supported [-Winvalid-offsetof]
   93 | PX_COMPILE_TIME_ASSERT(PX_OFFSET_OF(physx::PxCapsuleGeometry, radius) == PX_OFFSET_OF(physx::PxSphereGeometry, radius));
/public/home/tangwsh/PhysX/physx/include/foundation/PxPreprocessor.h:430:51: note: in definition of macro ‘PX_COMPILE_TIME_ASSERT’
  430 | #define PX_COMPILE_TIME_ASSERT(exp) static_assert(exp, "")
      |                                                   ^~~
/public/home/tangwsh/PhysX/physx/source/geomutils/src/GuGeometryChecks.h:93:74: note: in expansion of macro ‘PX_OFFSET_OF’
   93 | PX_COMPILE_TIME_ASSERT(PX_OFFSET_OF(physx::PxCapsuleGeometry, radius) == PX_OFFSET_OF(physx::PxSphereGeometry, radius));
      |                                                                          ^~~~~~~~~~~~
In file included from /public/home/tangwsh/PhysX/physx/source/physx/src/NpScene.h:63,
                 from /public/home/tangwsh/PhysX/physx/source/physx/src/NpBase.h:33,
                 from /public/home/tangwsh/PhysX/physx/source/physx/src/NpActor.h:33,
                 from /public/home/tangwsh/PhysX/physx/source/physx/src/NpActorTemplate.h:33,
                 from /public/home/tangwsh/PhysX/physx/source/physx/src/NpRigidActorTemplate.h:32,
                 from /public/home/tangwsh/PhysX/physx/source/physx/src/NpRigidStatic.h:33,
                 from /public/home/tangwsh/PhysX/physx/source/physx/src/NpRigidStatic.cpp:29:
/public/home/tangwsh/PhysX/physx/source/simulationcontroller/include/ScScene.h:222:15: warning: ‘physx::Sc::Scene’ has a field ‘physx::Sc::Scene::mOverlapFilterTaskHead’ whose type uses the anonymous namespace [-Wsubobject-linkage]
  222 |         class Scene : public PxUserAllocated
      |               ^~~~~
/public/home/tangwsh/PhysX/physx/source/simulationcontroller/include/ScScene.h:222:15: warning: ‘physx::Sc::Scene’ has a field ‘physx::Sc::Scene::mOverlapCreatedTaskHead’ whose type uses the anonymous namespace [-Wsubobject-linkage]
/public/home/tangwsh/PhysX/physx/source/simulationcontroller/include/ScScene.h:222:15: warning: ‘physx::Sc::Scene’ has a field ‘physx::Sc::Scene::mIslandInsertionTaskHead’ whose type uses the anonymous namespace [-Wsubobject-linkage]
[ 60%] Building CXX object CMakeFiles/PhysXSDK.dir/public/home/tangwsh/PhysX/physx/source/physx/src/NpScene.cpp.o
In file included from /public/home/tangwsh/PhysX/physx/include/foundation/PxFoundationConfig.h:32,
                 from /public/home/tangwsh/PhysX/physx/include/foundation/PxAllocatorCallback.h:33,
                 from /public/home/tangwsh/PhysX/physx/include/foundation/PxAllocator.h:32,
                 from /public/home/tangwsh/PhysX/physx/include/foundation/PxUserAllocated.h:32,
                 from /public/home/tangwsh/PhysX/physx/source/physx/src/NpScene.h:34,
                 from /public/home/tangwsh/PhysX/physx/source/physx/src/NpScene.cpp:29:
/public/home/tangwsh/PhysX/physx/source/geomutils/src/GuGeometryChecks.h:93:37: warning: ‘offsetof’ within non-standard-layout type ‘physx::PxCapsuleGeometry’ is conditionally-supported [-Winvalid-offsetof]
   93 | PX_COMPILE_TIME_ASSERT(PX_OFFSET_OF(physx::PxCapsuleGeometry, radius) == PX_OFFSET_OF(physx::PxSphereGeometry, radius));
/public/home/tangwsh/PhysX/physx/include/foundation/PxPreprocessor.h:430:51: note: in definition of macro ‘PX_COMPILE_TIME_ASSERT’
  430 | #define PX_COMPILE_TIME_ASSERT(exp) static_assert(exp, "")
      |                                                   ^~~
/public/home/tangwsh/PhysX/physx/source/geomutils/src/GuGeometryChecks.h:93:24: note: in expansion of macro ‘PX_OFFSET_OF’
   93 | PX_COMPILE_TIME_ASSERT(PX_OFFSET_OF(physx::PxCapsuleGeometry, radius) == PX_OFFSET_OF(physx::PxSphereGeometry, radius));
      |                        ^~~~~~~~~~~~
/public/home/tangwsh/PhysX/physx/source/geomutils/src/GuGeometryChecks.h:93:87: warning: ‘offsetof’ within non-standard-layout type ‘physx::PxSphereGeometry’ is conditionally-supported [-Winvalid-offsetof]
   93 | PX_COMPILE_TIME_ASSERT(PX_OFFSET_OF(physx::PxCapsuleGeometry, radius) == PX_OFFSET_OF(physx::PxSphereGeometry, radius));
/public/home/tangwsh/PhysX/physx/include/foundation/PxPreprocessor.h:430:51: note: in definition of macro ‘PX_COMPILE_TIME_ASSERT’
  430 | #define PX_COMPILE_TIME_ASSERT(exp) static_assert(exp, "")
      |                                                   ^~~
/public/home/tangwsh/PhysX/physx/source/geomutils/src/GuGeometryChecks.h:93:74: note: in expansion of macro ‘PX_OFFSET_OF’
   93 | PX_COMPILE_TIME_ASSERT(PX_OFFSET_OF(physx::PxCapsuleGeometry, radius) == PX_OFFSET_OF(physx::PxSphereGeometry, radius));
      |                                                                          ^~~~~~~~~~~~
In file included from /public/home/tangwsh/PhysX/physx/source/physx/src/NpScene.h:63,
                 from /public/home/tangwsh/PhysX/physx/source/physx/src/NpScene.cpp:29:
/public/home/tangwsh/PhysX/physx/source/simulationcontroller/include/ScScene.h:222:15: warning: ‘physx::Sc::Scene’ has a field ‘physx::Sc::Scene::mOverlapFilterTaskHead’ whose type uses the anonymous namespace [-Wsubobject-linkage]
  222 |         class Scene : public PxUserAllocated
      |               ^~~~~
/public/home/tangwsh/PhysX/physx/source/simulationcontroller/include/ScScene.h:222:15: warning: ‘physx::Sc::Scene’ has a field ‘physx::Sc::Scene::mOverlapCreatedTaskHead’ whose type uses the anonymous namespace [-Wsubobject-linkage]
/public/home/tangwsh/PhysX/physx/source/simulationcontroller/include/ScScene.h:222:15: warning: ‘physx::Sc::Scene’ has a field ‘physx::Sc::Scene::mIslandInsertionTaskHead’ whose type uses the anonymous namespace [-Wsubobject-linkage]
[ 60%] Building CXX object CMakeFiles/PhysXSDK.dir/public/home/tangwsh/PhysX/physx/source/physx/src/NpSceneFetchResults.cpp.o
In file included from /public/home/tangwsh/PhysX/physx/include/foundation/PxFoundationConfig.h:32,
                 from /public/home/tangwsh/PhysX/physx/include/foundation/PxAllocatorCallback.h:33,
                 from /public/home/tangwsh/PhysX/physx/include/foundation/PxAllocator.h:32,
                 from /public/home/tangwsh/PhysX/physx/include/foundation/PxUserAllocated.h:32,
                 from /public/home/tangwsh/PhysX/physx/source/physx/src/NpScene.h:34,
                 from /public/home/tangwsh/PhysX/physx/source/physx/src/NpSceneFetchResults.cpp:29:
/public/home/tangwsh/PhysX/physx/source/geomutils/src/GuGeometryChecks.h:93:37: warning: ‘offsetof’ within non-standard-layout type ‘physx::PxCapsuleGeometry’ is conditionally-supported [-Winvalid-offsetof]
   93 | PX_COMPILE_TIME_ASSERT(PX_OFFSET_OF(physx::PxCapsuleGeometry, radius) == PX_OFFSET_OF(physx::PxSphereGeometry, radius));
/public/home/tangwsh/PhysX/physx/include/foundation/PxPreprocessor.h:430:51: note: in definition of macro ‘PX_COMPILE_TIME_ASSERT’
  430 | #define PX_COMPILE_TIME_ASSERT(exp) static_assert(exp, "")
      |                                                   ^~~
/public/home/tangwsh/PhysX/physx/source/geomutils/src/GuGeometryChecks.h:93:24: note: in expansion of macro ‘PX_OFFSET_OF’
   93 | PX_COMPILE_TIME_ASSERT(PX_OFFSET_OF(physx::PxCapsuleGeometry, radius) == PX_OFFSET_OF(physx::PxSphereGeometry, radius));
      |                        ^~~~~~~~~~~~
/public/home/tangwsh/PhysX/physx/source/geomutils/src/GuGeometryChecks.h:93:87: warning: ‘offsetof’ within non-standard-layout type ‘physx::PxSphereGeometry’ is conditionally-supported [-Winvalid-offsetof]
   93 | PX_COMPILE_TIME_ASSERT(PX_OFFSET_OF(physx::PxCapsuleGeometry, radius) == PX_OFFSET_OF(physx::PxSphereGeometry, radius));
/public/home/tangwsh/PhysX/physx/include/foundation/PxPreprocessor.h:430:51: note: in definition of macro ‘PX_COMPILE_TIME_ASSERT’
  430 | #define PX_COMPILE_TIME_ASSERT(exp) static_assert(exp, "")
      |                                                   ^~~
/public/home/tangwsh/PhysX/physx/source/geomutils/src/GuGeometryChecks.h:93:74: note: in expansion of macro ‘PX_OFFSET_OF’
   93 | PX_COMPILE_TIME_ASSERT(PX_OFFSET_OF(physx::PxCapsuleGeometry, radius) == PX_OFFSET_OF(physx::PxSphereGeometry, radius));
      |                                                                          ^~~~~~~~~~~~
In file included from /public/home/tangwsh/PhysX/physx/source/physx/src/NpScene.h:63,
                 from /public/home/tangwsh/PhysX/physx/source/physx/src/NpSceneFetchResults.cpp:29:
/public/home/tangwsh/PhysX/physx/source/simulationcontroller/include/ScScene.h:222:15: warning: ‘physx::Sc::Scene’ has a field ‘physx::Sc::Scene::mOverlapFilterTaskHead’ whose type uses the anonymous namespace [-Wsubobject-linkage]
  222 |         class Scene : public PxUserAllocated
      |               ^~~~~
/public/home/tangwsh/PhysX/physx/source/simulationcontroller/include/ScScene.h:222:15: warning: ‘physx::Sc::Scene’ has a field ‘physx::Sc::Scene::mOverlapCreatedTaskHead’ whose type uses the anonymous namespace [-Wsubobject-linkage]
/public/home/tangwsh/PhysX/physx/source/simulationcontroller/include/ScScene.h:222:15: warning: ‘physx::Sc::Scene’ has a field ‘physx::Sc::Scene::mIslandInsertionTaskHead’ whose type uses the anonymous namespace [-Wsubobject-linkage]
[ 60%] Building CXX object CMakeFiles/PhysXSDK.dir/public/home/tangwsh/PhysX/physx/source/physx/src/NpSceneQueries.cpp.o
In file included from /public/home/tangwsh/PhysX/physx/include/foundation/PxSimpleTypes.h:36,
                 from /public/home/tangwsh/PhysX/physx/include/common/PxPhysXCommonConfig.h:32,
                 from /public/home/tangwsh/PhysX/physx/include/PxPhysXConfig.h:35,
                 from /public/home/tangwsh/PhysX/physx/include/PxSceneQueryDesc.h:32,
                 from /public/home/tangwsh/PhysX/physx/source/physx/src/NpSceneQueries.h:32,
                 from /public/home/tangwsh/PhysX/physx/source/physx/src/NpSceneQueries.cpp:29:
/public/home/tangwsh/PhysX/physx/source/geomutils/src/GuGeometryChecks.h:93:37: warning: ‘offsetof’ within non-standard-layout type ‘physx::PxCapsuleGeometry’ is conditionally-supported [-Winvalid-offsetof]
   93 | PX_COMPILE_TIME_ASSERT(PX_OFFSET_OF(physx::PxCapsuleGeometry, radius) == PX_OFFSET_OF(physx::PxSphereGeometry, radius));
/public/home/tangwsh/PhysX/physx/include/foundation/PxPreprocessor.h:430:51: note: in definition of macro ‘PX_COMPILE_TIME_ASSERT’
  430 | #define PX_COMPILE_TIME_ASSERT(exp) static_assert(exp, "")
      |                                                   ^~~
/public/home/tangwsh/PhysX/physx/source/geomutils/src/GuGeometryChecks.h:93:24: note: in expansion of macro ‘PX_OFFSET_OF’
   93 | PX_COMPILE_TIME_ASSERT(PX_OFFSET_OF(physx::PxCapsuleGeometry, radius) == PX_OFFSET_OF(physx::PxSphereGeometry, radius));
      |                        ^~~~~~~~~~~~
/public/home/tangwsh/PhysX/physx/source/geomutils/src/GuGeometryChecks.h:93:87: warning: ‘offsetof’ within non-standard-layout type ‘physx::PxSphereGeometry’ is conditionally-supported [-Winvalid-offsetof]
   93 | PX_COMPILE_TIME_ASSERT(PX_OFFSET_OF(physx::PxCapsuleGeometry, radius) == PX_OFFSET_OF(physx::PxSphereGeometry, radius));
/public/home/tangwsh/PhysX/physx/include/foundation/PxPreprocessor.h:430:51: note: in definition of macro ‘PX_COMPILE_TIME_ASSERT’
  430 | #define PX_COMPILE_TIME_ASSERT(exp) static_assert(exp, "")
      |                                                   ^~~
/public/home/tangwsh/PhysX/physx/source/geomutils/src/GuGeometryChecks.h:93:74: note: in expansion of macro ‘PX_OFFSET_OF’
   93 | PX_COMPILE_TIME_ASSERT(PX_OFFSET_OF(physx::PxCapsuleGeometry, radius) == PX_OFFSET_OF(physx::PxSphereGeometry, radius));
      |                                                                          ^~~~~~~~~~~~
In file included from /public/home/tangwsh/PhysX/physx/source/physx/src/NpScene.h:63,
                 from /public/home/tangwsh/PhysX/physx/source/physx/src/NpBase.h:33,
                 from /public/home/tangwsh/PhysX/physx/source/physx/src/NpShape.h:33,
                 from /public/home/tangwsh/PhysX/physx/source/physx/src/NpSceneQueries.cpp:35:
/public/home/tangwsh/PhysX/physx/source/simulationcontroller/include/ScScene.h:222:15: warning: ‘physx::Sc::Scene’ has a field ‘physx::Sc::Scene::mOverlapFilterTaskHead’ whose type uses the anonymous namespace [-Wsubobject-linkage]
  222 |         class Scene : public PxUserAllocated
      |               ^~~~~
/public/home/tangwsh/PhysX/physx/source/simulationcontroller/include/ScScene.h:222:15: warning: ‘physx::Sc::Scene’ has a field ‘physx::Sc::Scene::mOverlapCreatedTaskHead’ whose type uses the anonymous namespace [-Wsubobject-linkage]
/public/home/tangwsh/PhysX/physx/source/simulationcontroller/include/ScScene.h:222:15: warning: ‘physx::Sc::Scene’ has a field ‘physx::Sc::Scene::mIslandInsertionTaskHead’ whose type uses the anonymous namespace [-Wsubobject-linkage]
[ 61%] Building CXX object CMakeFiles/PhysXSDK.dir/public/home/tangwsh/PhysX/physx/source/physx/src/NpSerializerAdapter.cpp.o
In file included from /public/home/tangwsh/PhysX/physx/include/foundation/PxSimpleTypes.h:36,
                 from /public/home/tangwsh/PhysX/physx/include/foundation/PxFlags.h:33,
                 from /public/home/tangwsh/PhysX/physx/include/common/PxBase.h:33,
                 from /public/home/tangwsh/PhysX/physx/source/physx/src/NpSerializerAdapter.cpp:29:
/public/home/tangwsh/PhysX/physx/source/geomutils/src/GuGeometryChecks.h:93:37: warning: ‘offsetof’ within non-standard-layout type ‘physx::PxCapsuleGeometry’ is conditionally-supported [-Winvalid-offsetof]
   93 | PX_COMPILE_TIME_ASSERT(PX_OFFSET_OF(physx::PxCapsuleGeometry, radius) == PX_OFFSET_OF(physx::PxSphereGeometry, radius));
/public/home/tangwsh/PhysX/physx/include/foundation/PxPreprocessor.h:430:51: note: in definition of macro ‘PX_COMPILE_TIME_ASSERT’
  430 | #define PX_COMPILE_TIME_ASSERT(exp) static_assert(exp, "")
      |                                                   ^~~
/public/home/tangwsh/PhysX/physx/source/geomutils/src/GuGeometryChecks.h:93:24: note: in expansion of macro ‘PX_OFFSET_OF’
   93 | PX_COMPILE_TIME_ASSERT(PX_OFFSET_OF(physx::PxCapsuleGeometry, radius) == PX_OFFSET_OF(physx::PxSphereGeometry, radius));
      |                        ^~~~~~~~~~~~
/public/home/tangwsh/PhysX/physx/source/geomutils/src/GuGeometryChecks.h:93:87: warning: ‘offsetof’ within non-standard-layout type ‘physx::PxSphereGeometry’ is conditionally-supported [-Winvalid-offsetof]
   93 | PX_COMPILE_TIME_ASSERT(PX_OFFSET_OF(physx::PxCapsuleGeometry, radius) == PX_OFFSET_OF(physx::PxSphereGeometry, radius));
/public/home/tangwsh/PhysX/physx/include/foundation/PxPreprocessor.h:430:51: note: in definition of macro ‘PX_COMPILE_TIME_ASSERT’
  430 | #define PX_COMPILE_TIME_ASSERT(exp) static_assert(exp, "")
      |                                                   ^~~
/public/home/tangwsh/PhysX/physx/source/geomutils/src/GuGeometryChecks.h:93:74: note: in expansion of macro ‘PX_OFFSET_OF’
   93 | PX_COMPILE_TIME_ASSERT(PX_OFFSET_OF(physx::PxCapsuleGeometry, radius) == PX_OFFSET_OF(physx::PxSphereGeometry, radius));
      |                                                                          ^~~~~~~~~~~~
In file included from /public/home/tangwsh/PhysX/physx/source/physx/src/NpScene.h:63,
                 from /public/home/tangwsh/PhysX/physx/source/physx/src/NpBase.h:33,
                 from /public/home/tangwsh/PhysX/physx/source/physx/src/NpActor.h:33,
                 from /public/home/tangwsh/PhysX/physx/source/physx/src/NpActorTemplate.h:33,
                 from /public/home/tangwsh/PhysX/physx/source/physx/src/NpRigidActorTemplate.h:32,
                 from /public/home/tangwsh/PhysX/physx/source/physx/src/NpRigidStatic.h:33,
                 from /public/home/tangwsh/PhysX/physx/source/physx/src/NpSerializerAdapter.cpp:41:
/public/home/tangwsh/PhysX/physx/source/simulationcontroller/include/ScScene.h:222:15: warning: ‘physx::Sc::Scene’ has a field ‘physx::Sc::Scene::mOverlapFilterTaskHead’ whose type uses the anonymous namespace [-Wsubobject-linkage]
  222 |         class Scene : public PxUserAllocated
      |               ^~~~~
/public/home/tangwsh/PhysX/physx/source/simulationcontroller/include/ScScene.h:222:15: warning: ‘physx::Sc::Scene’ has a field ‘physx::Sc::Scene::mOverlapCreatedTaskHead’ whose type uses the anonymous namespace [-Wsubobject-linkage]
/public/home/tangwsh/PhysX/physx/source/simulationcontroller/include/ScScene.h:222:15: warning: ‘physx::Sc::Scene’ has a field ‘physx::Sc::Scene::mIslandInsertionTaskHead’ whose type uses the anonymous namespace [-Wsubobject-linkage]
[ 61%] Building CXX object CMakeFiles/PhysXSDK.dir/public/home/tangwsh/PhysX/physx/source/physx/src/NpShape.cpp.o
In file included from /public/home/tangwsh/PhysX/physx/include/foundation/PxSimpleTypes.h:36,
                 from /public/home/tangwsh/PhysX/physx/include/common/PxPhysXCommonConfig.h:32,
                 from /public/home/tangwsh/PhysX/physx/include/PxPhysXConfig.h:35,
                 from /public/home/tangwsh/PhysX/physx/include/PxShape.h:32,
                 from /public/home/tangwsh/PhysX/physx/source/physx/src/NpShape.h:32,
                 from /public/home/tangwsh/PhysX/physx/source/physx/src/NpShape.cpp:29:
/public/home/tangwsh/PhysX/physx/source/geomutils/src/GuGeometryChecks.h:93:37: warning: ‘offsetof’ within non-standard-layout type ‘physx::PxCapsuleGeometry’ is conditionally-supported [-Winvalid-offsetof]
   93 | PX_COMPILE_TIME_ASSERT(PX_OFFSET_OF(physx::PxCapsuleGeometry, radius) == PX_OFFSET_OF(physx::PxSphereGeometry, radius));
/public/home/tangwsh/PhysX/physx/include/foundation/PxPreprocessor.h:430:51: note: in definition of macro ‘PX_COMPILE_TIME_ASSERT’
  430 | #define PX_COMPILE_TIME_ASSERT(exp) static_assert(exp, "")
      |                                                   ^~~
/public/home/tangwsh/PhysX/physx/source/geomutils/src/GuGeometryChecks.h:93:24: note: in expansion of macro ‘PX_OFFSET_OF’
   93 | PX_COMPILE_TIME_ASSERT(PX_OFFSET_OF(physx::PxCapsuleGeometry, radius) == PX_OFFSET_OF(physx::PxSphereGeometry, radius));
      |                        ^~~~~~~~~~~~
/public/home/tangwsh/PhysX/physx/source/geomutils/src/GuGeometryChecks.h:93:87: warning: ‘offsetof’ within non-standard-layout type ‘physx::PxSphereGeometry’ is conditionally-supported [-Winvalid-offsetof]
   93 | PX_COMPILE_TIME_ASSERT(PX_OFFSET_OF(physx::PxCapsuleGeometry, radius) == PX_OFFSET_OF(physx::PxSphereGeometry, radius));
/public/home/tangwsh/PhysX/physx/include/foundation/PxPreprocessor.h:430:51: note: in definition of macro ‘PX_COMPILE_TIME_ASSERT’
  430 | #define PX_COMPILE_TIME_ASSERT(exp) static_assert(exp, "")
      |                                                   ^~~
/public/home/tangwsh/PhysX/physx/source/geomutils/src/GuGeometryChecks.h:93:74: note: in expansion of macro ‘PX_OFFSET_OF’
   93 | PX_COMPILE_TIME_ASSERT(PX_OFFSET_OF(physx::PxCapsuleGeometry, radius) == PX_OFFSET_OF(physx::PxSphereGeometry, radius));
      |                                                                          ^~~~~~~~~~~~
In file included from /public/home/tangwsh/PhysX/physx/source/physx/src/NpScene.h:63,
                 from /public/home/tangwsh/PhysX/physx/source/physx/src/NpBase.h:33,
                 from /public/home/tangwsh/PhysX/physx/source/physx/src/NpShape.h:33,
                 from /public/home/tangwsh/PhysX/physx/source/physx/src/NpShape.cpp:29:
/public/home/tangwsh/PhysX/physx/source/simulationcontroller/include/ScScene.h:222:15: warning: ‘physx::Sc::Scene’ has a field ‘physx::Sc::Scene::mOverlapFilterTaskHead’ whose type uses the anonymous namespace [-Wsubobject-linkage]
  222 |         class Scene : public PxUserAllocated
      |               ^~~~~
/public/home/tangwsh/PhysX/physx/source/simulationcontroller/include/ScScene.h:222:15: warning: ‘physx::Sc::Scene’ has a field ‘physx::Sc::Scene::mOverlapCreatedTaskHead’ whose type uses the anonymous namespace [-Wsubobject-linkage]
/public/home/tangwsh/PhysX/physx/source/simulationcontroller/include/ScScene.h:222:15: warning: ‘physx::Sc::Scene’ has a field ‘physx::Sc::Scene::mIslandInsertionTaskHead’ whose type uses the anonymous namespace [-Wsubobject-linkage]
[ 61%] Building CXX object CMakeFiles/PhysXSDK.dir/public/home/tangwsh/PhysX/physx/source/physx/src/NpShapeManager.cpp.o
In file included from /public/home/tangwsh/PhysX/physx/include/foundation/PxSimpleTypes.h:36,
                 from /public/home/tangwsh/PhysX/physx/include/common/PxPhysXCommonConfig.h:32,
                 from /public/home/tangwsh/PhysX/physx/include/PxPhysXConfig.h:35,
                 from /public/home/tangwsh/PhysX/physx/include/PxShape.h:32,
                 from /public/home/tangwsh/PhysX/physx/source/physx/src/NpShape.h:32,
                 from /public/home/tangwsh/PhysX/physx/source/physx/src/NpShapeManager.h:32,
                 from /public/home/tangwsh/PhysX/physx/source/physx/src/NpShapeManager.cpp:29:
/public/home/tangwsh/PhysX/physx/source/geomutils/src/GuGeometryChecks.h:93:37: warning: ‘offsetof’ within non-standard-layout type ‘physx::PxCapsuleGeometry’ is conditionally-supported [-Winvalid-offsetof]
   93 | PX_COMPILE_TIME_ASSERT(PX_OFFSET_OF(physx::PxCapsuleGeometry, radius) == PX_OFFSET_OF(physx::PxSphereGeometry, radius));
/public/home/tangwsh/PhysX/physx/include/foundation/PxPreprocessor.h:430:51: note: in definition of macro ‘PX_COMPILE_TIME_ASSERT’
  430 | #define PX_COMPILE_TIME_ASSERT(exp) static_assert(exp, "")
      |                                                   ^~~
/public/home/tangwsh/PhysX/physx/source/geomutils/src/GuGeometryChecks.h:93:24: note: in expansion of macro ‘PX_OFFSET_OF’
   93 | PX_COMPILE_TIME_ASSERT(PX_OFFSET_OF(physx::PxCapsuleGeometry, radius) == PX_OFFSET_OF(physx::PxSphereGeometry, radius));
      |                        ^~~~~~~~~~~~
/public/home/tangwsh/PhysX/physx/source/geomutils/src/GuGeometryChecks.h:93:87: warning: ‘offsetof’ within non-standard-layout type ‘physx::PxSphereGeometry’ is conditionally-supported [-Winvalid-offsetof]
   93 | PX_COMPILE_TIME_ASSERT(PX_OFFSET_OF(physx::PxCapsuleGeometry, radius) == PX_OFFSET_OF(physx::PxSphereGeometry, radius));
/public/home/tangwsh/PhysX/physx/include/foundation/PxPreprocessor.h:430:51: note: in definition of macro ‘PX_COMPILE_TIME_ASSERT’
  430 | #define PX_COMPILE_TIME_ASSERT(exp) static_assert(exp, "")
      |                                                   ^~~
/public/home/tangwsh/PhysX/physx/source/geomutils/src/GuGeometryChecks.h:93:74: note: in expansion of macro ‘PX_OFFSET_OF’
   93 | PX_COMPILE_TIME_ASSERT(PX_OFFSET_OF(physx::PxCapsuleGeometry, radius) == PX_OFFSET_OF(physx::PxSphereGeometry, radius));
      |                                                                          ^~~~~~~~~~~~
In file included from /public/home/tangwsh/PhysX/physx/source/physx/src/NpScene.h:63,
                 from /public/home/tangwsh/PhysX/physx/source/physx/src/NpBase.h:33,
                 from /public/home/tangwsh/PhysX/physx/source/physx/src/NpShape.h:33,
                 from /public/home/tangwsh/PhysX/physx/source/physx/src/NpShapeManager.h:32,
                 from /public/home/tangwsh/PhysX/physx/source/physx/src/NpShapeManager.cpp:29:
/public/home/tangwsh/PhysX/physx/source/simulationcontroller/include/ScScene.h:222:15: warning: ‘physx::Sc::Scene’ has a field ‘physx::Sc::Scene::mOverlapFilterTaskHead’ whose type uses the anonymous namespace [-Wsubobject-linkage]
  222 |         class Scene : public PxUserAllocated
      |               ^~~~~
/public/home/tangwsh/PhysX/physx/source/simulationcontroller/include/ScScene.h:222:15: warning: ‘physx::Sc::Scene’ has a field ‘physx::Sc::Scene::mOverlapCreatedTaskHead’ whose type uses the anonymous namespace [-Wsubobject-linkage]
/public/home/tangwsh/PhysX/physx/source/simulationcontroller/include/ScScene.h:222:15: warning: ‘physx::Sc::Scene’ has a field ‘physx::Sc::Scene::mIslandInsertionTaskHead’ whose type uses the anonymous namespace [-Wsubobject-linkage]
[ 62%] Building CXX object CMakeFiles/PhysXSDK.dir/public/home/tangwsh/PhysX/physx/source/physx/src/PvdMetaDataPvdBinding.cpp.o
[ 62%] Building CXX object CMakeFiles/PhysXSDK.dir/public/home/tangwsh/PhysX/physx/source/physx/src/PvdPhysicsClient.cpp.o
[ 63%] Building CXX object CMakeFiles/PhysXSDK.dir/public/home/tangwsh/PhysX/physx/source/physx/src/gpu/PxGpu.cpp.o
[ 63%] Building CXX object CMakeFiles/PhysXSDK.dir/public/home/tangwsh/PhysX/physx/source/physx/src/gpu/PxPhysXGpuModuleLoader.cpp.o
[ 63%] Linking CXX static library libPhysXSDK.a
[ 63%] Built target PhysXSDK
[ 63%] Building CXX object CMakeFiles/PhysXCooking.dir/public/home/tangwsh/PhysX/physx/source/physxcooking/src/Cooking.cpp.o
[ 63%] Linking CXX static library libPhysXCooking.a
[ 63%] Built target PhysXCooking
[ 64%] Building CXX object CMakeFiles/PhysXExtensions.dir/public/home/tangwsh/PhysX/physx/source/physxextensions/src/ExtBroadPhase.cpp.o
[ 64%] Building CXX object CMakeFiles/PhysXExtensions.dir/public/home/tangwsh/PhysX/physx/source/physxextensions/src/ExtCollection.cpp.o
[ 64%] Building CXX object CMakeFiles/PhysXExtensions.dir/public/home/tangwsh/PhysX/physx/source/physxextensions/src/ExtConvexCoreExt.cpp.o
[ 65%] Building CXX object CMakeFiles/PhysXExtensions.dir/public/home/tangwsh/PhysX/physx/source/physxextensions/src/ExtConvexMeshExt.cpp.o
[ 65%] Building CXX object CMakeFiles/PhysXExtensions.dir/public/home/tangwsh/PhysX/physx/source/physxextensions/src/ExtCpuWorkerThread.cpp.o
[ 65%] Building CXX object CMakeFiles/PhysXExtensions.dir/public/home/tangwsh/PhysX/physx/source/physxextensions/src/ExtCustomGeometryExt.cpp.o
[ 66%] Building CXX object CMakeFiles/PhysXExtensions.dir/public/home/tangwsh/PhysX/physx/source/physxextensions/src/ExtCustomSceneQuerySystem.cpp.o
[ 66%] Building CXX object CMakeFiles/PhysXExtensions.dir/public/home/tangwsh/PhysX/physx/source/physxextensions/src/ExtD6Joint.cpp.o
[ 67%] Building CXX object CMakeFiles/PhysXExtensions.dir/public/home/tangwsh/PhysX/physx/source/physxextensions/src/ExtD6JointCreate.cpp.o
[ 67%] Building CXX object CMakeFiles/PhysXExtensions.dir/public/home/tangwsh/PhysX/physx/source/physxextensions/src/ExtDefaultCpuDispatcher.cpp.o
[ 67%] Building CXX object CMakeFiles/PhysXExtensions.dir/public/home/tangwsh/PhysX/physx/source/physxextensions/src/ExtDefaultErrorCallback.cpp.o
[ 68%] Building CXX object CMakeFiles/PhysXExtensions.dir/public/home/tangwsh/PhysX/physx/source/physxextensions/src/ExtDefaultProfiler.cpp.o
[ 68%] Building CXX object CMakeFiles/PhysXExtensions.dir/public/home/tangwsh/PhysX/physx/source/physxextensions/src/ExtDefaultSimulationFilterShader.cpp.o
[ 68%] Building CXX object CMakeFiles/PhysXExtensions.dir/public/home/tangwsh/PhysX/physx/source/physxextensions/src/ExtDefaultStreams.cpp.o
[ 69%] Building CXX object CMakeFiles/PhysXExtensions.dir/public/home/tangwsh/PhysX/physx/source/physxextensions/src/ExtDeformableSkinning.cpp.o
[ 69%] Building CXX object CMakeFiles/PhysXExtensions.dir/public/home/tangwsh/PhysX/physx/source/physxextensions/src/ExtDeformableSurfaceExt.cpp.o
[ 69%] Building CXX object CMakeFiles/PhysXExtensions.dir/public/home/tangwsh/PhysX/physx/source/physxextensions/src/ExtDeformableVolumeExt.cpp.o
[ 70%] Building CXX object CMakeFiles/PhysXExtensions.dir/public/home/tangwsh/PhysX/physx/source/physxextensions/src/ExtDistanceJoint.cpp.o
[ 70%] Building CXX object CMakeFiles/PhysXExtensions.dir/public/home/tangwsh/PhysX/physx/source/physxextensions/src/ExtExtensions.cpp.o
[ 70%] Building CXX object CMakeFiles/PhysXExtensions.dir/public/home/tangwsh/PhysX/physx/source/physxextensions/src/ExtFixedJoint.cpp.o
[ 71%] Building CXX object CMakeFiles/PhysXExtensions.dir/public/home/tangwsh/PhysX/physx/source/physxextensions/src/ExtGearJoint.cpp.o
[ 71%] Building CXX object CMakeFiles/PhysXExtensions.dir/public/home/tangwsh/PhysX/physx/source/physxextensions/src/ExtGjkQueryExt.cpp.o
[ 72%] Building CXX object CMakeFiles/PhysXExtensions.dir/public/home/tangwsh/PhysX/physx/source/physxextensions/src/ExtJoint.cpp.o
[ 72%] Building CXX object CMakeFiles/PhysXExtensions.dir/public/home/tangwsh/PhysX/physx/source/physxextensions/src/ExtParticleClothCooker.cpp.o
[ 72%] Building CXX object CMakeFiles/PhysXExtensions.dir/public/home/tangwsh/PhysX/physx/source/physxextensions/src/ExtParticleExt.cpp.o
[ 73%] Building CXX object CMakeFiles/PhysXExtensions.dir/public/home/tangwsh/PhysX/physx/source/physxextensions/src/ExtPrismaticJoint.cpp.o
[ 73%] Building CXX object CMakeFiles/PhysXExtensions.dir/public/home/tangwsh/PhysX/physx/source/physxextensions/src/ExtPvd.cpp.o
[ 73%] Building CXX object CMakeFiles/PhysXExtensions.dir/public/home/tangwsh/PhysX/physx/source/physxextensions/src/ExtPxStringTable.cpp.o
[ 74%] Building CXX object CMakeFiles/PhysXExtensions.dir/public/home/tangwsh/PhysX/physx/source/physxextensions/src/ExtRackAndPinionJoint.cpp.o
[ 74%] Building CXX object CMakeFiles/PhysXExtensions.dir/public/home/tangwsh/PhysX/physx/source/physxextensions/src/ExtRaycastCCD.cpp.o
[ 74%] Building CXX object CMakeFiles/PhysXExtensions.dir/public/home/tangwsh/PhysX/physx/source/physxextensions/src/ExtRemeshingExt.cpp.o
[ 75%] Building CXX object CMakeFiles/PhysXExtensions.dir/public/home/tangwsh/PhysX/physx/source/physxextensions/src/ExtRevoluteJoint.cpp.o
[ 75%] Building CXX object CMakeFiles/PhysXExtensions.dir/public/home/tangwsh/PhysX/physx/source/physxextensions/src/ExtRigidActorExt.cpp.o
[ 75%] Building CXX object CMakeFiles/PhysXExtensions.dir/public/home/tangwsh/PhysX/physx/source/physxextensions/src/ExtRigidBodyExt.cpp.o
[ 76%] Building CXX object CMakeFiles/PhysXExtensions.dir/public/home/tangwsh/PhysX/physx/source/physxextensions/src/ExtSampling.cpp.o
[ 76%] Building CXX object CMakeFiles/PhysXExtensions.dir/public/home/tangwsh/PhysX/physx/source/physxextensions/src/ExtSceneQueryExt.cpp.o
[ 77%] Building CXX object CMakeFiles/PhysXExtensions.dir/public/home/tangwsh/PhysX/physx/source/physxextensions/src/ExtSceneQuerySystem.cpp.o
[ 77%] Building CXX object CMakeFiles/PhysXExtensions.dir/public/home/tangwsh/PhysX/physx/source/physxextensions/src/ExtSimpleFactory.cpp.o
[ 77%] Building CXX object CMakeFiles/PhysXExtensions.dir/public/home/tangwsh/PhysX/physx/source/physxextensions/src/ExtSmoothNormals.cpp.o
[ 78%] Building CXX object CMakeFiles/PhysXExtensions.dir/public/home/tangwsh/PhysX/physx/source/physxextensions/src/ExtSphericalJoint.cpp.o
[ 78%] Building CXX object CMakeFiles/PhysXExtensions.dir/public/home/tangwsh/PhysX/physx/source/physxextensions/src/ExtSqManager.cpp.o
[ 78%] Building CXX object CMakeFiles/PhysXExtensions.dir/public/home/tangwsh/PhysX/physx/source/physxextensions/src/ExtSqQuery.cpp.o
[ 79%] Building CXX object CMakeFiles/PhysXExtensions.dir/public/home/tangwsh/PhysX/physx/source/physxextensions/src/ExtTetMakerExt.cpp.o
[ 79%] Building CXX object CMakeFiles/PhysXExtensions.dir/public/home/tangwsh/PhysX/physx/source/physxextensions/src/ExtTetrahedronMeshExt.cpp.o
[ 79%] Building CXX object CMakeFiles/PhysXExtensions.dir/public/home/tangwsh/PhysX/physx/source/physxextensions/src/ExtTriangleMeshExt.cpp.o
[ 80%] Building CXX object CMakeFiles/PhysXExtensions.dir/public/home/tangwsh/PhysX/physx/source/physxextensions/src/serialization/Binary/SnBinaryDeserialization.cpp.o
[ 80%] Building CXX object CMakeFiles/PhysXExtensions.dir/public/home/tangwsh/PhysX/physx/source/physxextensions/src/serialization/Binary/SnBinarySerialization.cpp.o
[ 80%] Building CXX object CMakeFiles/PhysXExtensions.dir/public/home/tangwsh/PhysX/physx/source/physxextensions/src/serialization/Binary/SnSerializationContext.cpp.o
[ 81%] Building CXX object CMakeFiles/PhysXExtensions.dir/public/home/tangwsh/PhysX/physx/source/physxextensions/src/serialization/SnSerialUtils.cpp.o
[ 81%] Building CXX object CMakeFiles/PhysXExtensions.dir/public/home/tangwsh/PhysX/physx/source/physxextensions/src/serialization/SnSerialization.cpp.o
[ 82%] Building CXX object CMakeFiles/PhysXExtensions.dir/public/home/tangwsh/PhysX/physx/source/physxextensions/src/serialization/SnSerializationRegistry.cpp.o
[ 82%] Building CXX object CMakeFiles/PhysXExtensions.dir/public/home/tangwsh/PhysX/physx/source/physxextensions/src/serialization/Xml/PsFastXml.cpp.o
[ 82%] Building CXX object CMakeFiles/PhysXExtensions.dir/public/home/tangwsh/PhysX/physx/source/physxextensions/src/serialization/Xml/SnJointRepXSerializer.cpp.o
[ 83%] Building CXX object CMakeFiles/PhysXExtensions.dir/public/home/tangwsh/PhysX/physx/source/physxextensions/src/serialization/Xml/SnRepXCoreSerializer.cpp.o
[ 83%] Building CXX object CMakeFiles/PhysXExtensions.dir/public/home/tangwsh/PhysX/physx/source/physxextensions/src/serialization/Xml/SnRepXUpgrader.cpp.o
[ 83%] Building CXX object CMakeFiles/PhysXExtensions.dir/public/home/tangwsh/PhysX/physx/source/physxextensions/src/serialization/Xml/SnXmlSerialization.cpp.o
[ 84%] Building CXX object CMakeFiles/PhysXExtensions.dir/public/home/tangwsh/PhysX/physx/source/physxextensions/src/tet/ExtBVH.cpp.o
[ 84%] Building CXX object CMakeFiles/PhysXExtensions.dir/public/home/tangwsh/PhysX/physx/source/physxextensions/src/tet/ExtDelaunayBoundaryInserter.cpp.o
[ 84%] Building CXX object CMakeFiles/PhysXExtensions.dir/public/home/tangwsh/PhysX/physx/source/physxextensions/src/tet/ExtDelaunayTetrahedralizer.cpp.o
[ 85%] Building CXX object CMakeFiles/PhysXExtensions.dir/public/home/tangwsh/PhysX/physx/source/physxextensions/src/tet/ExtFastWindingNumber.cpp.o
[ 85%] Building CXX object CMakeFiles/PhysXExtensions.dir/public/home/tangwsh/PhysX/physx/source/physxextensions/src/tet/ExtInsideTester.cpp.o
[ 85%] Building CXX object CMakeFiles/PhysXExtensions.dir/public/home/tangwsh/PhysX/physx/source/physxextensions/src/tet/ExtMeshSimplificator.cpp.o
[ 86%] Building CXX object CMakeFiles/PhysXExtensions.dir/public/home/tangwsh/PhysX/physx/source/physxextensions/src/tet/ExtOctreeTetrahedralizer.cpp.o
[ 86%] Building CXX object CMakeFiles/PhysXExtensions.dir/public/home/tangwsh/PhysX/physx/source/physxextensions/src/tet/ExtRemesher.cpp.o
[ 87%] Building CXX object CMakeFiles/PhysXExtensions.dir/public/home/tangwsh/PhysX/physx/source/physxextensions/src/tet/ExtTetSplitting.cpp.o
[ 87%] Building CXX object CMakeFiles/PhysXExtensions.dir/public/home/tangwsh/PhysX/physx/source/physxextensions/src/tet/ExtTetUnionFind.cpp.o
[ 87%] Building CXX object CMakeFiles/PhysXExtensions.dir/public/home/tangwsh/PhysX/physx/source/physxextensions/src/tet/ExtUtilities.cpp.o
[ 88%] Building CXX object CMakeFiles/PhysXExtensions.dir/public/home/tangwsh/PhysX/physx/source/physxextensions/src/tet/ExtVoxelTetrahedralizer.cpp.o
[ 88%] Linking CXX static library libPhysXExtensions.a
[ 88%] Built target PhysXExtensions
[ 88%] Building CXX object CMakeFiles/PhysXVehicle.dir/public/home/tangwsh/PhysX/physx/source/physxvehicle/src/commands/VhCommandHelpers.cpp.o
[ 89%] Building CXX object CMakeFiles/PhysXVehicle.dir/public/home/tangwsh/PhysX/physx/source/physxvehicle/src/drivetrain/VhDrivetrainFunctions.cpp.o
[ 89%] Building CXX object CMakeFiles/PhysXVehicle.dir/public/home/tangwsh/PhysX/physx/source/physxvehicle/src/drivetrain/VhDrivetrainHelpers.cpp.o
[ 89%] Building CXX object CMakeFiles/PhysXVehicle.dir/public/home/tangwsh/PhysX/physx/source/physxvehicle/src/physxActor/VhPhysXActorFunctions.cpp.o
[ 90%] Building CXX object CMakeFiles/PhysXVehicle.dir/public/home/tangwsh/PhysX/physx/source/physxvehicle/src/physxActor/VhPhysXActorHelpers.cpp.o
[ 90%] Building CXX object CMakeFiles/PhysXVehicle.dir/public/home/tangwsh/PhysX/physx/source/physxvehicle/src/physxConstraints/VhPhysXConstraintFunctions.cpp.o
[ 90%] Building CXX object CMakeFiles/PhysXVehicle.dir/public/home/tangwsh/PhysX/physx/source/physxvehicle/src/physxConstraints/VhPhysXConstraintHelpers.cpp.o
[ 91%] Building CXX object CMakeFiles/PhysXVehicle.dir/public/home/tangwsh/PhysX/physx/source/physxvehicle/src/physxRoadGeometry/VhPhysXRoadGeometryFunctions.cpp.o
[ 91%] Building CXX object CMakeFiles/PhysXVehicle.dir/public/home/tangwsh/PhysX/physx/source/physxvehicle/src/physxRoadGeometry/VhPhysXRoadGeometryHelpers.cpp.o
[ 92%] Building CXX object CMakeFiles/PhysXVehicle.dir/public/home/tangwsh/PhysX/physx/source/physxvehicle/src/pvd/VhPvdFunctions.cpp.o
[ 92%] Building CXX object CMakeFiles/PhysXVehicle.dir/public/home/tangwsh/PhysX/physx/source/physxvehicle/src/pvd/VhPvdHelpers.cpp.o
[ 92%] Building CXX object CMakeFiles/PhysXVehicle.dir/public/home/tangwsh/PhysX/physx/source/physxvehicle/src/pvd/VhPvdWriter.cpp.o
[ 93%] Building CXX object CMakeFiles/PhysXVehicle.dir/public/home/tangwsh/PhysX/physx/source/physxvehicle/src/rigidBody/VhRigidBodyFunctions.cpp.o
[ 93%] Building CXX object CMakeFiles/PhysXVehicle.dir/public/home/tangwsh/PhysX/physx/source/physxvehicle/src/steering/VhSteeringFunctions.cpp.o
[ 93%] Building CXX object CMakeFiles/PhysXVehicle.dir/public/home/tangwsh/PhysX/physx/source/physxvehicle/src/suspension/VhSuspensionFunctions.cpp.o
[ 94%] Building CXX object CMakeFiles/PhysXVehicle.dir/public/home/tangwsh/PhysX/physx/source/physxvehicle/src/suspension/VhSuspensionHelpers.cpp.o
[ 94%] Building CXX object CMakeFiles/PhysXVehicle.dir/public/home/tangwsh/PhysX/physx/source/physxvehicle/src/tire/VhTireFunctions.cpp.o
[ 94%] Building CXX object CMakeFiles/PhysXVehicle.dir/public/home/tangwsh/PhysX/physx/source/physxvehicle/src/tire/VhTireHelpers.cpp.o
[ 95%] Building CXX object CMakeFiles/PhysXVehicle.dir/public/home/tangwsh/PhysX/physx/source/physxvehicle/src/wheel/VhWheelFunctions.cpp.o
[ 95%] Linking CXX static library libPhysXVehicle.a
[ 95%] Built target PhysXVehicle
[ 95%] Building CXX object CMakeFiles/PhysXCharacterKinematic.dir/public/home/tangwsh/PhysX/physx/source/physxcharacterkinematic/src/CctBoxController.cpp.o
[ 95%] Building CXX object CMakeFiles/PhysXCharacterKinematic.dir/public/home/tangwsh/PhysX/physx/source/physxcharacterkinematic/src/CctCapsuleController.cpp.o
[ 96%] Building CXX object CMakeFiles/PhysXCharacterKinematic.dir/public/home/tangwsh/PhysX/physx/source/physxcharacterkinematic/src/CctCharacterController.cpp.o
[ 96%] Building CXX object CMakeFiles/PhysXCharacterKinematic.dir/public/home/tangwsh/PhysX/physx/source/physxcharacterkinematic/src/CctCharacterControllerCallbacks.cpp.o
[ 96%] Building CXX object CMakeFiles/PhysXCharacterKinematic.dir/public/home/tangwsh/PhysX/physx/source/physxcharacterkinematic/src/CctCharacterControllerManager.cpp.o
[ 97%] Building CXX object CMakeFiles/PhysXCharacterKinematic.dir/public/home/tangwsh/PhysX/physx/source/physxcharacterkinematic/src/CctController.cpp.o
[ 97%] Building CXX object CMakeFiles/PhysXCharacterKinematic.dir/public/home/tangwsh/PhysX/physx/source/physxcharacterkinematic/src/CctObstacleContext.cpp.o
[ 98%] Building CXX object CMakeFiles/PhysXCharacterKinematic.dir/public/home/tangwsh/PhysX/physx/source/physxcharacterkinematic/src/CctSweptBox.cpp.o
[ 98%] Building CXX object CMakeFiles/PhysXCharacterKinematic.dir/public/home/tangwsh/PhysX/physx/source/physxcharacterkinematic/src/CctSweptCapsule.cpp.o
[ 98%] Building CXX object CMakeFiles/PhysXCharacterKinematic.dir/public/home/tangwsh/PhysX/physx/source/physxcharacterkinematic/src/CctSweptVolume.cpp.o
[ 99%] Linking CXX static library libPhysXCharacterKinematic.a
[ 99%] Built target PhysXCharacterKinematic
[ 99%] Building HIP object CMakeFiles/test_integration.dir/test_integration.cpp.o
In file included from <built-in>:2:
In file included from /public/home/tangwsh/PhysX/physx/source/gpucommon/include/PxgHIPCompat.h:24:
In file included from /public/home/tangwsh/PhysX/physx/include/foundation/PxVec3.h:33:
/public/home/tangwsh/PhysX/physx/include/foundation/PxMath.h:213:1: warning: void function is missing a return statement [-Wreturn-type]
}
^
/public/home/tangwsh/PhysX/physx/include/foundation/PxMath.h:220:1: warning: void function is missing a return statement [-Wreturn-type]
}
^
In file included from <built-in>:2:
In file included from /public/home/tangwsh/PhysX/physx/source/gpucommon/include/PxgHIPCompat.h:26:
/public/home/tangwsh/PhysX/physx/include/foundation/PxMat33.h:431:2: warning: void function is missing a return statement [-Wreturn-type]
        }
        ^
/public/home/tangwsh/PhysX/physx/include/foundation/PxMat33.h:448:2: warning: void function is missing a return statement [-Wreturn-type]
        }
        ^
/public/home/tangwsh/PhysX/physx/include/foundation/PxMat33.h:465:2: warning: void function is missing a return statement [-Wreturn-type]
        }
        ^
/public/home/tangwsh/PhysX/physx/source/compiler/cmakecpu/test_integration.cpp:76:1: warning: void function is missing a return statement [-Wreturn-type]
}
^
/public/home/tangwsh/PhysX/physx/source/compiler/cmakecpu/test_integration.cpp:86:5: warning: ignoring return value of function declared with 'nodiscard' attribute [-Wunused-result]
    hipGetDeviceProperties(&props, 0);
    ^~~~~~~~~~~~~~~~~~~~~~ ~~~~~~~~~
/public/home/tangwsh/PhysX/physx/source/compiler/cmakecpu/test_integration.cpp:101:5: warning: ignoring return value of function declared with 'nodiscard' attribute [-Wunused-result]
    hipMalloc(&d_pos, vecBytes);
    ^~~~~~~~~ ~~~~~~~~~~~~~~~~
/public/home/tangwsh/PhysX/physx/source/compiler/cmakecpu/test_integration.cpp:102:5: warning: ignoring return value of function declared with 'nodiscard' attribute [-Wunused-result]
    hipMalloc(&d_vel, vecBytes);
    ^~~~~~~~~ ~~~~~~~~~~~~~~~~
/public/home/tangwsh/PhysX/physx/source/compiler/cmakecpu/test_integration.cpp:103:5: warning: ignoring return value of function declared with 'nodiscard' attribute [-Wunused-result]
    hipMalloc(&d_energy, sizeof(float));
    ^~~~~~~~~ ~~~~~~~~~~~~~~~~~~~~~~~~
/public/home/tangwsh/PhysX/physx/source/compiler/cmakecpu/test_integration.cpp:112:5: warning: ignoring return value of function declared with 'nodiscard' attribute [-Wunused-result]
    hipMemcpy(d_pos, h_pos, vecBytes, hipMemcpyHostToDevice);
    ^~~~~~~~~ ~~~~~~~~~~~~~~~~~~~~~~~~~~~~~~~~~~~~~~~~~~~~~
/public/home/tangwsh/PhysX/physx/source/compiler/cmakecpu/test_integration.cpp:113:5: warning: ignoring return value of function declared with 'nodiscard' attribute [-Wunused-result]
    hipMemcpy(d_vel, h_vel, vecBytes, hipMemcpyHostToDevice);
    ^~~~~~~~~ ~~~~~~~~~~~~~~~~~~~~~~~~~~~~~~~~~~~~~~~~~~~~~
/public/home/tangwsh/PhysX/physx/source/compiler/cmakecpu/test_integration.cpp:120:5: warning: ignoring return value of function declared with 'nodiscard' attribute [-Wunused-result]
    hipEventCreate(&start);
    ^~~~~~~~~~~~~~ ~~~~~~
/public/home/tangwsh/PhysX/physx/source/compiler/cmakecpu/test_integration.cpp:121:5: warning: ignoring return value of function declared with 'nodiscard' attribute [-Wunused-result]
    hipEventCreate(&stop);
    ^~~~~~~~~~~~~~ ~~~~~
/public/home/tangwsh/PhysX/physx/source/compiler/cmakecpu/test_integration.cpp:123:5: warning: ignoring return value of function declared with 'nodiscard' attribute [-Wunused-result]
    hipEventRecord(start);
    ^~~~~~~~~~~~~~
/public/home/tangwsh/PhysX/physx/source/compiler/cmakecpu/test_integration.cpp:127:5: warning: ignoring return value of function declared with 'nodiscard' attribute [-Wunused-result]
    hipEventRecord(stop);
    ^~~~~~~~~~~~~~
/public/home/tangwsh/PhysX/physx/source/compiler/cmakecpu/test_integration.cpp:128:5: warning: ignoring return value of function declared with 'nodiscard' attribute [-Wunused-result]
    hipDeviceSynchronize();
    ^~~~~~~~~~~~~~~~~~~~
/public/home/tangwsh/PhysX/physx/source/compiler/cmakecpu/test_integration.cpp:131:5: warning: ignoring return value of function declared with 'nodiscard' attribute [-Wunused-result]
    hipEventElapsedTime(&simTime, start, stop);
    ^~~~~~~~~~~~~~~~~~~ ~~~~~~~~~~~~~~~~~~~~~
/public/home/tangwsh/PhysX/physx/source/compiler/cmakecpu/test_integration.cpp:136:5: warning: ignoring return value of function declared with 'nodiscard' attribute [-Wunused-result]
    hipMemcpy(d_energy, &zero, sizeof(float), hipMemcpyHostToDevice);
    ^~~~~~~~~ ~~~~~~~~~~~~~~~~~~~~~~~~~~~~~~~~~~~~~~~~~~~~~~~~~~~~~
/public/home/tangwsh/PhysX/physx/source/compiler/cmakecpu/test_integration.cpp:138:5: warning: ignoring return value of function declared with 'nodiscard' attribute [-Wunused-result]
    hipDeviceSynchronize();
    ^~~~~~~~~~~~~~~~~~~~
/public/home/tangwsh/PhysX/physx/source/compiler/cmakecpu/test_integration.cpp:141:5: warning: ignoring return value of function declared with 'nodiscard' attribute [-Wunused-result]
    hipMemcpy(&totalEnergy, d_energy, sizeof(float), hipMemcpyDeviceToHost);
    ^~~~~~~~~ ~~~~~~~~~~~~~~~~~~~~~~~~~~~~~~~~~~~~~~~~~~~~~~~~~~~~~~~~~~~~
/public/home/tangwsh/PhysX/physx/source/compiler/cmakecpu/test_integration.cpp:144:5: warning: ignoring return value of function declared with 'nodiscard' attribute [-Wunused-result]
    hipMemcpy(h_pos, d_pos, vecBytes, hipMemcpyDeviceToHost);
    ^~~~~~~~~ ~~~~~~~~~~~~~~~~~~~~~~~~~~~~~~~~~~~~~~~~~~~~~
/public/home/tangwsh/PhysX/physx/source/compiler/cmakecpu/test_integration.cpp:145:5: warning: ignoring return value of function declared with 'nodiscard' attribute [-Wunused-result]
    hipMemcpy(h_vel, d_vel, vecBytes, hipMemcpyDeviceToHost);
    ^~~~~~~~~ ~~~~~~~~~~~~~~~~~~~~~~~~~~~~~~~~~~~~~~~~~~~~~
/public/home/tangwsh/PhysX/physx/source/compiler/cmakecpu/test_integration.cpp:183:5: warning: ignoring return value of function declared with 'nodiscard' attribute [-Wunused-result]
    hipFree(d_pos);
    ^~~~~~~ ~~~~~
/public/home/tangwsh/PhysX/physx/source/compiler/cmakecpu/test_integration.cpp:184:5: warning: ignoring return value of function declared with 'nodiscard' attribute [-Wunused-result]
    hipFree(d_vel);
    ^~~~~~~ ~~~~~
/public/home/tangwsh/PhysX/physx/source/compiler/cmakecpu/test_integration.cpp:185:5: warning: ignoring return value of function declared with 'nodiscard' attribute [-Wunused-result]
    hipFree(d_energy);
    ^~~~~~~ ~~~~~~~~
/public/home/tangwsh/PhysX/physx/source/compiler/cmakecpu/test_integration.cpp:186:5: warning: ignoring return value of function declared with 'nodiscard' attribute [-Wunused-result]
    hipEventDestroy(start);
    ^~~~~~~~~~~~~~~ ~~~~~
/public/home/tangwsh/PhysX/physx/source/compiler/cmakecpu/test_integration.cpp:187:5: warning: ignoring return value of function declared with 'nodiscard' attribute [-Wunused-result]
    hipEventDestroy(stop);
    ^~~~~~~~~~~~~~~ ~~~~
28 warnings generated when compiling for gfx936.
In file included from <built-in>:2:
In file included from /public/home/tangwsh/PhysX/physx/source/gpucommon/include/PxgHIPCompat.h:24:
In file included from /public/home/tangwsh/PhysX/physx/include/foundation/PxVec3.h:33:
/public/home/tangwsh/PhysX/physx/include/foundation/PxMath.h:213:1: warning: void function is missing a return statement [-Wreturn-type]
}
^
/public/home/tangwsh/PhysX/physx/include/foundation/PxMath.h:220:1: warning: void function is missing a return statement [-Wreturn-type]
}
^
In file included from <built-in>:2:
In file included from /public/home/tangwsh/PhysX/physx/source/gpucommon/include/PxgHIPCompat.h:26:
/public/home/tangwsh/PhysX/physx/include/foundation/PxMat33.h:431:2: warning: void function is missing a return statement [-Wreturn-type]
        }
        ^
/public/home/tangwsh/PhysX/physx/include/foundation/PxMat33.h:448:2: warning: void function is missing a return statement [-Wreturn-type]
        }
        ^
/public/home/tangwsh/PhysX/physx/include/foundation/PxMat33.h:465:2: warning: void function is missing a return statement [-Wreturn-type]
        }
        ^
/public/home/tangwsh/PhysX/physx/source/compiler/cmakecpu/test_integration.cpp:76:1: warning: void function is missing a return statement [-Wreturn-type]
}
^
/public/home/tangwsh/PhysX/physx/source/compiler/cmakecpu/test_integration.cpp:86:5: warning: ignoring return value of function declared with 'nodiscard' attribute [-Wunused-result]
    hipGetDeviceProperties(&props, 0);
    ^~~~~~~~~~~~~~~~~~~~~~ ~~~~~~~~~
/public/home/tangwsh/PhysX/physx/source/compiler/cmakecpu/test_integration.cpp:101:5: warning: ignoring return value of function declared with 'nodiscard' attribute [-Wunused-result]
    hipMalloc(&d_pos, vecBytes);
    ^~~~~~~~~ ~~~~~~~~~~~~~~~~
/public/home/tangwsh/PhysX/physx/source/compiler/cmakecpu/test_integration.cpp:102:5: warning: ignoring return value of function declared with 'nodiscard' attribute [-Wunused-result]
    hipMalloc(&d_vel, vecBytes);
    ^~~~~~~~~ ~~~~~~~~~~~~~~~~
/public/home/tangwsh/PhysX/physx/source/compiler/cmakecpu/test_integration.cpp:103:5: warning: ignoring return value of function declared with 'nodiscard' attribute [-Wunused-result]
    hipMalloc(&d_energy, sizeof(float));
    ^~~~~~~~~ ~~~~~~~~~~~~~~~~~~~~~~~~
/public/home/tangwsh/PhysX/physx/source/compiler/cmakecpu/test_integration.cpp:112:5: warning: ignoring return value of function declared with 'nodiscard' attribute [-Wunused-result]
    hipMemcpy(d_pos, h_pos, vecBytes, hipMemcpyHostToDevice);
    ^~~~~~~~~ ~~~~~~~~~~~~~~~~~~~~~~~~~~~~~~~~~~~~~~~~~~~~~
/public/home/tangwsh/PhysX/physx/source/compiler/cmakecpu/test_integration.cpp:113:5: warning: ignoring return value of function declared with 'nodiscard' attribute [-Wunused-result]
    hipMemcpy(d_vel, h_vel, vecBytes, hipMemcpyHostToDevice);
    ^~~~~~~~~ ~~~~~~~~~~~~~~~~~~~~~~~~~~~~~~~~~~~~~~~~~~~~~
/public/home/tangwsh/PhysX/physx/source/compiler/cmakecpu/test_integration.cpp:120:5: warning: ignoring return value of function declared with 'nodiscard' attribute [-Wunused-result]
    hipEventCreate(&start);
    ^~~~~~~~~~~~~~ ~~~~~~
/public/home/tangwsh/PhysX/physx/source/compiler/cmakecpu/test_integration.cpp:121:5: warning: ignoring return value of function declared with 'nodiscard' attribute [-Wunused-result]
    hipEventCreate(&stop);
    ^~~~~~~~~~~~~~ ~~~~~
/public/home/tangwsh/PhysX/physx/source/compiler/cmakecpu/test_integration.cpp:123:5: warning: ignoring return value of function declared with 'nodiscard' attribute [-Wunused-result]
    hipEventRecord(start);
    ^~~~~~~~~~~~~~
/public/home/tangwsh/PhysX/physx/source/compiler/cmakecpu/test_integration.cpp:127:5: warning: ignoring return value of function declared with 'nodiscard' attribute [-Wunused-result]
    hipEventRecord(stop);
    ^~~~~~~~~~~~~~
/public/home/tangwsh/PhysX/physx/source/compiler/cmakecpu/test_integration.cpp:128:5: warning: ignoring return value of function declared with 'nodiscard' attribute [-Wunused-result]
    hipDeviceSynchronize();
    ^~~~~~~~~~~~~~~~~~~~
/public/home/tangwsh/PhysX/physx/source/compiler/cmakecpu/test_integration.cpp:131:5: warning: ignoring return value of function declared with 'nodiscard' attribute [-Wunused-result]
    hipEventElapsedTime(&simTime, start, stop);
    ^~~~~~~~~~~~~~~~~~~ ~~~~~~~~~~~~~~~~~~~~~
/public/home/tangwsh/PhysX/physx/source/compiler/cmakecpu/test_integration.cpp:136:5: warning: ignoring return value of function declared with 'nodiscard' attribute [-Wunused-result]
    hipMemcpy(d_energy, &zero, sizeof(float), hipMemcpyHostToDevice);
    ^~~~~~~~~ ~~~~~~~~~~~~~~~~~~~~~~~~~~~~~~~~~~~~~~~~~~~~~~~~~~~~~
/public/home/tangwsh/PhysX/physx/source/compiler/cmakecpu/test_integration.cpp:138:5: warning: ignoring return value of function declared with 'nodiscard' attribute [-Wunused-result]
    hipDeviceSynchronize();
    ^~~~~~~~~~~~~~~~~~~~
/public/home/tangwsh/PhysX/physx/source/compiler/cmakecpu/test_integration.cpp:141:5: warning: ignoring return value of function declared with 'nodiscard' attribute [-Wunused-result]
    hipMemcpy(&totalEnergy, d_energy, sizeof(float), hipMemcpyDeviceToHost);
    ^~~~~~~~~ ~~~~~~~~~~~~~~~~~~~~~~~~~~~~~~~~~~~~~~~~~~~~~~~~~~~~~~~~~~~~
/public/home/tangwsh/PhysX/physx/source/compiler/cmakecpu/test_integration.cpp:144:5: warning: ignoring return value of function declared with 'nodiscard' attribute [-Wunused-result]
    hipMemcpy(h_pos, d_pos, vecBytes, hipMemcpyDeviceToHost);
    ^~~~~~~~~ ~~~~~~~~~~~~~~~~~~~~~~~~~~~~~~~~~~~~~~~~~~~~~
/public/home/tangwsh/PhysX/physx/source/compiler/cmakecpu/test_integration.cpp:145:5: warning: ignoring return value of function declared with 'nodiscard' attribute [-Wunused-result]
    hipMemcpy(h_vel, d_vel, vecBytes, hipMemcpyDeviceToHost);
    ^~~~~~~~~ ~~~~~~~~~~~~~~~~~~~~~~~~~~~~~~~~~~~~~~~~~~~~~
/public/home/tangwsh/PhysX/physx/source/compiler/cmakecpu/test_integration.cpp:183:5: warning: ignoring return value of function declared with 'nodiscard' attribute [-Wunused-result]
    hipFree(d_pos);
    ^~~~~~~ ~~~~~
/public/home/tangwsh/PhysX/physx/source/compiler/cmakecpu/test_integration.cpp:184:5: warning: ignoring return value of function declared with 'nodiscard' attribute [-Wunused-result]
    hipFree(d_vel);
    ^~~~~~~ ~~~~~
/public/home/tangwsh/PhysX/physx/source/compiler/cmakecpu/test_integration.cpp:185:5: warning: ignoring return value of function declared with 'nodiscard' attribute [-Wunused-result]
    hipFree(d_energy);
    ^~~~~~~ ~~~~~~~~
/public/home/tangwsh/PhysX/physx/source/compiler/cmakecpu/test_integration.cpp:186:5: warning: ignoring return value of function declared with 'nodiscard' attribute [-Wunused-result]
    hipEventDestroy(start);
    ^~~~~~~~~~~~~~~ ~~~~~
/public/home/tangwsh/PhysX/physx/source/compiler/cmakecpu/test_integration.cpp:187:5: warning: ignoring return value of function declared with 'nodiscard' attribute [-Wunused-result]
    hipEventDestroy(stop);
    ^~~~~~~~~~~~~~~ ~~~~
28 warnings generated when compiling for host.
[100%] Linking HIP executable test_integration
clang++: warning: argument unused during compilation: '-fgpu-flush-denormals-to-zero' [-Wunused-command-line-argument]
[100%] Built target test_integration
