/public/home/tangwsh/PhysX/physx/source/compiler/cmakehip/../../gpucommon/src/CUDA/MemCopyBalanced.cu:56:29: error: no viable overloaded '='
/public/home/tangwsh/PhysX/physx/source/compiler/cmakehip/../../../source/gpucommon/src/CUDA/utils.cuh:37:86: error: no matching constructor for initialization of 'PxVec3' (aka 'PxVec3T<float>')
/public/home/tangwsh/PhysX/physx/source/compiler/cmakehip/../../../source/gpucommon/src/CUDA/utils.cuh:37:86: error: no matching constructor for initialization of 'PxVec3' (aka 'PxVec3T<float>')
/public/home/tangwsh/PhysX/physx/source/compiler/cmakehip/../../../source/gpucommon/src/CUDA/utils.cuh:38:107: error: no matching constructor for initialization of 'PxVec3' (aka 'PxVec3T<float>')
/public/home/tangwsh/PhysX/physx/source/compiler/cmakehip/../../../source/gpucommon/src/CUDA/utils.cuh:38:107: error: no matching constructor for initialization of 'PxVec3' (aka 'PxVec3T<float>')
/public/home/tangwsh/PhysX/physx/source/compiler/cmakehip/../../../source/gpucommon/src/CUDA/utils.cuh:39:86: error: no matching constructor for initialization of 'PxVec4' (aka 'PxVec4T<float>')
/public/home/tangwsh/PhysX/physx/source/compiler/cmakehip/../../../source/gpucommon/src/CUDA/utils.cuh:39:86: error: no matching constructor for initialization of 'PxVec4' (aka 'PxVec4T<float>')
/public/home/tangwsh/PhysX/physx/source/compiler/cmakehip/../../../source/gpucommon/src/CUDA/reduction.cuh:533:11: error: no matching function for call to 'PxMax'
/public/home/tangwsh/PhysX/physx/source/compiler/cmakehip/../../../source/gpucommon/src/CUDA/RadixSort.cuh:212:30: error: no matching function for call to 'PxMin'
/public/home/tangwsh/PhysX/physx/source/compiler/cmakehip/../../../source/gpucommon/src/CUDA/RadixSort.cuh:213:25: error: no matching function for call to 'PxMin'
/public/home/tangwsh/PhysX/physx/source/compiler/cmakehip/../../../source/gpucommon/src/CUDA/utils.cuh:37:86: error: no matching constructor for initialization of 'PxVec3' (aka 'PxVec3T<float>')
/public/home/tangwsh/PhysX/physx/source/compiler/cmakehip/../../../source/gpucommon/src/CUDA/utils.cuh:37:86: error: no matching constructor for initialization of 'PxVec3' (aka 'PxVec3T<float>')
/public/home/tangwsh/PhysX/physx/source/compiler/cmakehip/../../../source/gpucommon/src/CUDA/utils.cuh:38:107: error: no matching constructor for initialization of 'PxVec3' (aka 'PxVec3T<float>')
/public/home/tangwsh/PhysX/physx/source/compiler/cmakehip/../../../source/gpucommon/src/CUDA/utils.cuh:38:107: error: no matching constructor for initialization of 'PxVec3' (aka 'PxVec3T<float>')
/public/home/tangwsh/PhysX/physx/source/compiler/cmakehip/../../../source/gpucommon/src/CUDA/utils.cuh:39:86: error: no matching constructor for initialization of 'PxVec4' (aka 'PxVec4T<float>')
/public/home/tangwsh/PhysX/physx/source/compiler/cmakehip/../../../source/gpucommon/src/CUDA/utils.cuh:39:86: error: no matching constructor for initialization of 'PxVec4' (aka 'PxVec4T<float>')
/public/home/tangwsh/PhysX/physx/source/compiler/cmakehip/../../../source/gpucommon/include/cutil_math.h:68:41: error: __host__ __device__ function 'max' cannot overload __host__ function 'max'
/public/home/tangwsh/PhysX/physx/source/compiler/cmakehip/../../../source/gpucommon/include/cutil_math.h:70:41: error: __host__ __device__ function 'min' cannot overload __host__ function 'min'
/public/home/tangwsh/PhysX/physx/source/compiler/cmakehip/../../../source/gpucommon/include/AlignedQuat.h:343:5: error: use of overloaded operator '+=' is ambiguous (with operand types 'float4' (aka 'HIP_vector_type<float, 4>') and 'const float4' (aka 'const HIP_vector_type<float, 4>'))
/public/home/tangwsh/PhysX/physx/source/compiler/cmakehip/../../../source/gpucommon/include/AlignedQuat.h:349:5: error: use of overloaded operator '-=' is ambiguous (with operand types 'float4' (aka 'HIP_vector_type<float, 4>') and 'const float4' (aka 'const HIP_vector_type<float, 4>'))
/public/home/tangwsh/PhysX/physx/source/compiler/cmakehip/../../../source/gpucommon/include/AlignedMat33.h:240:11: error: use of overloaded operator '+=' is ambiguous (with operand types 'float4' (aka 'HIP_vector_type<float, 4>') and 'const float4' (aka 'const HIP_vector_type<float, 4>'))
/public/home/tangwsh/PhysX/physx/source/compiler/cmakehip/../../../source/gpucommon/include/AlignedMat33.h:241:11: error: use of overloaded operator '+=' is ambiguous (with operand types 'float4' (aka 'HIP_vector_type<float, 4>') and 'const float4' (aka 'const HIP_vector_type<float, 4>'))
/public/home/tangwsh/PhysX/physx/source/compiler/cmakehip/../../../source/gpucommon/include/AlignedMat33.h:242:11: error: use of overloaded operator '+=' is ambiguous (with operand types 'float4' (aka 'HIP_vector_type<float, 4>') and 'const float4' (aka 'const HIP_vector_type<float, 4>'))
/public/home/tangwsh/PhysX/physx/source/compiler/cmakehip/../../../source/gpucommon/include/AlignedMat33.h:249:11: error: use of overloaded operator '-=' is ambiguous (with operand types 'float4' (aka 'HIP_vector_type<float, 4>') and 'const float4' (aka 'const HIP_vector_type<float, 4>'))
/public/home/tangwsh/PhysX/physx/source/compiler/cmakehip/../../../source/gpucommon/include/AlignedMat33.h:250:11: error: use of overloaded operator '-=' is ambiguous (with operand types 'float4' (aka 'HIP_vector_type<float, 4>') and 'const float4' (aka 'const HIP_vector_type<float, 4>'))
/public/home/tangwsh/PhysX/physx/source/compiler/cmakehip/../../../source/gpucommon/include/AlignedMat33.h:251:11: error: use of overloaded operator '-=' is ambiguous (with operand types 'float4' (aka 'HIP_vector_type<float, 4>') and 'const float4' (aka 'const HIP_vector_type<float, 4>'))
/public/home/tangwsh/PhysX/physx/source/compiler/cmakehip/../../../source/gpusimulationcontroller/include/PxgArticulation.h:216:39: error: use of overloaded operator '+=' is ambiguous (with operand types 'float4' (aka 'HIP_vector_type<float, 4>') and 'float4')
/public/home/tangwsh/PhysX/physx/source/compiler/cmakehip/../../../source/gpusimulationcontroller/include/PxgArticulation.h:217:33: error: use of overloaded operator '+=' is ambiguous (with operand types 'float2' (aka 'HIP_vector_type<float, 2>') and 'float2')
/public/home/tangwsh/PhysX/physx/source/compiler/cmakehip/../../gpucommon/src/CUDA/utility.cu:51:45: error: no matching constructor for initialization of 'PxVec3' (aka 'PxVec3T<float>')
fatal error: too many errors emitted, stopping now [-ferror-limit=]
/public/home/tangwsh/PhysX/physx/source/compiler/cmakehip/../../../source/gpucommon/include/PxgDevicePointer.h:41:3: error: unknown type name 'CUdeviceptr'
/public/home/tangwsh/PhysX/physx/source/compiler/cmakehip/../../../source/gpucommon/include/PxgDevicePointer.h:43:20: error: unknown type name 'CUdeviceptr'
/public/home/tangwsh/PhysX/physx/source/compiler/cmakehip/../../../source/gpucommon/include/PxgDevicePointer.h:45:12: error: unknown type name 'CUdeviceptr'
/public/home/tangwsh/PhysX/physx/source/compiler/cmakehip/../../../source/gpucommon/include/PxgDevicePointer.h:51:67: error: use of undeclared identifier 'CUdeviceptr'
/public/home/tangwsh/PhysX/physx/source/compiler/cmakehip/../../../source/gpucommon/include/PxgCudaBuffer.h:65:79: error: unknown type name 'CUstream'
/public/home/tangwsh/PhysX/physx/source/compiler/cmakehip/../../../source/gpucommon/include/PxgCudaBuffer.h:72:19: error: unknown type name 'CUdeviceptr'
/public/home/tangwsh/PhysX/physx/source/compiler/cmakehip/../../../source/gpucommon/include/PxgCudaBuffer.h:74:29: error: unknown type name 'CUdeviceptr'
/public/home/tangwsh/PhysX/physx/source/compiler/cmakehip/../../../source/gpucommon/include/PxgCudaBuffer.h:100:3: error: unknown type name 'CUdeviceptr'
/public/home/tangwsh/PhysX/physx/source/compiler/cmakehip/../../../source/gpucommon/include/PxgCudaBuffer.h:78:10: error: unknown type name 'CUdeviceptr'
/public/home/tangwsh/PhysX/physx/source/compiler/cmakehip/../../../source/gpucommon/include/cutil_math.h:68:41: error: __host__ __device__ function 'max' cannot overload __host__ function 'max'
/public/home/tangwsh/PhysX/physx/source/compiler/cmakehip/../../../source/gpucommon/include/cutil_math.h:70:41: error: __host__ __device__ function 'min' cannot overload __host__ function 'min'
/public/home/tangwsh/PhysX/physx/source/compiler/cmakehip/../../../source/gpucommon/src/CUDA/utils.cuh:37:86: error: no matching constructor for initialization of 'PxVec3' (aka 'PxVec3T<float>')
/public/home/tangwsh/PhysX/physx/source/compiler/cmakehip/../../../source/gpucommon/src/CUDA/utils.cuh:37:86: error: no matching constructor for initialization of 'PxVec3' (aka 'PxVec3T<float>')
/public/home/tangwsh/PhysX/physx/source/compiler/cmakehip/../../../source/gpucommon/src/CUDA/utils.cuh:38:107: error: no matching constructor for initialization of 'PxVec3' (aka 'PxVec3T<float>')
/public/home/tangwsh/PhysX/physx/source/compiler/cmakehip/../../../source/gpucommon/src/CUDA/utils.cuh:38:107: error: no matching constructor for initialization of 'PxVec3' (aka 'PxVec3T<float>')
/public/home/tangwsh/PhysX/physx/source/compiler/cmakehip/../../../source/gpucommon/src/CUDA/utils.cuh:39:86: error: no matching constructor for initialization of 'PxVec4' (aka 'PxVec4T<float>')
/public/home/tangwsh/PhysX/physx/source/compiler/cmakehip/../../../source/gpucommon/src/CUDA/utils.cuh:39:86: error: no matching constructor for initialization of 'PxVec4' (aka 'PxVec4T<float>')
/public/home/tangwsh/PhysX/physx/source/compiler/cmakehip/../../../source/gpucommon/src/CUDA/reduction.cuh:533:11: error: no matching function for call to 'PxMax'
/public/home/tangwsh/PhysX/physx/source/compiler/cmakehip/../../../source/gpucommon/src/CUDA/RadixSort.cuh:212:30: error: no matching function for call to 'PxMin'
fatal error: too many errors emitted, stopping now [-ferror-limit=]
/public/home/tangwsh/PhysX/physx/source/compiler/cmakehip/../../../source/gpucommon/include/cutil_math.h:68:41: error: __host__ __device__ function 'max' cannot overload __host__ function 'max'
/public/home/tangwsh/PhysX/physx/source/compiler/cmakehip/../../../source/gpucommon/include/cutil_math.h:70:41: error: __host__ __device__ function 'min' cannot overload __host__ function 'min'
/public/home/tangwsh/PhysX/physx/source/compiler/cmakehip/../../../source/gpucommon/src/CUDA/utils.cuh:37:86: error: no matching constructor for initialization of 'PxVec3' (aka 'PxVec3T<float>')
/public/home/tangwsh/PhysX/physx/source/compiler/cmakehip/../../../source/gpucommon/src/CUDA/utils.cuh:37:86: error: no matching constructor for initialization of 'PxVec3' (aka 'PxVec3T<float>')
/public/home/tangwsh/PhysX/physx/source/compiler/cmakehip/../../../source/gpucommon/src/CUDA/utils.cuh:38:107: error: no matching constructor for initialization of 'PxVec3' (aka 'PxVec3T<float>')
/public/home/tangwsh/PhysX/physx/source/compiler/cmakehip/../../../source/gpucommon/src/CUDA/utils.cuh:38:107: error: no matching constructor for initialization of 'PxVec3' (aka 'PxVec3T<float>')
/public/home/tangwsh/PhysX/physx/source/compiler/cmakehip/../../../source/gpucommon/src/CUDA/utils.cuh:39:86: error: no matching constructor for initialization of 'PxVec4' (aka 'PxVec4T<float>')
/public/home/tangwsh/PhysX/physx/source/compiler/cmakehip/../../../source/gpucommon/src/CUDA/utils.cuh:39:86: error: no matching constructor for initialization of 'PxVec4' (aka 'PxVec4T<float>')
/public/home/tangwsh/PhysX/physx/source/compiler/cmakehip/../../../source/gpucommon/src/CUDA/reduction.cuh:533:11: error: no matching function for call to 'PxMax'
/public/home/tangwsh/PhysX/physx/source/compiler/cmakehip/../../gpubroadphase/src/CUDA/broadphase.cu:157:24: error: no matching function for call to 'markDeleted'
/public/home/tangwsh/PhysX/physx/source/compiler/cmakehip/../../gpubroadphase/src/CUDA/broadphase.cu:158:24: error: no matching function for call to 'markDeleted'
/public/home/tangwsh/PhysX/physx/source/compiler/cmakehip/../../gpubroadphase/src/CUDA/broadphase.cu:190:18: error: reference to __host__ function 'setEmpty' in __global__ function
/public/home/tangwsh/PhysX/physx/source/compiler/cmakehip/../../gpubroadphase/src/CUDA/broadphase.cu:270:43: error: no matching function for call to 'createHandle'
/public/home/tangwsh/PhysX/physx/source/compiler/cmakehip/../../gpubroadphase/src/CUDA/broadphase.cu:270:77: error: no matching function for call to 'createHandle'
/public/home/tangwsh/PhysX/physx/source/compiler/cmakehip/../../gpubroadphase/src/CUDA/broadphase.cu:272:46: error: reference to __host__ function 'getMin' in __global__ function
/public/home/tangwsh/PhysX/physx/source/compiler/cmakehip/../../gpubroadphase/src/CUDA/broadphase.cu:272:63: error: reference to __host__ function 'getMax' in __global__ function
/public/home/tangwsh/PhysX/physx/source/compiler/cmakehip/../../gpubroadphase/src/CUDA/broadphase.cu:273:46: error: reference to __host__ function 'getMin' in __global__ function
/public/home/tangwsh/PhysX/physx/source/compiler/cmakehip/../../gpubroadphase/src/CUDA/broadphase.cu:273:63: error: reference to __host__ function 'getMax' in __global__ function
/public/home/tangwsh/PhysX/physx/source/compiler/cmakehip/../../gpubroadphase/src/CUDA/broadphase.cu:274:46: error: reference to __host__ function 'getMin' in __global__ function
fatal error: too many errors emitted, stopping now [-ferror-limit=]
/public/home/tangwsh/PhysX/physx/source/compiler/cmakehip/../../../source/gpucommon/include/cutil_math.h:68:41: error: __host__ __device__ function 'max' cannot overload __host__ function 'max'
/public/home/tangwsh/PhysX/physx/source/compiler/cmakehip/../../../source/gpucommon/include/cutil_math.h:70:41: error: __host__ __device__ function 'min' cannot overload __host__ function 'min'
/public/home/tangwsh/PhysX/physx/source/compiler/cmakehip/../../../source/gpucommon/include/AlignedQuat.h:343:5: error: use of overloaded operator '+=' is ambiguous (with operand types 'float4' (aka 'HIP_vector_type<float, 4>') and 'const float4' (aka 'const HIP_vector_type<float, 4>'))
/public/home/tangwsh/PhysX/physx/source/compiler/cmakehip/../../../source/gpucommon/include/AlignedQuat.h:349:5: error: use of overloaded operator '-=' is ambiguous (with operand types 'float4' (aka 'HIP_vector_type<float, 4>') and 'const float4' (aka 'const HIP_vector_type<float, 4>'))
/public/home/tangwsh/PhysX/physx/source/compiler/cmakehip/../../../source/gpucommon/include/AlignedMat33.h:240:11: error: use of overloaded operator '+=' is ambiguous (with operand types 'float4' (aka 'HIP_vector_type<float, 4>') and 'const float4' (aka 'const HIP_vector_type<float, 4>'))
/public/home/tangwsh/PhysX/physx/source/compiler/cmakehip/../../../source/gpucommon/include/AlignedMat33.h:241:11: error: use of overloaded operator '+=' is ambiguous (with operand types 'float4' (aka 'HIP_vector_type<float, 4>') and 'const float4' (aka 'const HIP_vector_type<float, 4>'))
/public/home/tangwsh/PhysX/physx/source/compiler/cmakehip/../../../source/gpucommon/include/AlignedMat33.h:242:11: error: use of overloaded operator '+=' is ambiguous (with operand types 'float4' (aka 'HIP_vector_type<float, 4>') and 'const float4' (aka 'const HIP_vector_type<float, 4>'))
/public/home/tangwsh/PhysX/physx/source/compiler/cmakehip/../../../source/gpucommon/include/AlignedMat33.h:249:11: error: use of overloaded operator '-=' is ambiguous (with operand types 'float4' (aka 'HIP_vector_type<float, 4>') and 'const float4' (aka 'const HIP_vector_type<float, 4>'))
/public/home/tangwsh/PhysX/physx/source/compiler/cmakehip/../../../source/gpucommon/include/AlignedMat33.h:250:11: error: use of overloaded operator '-=' is ambiguous (with operand types 'float4' (aka 'HIP_vector_type<float, 4>') and 'const float4' (aka 'const HIP_vector_type<float, 4>'))
/public/home/tangwsh/PhysX/physx/source/compiler/cmakehip/../../../source/gpucommon/include/AlignedMat33.h:251:11: error: use of overloaded operator '-=' is ambiguous (with operand types 'float4' (aka 'HIP_vector_type<float, 4>') and 'const float4' (aka 'const HIP_vector_type<float, 4>'))
/public/home/tangwsh/PhysX/physx/source/compiler/cmakehip/../../../source/gpusimulationcontroller/include/PxgArticulation.h:216:39: error: use of overloaded operator '+=' is ambiguous (with operand types 'float4' (aka 'HIP_vector_type<float, 4>') and 'float4')
/public/home/tangwsh/PhysX/physx/source/compiler/cmakehip/../../../source/gpusimulationcontroller/include/PxgArticulation.h:217:33: error: use of overloaded operator '+=' is ambiguous (with operand types 'float2' (aka 'HIP_vector_type<float, 2>') and 'float2')
/public/home/tangwsh/PhysX/physx/source/compiler/cmakehip/../../../source/gpucommon/src/CUDA/utils.cuh:37:86: error: no matching constructor for initialization of 'PxVec3' (aka 'PxVec3T<float>')
/public/home/tangwsh/PhysX/physx/source/compiler/cmakehip/../../../source/gpucommon/src/CUDA/utils.cuh:37:86: error: no matching constructor for initialization of 'PxVec3' (aka 'PxVec3T<float>')
/public/home/tangwsh/PhysX/physx/source/compiler/cmakehip/../../../source/gpucommon/src/CUDA/utils.cuh:38:107: error: no matching constructor for initialization of 'PxVec3' (aka 'PxVec3T<float>')
/public/home/tangwsh/PhysX/physx/source/compiler/cmakehip/../../../source/gpucommon/src/CUDA/utils.cuh:38:107: error: no matching constructor for initialization of 'PxVec3' (aka 'PxVec3T<float>')
/public/home/tangwsh/PhysX/physx/source/compiler/cmakehip/../../../source/gpucommon/src/CUDA/utils.cuh:39:86: error: no matching constructor for initialization of 'PxVec4' (aka 'PxVec4T<float>')
/public/home/tangwsh/PhysX/physx/source/compiler/cmakehip/../../../source/gpucommon/src/CUDA/utils.cuh:39:86: error: no matching constructor for initialization of 'PxVec4' (aka 'PxVec4T<float>')
/public/home/tangwsh/PhysX/physx/source/compiler/cmakehip/../../../source/gpucommon/src/CUDA/reduction.cuh:533:11: error: no matching function for call to 'PxMax'
fatal error: too many errors emitted, stopping now [-ferror-limit=]
/public/home/tangwsh/PhysX/physx/source/compiler/cmakehip/../../../source/gpucommon/include/cutil_math.h:68:41: error: __host__ __device__ function 'max' cannot overload __host__ function 'max'
/public/home/tangwsh/PhysX/physx/source/compiler/cmakehip/../../../source/gpucommon/include/cutil_math.h:70:41: error: __host__ __device__ function 'min' cannot overload __host__ function 'min'
/public/home/tangwsh/PhysX/physx/source/compiler/cmakehip/../../../source/gpucommon/include/AlignedQuat.h:343:5: error: use of overloaded operator '+=' is ambiguous (with operand types 'float4' (aka 'HIP_vector_type<float, 4>') and 'const float4' (aka 'const HIP_vector_type<float, 4>'))
/public/home/tangwsh/PhysX/physx/source/compiler/cmakehip/../../../source/gpucommon/include/AlignedQuat.h:349:5: error: use of overloaded operator '-=' is ambiguous (with operand types 'float4' (aka 'HIP_vector_type<float, 4>') and 'const float4' (aka 'const HIP_vector_type<float, 4>'))
/public/home/tangwsh/PhysX/physx/source/compiler/cmakehip/../../../source/gpucommon/include/AlignedMat33.h:240:11: error: use of overloaded operator '+=' is ambiguous (with operand types 'float4' (aka 'HIP_vector_type<float, 4>') and 'const float4' (aka 'const HIP_vector_type<float, 4>'))
/public/home/tangwsh/PhysX/physx/source/compiler/cmakehip/../../../source/gpucommon/include/AlignedMat33.h:241:11: error: use of overloaded operator '+=' is ambiguous (with operand types 'float4' (aka 'HIP_vector_type<float, 4>') and 'const float4' (aka 'const HIP_vector_type<float, 4>'))
/public/home/tangwsh/PhysX/physx/source/compiler/cmakehip/../../../source/gpucommon/include/AlignedMat33.h:242:11: error: use of overloaded operator '+=' is ambiguous (with operand types 'float4' (aka 'HIP_vector_type<float, 4>') and 'const float4' (aka 'const HIP_vector_type<float, 4>'))
/public/home/tangwsh/PhysX/physx/source/compiler/cmakehip/../../../source/gpucommon/include/AlignedMat33.h:249:11: error: use of overloaded operator '-=' is ambiguous (with operand types 'float4' (aka 'HIP_vector_type<float, 4>') and 'const float4' (aka 'const HIP_vector_type<float, 4>'))
/public/home/tangwsh/PhysX/physx/source/compiler/cmakehip/../../../source/gpucommon/include/AlignedMat33.h:250:11: error: use of overloaded operator '-=' is ambiguous (with operand types 'float4' (aka 'HIP_vector_type<float, 4>') and 'const float4' (aka 'const HIP_vector_type<float, 4>'))
/public/home/tangwsh/PhysX/physx/source/compiler/cmakehip/../../../source/gpucommon/include/AlignedMat33.h:251:11: error: use of overloaded operator '-=' is ambiguous (with operand types 'float4' (aka 'HIP_vector_type<float, 4>') and 'const float4' (aka 'const HIP_vector_type<float, 4>'))
/public/home/tangwsh/PhysX/physx/source/compiler/cmakehip/../../../source/gpucommon/include/PxgDevicePointer.h:41:3: error: unknown type name 'CUdeviceptr'
/public/home/tangwsh/PhysX/physx/source/compiler/cmakehip/../../../source/gpucommon/include/PxgDevicePointer.h:43:20: error: unknown type name 'CUdeviceptr'
/public/home/tangwsh/PhysX/physx/source/compiler/cmakehip/../../../source/gpucommon/include/PxgDevicePointer.h:45:12: error: unknown type name 'CUdeviceptr'
/public/home/tangwsh/PhysX/physx/source/compiler/cmakehip/../../../source/gpucommon/include/PxgDevicePointer.h:51:67: error: use of undeclared identifier 'CUdeviceptr'
/public/home/tangwsh/PhysX/physx/source/compiler/cmakehip/../../../source/gpucommon/include/PxgCudaBuffer.h:65:79: error: unknown type name 'CUstream'
/public/home/tangwsh/PhysX/physx/source/compiler/cmakehip/../../../source/gpucommon/include/PxgCudaBuffer.h:72:19: error: unknown type name 'CUdeviceptr'
/public/home/tangwsh/PhysX/physx/source/compiler/cmakehip/../../../source/gpucommon/include/PxgCudaBuffer.h:74:29: error: unknown type name 'CUdeviceptr'
/public/home/tangwsh/PhysX/physx/source/compiler/cmakehip/../../../source/gpucommon/include/PxgCudaBuffer.h:100:3: error: unknown type name 'CUdeviceptr'
/public/home/tangwsh/PhysX/physx/source/compiler/cmakehip/../../../source/gpucommon/include/PxgCudaBuffer.h:78:10: error: unknown type name 'CUdeviceptr'
fatal error: too many errors emitted, stopping now [-ferror-limit=]
/public/home/tangwsh/PhysX/physx/source/compiler/cmakehip/../../../source/gpucommon/include/cutil_math.h:68:41: error: __host__ __device__ function 'max' cannot overload __host__ function 'max'
/public/home/tangwsh/PhysX/physx/source/compiler/cmakehip/../../../source/gpucommon/include/cutil_math.h:70:41: error: __host__ __device__ function 'min' cannot overload __host__ function 'min'
/public/home/tangwsh/PhysX/physx/source/compiler/cmakehip/../../../source/gpucommon/include/AlignedQuat.h:343:5: error: use of overloaded operator '+=' is ambiguous (with operand types 'float4' (aka 'HIP_vector_type<float, 4>') and 'const float4' (aka 'const HIP_vector_type<float, 4>'))
/public/home/tangwsh/PhysX/physx/source/compiler/cmakehip/../../../source/gpucommon/include/AlignedQuat.h:349:5: error: use of overloaded operator '-=' is ambiguous (with operand types 'float4' (aka 'HIP_vector_type<float, 4>') and 'const float4' (aka 'const HIP_vector_type<float, 4>'))
/public/home/tangwsh/PhysX/physx/source/compiler/cmakehip/../../../source/gpucommon/include/AlignedMat33.h:240:11: error: use of overloaded operator '+=' is ambiguous (with operand types 'float4' (aka 'HIP_vector_type<float, 4>') and 'const float4' (aka 'const HIP_vector_type<float, 4>'))
/public/home/tangwsh/PhysX/physx/source/compiler/cmakehip/../../../source/gpucommon/include/AlignedMat33.h:241:11: error: use of overloaded operator '+=' is ambiguous (with operand types 'float4' (aka 'HIP_vector_type<float, 4>') and 'const float4' (aka 'const HIP_vector_type<float, 4>'))
/public/home/tangwsh/PhysX/physx/source/compiler/cmakehip/../../../source/gpucommon/include/AlignedMat33.h:242:11: error: use of overloaded operator '+=' is ambiguous (with operand types 'float4' (aka 'HIP_vector_type<float, 4>') and 'const float4' (aka 'const HIP_vector_type<float, 4>'))
/public/home/tangwsh/PhysX/physx/source/compiler/cmakehip/../../../source/gpucommon/include/AlignedMat33.h:249:11: error: use of overloaded operator '-=' is ambiguous (with operand types 'float4' (aka 'HIP_vector_type<float, 4>') and 'const float4' (aka 'const HIP_vector_type<float, 4>'))
/public/home/tangwsh/PhysX/physx/source/compiler/cmakehip/../../../source/gpucommon/include/AlignedMat33.h:250:11: error: use of overloaded operator '-=' is ambiguous (with operand types 'float4' (aka 'HIP_vector_type<float, 4>') and 'const float4' (aka 'const HIP_vector_type<float, 4>'))
/public/home/tangwsh/PhysX/physx/source/compiler/cmakehip/../../../source/gpucommon/include/AlignedMat33.h:251:11: error: use of overloaded operator '-=' is ambiguous (with operand types 'float4' (aka 'HIP_vector_type<float, 4>') and 'const float4' (aka 'const HIP_vector_type<float, 4>'))
/public/home/tangwsh/PhysX/physx/source/compiler/cmakehip/../../../source/gpucommon/include/PxgDevicePointer.h:41:3: error: unknown type name 'CUdeviceptr'
/public/home/tangwsh/PhysX/physx/source/compiler/cmakehip/../../../source/gpucommon/include/PxgDevicePointer.h:43:20: error: unknown type name 'CUdeviceptr'
/public/home/tangwsh/PhysX/physx/source/compiler/cmakehip/../../../source/gpucommon/include/PxgDevicePointer.h:45:12: error: unknown type name 'CUdeviceptr'
/public/home/tangwsh/PhysX/physx/source/compiler/cmakehip/../../../source/gpucommon/include/PxgDevicePointer.h:51:67: error: use of undeclared identifier 'CUdeviceptr'
/public/home/tangwsh/PhysX/physx/source/compiler/cmakehip/../../../source/gpucommon/include/PxgCudaBuffer.h:65:79: error: unknown type name 'CUstream'
/public/home/tangwsh/PhysX/physx/source/compiler/cmakehip/../../../source/gpucommon/include/PxgCudaBuffer.h:72:19: error: unknown type name 'CUdeviceptr'
/public/home/tangwsh/PhysX/physx/source/compiler/cmakehip/../../../source/gpucommon/include/PxgCudaBuffer.h:74:29: error: unknown type name 'CUdeviceptr'
/public/home/tangwsh/PhysX/physx/source/compiler/cmakehip/../../../source/gpucommon/include/PxgCudaBuffer.h:100:3: error: unknown type name 'CUdeviceptr'
/public/home/tangwsh/PhysX/physx/source/compiler/cmakehip/../../../source/gpucommon/include/PxgCudaBuffer.h:78:10: error: unknown type name 'CUdeviceptr'
fatal error: too many errors emitted, stopping now [-ferror-limit=]
/public/home/tangwsh/PhysX/physx/source/compiler/cmakehip/../../../source/gpucommon/include/cutil_math.h:68:41: error: __host__ __device__ function 'max' cannot overload __host__ function 'max'
/public/home/tangwsh/PhysX/physx/source/compiler/cmakehip/../../../source/gpucommon/include/cutil_math.h:70:41: error: __host__ __device__ function 'min' cannot overload __host__ function 'min'
/public/home/tangwsh/PhysX/physx/source/compiler/cmakehip/../../../source/gpucommon/include/AlignedQuat.h:343:5: error: use of overloaded operator '+=' is ambiguous (with operand types 'float4' (aka 'HIP_vector_type<float, 4>') and 'const float4' (aka 'const HIP_vector_type<float, 4>'))
/public/home/tangwsh/PhysX/physx/source/compiler/cmakehip/../../../source/gpucommon/include/AlignedQuat.h:349:5: error: use of overloaded operator '-=' is ambiguous (with operand types 'float4' (aka 'HIP_vector_type<float, 4>') and 'const float4' (aka 'const HIP_vector_type<float, 4>'))
/public/home/tangwsh/PhysX/physx/source/compiler/cmakehip/../../../source/gpucommon/include/AlignedMat33.h:240:11: error: use of overloaded operator '+=' is ambiguous (with operand types 'float4' (aka 'HIP_vector_type<float, 4>') and 'const float4' (aka 'const HIP_vector_type<float, 4>'))
/public/home/tangwsh/PhysX/physx/source/compiler/cmakehip/../../../source/gpucommon/include/AlignedMat33.h:241:11: error: use of overloaded operator '+=' is ambiguous (with operand types 'float4' (aka 'HIP_vector_type<float, 4>') and 'const float4' (aka 'const HIP_vector_type<float, 4>'))
/public/home/tangwsh/PhysX/physx/source/compiler/cmakehip/../../../source/gpucommon/include/AlignedMat33.h:242:11: error: use of overloaded operator '+=' is ambiguous (with operand types 'float4' (aka 'HIP_vector_type<float, 4>') and 'const float4' (aka 'const HIP_vector_type<float, 4>'))
/public/home/tangwsh/PhysX/physx/source/compiler/cmakehip/../../../source/gpucommon/include/AlignedMat33.h:249:11: error: use of overloaded operator '-=' is ambiguous (with operand types 'float4' (aka 'HIP_vector_type<float, 4>') and 'const float4' (aka 'const HIP_vector_type<float, 4>'))
/public/home/tangwsh/PhysX/physx/source/compiler/cmakehip/../../../source/gpucommon/include/AlignedMat33.h:250:11: error: use of overloaded operator '-=' is ambiguous (with operand types 'float4' (aka 'HIP_vector_type<float, 4>') and 'const float4' (aka 'const HIP_vector_type<float, 4>'))
/public/home/tangwsh/PhysX/physx/source/compiler/cmakehip/../../../source/gpucommon/include/AlignedMat33.h:251:11: error: use of overloaded operator '-=' is ambiguous (with operand types 'float4' (aka 'HIP_vector_type<float, 4>') and 'const float4' (aka 'const HIP_vector_type<float, 4>'))
/public/home/tangwsh/PhysX/physx/source/compiler/cmakehip/../../../source/gpucommon/src/CUDA/utils.cuh:37:86: error: no matching constructor for initialization of 'PxVec3' (aka 'PxVec3T<float>')
/public/home/tangwsh/PhysX/physx/source/compiler/cmakehip/../../../source/gpucommon/src/CUDA/utils.cuh:37:86: error: no matching constructor for initialization of 'PxVec3' (aka 'PxVec3T<float>')
/public/home/tangwsh/PhysX/physx/source/compiler/cmakehip/../../../source/gpucommon/src/CUDA/utils.cuh:38:107: error: no matching constructor for initialization of 'PxVec3' (aka 'PxVec3T<float>')
/public/home/tangwsh/PhysX/physx/source/compiler/cmakehip/../../../source/gpucommon/src/CUDA/utils.cuh:38:107: error: no matching constructor for initialization of 'PxVec3' (aka 'PxVec3T<float>')
/public/home/tangwsh/PhysX/physx/source/compiler/cmakehip/../../../source/gpucommon/src/CUDA/utils.cuh:39:86: error: no matching constructor for initialization of 'PxVec4' (aka 'PxVec4T<float>')
/public/home/tangwsh/PhysX/physx/source/compiler/cmakehip/../../../source/gpucommon/src/CUDA/utils.cuh:39:86: error: no matching constructor for initialization of 'PxVec4' (aka 'PxVec4T<float>')
/public/home/tangwsh/PhysX/physx/source/compiler/cmakehip/../../../source/gpucommon/src/CUDA/reduction.cuh:533:11: error: no matching function for call to 'PxMax'
/public/home/tangwsh/PhysX/physx/source/compiler/cmakehip/../../../source/gpucommon/include/PxgDevicePointer.h:41:3: error: unknown type name 'CUdeviceptr'
/public/home/tangwsh/PhysX/physx/source/compiler/cmakehip/../../../source/gpucommon/include/PxgDevicePointer.h:43:20: error: unknown type name 'CUdeviceptr'
fatal error: too many errors emitted, stopping now [-ferror-limit=]
/public/home/tangwsh/PhysX/physx/source/compiler/cmakehip/../../../source/gpucommon/include/cutil_math.h:68:41: error: __host__ __device__ function 'max' cannot overload __host__ function 'max'
/public/home/tangwsh/PhysX/physx/source/compiler/cmakehip/../../../source/gpucommon/include/cutil_math.h:70:41: error: __host__ __device__ function 'min' cannot overload __host__ function 'min'
/public/home/tangwsh/PhysX/physx/source/compiler/cmakehip/../../../source/gpucommon/include/AlignedQuat.h:343:5: error: use of overloaded operator '+=' is ambiguous (with operand types 'float4' (aka 'HIP_vector_type<float, 4>') and 'const float4' (aka 'const HIP_vector_type<float, 4>'))
/public/home/tangwsh/PhysX/physx/source/compiler/cmakehip/../../../source/gpucommon/include/AlignedQuat.h:349:5: error: use of overloaded operator '-=' is ambiguous (with operand types 'float4' (aka 'HIP_vector_type<float, 4>') and 'const float4' (aka 'const HIP_vector_type<float, 4>'))
/public/home/tangwsh/PhysX/physx/source/compiler/cmakehip/../../../source/gpucommon/include/PxgDevicePointer.h:41:3: error: unknown type name 'CUdeviceptr'
/public/home/tangwsh/PhysX/physx/source/compiler/cmakehip/../../../source/gpucommon/include/PxgDevicePointer.h:43:20: error: unknown type name 'CUdeviceptr'
/public/home/tangwsh/PhysX/physx/source/compiler/cmakehip/../../../source/gpucommon/include/PxgDevicePointer.h:45:12: error: unknown type name 'CUdeviceptr'
/public/home/tangwsh/PhysX/physx/source/compiler/cmakehip/../../../source/gpucommon/include/PxgDevicePointer.h:51:67: error: use of undeclared identifier 'CUdeviceptr'
/public/home/tangwsh/PhysX/physx/source/compiler/cmakehip/../../../source/gpucommon/include/PxgCudaBuffer.h:65:79: error: unknown type name 'CUstream'
/public/home/tangwsh/PhysX/physx/source/compiler/cmakehip/../../../source/gpucommon/include/PxgCudaBuffer.h:72:19: error: unknown type name 'CUdeviceptr'
/public/home/tangwsh/PhysX/physx/source/compiler/cmakehip/../../../source/gpucommon/include/PxgCudaBuffer.h:74:29: error: unknown type name 'CUdeviceptr'
/public/home/tangwsh/PhysX/physx/source/compiler/cmakehip/../../../source/gpucommon/include/PxgCudaBuffer.h:100:3: error: unknown type name 'CUdeviceptr'
/public/home/tangwsh/PhysX/physx/source/compiler/cmakehip/../../../source/gpucommon/include/PxgCudaBuffer.h:78:10: error: unknown type name 'CUdeviceptr'
/public/home/tangwsh/PhysX/physx/source/compiler/cmakehip/../../../source/gpunarrowphase/include/cudaNpCommon.h:106:4: error: no matching function for call to 'PX_UNUSED'
/public/home/tangwsh/PhysX/physx/source/compiler/cmakehip/../../../source/gpunarrowphase/include/PxgGeometryManager.h:137:2: error: unknown type name 'CUarray'
/public/home/tangwsh/PhysX/physx/source/compiler/cmakehip/../../../source/gpunarrowphase/include/PxgGeometryManager.h:138:2: error: unknown type name 'CUtexObject'
/public/home/tangwsh/PhysX/physx/source/compiler/cmakehip/../../../source/gpunarrowphase/include/PxgGeometryManager.h:140:2: error: unknown type name 'CUarray'
/public/home/tangwsh/PhysX/physx/source/compiler/cmakehip/../../../source/gpunarrowphase/include/PxgGeometryManager.h:141:2: error: unknown type name 'CUtexObject'
/public/home/tangwsh/PhysX/physx/source/compiler/cmakehip/../../../include/PxParticleGpu.h:62:8: error: definition of type 'float4' conflicts with type alias of the same name
/public/home/tangwsh/PhysX/physx/source/compiler/cmakehip/../../../source/lowlevel/api/include/PxvGeometry.h:44:10: fatal error: 'GuGeometryChecks.h' file not found
/public/home/tangwsh/PhysX/physx/source/compiler/cmakehip/../../../source/gpucommon/include/cutil_math.h:68:41: error: __host__ __device__ function 'max' cannot overload __host__ function 'max'
/public/home/tangwsh/PhysX/physx/source/compiler/cmakehip/../../../source/gpucommon/include/cutil_math.h:70:41: error: __host__ __device__ function 'min' cannot overload __host__ function 'min'
/public/home/tangwsh/PhysX/physx/source/compiler/cmakehip/../../../source/gpucommon/include/AlignedQuat.h:343:5: error: use of overloaded operator '+=' is ambiguous (with operand types 'float4' (aka 'HIP_vector_type<float, 4>') and 'const float4' (aka 'const HIP_vector_type<float, 4>'))
/public/home/tangwsh/PhysX/physx/source/compiler/cmakehip/../../../source/gpucommon/include/AlignedQuat.h:349:5: error: use of overloaded operator '-=' is ambiguous (with operand types 'float4' (aka 'HIP_vector_type<float, 4>') and 'const float4' (aka 'const HIP_vector_type<float, 4>'))
/public/home/tangwsh/PhysX/physx/source/compiler/cmakehip/../../../source/gpucommon/include/AlignedMat33.h:240:11: error: use of overloaded operator '+=' is ambiguous (with operand types 'float4' (aka 'HIP_vector_type<float, 4>') and 'const float4' (aka 'const HIP_vector_type<float, 4>'))
/public/home/tangwsh/PhysX/physx/source/compiler/cmakehip/../../../source/gpucommon/include/AlignedMat33.h:241:11: error: use of overloaded operator '+=' is ambiguous (with operand types 'float4' (aka 'HIP_vector_type<float, 4>') and 'const float4' (aka 'const HIP_vector_type<float, 4>'))
/public/home/tangwsh/PhysX/physx/source/compiler/cmakehip/../../../source/gpucommon/include/AlignedMat33.h:242:11: error: use of overloaded operator '+=' is ambiguous (with operand types 'float4' (aka 'HIP_vector_type<float, 4>') and 'const float4' (aka 'const HIP_vector_type<float, 4>'))
/public/home/tangwsh/PhysX/physx/source/compiler/cmakehip/../../../source/gpucommon/include/AlignedMat33.h:249:11: error: use of overloaded operator '-=' is ambiguous (with operand types 'float4' (aka 'HIP_vector_type<float, 4>') and 'const float4' (aka 'const HIP_vector_type<float, 4>'))
/public/home/tangwsh/PhysX/physx/source/compiler/cmakehip/../../../source/gpucommon/include/AlignedMat33.h:250:11: error: use of overloaded operator '-=' is ambiguous (with operand types 'float4' (aka 'HIP_vector_type<float, 4>') and 'const float4' (aka 'const HIP_vector_type<float, 4>'))
/public/home/tangwsh/PhysX/physx/source/compiler/cmakehip/../../../source/gpucommon/include/AlignedMat33.h:251:11: error: use of overloaded operator '-=' is ambiguous (with operand types 'float4' (aka 'HIP_vector_type<float, 4>') and 'const float4' (aka 'const HIP_vector_type<float, 4>'))
/public/home/tangwsh/PhysX/physx/source/compiler/cmakehip/../../../source/gpusolver/include/PxgConstraintPrep.h:37:10: fatal error: 'PxcNpWorkUnit.h' file not found
/public/home/tangwsh/PhysX/physx/source/compiler/cmakehip/../../../source/gpucommon/include/cutil_math.h:68:41: error: __host__ __device__ function 'max' cannot overload __host__ function 'max'
/public/home/tangwsh/PhysX/physx/source/compiler/cmakehip/../../../source/gpucommon/include/cutil_math.h:70:41: error: __host__ __device__ function 'min' cannot overload __host__ function 'min'
/public/home/tangwsh/PhysX/physx/source/compiler/cmakehip/../../../source/gpucommon/include/AlignedQuat.h:343:5: error: use of overloaded operator '+=' is ambiguous (with operand types 'float4' (aka 'HIP_vector_type<float, 4>') and 'const float4' (aka 'const HIP_vector_type<float, 4>'))
/public/home/tangwsh/PhysX/physx/source/compiler/cmakehip/../../../source/gpucommon/include/AlignedQuat.h:349:5: error: use of overloaded operator '-=' is ambiguous (with operand types 'float4' (aka 'HIP_vector_type<float, 4>') and 'const float4' (aka 'const HIP_vector_type<float, 4>'))
/public/home/tangwsh/PhysX/physx/source/compiler/cmakehip/../../../source/gpucommon/include/AlignedMat33.h:240:11: error: use of overloaded operator '+=' is ambiguous (with operand types 'float4' (aka 'HIP_vector_type<float, 4>') and 'const float4' (aka 'const HIP_vector_type<float, 4>'))
/public/home/tangwsh/PhysX/physx/source/compiler/cmakehip/../../../source/gpucommon/include/AlignedMat33.h:241:11: error: use of overloaded operator '+=' is ambiguous (with operand types 'float4' (aka 'HIP_vector_type<float, 4>') and 'const float4' (aka 'const HIP_vector_type<float, 4>'))
/public/home/tangwsh/PhysX/physx/source/compiler/cmakehip/../../../source/gpucommon/include/AlignedMat33.h:242:11: error: use of overloaded operator '+=' is ambiguous (with operand types 'float4' (aka 'HIP_vector_type<float, 4>') and 'const float4' (aka 'const HIP_vector_type<float, 4>'))
/public/home/tangwsh/PhysX/physx/source/compiler/cmakehip/../../../source/gpucommon/include/AlignedMat33.h:249:11: error: use of overloaded operator '-=' is ambiguous (with operand types 'float4' (aka 'HIP_vector_type<float, 4>') and 'const float4' (aka 'const HIP_vector_type<float, 4>'))
/public/home/tangwsh/PhysX/physx/source/compiler/cmakehip/../../../source/gpucommon/include/AlignedMat33.h:250:11: error: use of overloaded operator '-=' is ambiguous (with operand types 'float4' (aka 'HIP_vector_type<float, 4>') and 'const float4' (aka 'const HIP_vector_type<float, 4>'))
/public/home/tangwsh/PhysX/physx/source/compiler/cmakehip/../../../source/gpucommon/include/AlignedMat33.h:251:11: error: use of overloaded operator '-=' is ambiguous (with operand types 'float4' (aka 'HIP_vector_type<float, 4>') and 'const float4' (aka 'const HIP_vector_type<float, 4>'))
/public/home/tangwsh/PhysX/physx/source/compiler/cmakehip/../../../source/gpucommon/include/PxgDevicePointer.h:41:3: error: unknown type name 'CUdeviceptr'
/public/home/tangwsh/PhysX/physx/source/compiler/cmakehip/../../../source/gpucommon/include/PxgDevicePointer.h:43:20: error: unknown type name 'CUdeviceptr'
/public/home/tangwsh/PhysX/physx/source/compiler/cmakehip/../../../source/gpucommon/include/PxgDevicePointer.h:45:12: error: unknown type name 'CUdeviceptr'
/public/home/tangwsh/PhysX/physx/source/compiler/cmakehip/../../../source/gpucommon/include/PxgDevicePointer.h:51:67: error: use of undeclared identifier 'CUdeviceptr'
/public/home/tangwsh/PhysX/physx/source/compiler/cmakehip/../../../source/gpucommon/include/PxgCudaBuffer.h:65:79: error: unknown type name 'CUstream'
/public/home/tangwsh/PhysX/physx/source/compiler/cmakehip/../../../source/gpucommon/include/PxgCudaBuffer.h:72:19: error: unknown type name 'CUdeviceptr'
/public/home/tangwsh/PhysX/physx/source/compiler/cmakehip/../../../source/gpucommon/include/PxgCudaBuffer.h:74:29: error: unknown type name 'CUdeviceptr'
/public/home/tangwsh/PhysX/physx/source/compiler/cmakehip/../../../source/gpucommon/include/PxgCudaBuffer.h:100:3: error: unknown type name 'CUdeviceptr'
/public/home/tangwsh/PhysX/physx/source/compiler/cmakehip/../../../source/gpucommon/include/PxgCudaBuffer.h:78:10: error: unknown type name 'CUdeviceptr'
fatal error: too many errors emitted, stopping now [-ferror-limit=]
/public/home/tangwsh/PhysX/physx/source/compiler/cmakehip/../../../source/gpucommon/include/cutil_math.h:68:41: error: __host__ __device__ function 'max' cannot overload __host__ function 'max'
/public/home/tangwsh/PhysX/physx/source/compiler/cmakehip/../../../source/gpucommon/include/cutil_math.h:70:41: error: __host__ __device__ function 'min' cannot overload __host__ function 'min'
/public/home/tangwsh/PhysX/physx/source/compiler/cmakehip/../../../source/gpucommon/include/AlignedQuat.h:343:5: error: use of overloaded operator '+=' is ambiguous (with operand types 'float4' (aka 'HIP_vector_type<float, 4>') and 'const float4' (aka 'const HIP_vector_type<float, 4>'))
/public/home/tangwsh/PhysX/physx/source/compiler/cmakehip/../../../source/gpucommon/include/AlignedQuat.h:349:5: error: use of overloaded operator '-=' is ambiguous (with operand types 'float4' (aka 'HIP_vector_type<float, 4>') and 'const float4' (aka 'const HIP_vector_type<float, 4>'))
/public/home/tangwsh/PhysX/physx/source/compiler/cmakehip/../../../source/gpucommon/include/AlignedMat33.h:240:11: error: use of overloaded operator '+=' is ambiguous (with operand types 'float4' (aka 'HIP_vector_type<float, 4>') and 'const float4' (aka 'const HIP_vector_type<float, 4>'))
/public/home/tangwsh/PhysX/physx/source/compiler/cmakehip/../../../source/gpucommon/include/AlignedMat33.h:241:11: error: use of overloaded operator '+=' is ambiguous (with operand types 'float4' (aka 'HIP_vector_type<float, 4>') and 'const float4' (aka 'const HIP_vector_type<float, 4>'))
/public/home/tangwsh/PhysX/physx/source/compiler/cmakehip/../../../source/gpucommon/include/AlignedMat33.h:242:11: error: use of overloaded operator '+=' is ambiguous (with operand types 'float4' (aka 'HIP_vector_type<float, 4>') and 'const float4' (aka 'const HIP_vector_type<float, 4>'))
/public/home/tangwsh/PhysX/physx/source/compiler/cmakehip/../../../source/gpucommon/include/AlignedMat33.h:249:11: error: use of overloaded operator '-=' is ambiguous (with operand types 'float4' (aka 'HIP_vector_type<float, 4>') and 'const float4' (aka 'const HIP_vector_type<float, 4>'))
/public/home/tangwsh/PhysX/physx/source/compiler/cmakehip/../../../source/gpucommon/include/AlignedMat33.h:250:11: error: use of overloaded operator '-=' is ambiguous (with operand types 'float4' (aka 'HIP_vector_type<float, 4>') and 'const float4' (aka 'const HIP_vector_type<float, 4>'))
/public/home/tangwsh/PhysX/physx/source/compiler/cmakehip/../../../source/gpucommon/include/AlignedMat33.h:251:11: error: use of overloaded operator '-=' is ambiguous (with operand types 'float4' (aka 'HIP_vector_type<float, 4>') and 'const float4' (aka 'const HIP_vector_type<float, 4>'))
/public/home/tangwsh/PhysX/physx/source/compiler/cmakehip/../../../source/gpucommon/include/PxgDevicePointer.h:41:3: error: unknown type name 'CUdeviceptr'
/public/home/tangwsh/PhysX/physx/source/compiler/cmakehip/../../../source/gpucommon/include/PxgDevicePointer.h:43:20: error: unknown type name 'CUdeviceptr'
/public/home/tangwsh/PhysX/physx/source/compiler/cmakehip/../../../source/gpucommon/include/PxgDevicePointer.h:45:12: error: unknown type name 'CUdeviceptr'
/public/home/tangwsh/PhysX/physx/source/compiler/cmakehip/../../../source/gpucommon/include/PxgDevicePointer.h:51:67: error: use of undeclared identifier 'CUdeviceptr'
/public/home/tangwsh/PhysX/physx/source/compiler/cmakehip/../../../source/gpucommon/include/PxgCudaBuffer.h:65:79: error: unknown type name 'CUstream'
/public/home/tangwsh/PhysX/physx/source/compiler/cmakehip/../../../source/gpucommon/include/PxgCudaBuffer.h:72:19: error: unknown type name 'CUdeviceptr'
/public/home/tangwsh/PhysX/physx/source/compiler/cmakehip/../../../source/gpucommon/include/PxgCudaBuffer.h:74:29: error: unknown type name 'CUdeviceptr'
/public/home/tangwsh/PhysX/physx/source/compiler/cmakehip/../../../source/gpucommon/include/PxgCudaBuffer.h:100:3: error: unknown type name 'CUdeviceptr'
/public/home/tangwsh/PhysX/physx/source/compiler/cmakehip/../../../source/gpucommon/include/PxgCudaBuffer.h:78:10: error: unknown type name 'CUdeviceptr'
fatal error: too many errors emitted, stopping now [-ferror-limit=]
/public/home/tangwsh/PhysX/physx/source/compiler/cmakehip/../../../source/gpucommon/include/cutil_math.h:68:41: error: __host__ __device__ function 'max' cannot overload __host__ function 'max'
/public/home/tangwsh/PhysX/physx/source/compiler/cmakehip/../../../source/gpucommon/include/cutil_math.h:70:41: error: __host__ __device__ function 'min' cannot overload __host__ function 'min'
/public/home/tangwsh/PhysX/physx/source/compiler/cmakehip/../../../source/gpucommon/include/AlignedQuat.h:343:5: error: use of overloaded operator '+=' is ambiguous (with operand types 'float4' (aka 'HIP_vector_type<float, 4>') and 'const float4' (aka 'const HIP_vector_type<float, 4>'))
/public/home/tangwsh/PhysX/physx/source/compiler/cmakehip/../../../source/gpucommon/include/AlignedQuat.h:349:5: error: use of overloaded operator '-=' is ambiguous (with operand types 'float4' (aka 'HIP_vector_type<float, 4>') and 'const float4' (aka 'const HIP_vector_type<float, 4>'))
/public/home/tangwsh/PhysX/physx/source/compiler/cmakehip/../../../source/gpucommon/include/AlignedMat33.h:240:11: error: use of overloaded operator '+=' is ambiguous (with operand types 'float4' (aka 'HIP_vector_type<float, 4>') and 'const float4' (aka 'const HIP_vector_type<float, 4>'))
/public/home/tangwsh/PhysX/physx/source/compiler/cmakehip/../../../source/gpucommon/include/AlignedMat33.h:241:11: error: use of overloaded operator '+=' is ambiguous (with operand types 'float4' (aka 'HIP_vector_type<float, 4>') and 'const float4' (aka 'const HIP_vector_type<float, 4>'))
/public/home/tangwsh/PhysX/physx/source/compiler/cmakehip/../../../source/gpucommon/include/AlignedMat33.h:242:11: error: use of overloaded operator '+=' is ambiguous (with operand types 'float4' (aka 'HIP_vector_type<float, 4>') and 'const float4' (aka 'const HIP_vector_type<float, 4>'))
/public/home/tangwsh/PhysX/physx/source/compiler/cmakehip/../../../source/gpucommon/include/AlignedMat33.h:249:11: error: use of overloaded operator '-=' is ambiguous (with operand types 'float4' (aka 'HIP_vector_type<float, 4>') and 'const float4' (aka 'const HIP_vector_type<float, 4>'))
/public/home/tangwsh/PhysX/physx/source/compiler/cmakehip/../../../source/gpucommon/include/AlignedMat33.h:250:11: error: use of overloaded operator '-=' is ambiguous (with operand types 'float4' (aka 'HIP_vector_type<float, 4>') and 'const float4' (aka 'const HIP_vector_type<float, 4>'))
/public/home/tangwsh/PhysX/physx/source/compiler/cmakehip/../../../source/gpucommon/include/AlignedMat33.h:251:11: error: use of overloaded operator '-=' is ambiguous (with operand types 'float4' (aka 'HIP_vector_type<float, 4>') and 'const float4' (aka 'const HIP_vector_type<float, 4>'))
/public/home/tangwsh/PhysX/physx/source/compiler/cmakehip/../../../source/gpusolver/include/PxgConstraintPrep.h:37:10: fatal error: 'PxcNpWorkUnit.h' file not found
/public/home/tangwsh/PhysX/physx/source/compiler/cmakehip/../../../source/gpucommon/include/cutil_math.h:68:41: error: __host__ __device__ function 'max' cannot overload __host__ function 'max'
/public/home/tangwsh/PhysX/physx/source/compiler/cmakehip/../../../source/gpucommon/include/cutil_math.h:70:41: error: __host__ __device__ function 'min' cannot overload __host__ function 'min'
/public/home/tangwsh/PhysX/physx/source/compiler/cmakehip/../../../source/gpucommon/include/AlignedQuat.h:343:5: error: use of overloaded operator '+=' is ambiguous (with operand types 'float4' (aka 'HIP_vector_type<float, 4>') and 'const float4' (aka 'const HIP_vector_type<float, 4>'))
/public/home/tangwsh/PhysX/physx/source/compiler/cmakehip/../../../source/gpucommon/include/AlignedQuat.h:349:5: error: use of overloaded operator '-=' is ambiguous (with operand types 'float4' (aka 'HIP_vector_type<float, 4>') and 'const float4' (aka 'const HIP_vector_type<float, 4>'))
/public/home/tangwsh/PhysX/physx/source/compiler/cmakehip/../../../source/gpucommon/include/AlignedMat33.h:240:11: error: use of overloaded operator '+=' is ambiguous (with operand types 'float4' (aka 'HIP_vector_type<float, 4>') and 'const float4' (aka 'const HIP_vector_type<float, 4>'))
/public/home/tangwsh/PhysX/physx/source/compiler/cmakehip/../../../source/gpucommon/include/AlignedMat33.h:241:11: error: use of overloaded operator '+=' is ambiguous (with operand types 'float4' (aka 'HIP_vector_type<float, 4>') and 'const float4' (aka 'const HIP_vector_type<float, 4>'))
/public/home/tangwsh/PhysX/physx/source/compiler/cmakehip/../../../source/gpucommon/include/AlignedMat33.h:242:11: error: use of overloaded operator '+=' is ambiguous (with operand types 'float4' (aka 'HIP_vector_type<float, 4>') and 'const float4' (aka 'const HIP_vector_type<float, 4>'))
/public/home/tangwsh/PhysX/physx/source/compiler/cmakehip/../../../source/gpucommon/include/AlignedMat33.h:249:11: error: use of overloaded operator '-=' is ambiguous (with operand types 'float4' (aka 'HIP_vector_type<float, 4>') and 'const float4' (aka 'const HIP_vector_type<float, 4>'))
/public/home/tangwsh/PhysX/physx/source/compiler/cmakehip/../../../source/gpucommon/include/AlignedMat33.h:250:11: error: use of overloaded operator '-=' is ambiguous (with operand types 'float4' (aka 'HIP_vector_type<float, 4>') and 'const float4' (aka 'const HIP_vector_type<float, 4>'))
/public/home/tangwsh/PhysX/physx/source/compiler/cmakehip/../../../source/gpucommon/include/AlignedMat33.h:251:11: error: use of overloaded operator '-=' is ambiguous (with operand types 'float4' (aka 'HIP_vector_type<float, 4>') and 'const float4' (aka 'const HIP_vector_type<float, 4>'))
/public/home/tangwsh/PhysX/physx/source/compiler/cmakehip/../../../source/gpucommon/include/PxgDevicePointer.h:41:3: error: unknown type name 'CUdeviceptr'
/public/home/tangwsh/PhysX/physx/source/compiler/cmakehip/../../../source/gpucommon/include/PxgDevicePointer.h:43:20: error: unknown type name 'CUdeviceptr'
/public/home/tangwsh/PhysX/physx/source/compiler/cmakehip/../../../source/gpucommon/include/PxgDevicePointer.h:45:12: error: unknown type name 'CUdeviceptr'
/public/home/tangwsh/PhysX/physx/source/compiler/cmakehip/../../../source/gpucommon/include/PxgDevicePointer.h:51:67: error: use of undeclared identifier 'CUdeviceptr'
/public/home/tangwsh/PhysX/physx/source/compiler/cmakehip/../../../source/gpucommon/include/PxgCudaBuffer.h:65:79: error: unknown type name 'CUstream'
/public/home/tangwsh/PhysX/physx/source/compiler/cmakehip/../../../source/gpucommon/include/PxgCudaBuffer.h:72:19: error: unknown type name 'CUdeviceptr'
/public/home/tangwsh/PhysX/physx/source/compiler/cmakehip/../../../source/gpucommon/include/PxgCudaBuffer.h:74:29: error: unknown type name 'CUdeviceptr'
/public/home/tangwsh/PhysX/physx/source/compiler/cmakehip/../../../source/gpucommon/include/PxgCudaBuffer.h:100:3: error: unknown type name 'CUdeviceptr'
/public/home/tangwsh/PhysX/physx/source/compiler/cmakehip/../../../source/gpucommon/include/PxgCudaBuffer.h:78:10: error: unknown type name 'CUdeviceptr'
fatal error: too many errors emitted, stopping now [-ferror-limit=]
/public/home/tangwsh/PhysX/physx/source/compiler/cmakehip/../../../source/gpucommon/include/cutil_math.h:68:41: error: __host__ __device__ function 'max' cannot overload __host__ function 'max'
/public/home/tangwsh/PhysX/physx/source/compiler/cmakehip/../../../source/gpucommon/include/cutil_math.h:70:41: error: __host__ __device__ function 'min' cannot overload __host__ function 'min'
/public/home/tangwsh/PhysX/physx/source/compiler/cmakehip/../../../source/gpucommon/include/AlignedQuat.h:343:5: error: use of overloaded operator '+=' is ambiguous (with operand types 'float4' (aka 'HIP_vector_type<float, 4>') and 'const float4' (aka 'const HIP_vector_type<float, 4>'))
/public/home/tangwsh/PhysX/physx/source/compiler/cmakehip/../../../source/gpucommon/include/AlignedQuat.h:349:5: error: use of overloaded operator '-=' is ambiguous (with operand types 'float4' (aka 'HIP_vector_type<float, 4>') and 'const float4' (aka 'const HIP_vector_type<float, 4>'))
/public/home/tangwsh/PhysX/physx/source/compiler/cmakehip/../../../source/gpucommon/include/AlignedMat33.h:240:11: error: use of overloaded operator '+=' is ambiguous (with operand types 'float4' (aka 'HIP_vector_type<float, 4>') and 'const float4' (aka 'const HIP_vector_type<float, 4>'))
/public/home/tangwsh/PhysX/physx/source/compiler/cmakehip/../../../source/gpucommon/include/AlignedMat33.h:241:11: error: use of overloaded operator '+=' is ambiguous (with operand types 'float4' (aka 'HIP_vector_type<float, 4>') and 'const float4' (aka 'const HIP_vector_type<float, 4>'))
/public/home/tangwsh/PhysX/physx/source/compiler/cmakehip/../../../source/gpucommon/include/AlignedMat33.h:242:11: error: use of overloaded operator '+=' is ambiguous (with operand types 'float4' (aka 'HIP_vector_type<float, 4>') and 'const float4' (aka 'const HIP_vector_type<float, 4>'))
/public/home/tangwsh/PhysX/physx/source/compiler/cmakehip/../../../source/gpucommon/include/AlignedMat33.h:249:11: error: use of overloaded operator '-=' is ambiguous (with operand types 'float4' (aka 'HIP_vector_type<float, 4>') and 'const float4' (aka 'const HIP_vector_type<float, 4>'))
/public/home/tangwsh/PhysX/physx/source/compiler/cmakehip/../../../source/gpucommon/include/AlignedMat33.h:250:11: error: use of overloaded operator '-=' is ambiguous (with operand types 'float4' (aka 'HIP_vector_type<float, 4>') and 'const float4' (aka 'const HIP_vector_type<float, 4>'))
/public/home/tangwsh/PhysX/physx/source/compiler/cmakehip/../../../source/gpucommon/include/AlignedMat33.h:251:11: error: use of overloaded operator '-=' is ambiguous (with operand types 'float4' (aka 'HIP_vector_type<float, 4>') and 'const float4' (aka 'const HIP_vector_type<float, 4>'))
/public/home/tangwsh/PhysX/physx/source/compiler/cmakehip/../../../source/gpucommon/include/PxgDevicePointer.h:41:3: error: unknown type name 'CUdeviceptr'
/public/home/tangwsh/PhysX/physx/source/compiler/cmakehip/../../../source/gpucommon/include/PxgDevicePointer.h:43:20: error: unknown type name 'CUdeviceptr'
/public/home/tangwsh/PhysX/physx/source/compiler/cmakehip/../../../source/gpucommon/include/PxgDevicePointer.h:45:12: error: unknown type name 'CUdeviceptr'
/public/home/tangwsh/PhysX/physx/source/compiler/cmakehip/../../../source/gpucommon/include/PxgDevicePointer.h:51:67: error: use of undeclared identifier 'CUdeviceptr'
/public/home/tangwsh/PhysX/physx/source/compiler/cmakehip/../../../source/gpucommon/include/PxgCudaBuffer.h:65:79: error: unknown type name 'CUstream'
/public/home/tangwsh/PhysX/physx/source/compiler/cmakehip/../../../source/gpucommon/include/PxgCudaBuffer.h:72:19: error: unknown type name 'CUdeviceptr'
/public/home/tangwsh/PhysX/physx/source/compiler/cmakehip/../../../source/gpucommon/include/PxgCudaBuffer.h:74:29: error: unknown type name 'CUdeviceptr'
/public/home/tangwsh/PhysX/physx/source/compiler/cmakehip/../../../source/gpucommon/include/PxgCudaBuffer.h:100:3: error: unknown type name 'CUdeviceptr'
/public/home/tangwsh/PhysX/physx/source/compiler/cmakehip/../../../source/gpucommon/include/PxgCudaBuffer.h:78:10: error: unknown type name 'CUdeviceptr'
fatal error: too many errors emitted, stopping now [-ferror-limit=]
/public/home/tangwsh/PhysX/physx/source/compiler/cmakehip/../../../source/gpucommon/include/cutil_math.h:68:41: error: __host__ __device__ function 'max' cannot overload __host__ function 'max'
/public/home/tangwsh/PhysX/physx/source/compiler/cmakehip/../../../source/gpucommon/include/cutil_math.h:70:41: error: __host__ __device__ function 'min' cannot overload __host__ function 'min'
/public/home/tangwsh/PhysX/physx/source/compiler/cmakehip/../../../source/gpucommon/include/AlignedQuat.h:343:5: error: use of overloaded operator '+=' is ambiguous (with operand types 'float4' (aka 'HIP_vector_type<float, 4>') and 'const float4' (aka 'const HIP_vector_type<float, 4>'))
/public/home/tangwsh/PhysX/physx/source/compiler/cmakehip/../../../source/gpucommon/include/AlignedQuat.h:349:5: error: use of overloaded operator '-=' is ambiguous (with operand types 'float4' (aka 'HIP_vector_type<float, 4>') and 'const float4' (aka 'const HIP_vector_type<float, 4>'))
/public/home/tangwsh/PhysX/physx/source/compiler/cmakehip/../../../source/gpucommon/include/AlignedMat33.h:240:11: error: use of overloaded operator '+=' is ambiguous (with operand types 'float4' (aka 'HIP_vector_type<float, 4>') and 'const float4' (aka 'const HIP_vector_type<float, 4>'))
/public/home/tangwsh/PhysX/physx/source/compiler/cmakehip/../../../source/gpucommon/include/AlignedMat33.h:241:11: error: use of overloaded operator '+=' is ambiguous (with operand types 'float4' (aka 'HIP_vector_type<float, 4>') and 'const float4' (aka 'const HIP_vector_type<float, 4>'))
/public/home/tangwsh/PhysX/physx/source/compiler/cmakehip/../../../source/gpucommon/include/AlignedMat33.h:242:11: error: use of overloaded operator '+=' is ambiguous (with operand types 'float4' (aka 'HIP_vector_type<float, 4>') and 'const float4' (aka 'const HIP_vector_type<float, 4>'))
/public/home/tangwsh/PhysX/physx/source/compiler/cmakehip/../../../source/gpucommon/include/AlignedMat33.h:249:11: error: use of overloaded operator '-=' is ambiguous (with operand types 'float4' (aka 'HIP_vector_type<float, 4>') and 'const float4' (aka 'const HIP_vector_type<float, 4>'))
/public/home/tangwsh/PhysX/physx/source/compiler/cmakehip/../../../source/gpucommon/include/AlignedMat33.h:250:11: error: use of overloaded operator '-=' is ambiguous (with operand types 'float4' (aka 'HIP_vector_type<float, 4>') and 'const float4' (aka 'const HIP_vector_type<float, 4>'))
/public/home/tangwsh/PhysX/physx/source/compiler/cmakehip/../../../source/gpucommon/include/AlignedMat33.h:251:11: error: use of overloaded operator '-=' is ambiguous (with operand types 'float4' (aka 'HIP_vector_type<float, 4>') and 'const float4' (aka 'const HIP_vector_type<float, 4>'))
/public/home/tangwsh/PhysX/physx/source/compiler/cmakehip/../../../source/gpusolver/src/CUDA/preIntegration.cuh:41:35: error: no matching function for call to 'PxSqrt'
/public/home/tangwsh/PhysX/physx/source/compiler/cmakehip/../../../source/gpusolver/src/CUDA/preIntegration.cuh:41:67: error: no matching function for call to 'PxSqrt'
/public/home/tangwsh/PhysX/physx/source/compiler/cmakehip/../../../source/gpusolver/src/CUDA/preIntegration.cuh:41:99: error: no matching function for call to 'PxSqrt'
/public/home/tangwsh/PhysX/physx/source/compiler/cmakehip/../../../source/gpusolver/src/CUDA/preIntegration.cuh:41:9: error: no matching constructor for initialization of 'PxVec3' (aka 'PxVec3T<float>')
/public/home/tangwsh/PhysX/physx/source/compiler/cmakehip/../../../source/gpusolver/src/CUDA/preIntegration.cuh:46:27: error: no matching function for call to object of type 'const PxMat33' (aka 'const PxMat33T<float>')
/public/home/tangwsh/PhysX/physx/source/compiler/cmakehip/../../../source/gpusolver/src/CUDA/preIntegration.cuh:46:49: error: no matching function for call to object of type 'const PxMat33' (aka 'const PxMat33T<float>')
/public/home/tangwsh/PhysX/physx/source/compiler/cmakehip/../../../source/gpusolver/src/CUDA/preIntegration.cuh:46:71: error: no matching function for call to object of type 'const PxMat33' (aka 'const PxMat33T<float>')
/public/home/tangwsh/PhysX/physx/source/compiler/cmakehip/../../../source/gpusolver/src/CUDA/preIntegration.cuh:47:27: error: no matching function for call to object of type 'const PxMat33' (aka 'const PxMat33T<float>')
/public/home/tangwsh/PhysX/physx/source/compiler/cmakehip/../../../source/gpusolver/src/CUDA/preIntegration.cuh:47:49: error: no matching function for call to object of type 'const PxMat33' (aka 'const PxMat33T<float>')
fatal error: too many errors emitted, stopping now [-ferror-limit=]
/public/home/tangwsh/PhysX/physx/source/compiler/cmakehip/../../../source/gpucommon/include/cutil_math.h:68:41: error: __host__ __device__ function 'max' cannot overload __host__ function 'max'
/public/home/tangwsh/PhysX/physx/source/compiler/cmakehip/../../../source/gpucommon/include/cutil_math.h:70:41: error: __host__ __device__ function 'min' cannot overload __host__ function 'min'
/public/home/tangwsh/PhysX/physx/source/compiler/cmakehip/../../../source/gpucommon/include/AlignedQuat.h:343:5: error: use of overloaded operator '+=' is ambiguous (with operand types 'float4' (aka 'HIP_vector_type<float, 4>') and 'const float4' (aka 'const HIP_vector_type<float, 4>'))
/public/home/tangwsh/PhysX/physx/source/compiler/cmakehip/../../../source/gpucommon/include/AlignedQuat.h:349:5: error: use of overloaded operator '-=' is ambiguous (with operand types 'float4' (aka 'HIP_vector_type<float, 4>') and 'const float4' (aka 'const HIP_vector_type<float, 4>'))
/public/home/tangwsh/PhysX/physx/source/compiler/cmakehip/../../../source/gpucommon/include/AlignedMat33.h:240:11: error: use of overloaded operator '+=' is ambiguous (with operand types 'float4' (aka 'HIP_vector_type<float, 4>') and 'const float4' (aka 'const HIP_vector_type<float, 4>'))
/public/home/tangwsh/PhysX/physx/source/compiler/cmakehip/../../../source/gpucommon/include/AlignedMat33.h:241:11: error: use of overloaded operator '+=' is ambiguous (with operand types 'float4' (aka 'HIP_vector_type<float, 4>') and 'const float4' (aka 'const HIP_vector_type<float, 4>'))
/public/home/tangwsh/PhysX/physx/source/compiler/cmakehip/../../../source/gpucommon/include/AlignedMat33.h:242:11: error: use of overloaded operator '+=' is ambiguous (with operand types 'float4' (aka 'HIP_vector_type<float, 4>') and 'const float4' (aka 'const HIP_vector_type<float, 4>'))
/public/home/tangwsh/PhysX/physx/source/compiler/cmakehip/../../../source/gpucommon/include/AlignedMat33.h:249:11: error: use of overloaded operator '-=' is ambiguous (with operand types 'float4' (aka 'HIP_vector_type<float, 4>') and 'const float4' (aka 'const HIP_vector_type<float, 4>'))
/public/home/tangwsh/PhysX/physx/source/compiler/cmakehip/../../../source/gpucommon/include/AlignedMat33.h:250:11: error: use of overloaded operator '-=' is ambiguous (with operand types 'float4' (aka 'HIP_vector_type<float, 4>') and 'const float4' (aka 'const HIP_vector_type<float, 4>'))
/public/home/tangwsh/PhysX/physx/source/compiler/cmakehip/../../../source/gpucommon/include/AlignedMat33.h:251:11: error: use of overloaded operator '-=' is ambiguous (with operand types 'float4' (aka 'HIP_vector_type<float, 4>') and 'const float4' (aka 'const HIP_vector_type<float, 4>'))
/public/home/tangwsh/PhysX/physx/source/compiler/cmakehip/../../../source/gpusolver/src/CUDA/preIntegration.cuh:41:35: error: no matching function for call to 'PxSqrt'
/public/home/tangwsh/PhysX/physx/source/compiler/cmakehip/../../../source/gpusolver/src/CUDA/preIntegration.cuh:41:67: error: no matching function for call to 'PxSqrt'
/public/home/tangwsh/PhysX/physx/source/compiler/cmakehip/../../../source/gpusolver/src/CUDA/preIntegration.cuh:41:99: error: no matching function for call to 'PxSqrt'
/public/home/tangwsh/PhysX/physx/source/compiler/cmakehip/../../../source/gpusolver/src/CUDA/preIntegration.cuh:41:9: error: no matching constructor for initialization of 'PxVec3' (aka 'PxVec3T<float>')
/public/home/tangwsh/PhysX/physx/source/compiler/cmakehip/../../../source/gpusolver/src/CUDA/preIntegration.cuh:46:27: error: no matching function for call to object of type 'const PxMat33' (aka 'const PxMat33T<float>')
/public/home/tangwsh/PhysX/physx/source/compiler/cmakehip/../../../source/gpusolver/src/CUDA/preIntegration.cuh:46:49: error: no matching function for call to object of type 'const PxMat33' (aka 'const PxMat33T<float>')
/public/home/tangwsh/PhysX/physx/source/compiler/cmakehip/../../../source/gpusolver/src/CUDA/preIntegration.cuh:46:71: error: no matching function for call to object of type 'const PxMat33' (aka 'const PxMat33T<float>')
/public/home/tangwsh/PhysX/physx/source/compiler/cmakehip/../../../source/gpusolver/src/CUDA/preIntegration.cuh:47:27: error: no matching function for call to object of type 'const PxMat33' (aka 'const PxMat33T<float>')
/public/home/tangwsh/PhysX/physx/source/compiler/cmakehip/../../../source/gpusolver/src/CUDA/preIntegration.cuh:47:49: error: no matching function for call to object of type 'const PxMat33' (aka 'const PxMat33T<float>')
fatal error: too many errors emitted, stopping now [-ferror-limit=]
/public/home/tangwsh/PhysX/physx/source/compiler/cmakehip/../../../source/gpucommon/include/cutil_math.h:68:41: error: __host__ __device__ function 'max' cannot overload __host__ function 'max'
/public/home/tangwsh/PhysX/physx/source/compiler/cmakehip/../../../source/gpucommon/include/cutil_math.h:70:41: error: __host__ __device__ function 'min' cannot overload __host__ function 'min'
/public/home/tangwsh/PhysX/physx/source/compiler/cmakehip/../../../source/gpucommon/include/AlignedQuat.h:343:5: error: use of overloaded operator '+=' is ambiguous (with operand types 'float4' (aka 'HIP_vector_type<float, 4>') and 'const float4' (aka 'const HIP_vector_type<float, 4>'))
/public/home/tangwsh/PhysX/physx/source/compiler/cmakehip/../../../source/gpucommon/include/AlignedQuat.h:349:5: error: use of overloaded operator '-=' is ambiguous (with operand types 'float4' (aka 'HIP_vector_type<float, 4>') and 'const float4' (aka 'const HIP_vector_type<float, 4>'))
/public/home/tangwsh/PhysX/physx/source/compiler/cmakehip/../../../source/gpucommon/include/AlignedMat33.h:240:11: error: use of overloaded operator '+=' is ambiguous (with operand types 'float4' (aka 'HIP_vector_type<float, 4>') and 'const float4' (aka 'const HIP_vector_type<float, 4>'))
/public/home/tangwsh/PhysX/physx/source/compiler/cmakehip/../../../source/gpucommon/include/AlignedMat33.h:241:11: error: use of overloaded operator '+=' is ambiguous (with operand types 'float4' (aka 'HIP_vector_type<float, 4>') and 'const float4' (aka 'const HIP_vector_type<float, 4>'))
/public/home/tangwsh/PhysX/physx/source/compiler/cmakehip/../../../source/gpucommon/include/AlignedMat33.h:242:11: error: use of overloaded operator '+=' is ambiguous (with operand types 'float4' (aka 'HIP_vector_type<float, 4>') and 'const float4' (aka 'const HIP_vector_type<float, 4>'))
/public/home/tangwsh/PhysX/physx/source/compiler/cmakehip/../../../source/gpucommon/include/AlignedMat33.h:249:11: error: use of overloaded operator '-=' is ambiguous (with operand types 'float4' (aka 'HIP_vector_type<float, 4>') and 'const float4' (aka 'const HIP_vector_type<float, 4>'))
/public/home/tangwsh/PhysX/physx/source/compiler/cmakehip/../../../source/gpucommon/include/AlignedMat33.h:250:11: error: use of overloaded operator '-=' is ambiguous (with operand types 'float4' (aka 'HIP_vector_type<float, 4>') and 'const float4' (aka 'const HIP_vector_type<float, 4>'))
/public/home/tangwsh/PhysX/physx/source/compiler/cmakehip/../../../source/gpucommon/include/AlignedMat33.h:251:11: error: use of overloaded operator '-=' is ambiguous (with operand types 'float4' (aka 'HIP_vector_type<float, 4>') and 'const float4' (aka 'const HIP_vector_type<float, 4>'))
/public/home/tangwsh/PhysX/physx/source/compiler/cmakehip/../../../source/gpusolver/include/PxgSolverConstraintBlock1D.h:34:10: fatal error: 'DySolverConstraintTypes.h' file not found
/public/home/tangwsh/PhysX/physx/source/compiler/cmakehip/../../../source/gpucommon/include/cutil_math.h:68:41: error: __host__ __device__ function 'max' cannot overload __host__ function 'max'
/public/home/tangwsh/PhysX/physx/source/compiler/cmakehip/../../../source/gpucommon/include/cutil_math.h:70:41: error: __host__ __device__ function 'min' cannot overload __host__ function 'min'
/public/home/tangwsh/PhysX/physx/source/compiler/cmakehip/../../../source/gpucommon/include/AlignedQuat.h:343:5: error: use of overloaded operator '+=' is ambiguous (with operand types 'float4' (aka 'HIP_vector_type<float, 4>') and 'const float4' (aka 'const HIP_vector_type<float, 4>'))
/public/home/tangwsh/PhysX/physx/source/compiler/cmakehip/../../../source/gpucommon/include/AlignedQuat.h:349:5: error: use of overloaded operator '-=' is ambiguous (with operand types 'float4' (aka 'HIP_vector_type<float, 4>') and 'const float4' (aka 'const HIP_vector_type<float, 4>'))
/public/home/tangwsh/PhysX/physx/source/compiler/cmakehip/../../../source/gpucommon/include/AlignedMat33.h:240:11: error: use of overloaded operator '+=' is ambiguous (with operand types 'float4' (aka 'HIP_vector_type<float, 4>') and 'const float4' (aka 'const HIP_vector_type<float, 4>'))
/public/home/tangwsh/PhysX/physx/source/compiler/cmakehip/../../../source/gpucommon/include/AlignedMat33.h:241:11: error: use of overloaded operator '+=' is ambiguous (with operand types 'float4' (aka 'HIP_vector_type<float, 4>') and 'const float4' (aka 'const HIP_vector_type<float, 4>'))
/public/home/tangwsh/PhysX/physx/source/compiler/cmakehip/../../../source/gpucommon/include/AlignedMat33.h:242:11: error: use of overloaded operator '+=' is ambiguous (with operand types 'float4' (aka 'HIP_vector_type<float, 4>') and 'const float4' (aka 'const HIP_vector_type<float, 4>'))
/public/home/tangwsh/PhysX/physx/source/compiler/cmakehip/../../../source/gpucommon/include/AlignedMat33.h:249:11: error: use of overloaded operator '-=' is ambiguous (with operand types 'float4' (aka 'HIP_vector_type<float, 4>') and 'const float4' (aka 'const HIP_vector_type<float, 4>'))
/public/home/tangwsh/PhysX/physx/source/compiler/cmakehip/../../../source/gpucommon/include/AlignedMat33.h:250:11: error: use of overloaded operator '-=' is ambiguous (with operand types 'float4' (aka 'HIP_vector_type<float, 4>') and 'const float4' (aka 'const HIP_vector_type<float, 4>'))
/public/home/tangwsh/PhysX/physx/source/compiler/cmakehip/../../../source/gpucommon/include/AlignedMat33.h:251:11: error: use of overloaded operator '-=' is ambiguous (with operand types 'float4' (aka 'HIP_vector_type<float, 4>') and 'const float4' (aka 'const HIP_vector_type<float, 4>'))
/public/home/tangwsh/PhysX/physx/source/compiler/cmakehip/../../../source/gpusolver/include/PxgSolverConstraintBlock1D.h:34:10: fatal error: 'DySolverConstraintTypes.h' file not found
/public/home/tangwsh/PhysX/physx/source/compiler/cmakehip/../../../source/gpucommon/include/cutil_math.h:68:41: error: __host__ __device__ function 'max' cannot overload __host__ function 'max'
/public/home/tangwsh/PhysX/physx/source/compiler/cmakehip/../../../source/gpucommon/include/cutil_math.h:70:41: error: __host__ __device__ function 'min' cannot overload __host__ function 'min'
/public/home/tangwsh/PhysX/physx/source/compiler/cmakehip/../../../source/gpucommon/include/AlignedQuat.h:343:5: error: use of overloaded operator '+=' is ambiguous (with operand types 'float4' (aka 'HIP_vector_type<float, 4>') and 'const float4' (aka 'const HIP_vector_type<float, 4>'))
/public/home/tangwsh/PhysX/physx/source/compiler/cmakehip/../../../source/gpucommon/include/AlignedQuat.h:349:5: error: use of overloaded operator '-=' is ambiguous (with operand types 'float4' (aka 'HIP_vector_type<float, 4>') and 'const float4' (aka 'const HIP_vector_type<float, 4>'))
/public/home/tangwsh/PhysX/physx/source/compiler/cmakehip/../../../source/gpucommon/include/AlignedMat33.h:240:11: error: use of overloaded operator '+=' is ambiguous (with operand types 'float4' (aka 'HIP_vector_type<float, 4>') and 'const float4' (aka 'const HIP_vector_type<float, 4>'))
/public/home/tangwsh/PhysX/physx/source/compiler/cmakehip/../../../source/gpucommon/include/AlignedMat33.h:241:11: error: use of overloaded operator '+=' is ambiguous (with operand types 'float4' (aka 'HIP_vector_type<float, 4>') and 'const float4' (aka 'const HIP_vector_type<float, 4>'))
/public/home/tangwsh/PhysX/physx/source/compiler/cmakehip/../../../source/gpucommon/include/AlignedMat33.h:242:11: error: use of overloaded operator '+=' is ambiguous (with operand types 'float4' (aka 'HIP_vector_type<float, 4>') and 'const float4' (aka 'const HIP_vector_type<float, 4>'))
/public/home/tangwsh/PhysX/physx/source/compiler/cmakehip/../../../source/gpucommon/include/AlignedMat33.h:249:11: error: use of overloaded operator '-=' is ambiguous (with operand types 'float4' (aka 'HIP_vector_type<float, 4>') and 'const float4' (aka 'const HIP_vector_type<float, 4>'))
/public/home/tangwsh/PhysX/physx/source/compiler/cmakehip/../../../source/gpucommon/include/AlignedMat33.h:250:11: error: use of overloaded operator '-=' is ambiguous (with operand types 'float4' (aka 'HIP_vector_type<float, 4>') and 'const float4' (aka 'const HIP_vector_type<float, 4>'))
/public/home/tangwsh/PhysX/physx/source/compiler/cmakehip/../../../source/gpucommon/include/AlignedMat33.h:251:11: error: use of overloaded operator '-=' is ambiguous (with operand types 'float4' (aka 'HIP_vector_type<float, 4>') and 'const float4' (aka 'const HIP_vector_type<float, 4>'))
/public/home/tangwsh/PhysX/physx/source/compiler/cmakehip/../../../source/gpusolver/include/PxgSolverConstraintBlock1D.h:34:10: fatal error: 'DySolverConstraintTypes.h' file not found
/public/home/tangwsh/PhysX/physx/source/compiler/cmakehip/../../gpusimulationcontroller/src/CUDA/algorithms.cu:70:9: error: no matching function for call to 'make_int16'
/public/home/tangwsh/PhysX/physx/source/compiler/cmakehip/../../gpusimulationcontroller/src/CUDA/algorithms.cu:109:9: error: no matching function for call to 'make_int16'
/public/home/tangwsh/PhysX/physx/source/compiler/cmakehip/../../../source/gpusimulationcontroller/src/CUDA/matrixDecomposition.cuh:106:6: error: no matching function for call to object of type 'PxMat33' (aka 'PxMat33T<float>')
/public/home/tangwsh/PhysX/physx/source/compiler/cmakehip/../../../source/gpusimulationcontroller/src/CUDA/matrixDecomposition.cuh:109:13: error: no matching function for call to object of type 'PxMat33' (aka 'PxMat33T<float>')
/public/home/tangwsh/PhysX/physx/source/compiler/cmakehip/../../../source/gpusimulationcontroller/src/CUDA/matrixDecomposition.cuh:109:23: error: no matching function for call to object of type 'PxMat33' (aka 'PxMat33T<float>')
/public/home/tangwsh/PhysX/physx/source/compiler/cmakehip/../../../source/gpusimulationcontroller/src/CUDA/matrixDecomposition.cuh:109:40: error: no matching function for call to object of type 'PxMat33' (aka 'PxMat33T<float>')
/public/home/tangwsh/PhysX/physx/source/compiler/cmakehip/../../../source/gpusimulationcontroller/src/CUDA/matrixDecomposition.cuh:114:2: error: no matching function for call to object of type 'PxMat33' (aka 'PxMat33T<float>')
/public/home/tangwsh/PhysX/physx/source/compiler/cmakehip/../../../source/gpusimulationcontroller/src/CUDA/matrixDecomposition.cuh:114:17: error: no matching function for call to object of type 'PxMat33' (aka 'PxMat33T<float>')
/public/home/tangwsh/PhysX/physx/source/compiler/cmakehip/../../../source/gpusimulationcontroller/src/CUDA/matrixDecomposition.cuh:115:2: error: no matching function for call to object of type 'PxMat33' (aka 'PxMat33T<float>')
/public/home/tangwsh/PhysX/physx/source/compiler/cmakehip/../../../source/gpusimulationcontroller/src/CUDA/matrixDecomposition.cuh:115:17: error: no matching function for call to object of type 'PxMat33' (aka 'PxMat33T<float>')
/public/home/tangwsh/PhysX/physx/source/compiler/cmakehip/../../../source/gpusimulationcontroller/src/CUDA/matrixDecomposition.cuh:116:2: error: no matching function for call to object of type 'PxMat33' (aka 'PxMat33T<float>')
/public/home/tangwsh/PhysX/physx/source/compiler/cmakehip/../../../source/gpusimulationcontroller/src/CUDA/matrixDecomposition.cuh:116:12: error: no matching function for call to object of type 'PxMat33' (aka 'PxMat33T<float>')
/public/home/tangwsh/PhysX/physx/source/compiler/cmakehip/../../../source/gpusimulationcontroller/src/CUDA/matrixDecomposition.cuh:122:20: error: no matching function for call to object of type 'PxMat33' (aka 'PxMat33T<float>')
/public/home/tangwsh/PhysX/physx/source/compiler/cmakehip/../../../source/gpusimulationcontroller/src/CUDA/matrixDecomposition.cuh:122:34: error: no matching function for call to object of type 'PxMat33' (aka 'PxMat33T<float>')
/public/home/tangwsh/PhysX/physx/source/compiler/cmakehip/../../../source/gpusimulationcontroller/src/CUDA/matrixDecomposition.cuh:123:21: error: no matching function for call to object of type 'PxMat33' (aka 'PxMat33T<float>')
/public/home/tangwsh/PhysX/physx/source/compiler/cmakehip/../../../source/gpusimulationcontroller/src/CUDA/matrixDecomposition.cuh:123:35: error: no matching function for call to object of type 'PxMat33' (aka 'PxMat33T<float>')
/public/home/tangwsh/PhysX/physx/source/compiler/cmakehip/../../../source/gpusimulationcontroller/src/CUDA/matrixDecomposition.cuh:124:4: error: no matching function for call to object of type 'PxMat33' (aka 'PxMat33T<float>')
/public/home/tangwsh/PhysX/physx/source/compiler/cmakehip/../../../source/gpusimulationcontroller/src/CUDA/matrixDecomposition.cuh:124:14: error: no matching function for call to object of type 'PxMat33' (aka 'PxMat33T<float>')
/public/home/tangwsh/PhysX/physx/source/compiler/cmakehip/../../../source/gpusimulationcontroller/src/CUDA/matrixDecomposition.cuh:125:4: error: no matching function for call to object of type 'PxMat33' (aka 'PxMat33T<float>')
/public/home/tangwsh/PhysX/physx/source/compiler/cmakehip/../../../source/gpusimulationcontroller/src/CUDA/matrixDecomposition.cuh:125:14: error: no matching function for call to object of type 'PxMat33' (aka 'PxMat33T<float>')
/public/home/tangwsh/PhysX/physx/source/compiler/cmakehip/../../../source/gpusimulationcontroller/src/CUDA/matrixDecomposition.cuh:131:19: error: no matching function for call to object of type 'PxMat33' (aka 'PxMat33T<float>')
fatal error: too many errors emitted, stopping now [-ferror-limit=]
/public/home/tangwsh/PhysX/physx/source/compiler/cmakehip/../../../source/gpucommon/include/cutil_math.h:68:41: error: __host__ __device__ function 'max' cannot overload __host__ function 'max'
/public/home/tangwsh/PhysX/physx/source/compiler/cmakehip/../../../source/gpucommon/include/cutil_math.h:70:41: error: __host__ __device__ function 'min' cannot overload __host__ function 'min'
/public/home/tangwsh/PhysX/physx/source/compiler/cmakehip/../../../source/gpucommon/include/AlignedQuat.h:343:5: error: use of overloaded operator '+=' is ambiguous (with operand types 'float4' (aka 'HIP_vector_type<float, 4>') and 'const float4' (aka 'const HIP_vector_type<float, 4>'))
/public/home/tangwsh/PhysX/physx/source/compiler/cmakehip/../../../source/gpucommon/include/AlignedQuat.h:349:5: error: use of overloaded operator '-=' is ambiguous (with operand types 'float4' (aka 'HIP_vector_type<float, 4>') and 'const float4' (aka 'const HIP_vector_type<float, 4>'))
/public/home/tangwsh/PhysX/physx/source/compiler/cmakehip/../../../source/gpunarrowphase/include/cudaNpCommon.h:106:4: error: no matching function for call to 'PX_UNUSED'
/public/home/tangwsh/PhysX/physx/source/compiler/cmakehip/../../../source/gpunarrowphase/include/PxgGeometryManager.h:137:2: error: unknown type name 'CUarray'
/public/home/tangwsh/PhysX/physx/source/compiler/cmakehip/../../../source/gpunarrowphase/include/PxgGeometryManager.h:138:2: error: unknown type name 'CUtexObject'
/public/home/tangwsh/PhysX/physx/source/compiler/cmakehip/../../../source/gpunarrowphase/include/PxgGeometryManager.h:140:2: error: unknown type name 'CUarray'
/public/home/tangwsh/PhysX/physx/source/compiler/cmakehip/../../../source/gpunarrowphase/include/PxgGeometryManager.h:141:2: error: unknown type name 'CUtexObject'
/public/home/tangwsh/PhysX/physx/source/compiler/cmakehip/../../../include/PxParticleGpu.h:62:8: error: definition of type 'float4' conflicts with type alias of the same name
/public/home/tangwsh/PhysX/physx/source/compiler/cmakehip/../../../source/lowlevel/api/include/PxvGeometry.h:44:10: fatal error: 'GuGeometryChecks.h' file not found
/public/home/tangwsh/PhysX/physx/source/compiler/cmakehip/../../../source/gpucommon/include/PxgDevicePointer.h:41:3: error: unknown type name 'CUdeviceptr'
/public/home/tangwsh/PhysX/physx/source/compiler/cmakehip/../../../source/gpucommon/include/PxgDevicePointer.h:43:20: error: unknown type name 'CUdeviceptr'
/public/home/tangwsh/PhysX/physx/source/compiler/cmakehip/../../../source/gpucommon/include/PxgDevicePointer.h:45:12: error: unknown type name 'CUdeviceptr'
/public/home/tangwsh/PhysX/physx/source/compiler/cmakehip/../../../source/gpucommon/include/PxgDevicePointer.h:51:67: error: use of undeclared identifier 'CUdeviceptr'
/public/home/tangwsh/PhysX/physx/source/compiler/cmakehip/../../../source/gpucommon/include/PxgCudaBuffer.h:65:79: error: unknown type name 'CUstream'
/public/home/tangwsh/PhysX/physx/source/compiler/cmakehip/../../../source/gpucommon/include/PxgCudaBuffer.h:72:19: error: unknown type name 'CUdeviceptr'
/public/home/tangwsh/PhysX/physx/source/compiler/cmakehip/../../../source/gpucommon/include/PxgCudaBuffer.h:74:29: error: unknown type name 'CUdeviceptr'
/public/home/tangwsh/PhysX/physx/source/compiler/cmakehip/../../../source/gpucommon/include/PxgCudaBuffer.h:100:3: error: unknown type name 'CUdeviceptr'
/public/home/tangwsh/PhysX/physx/source/compiler/cmakehip/../../../source/gpucommon/include/PxgCudaBuffer.h:78:10: error: unknown type name 'CUdeviceptr'
/public/home/tangwsh/PhysX/physx/source/compiler/cmakehip/../../../source/gpucommon/include/cutil_math.h:68:41: error: __host__ __device__ function 'max' cannot overload __host__ function 'max'
/public/home/tangwsh/PhysX/physx/source/compiler/cmakehip/../../../source/gpucommon/include/cutil_math.h:70:41: error: __host__ __device__ function 'min' cannot overload __host__ function 'min'
/public/home/tangwsh/PhysX/physx/source/compiler/cmakehip/../../../source/gpusimulationcontroller/include/PxgFEMCore.h:390:18: error: cannot initialize object parameter of type 'physx::PxgNonRigidCore' with an expression of type 'PxgFEMCore'
/public/home/tangwsh/PhysX/physx/source/compiler/cmakehip/../../../source/gpusimulationcontroller/include/PxgFEMCore.h:391:22: error: cannot initialize object parameter of type 'physx::PxgNonRigidCore' with an expression of type 'PxgFEMCore'
/public/home/tangwsh/PhysX/physx/source/compiler/cmakehip/../../../source/gpusimulationcontroller/include/PxgFEMCore.h:392:29: error: cannot initialize object parameter of type 'physx::PxgNonRigidCore' with an expression of type 'PxgFEMCore'
/public/home/tangwsh/PhysX/physx/source/compiler/cmakehip/../../../source/gpusimulationcontroller/include/PxgFEMCore.h:403:43: error: cannot initialize object parameter of type 'physx::PxgNonRigidCore' with an expression of type 'PxgFEMCore'
/public/home/tangwsh/PhysX/physx/source/compiler/cmakehip/../../../source/gpusimulationcontroller/include/PxgFEMCore.h:404:22: error: cannot initialize object parameter of type 'physx::PxgNonRigidCore' with an expression of type 'PxgFEMCore'
/public/home/tangwsh/PhysX/physx/source/compiler/cmakehip/../../../source/gpusimulationcontroller/include/PxgFEMCore.h:405:29: error: cannot initialize object parameter of type 'physx::PxgNonRigidCore' with an expression of type 'PxgFEMCore'
/public/home/tangwsh/PhysX/physx/source/compiler/cmakehip/../../../source/gpusimulationcontroller/include/PxgFEMCore.h:406:49: error: cannot initialize object parameter of type 'physx::PxgNonRigidCore' with an expression of type 'PxgFEMCore'
/public/home/tangwsh/PhysX/physx/source/compiler/cmakehip/../../../source/gpucommon/include/AlignedQuat.h:343:5: error: use of overloaded operator '+=' is ambiguous (with operand types 'float4' (aka 'HIP_vector_type<float, 4>') and 'const float4' (aka 'const HIP_vector_type<float, 4>'))
fatal error: too many errors emitted, stopping now [-ferror-limit=]
/public/home/tangwsh/PhysX/physx/source/compiler/cmakehip/../../../source/gpucommon/include/PxgDevicePointer.h:41:3: error: unknown type name 'CUdeviceptr'
/public/home/tangwsh/PhysX/physx/source/compiler/cmakehip/../../../source/gpucommon/include/PxgDevicePointer.h:43:20: error: unknown type name 'CUdeviceptr'
/public/home/tangwsh/PhysX/physx/source/compiler/cmakehip/../../../source/gpucommon/include/PxgDevicePointer.h:45:12: error: unknown type name 'CUdeviceptr'
/public/home/tangwsh/PhysX/physx/source/compiler/cmakehip/../../../source/gpucommon/include/PxgDevicePointer.h:51:67: error: use of undeclared identifier 'CUdeviceptr'
/public/home/tangwsh/PhysX/physx/source/compiler/cmakehip/../../../source/gpucommon/include/PxgCudaBuffer.h:65:79: error: unknown type name 'CUstream'
/public/home/tangwsh/PhysX/physx/source/compiler/cmakehip/../../../source/gpucommon/include/PxgCudaBuffer.h:72:19: error: unknown type name 'CUdeviceptr'
/public/home/tangwsh/PhysX/physx/source/compiler/cmakehip/../../../source/gpucommon/include/PxgCudaBuffer.h:74:29: error: unknown type name 'CUdeviceptr'
/public/home/tangwsh/PhysX/physx/source/compiler/cmakehip/../../../source/gpucommon/include/PxgCudaBuffer.h:100:3: error: unknown type name 'CUdeviceptr'
/public/home/tangwsh/PhysX/physx/source/compiler/cmakehip/../../../source/gpucommon/include/PxgCudaBuffer.h:78:10: error: unknown type name 'CUdeviceptr'
/public/home/tangwsh/PhysX/physx/source/compiler/cmakehip/../../../source/gpucommon/include/cutil_math.h:68:41: error: __host__ __device__ function 'max' cannot overload __host__ function 'max'
/public/home/tangwsh/PhysX/physx/source/compiler/cmakehip/../../../source/gpucommon/include/cutil_math.h:70:41: error: __host__ __device__ function 'min' cannot overload __host__ function 'min'
/public/home/tangwsh/PhysX/physx/source/compiler/cmakehip/../../../source/gpucommon/src/CUDA/shuffle.cuh:47:9: error: no matching constructor for initialization of 'physx::PxVec3' (aka 'PxVec3T<float>')
/public/home/tangwsh/PhysX/physx/source/compiler/cmakehip/../../../source/gpucommon/src/CUDA/shuffle.cuh:47:9: error: no matching constructor for initialization of 'physx::PxVec3' (aka 'PxVec3T<float>')
/public/home/tangwsh/PhysX/physx/source/compiler/cmakehip/../../../source/gpucommon/src/CUDA/shuffle.cuh:66:9: error: no matching constructor for initialization of 'physx::PxVec3' (aka 'PxVec3T<float>')
/public/home/tangwsh/PhysX/physx/source/compiler/cmakehip/../../../source/gpucommon/src/CUDA/shuffle.cuh:79:9: error: no matching constructor for initialization of 'physx::PxVec3' (aka 'PxVec3T<float>')
/public/home/tangwsh/PhysX/physx/source/compiler/cmakehip/../../../source/gpucommon/include/AlignedQuat.h:343:5: error: use of overloaded operator '+=' is ambiguous (with operand types 'float4' (aka 'HIP_vector_type<float, 4>') and 'const float4' (aka 'const HIP_vector_type<float, 4>'))
/public/home/tangwsh/PhysX/physx/source/compiler/cmakehip/../../../source/gpucommon/include/AlignedQuat.h:349:5: error: use of overloaded operator '-=' is ambiguous (with operand types 'float4' (aka 'HIP_vector_type<float, 4>') and 'const float4' (aka 'const HIP_vector_type<float, 4>'))
/public/home/tangwsh/PhysX/physx/source/compiler/cmakehip/../../../source/gpucommon/include/AlignedMat33.h:240:11: error: use of overloaded operator '+=' is ambiguous (with operand types 'float4' (aka 'HIP_vector_type<float, 4>') and 'const float4' (aka 'const HIP_vector_type<float, 4>'))
/public/home/tangwsh/PhysX/physx/source/compiler/cmakehip/../../../source/gpucommon/include/AlignedMat33.h:241:11: error: use of overloaded operator '+=' is ambiguous (with operand types 'float4' (aka 'HIP_vector_type<float, 4>') and 'const float4' (aka 'const HIP_vector_type<float, 4>'))
fatal error: too many errors emitted, stopping now [-ferror-limit=]
/public/home/tangwsh/PhysX/physx/source/compiler/cmakehip/../../../source/gpucommon/include/PxgDevicePointer.h:41:3: error: unknown type name 'CUdeviceptr'
/public/home/tangwsh/PhysX/physx/source/compiler/cmakehip/../../../source/gpucommon/include/PxgDevicePointer.h:43:20: error: unknown type name 'CUdeviceptr'
/public/home/tangwsh/PhysX/physx/source/compiler/cmakehip/../../../source/gpucommon/include/PxgDevicePointer.h:45:12: error: unknown type name 'CUdeviceptr'
/public/home/tangwsh/PhysX/physx/source/compiler/cmakehip/../../../source/gpucommon/include/PxgDevicePointer.h:51:67: error: use of undeclared identifier 'CUdeviceptr'
/public/home/tangwsh/PhysX/physx/source/compiler/cmakehip/../../../source/gpucommon/include/PxgCudaBuffer.h:65:79: error: unknown type name 'CUstream'
/public/home/tangwsh/PhysX/physx/source/compiler/cmakehip/../../../source/gpucommon/include/PxgCudaBuffer.h:72:19: error: unknown type name 'CUdeviceptr'
/public/home/tangwsh/PhysX/physx/source/compiler/cmakehip/../../../source/gpucommon/include/PxgCudaBuffer.h:74:29: error: unknown type name 'CUdeviceptr'
/public/home/tangwsh/PhysX/physx/source/compiler/cmakehip/../../../source/gpucommon/include/PxgCudaBuffer.h:100:3: error: unknown type name 'CUdeviceptr'
/public/home/tangwsh/PhysX/physx/source/compiler/cmakehip/../../../source/gpucommon/include/PxgCudaBuffer.h:78:10: error: unknown type name 'CUdeviceptr'
/public/home/tangwsh/PhysX/physx/source/compiler/cmakehip/../../../source/gpucommon/include/cutil_math.h:68:41: error: __host__ __device__ function 'max' cannot overload __host__ function 'max'
/public/home/tangwsh/PhysX/physx/source/compiler/cmakehip/../../../source/gpucommon/include/cutil_math.h:70:41: error: __host__ __device__ function 'min' cannot overload __host__ function 'min'
/public/home/tangwsh/PhysX/physx/source/compiler/cmakehip/../../../source/gpusimulationcontroller/include/PxgFEMCore.h:390:18: error: cannot initialize object parameter of type 'physx::PxgNonRigidCore' with an expression of type 'PxgFEMCore'
/public/home/tangwsh/PhysX/physx/source/compiler/cmakehip/../../../source/gpusimulationcontroller/include/PxgFEMCore.h:391:22: error: cannot initialize object parameter of type 'physx::PxgNonRigidCore' with an expression of type 'PxgFEMCore'
/public/home/tangwsh/PhysX/physx/source/compiler/cmakehip/../../../source/gpusimulationcontroller/include/PxgFEMCore.h:392:29: error: cannot initialize object parameter of type 'physx::PxgNonRigidCore' with an expression of type 'PxgFEMCore'
/public/home/tangwsh/PhysX/physx/source/compiler/cmakehip/../../../source/gpusimulationcontroller/include/PxgFEMCore.h:403:43: error: cannot initialize object parameter of type 'physx::PxgNonRigidCore' with an expression of type 'PxgFEMCore'
/public/home/tangwsh/PhysX/physx/source/compiler/cmakehip/../../../source/gpusimulationcontroller/include/PxgFEMCore.h:404:22: error: cannot initialize object parameter of type 'physx::PxgNonRigidCore' with an expression of type 'PxgFEMCore'
/public/home/tangwsh/PhysX/physx/source/compiler/cmakehip/../../../source/gpusimulationcontroller/include/PxgFEMCore.h:405:29: error: cannot initialize object parameter of type 'physx::PxgNonRigidCore' with an expression of type 'PxgFEMCore'
/public/home/tangwsh/PhysX/physx/source/compiler/cmakehip/../../../source/gpusimulationcontroller/include/PxgFEMCore.h:406:49: error: cannot initialize object parameter of type 'physx::PxgNonRigidCore' with an expression of type 'PxgFEMCore'
/public/home/tangwsh/PhysX/physx/source/compiler/cmakehip/../../../source/gpucommon/include/AlignedQuat.h:343:5: error: use of overloaded operator '+=' is ambiguous (with operand types 'float4' (aka 'HIP_vector_type<float, 4>') and 'const float4' (aka 'const HIP_vector_type<float, 4>'))
fatal error: too many errors emitted, stopping now [-ferror-limit=]
/public/home/tangwsh/PhysX/physx/source/compiler/cmakehip/../../../source/gpucommon/include/cutil_math.h:68:41: error: __host__ __device__ function 'max' cannot overload __host__ function 'max'
/public/home/tangwsh/PhysX/physx/source/compiler/cmakehip/../../../source/gpucommon/include/cutil_math.h:70:41: error: __host__ __device__ function 'min' cannot overload __host__ function 'min'
/public/home/tangwsh/PhysX/physx/source/compiler/cmakehip/../../../source/gpucommon/include/AlignedQuat.h:343:5: error: use of overloaded operator '+=' is ambiguous (with operand types 'float4' (aka 'HIP_vector_type<float, 4>') and 'const float4' (aka 'const HIP_vector_type<float, 4>'))
/public/home/tangwsh/PhysX/physx/source/compiler/cmakehip/../../../source/gpucommon/include/AlignedQuat.h:349:5: error: use of overloaded operator '-=' is ambiguous (with operand types 'float4' (aka 'HIP_vector_type<float, 4>') and 'const float4' (aka 'const HIP_vector_type<float, 4>'))
/public/home/tangwsh/PhysX/physx/source/compiler/cmakehip/../../../source/gpucommon/include/AlignedMat33.h:240:11: error: use of overloaded operator '+=' is ambiguous (with operand types 'float4' (aka 'HIP_vector_type<float, 4>') and 'const float4' (aka 'const HIP_vector_type<float, 4>'))
/public/home/tangwsh/PhysX/physx/source/compiler/cmakehip/../../../source/gpucommon/include/AlignedMat33.h:241:11: error: use of overloaded operator '+=' is ambiguous (with operand types 'float4' (aka 'HIP_vector_type<float, 4>') and 'const float4' (aka 'const HIP_vector_type<float, 4>'))
/public/home/tangwsh/PhysX/physx/source/compiler/cmakehip/../../../source/gpucommon/include/AlignedMat33.h:242:11: error: use of overloaded operator '+=' is ambiguous (with operand types 'float4' (aka 'HIP_vector_type<float, 4>') and 'const float4' (aka 'const HIP_vector_type<float, 4>'))
/public/home/tangwsh/PhysX/physx/source/compiler/cmakehip/../../../source/gpucommon/include/AlignedMat33.h:249:11: error: use of overloaded operator '-=' is ambiguous (with operand types 'float4' (aka 'HIP_vector_type<float, 4>') and 'const float4' (aka 'const HIP_vector_type<float, 4>'))
/public/home/tangwsh/PhysX/physx/source/compiler/cmakehip/../../../source/gpucommon/include/AlignedMat33.h:250:11: error: use of overloaded operator '-=' is ambiguous (with operand types 'float4' (aka 'HIP_vector_type<float, 4>') and 'const float4' (aka 'const HIP_vector_type<float, 4>'))
/public/home/tangwsh/PhysX/physx/source/compiler/cmakehip/../../../source/gpucommon/include/AlignedMat33.h:251:11: error: use of overloaded operator '-=' is ambiguous (with operand types 'float4' (aka 'HIP_vector_type<float, 4>') and 'const float4' (aka 'const HIP_vector_type<float, 4>'))
/public/home/tangwsh/PhysX/physx/source/compiler/cmakehip/../../../source/gpucommon/include/PxgDevicePointer.h:41:3: error: unknown type name 'CUdeviceptr'
/public/home/tangwsh/PhysX/physx/source/compiler/cmakehip/../../../source/gpucommon/include/PxgDevicePointer.h:43:20: error: unknown type name 'CUdeviceptr'
/public/home/tangwsh/PhysX/physx/source/compiler/cmakehip/../../../source/gpucommon/include/PxgDevicePointer.h:45:12: error: unknown type name 'CUdeviceptr'
/public/home/tangwsh/PhysX/physx/source/compiler/cmakehip/../../../source/gpucommon/include/PxgDevicePointer.h:51:67: error: use of undeclared identifier 'CUdeviceptr'
/public/home/tangwsh/PhysX/physx/source/compiler/cmakehip/../../../source/gpucommon/include/PxgCudaBuffer.h:65:79: error: unknown type name 'CUstream'
/public/home/tangwsh/PhysX/physx/source/compiler/cmakehip/../../../source/gpucommon/include/PxgCudaBuffer.h:72:19: error: unknown type name 'CUdeviceptr'
/public/home/tangwsh/PhysX/physx/source/compiler/cmakehip/../../../source/gpucommon/include/PxgCudaBuffer.h:74:29: error: unknown type name 'CUdeviceptr'
/public/home/tangwsh/PhysX/physx/source/compiler/cmakehip/../../../source/gpucommon/include/PxgCudaBuffer.h:100:3: error: unknown type name 'CUdeviceptr'
/public/home/tangwsh/PhysX/physx/source/compiler/cmakehip/../../../source/gpucommon/include/PxgCudaBuffer.h:78:10: error: unknown type name 'CUdeviceptr'
fatal error: too many errors emitted, stopping now [-ferror-limit=]
/public/home/tangwsh/PhysX/physx/source/compiler/cmakehip/../../../source/gpucommon/include/cutil_math.h:68:41: error: __host__ __device__ function 'max' cannot overload __host__ function 'max'
/public/home/tangwsh/PhysX/physx/source/compiler/cmakehip/../../../source/gpucommon/include/cutil_math.h:70:41: error: __host__ __device__ function 'min' cannot overload __host__ function 'min'
/public/home/tangwsh/PhysX/physx/source/compiler/cmakehip/../../../source/gpucommon/include/AlignedQuat.h:343:5: error: use of overloaded operator '+=' is ambiguous (with operand types 'float4' (aka 'HIP_vector_type<float, 4>') and 'const float4' (aka 'const HIP_vector_type<float, 4>'))
/public/home/tangwsh/PhysX/physx/source/compiler/cmakehip/../../../source/gpucommon/include/AlignedQuat.h:349:5: error: use of overloaded operator '-=' is ambiguous (with operand types 'float4' (aka 'HIP_vector_type<float, 4>') and 'const float4' (aka 'const HIP_vector_type<float, 4>'))
/public/home/tangwsh/PhysX/physx/source/compiler/cmakehip/../../../source/gpunarrowphase/include/cudaNpCommon.h:106:4: error: no matching function for call to 'PX_UNUSED'
/public/home/tangwsh/PhysX/physx/source/compiler/cmakehip/../../../source/gpunarrowphase/include/PxgGeometryManager.h:137:2: error: unknown type name 'CUarray'
/public/home/tangwsh/PhysX/physx/source/compiler/cmakehip/../../../source/gpunarrowphase/include/PxgGeometryManager.h:138:2: error: unknown type name 'CUtexObject'
/public/home/tangwsh/PhysX/physx/source/compiler/cmakehip/../../../source/gpunarrowphase/include/PxgGeometryManager.h:140:2: error: unknown type name 'CUarray'
/public/home/tangwsh/PhysX/physx/source/compiler/cmakehip/../../../source/gpunarrowphase/include/PxgGeometryManager.h:141:2: error: unknown type name 'CUtexObject'
/public/home/tangwsh/PhysX/physx/source/compiler/cmakehip/../../../include/PxParticleGpu.h:62:8: error: definition of type 'float4' conflicts with type alias of the same name
/public/home/tangwsh/PhysX/physx/source/compiler/cmakehip/../../../source/lowlevel/api/include/PxvGeometry.h:44:10: fatal error: 'GuGeometryChecks.h' file not found
/public/home/tangwsh/PhysX/physx/source/compiler/cmakehip/../../../source/gpucommon/include/cutil_math.h:68:41: error: __host__ __device__ function 'max' cannot overload __host__ function 'max'
/public/home/tangwsh/PhysX/physx/source/compiler/cmakehip/../../../source/gpucommon/include/cutil_math.h:70:41: error: __host__ __device__ function 'min' cannot overload __host__ function 'min'
/public/home/tangwsh/PhysX/physx/source/compiler/cmakehip/../../../source/gpucommon/src/CUDA/utils.cuh:37:86: error: no matching constructor for initialization of 'PxVec3' (aka 'PxVec3T<float>')
/public/home/tangwsh/PhysX/physx/source/compiler/cmakehip/../../../source/gpucommon/src/CUDA/utils.cuh:37:86: error: no matching constructor for initialization of 'PxVec3' (aka 'PxVec3T<float>')
/public/home/tangwsh/PhysX/physx/source/compiler/cmakehip/../../../source/gpucommon/src/CUDA/utils.cuh:38:107: error: no matching constructor for initialization of 'PxVec3' (aka 'PxVec3T<float>')
/public/home/tangwsh/PhysX/physx/source/compiler/cmakehip/../../../source/gpucommon/src/CUDA/utils.cuh:38:107: error: no matching constructor for initialization of 'PxVec3' (aka 'PxVec3T<float>')
/public/home/tangwsh/PhysX/physx/source/compiler/cmakehip/../../../source/gpucommon/src/CUDA/utils.cuh:39:86: error: no matching constructor for initialization of 'PxVec4' (aka 'PxVec4T<float>')
/public/home/tangwsh/PhysX/physx/source/compiler/cmakehip/../../../source/gpucommon/src/CUDA/utils.cuh:39:86: error: no matching constructor for initialization of 'PxVec4' (aka 'PxVec4T<float>')
/public/home/tangwsh/PhysX/physx/source/compiler/cmakehip/../../../source/gpucommon/src/CUDA/reduction.cuh:533:11: error: no matching function for call to 'PxMax'
/public/home/tangwsh/PhysX/physx/source/compiler/cmakehip/../../../source/gpucommon/src/CUDA/shuffle.cuh:47:9: error: no matching constructor for initialization of 'physx::PxVec3' (aka 'PxVec3T<float>')
/public/home/tangwsh/PhysX/physx/source/compiler/cmakehip/../../../source/gpucommon/src/CUDA/shuffle.cuh:47:9: error: no matching constructor for initialization of 'physx::PxVec3' (aka 'PxVec3T<float>')
/public/home/tangwsh/PhysX/physx/source/compiler/cmakehip/../../../source/gpucommon/src/CUDA/shuffle.cuh:66:9: error: no matching constructor for initialization of 'physx::PxVec3' (aka 'PxVec3T<float>')
/public/home/tangwsh/PhysX/physx/source/compiler/cmakehip/../../../source/gpucommon/src/CUDA/shuffle.cuh:79:9: error: no matching constructor for initialization of 'physx::PxVec3' (aka 'PxVec3T<float>')
/public/home/tangwsh/PhysX/physx/source/compiler/cmakehip/../../../source/gpucommon/include/AlignedQuat.h:343:5: error: use of overloaded operator '+=' is ambiguous (with operand types 'float4' (aka 'HIP_vector_type<float, 4>') and 'const float4' (aka 'const HIP_vector_type<float, 4>'))
/public/home/tangwsh/PhysX/physx/source/compiler/cmakehip/../../../source/gpucommon/include/AlignedQuat.h:349:5: error: use of overloaded operator '-=' is ambiguous (with operand types 'float4' (aka 'HIP_vector_type<float, 4>') and 'const float4' (aka 'const HIP_vector_type<float, 4>'))
/public/home/tangwsh/PhysX/physx/source/compiler/cmakehip/../../../source/gpucommon/include/PxgDevicePointer.h:41:3: error: unknown type name 'CUdeviceptr'
/public/home/tangwsh/PhysX/physx/source/compiler/cmakehip/../../../source/gpucommon/include/PxgDevicePointer.h:43:20: error: unknown type name 'CUdeviceptr'
/public/home/tangwsh/PhysX/physx/source/compiler/cmakehip/../../../source/gpucommon/include/PxgDevicePointer.h:45:12: error: unknown type name 'CUdeviceptr'
/public/home/tangwsh/PhysX/physx/source/compiler/cmakehip/../../../source/gpucommon/include/PxgDevicePointer.h:51:67: error: use of undeclared identifier 'CUdeviceptr'
fatal error: too many errors emitted, stopping now [-ferror-limit=]
/public/home/tangwsh/PhysX/physx/source/compiler/cmakehip/../../../source/gpucommon/include/cutil_math.h:68:41: error: __host__ __device__ function 'max' cannot overload __host__ function 'max'
/public/home/tangwsh/PhysX/physx/source/compiler/cmakehip/../../../source/gpucommon/include/cutil_math.h:70:41: error: __host__ __device__ function 'min' cannot overload __host__ function 'min'
/public/home/tangwsh/PhysX/physx/source/compiler/cmakehip/../../../source/gpucommon/include/AlignedQuat.h:343:5: error: use of overloaded operator '+=' is ambiguous (with operand types 'float4' (aka 'HIP_vector_type<float, 4>') and 'const float4' (aka 'const HIP_vector_type<float, 4>'))
/public/home/tangwsh/PhysX/physx/source/compiler/cmakehip/../../../source/gpucommon/include/AlignedQuat.h:349:5: error: use of overloaded operator '-=' is ambiguous (with operand types 'float4' (aka 'HIP_vector_type<float, 4>') and 'const float4' (aka 'const HIP_vector_type<float, 4>'))
/public/home/tangwsh/PhysX/physx/source/compiler/cmakehip/../../../source/gpucommon/include/AlignedMat33.h:240:11: error: use of overloaded operator '+=' is ambiguous (with operand types 'float4' (aka 'HIP_vector_type<float, 4>') and 'const float4' (aka 'const HIP_vector_type<float, 4>'))
/public/home/tangwsh/PhysX/physx/source/compiler/cmakehip/../../../source/gpucommon/include/AlignedMat33.h:241:11: error: use of overloaded operator '+=' is ambiguous (with operand types 'float4' (aka 'HIP_vector_type<float, 4>') and 'const float4' (aka 'const HIP_vector_type<float, 4>'))
/public/home/tangwsh/PhysX/physx/source/compiler/cmakehip/../../../source/gpucommon/include/AlignedMat33.h:242:11: error: use of overloaded operator '+=' is ambiguous (with operand types 'float4' (aka 'HIP_vector_type<float, 4>') and 'const float4' (aka 'const HIP_vector_type<float, 4>'))
/public/home/tangwsh/PhysX/physx/source/compiler/cmakehip/../../../source/gpucommon/include/AlignedMat33.h:249:11: error: use of overloaded operator '-=' is ambiguous (with operand types 'float4' (aka 'HIP_vector_type<float, 4>') and 'const float4' (aka 'const HIP_vector_type<float, 4>'))
/public/home/tangwsh/PhysX/physx/source/compiler/cmakehip/../../../source/gpucommon/include/AlignedMat33.h:250:11: error: use of overloaded operator '-=' is ambiguous (with operand types 'float4' (aka 'HIP_vector_type<float, 4>') and 'const float4' (aka 'const HIP_vector_type<float, 4>'))
/public/home/tangwsh/PhysX/physx/source/compiler/cmakehip/../../../source/gpucommon/include/AlignedMat33.h:251:11: error: use of overloaded operator '-=' is ambiguous (with operand types 'float4' (aka 'HIP_vector_type<float, 4>') and 'const float4' (aka 'const HIP_vector_type<float, 4>'))
/public/home/tangwsh/PhysX/physx/source/compiler/cmakehip/../../../source/gpucommon/include/PxgDevicePointer.h:41:3: error: unknown type name 'CUdeviceptr'
/public/home/tangwsh/PhysX/physx/source/compiler/cmakehip/../../../source/gpucommon/include/PxgDevicePointer.h:43:20: error: unknown type name 'CUdeviceptr'
/public/home/tangwsh/PhysX/physx/source/compiler/cmakehip/../../../source/gpucommon/include/PxgDevicePointer.h:45:12: error: unknown type name 'CUdeviceptr'
/public/home/tangwsh/PhysX/physx/source/compiler/cmakehip/../../../source/gpucommon/include/PxgDevicePointer.h:51:67: error: use of undeclared identifier 'CUdeviceptr'
/public/home/tangwsh/PhysX/physx/source/compiler/cmakehip/../../../source/gpucommon/include/PxgCudaBuffer.h:65:79: error: unknown type name 'CUstream'
/public/home/tangwsh/PhysX/physx/source/compiler/cmakehip/../../../source/gpucommon/include/PxgCudaBuffer.h:72:19: error: unknown type name 'CUdeviceptr'
/public/home/tangwsh/PhysX/physx/source/compiler/cmakehip/../../../source/gpucommon/include/PxgCudaBuffer.h:74:29: error: unknown type name 'CUdeviceptr'
/public/home/tangwsh/PhysX/physx/source/compiler/cmakehip/../../../source/gpucommon/include/PxgCudaBuffer.h:100:3: error: unknown type name 'CUdeviceptr'
/public/home/tangwsh/PhysX/physx/source/compiler/cmakehip/../../../source/gpucommon/include/PxgCudaBuffer.h:78:10: error: unknown type name 'CUdeviceptr'
fatal error: too many errors emitted, stopping now [-ferror-limit=]
/public/home/tangwsh/PhysX/physx/source/compiler/cmakehip/../../../source/gpucommon/include/PxgDevicePointer.h:41:3: error: unknown type name 'CUdeviceptr'
/public/home/tangwsh/PhysX/physx/source/compiler/cmakehip/../../../source/gpucommon/include/PxgDevicePointer.h:43:20: error: unknown type name 'CUdeviceptr'
/public/home/tangwsh/PhysX/physx/source/compiler/cmakehip/../../../source/gpucommon/include/PxgDevicePointer.h:45:12: error: unknown type name 'CUdeviceptr'
/public/home/tangwsh/PhysX/physx/source/compiler/cmakehip/../../../source/gpucommon/include/PxgDevicePointer.h:51:67: error: use of undeclared identifier 'CUdeviceptr'
/public/home/tangwsh/PhysX/physx/source/compiler/cmakehip/../../../source/gpucommon/include/PxgCudaBuffer.h:65:79: error: unknown type name 'CUstream'
/public/home/tangwsh/PhysX/physx/source/compiler/cmakehip/../../../source/gpucommon/include/PxgCudaBuffer.h:72:19: error: unknown type name 'CUdeviceptr'
/public/home/tangwsh/PhysX/physx/source/compiler/cmakehip/../../../source/gpucommon/include/PxgCudaBuffer.h:74:29: error: unknown type name 'CUdeviceptr'
/public/home/tangwsh/PhysX/physx/source/compiler/cmakehip/../../../source/gpucommon/include/PxgCudaBuffer.h:100:3: error: unknown type name 'CUdeviceptr'
/public/home/tangwsh/PhysX/physx/source/compiler/cmakehip/../../../source/gpucommon/include/PxgCudaBuffer.h:78:10: error: unknown type name 'CUdeviceptr'
/public/home/tangwsh/PhysX/physx/source/compiler/cmakehip/../../../source/gpusimulationcontroller/include/PxgFEMCore.h:390:18: error: cannot initialize object parameter of type 'physx::PxgNonRigidCore' with an expression of type 'PxgFEMCore'
/public/home/tangwsh/PhysX/physx/source/compiler/cmakehip/../../../source/gpusimulationcontroller/include/PxgFEMCore.h:391:22: error: cannot initialize object parameter of type 'physx::PxgNonRigidCore' with an expression of type 'PxgFEMCore'
/public/home/tangwsh/PhysX/physx/source/compiler/cmakehip/../../../source/gpusimulationcontroller/include/PxgFEMCore.h:392:29: error: cannot initialize object parameter of type 'physx::PxgNonRigidCore' with an expression of type 'PxgFEMCore'
/public/home/tangwsh/PhysX/physx/source/compiler/cmakehip/../../../source/gpusimulationcontroller/include/PxgFEMCore.h:403:43: error: cannot initialize object parameter of type 'physx::PxgNonRigidCore' with an expression of type 'PxgFEMCore'
/public/home/tangwsh/PhysX/physx/source/compiler/cmakehip/../../../source/gpusimulationcontroller/include/PxgFEMCore.h:404:22: error: cannot initialize object parameter of type 'physx::PxgNonRigidCore' with an expression of type 'PxgFEMCore'
/public/home/tangwsh/PhysX/physx/source/compiler/cmakehip/../../../source/gpusimulationcontroller/include/PxgFEMCore.h:405:29: error: cannot initialize object parameter of type 'physx::PxgNonRigidCore' with an expression of type 'PxgFEMCore'
/public/home/tangwsh/PhysX/physx/source/compiler/cmakehip/../../../source/gpusimulationcontroller/include/PxgFEMCore.h:406:49: error: cannot initialize object parameter of type 'physx::PxgNonRigidCore' with an expression of type 'PxgFEMCore'
/public/home/tangwsh/PhysX/physx/source/compiler/cmakehip/../../../source/gpusimulationcontroller/include/PxgSoftBodyCore.h:266:25: error: cannot initialize object parameter of type 'physx::PxgFEMCore' with an expression of type 'PxgSoftBodyCore'
/public/home/tangwsh/PhysX/physx/source/compiler/cmakehip/../../../source/gpusimulationcontroller/include/PxgSoftBodyCore.h:267:16: error: cannot initialize object parameter of type 'physx::PxgFEMCore' with an expression of type 'PxgSoftBodyCore'
/public/home/tangwsh/PhysX/physx/source/compiler/cmakehip/../../../source/gpusimulationcontroller/include/PxgSoftBodyCore.h:268:20: error: cannot initialize object parameter of type 'physx::PxgFEMCore' with an expression of type 'PxgSoftBodyCore'
fatal error: too many errors emitted, stopping now [-ferror-limit=]
/public/home/tangwsh/PhysX/physx/source/compiler/cmakehip/../../../source/gpucommon/include/PxgDevicePointer.h:41:3: error: unknown type name 'CUdeviceptr'
/public/home/tangwsh/PhysX/physx/source/compiler/cmakehip/../../../source/gpucommon/include/PxgDevicePointer.h:43:20: error: unknown type name 'CUdeviceptr'
/public/home/tangwsh/PhysX/physx/source/compiler/cmakehip/../../../source/gpucommon/include/PxgDevicePointer.h:45:12: error: unknown type name 'CUdeviceptr'
/public/home/tangwsh/PhysX/physx/source/compiler/cmakehip/../../../source/gpucommon/include/PxgDevicePointer.h:51:67: error: use of undeclared identifier 'CUdeviceptr'
/public/home/tangwsh/PhysX/physx/source/compiler/cmakehip/../../../source/gpucommon/include/PxgCudaBuffer.h:65:79: error: unknown type name 'CUstream'
/public/home/tangwsh/PhysX/physx/source/compiler/cmakehip/../../../source/gpucommon/include/PxgCudaBuffer.h:72:19: error: unknown type name 'CUdeviceptr'
/public/home/tangwsh/PhysX/physx/source/compiler/cmakehip/../../../source/gpucommon/include/PxgCudaBuffer.h:74:29: error: unknown type name 'CUdeviceptr'
/public/home/tangwsh/PhysX/physx/source/compiler/cmakehip/../../../source/gpucommon/include/PxgCudaBuffer.h:100:3: error: unknown type name 'CUdeviceptr'
/public/home/tangwsh/PhysX/physx/source/compiler/cmakehip/../../../source/gpucommon/include/PxgCudaBuffer.h:78:10: error: unknown type name 'CUdeviceptr'
/public/home/tangwsh/PhysX/physx/source/compiler/cmakehip/../../../source/gpusimulationcontroller/include/PxgFEMCore.h:390:18: error: cannot initialize object parameter of type 'physx::PxgNonRigidCore' with an expression of type 'PxgFEMCore'
/public/home/tangwsh/PhysX/physx/source/compiler/cmakehip/../../../source/gpusimulationcontroller/include/PxgFEMCore.h:391:22: error: cannot initialize object parameter of type 'physx::PxgNonRigidCore' with an expression of type 'PxgFEMCore'
/public/home/tangwsh/PhysX/physx/source/compiler/cmakehip/../../../source/gpusimulationcontroller/include/PxgFEMCore.h:392:29: error: cannot initialize object parameter of type 'physx::PxgNonRigidCore' with an expression of type 'PxgFEMCore'
/public/home/tangwsh/PhysX/physx/source/compiler/cmakehip/../../../source/gpusimulationcontroller/include/PxgFEMCore.h:403:43: error: cannot initialize object parameter of type 'physx::PxgNonRigidCore' with an expression of type 'PxgFEMCore'
/public/home/tangwsh/PhysX/physx/source/compiler/cmakehip/../../../source/gpusimulationcontroller/include/PxgFEMCore.h:404:22: error: cannot initialize object parameter of type 'physx::PxgNonRigidCore' with an expression of type 'PxgFEMCore'
/public/home/tangwsh/PhysX/physx/source/compiler/cmakehip/../../../source/gpusimulationcontroller/include/PxgFEMCore.h:405:29: error: cannot initialize object parameter of type 'physx::PxgNonRigidCore' with an expression of type 'PxgFEMCore'
/public/home/tangwsh/PhysX/physx/source/compiler/cmakehip/../../../source/gpusimulationcontroller/include/PxgFEMCore.h:406:49: error: cannot initialize object parameter of type 'physx::PxgNonRigidCore' with an expression of type 'PxgFEMCore'
/public/home/tangwsh/PhysX/physx/source/compiler/cmakehip/../../../source/gpusimulationcontroller/include/PxgSoftBodyCore.h:266:25: error: cannot initialize object parameter of type 'physx::PxgFEMCore' with an expression of type 'PxgSoftBodyCore'
/public/home/tangwsh/PhysX/physx/source/compiler/cmakehip/../../../source/gpusimulationcontroller/include/PxgSoftBodyCore.h:267:16: error: cannot initialize object parameter of type 'physx::PxgFEMCore' with an expression of type 'PxgSoftBodyCore'
/public/home/tangwsh/PhysX/physx/source/compiler/cmakehip/../../../source/gpusimulationcontroller/include/PxgSoftBodyCore.h:268:20: error: cannot initialize object parameter of type 'physx::PxgFEMCore' with an expression of type 'PxgSoftBodyCore'
fatal error: too many errors emitted, stopping now [-ferror-limit=]
/public/home/tangwsh/PhysX/physx/source/compiler/cmakehip/../../../source/gpusimulationcontroller/src/CUDA/sparseGridStandalone.cuh:58:9: error: no matching constructor for initialization of 'PxVec3' (aka 'PxVec3T<float>')
/public/home/tangwsh/PhysX/physx/source/compiler/cmakehip/../../../source/gpusimulationcontroller/src/CUDA/sparseGridStandalone.cuh:58:9: error: no matching constructor for initialization of 'PxVec3' (aka 'PxVec3T<float>')
/public/home/tangwsh/PhysX/physx/source/compiler/cmakehip/../../../source/gpusimulationcontroller/src/CUDA/sparseGridStandalone.cuh:178:15: error: no matching constructor for initialization of 'const PxVec3' (aka 'const PxVec3T<float>')
/public/home/tangwsh/PhysX/physx/source/compiler/cmakehip/../../../source/gpusimulationcontroller/src/CUDA/sparseGridStandalone.cuh:179:33: error: no matching constructor for initialization of 'PxVec3' (aka 'PxVec3T<float>')
/public/home/tangwsh/PhysX/physx/source/compiler/cmakehip/../../../source/gpusimulationcontroller/src/CUDA/sparseGridStandalone.cuh:193:31: error: no matching constructor for initialization of 'PxVec3' (aka 'PxVec3T<float>')
/public/home/tangwsh/PhysX/physx/source/compiler/cmakehip/../../../source/gpusimulationcontroller/src/CUDA/sparseGridStandalone.cuh:193:15: error: no matching constructor for initialization of 'const PxVec3' (aka 'const PxVec3T<float>')
/public/home/tangwsh/PhysX/physx/source/compiler/cmakehip/../../../source/gpusimulationcontroller/src/CUDA/sparseGridStandalone.cuh:197:8: error: invalid operands to binary expression ('PxVec3' (aka 'PxVec3T<float>') and 'const PxVec3' (aka 'const PxVec3T<float>'))
/public/home/tangwsh/PhysX/physx/source/compiler/cmakehip/../../../source/gpusimulationcontroller/src/CUDA/sparseGridStandalone.cuh:199:32: error: no matching function for call to 'PxFloor'
/public/home/tangwsh/PhysX/physx/source/compiler/cmakehip/../../../source/gpusimulationcontroller/src/CUDA/sparseGridStandalone.cuh:199:61: error: no matching function for call to 'PxFloor'
/public/home/tangwsh/PhysX/physx/source/compiler/cmakehip/../../../source/gpusimulationcontroller/src/CUDA/sparseGridStandalone.cuh:199:90: error: no matching function for call to 'PxFloor'
/public/home/tangwsh/PhysX/physx/source/compiler/cmakehip/../../../source/gpusimulationcontroller/src/CUDA/sparseGridStandalone.cuh:200:13: error: no matching function for call to 'PxClamp'
/public/home/tangwsh/PhysX/physx/source/compiler/cmakehip/../../../source/gpusimulationcontroller/src/CUDA/sparseGridStandalone.cuh:201:13: error: no matching function for call to 'PxClamp'
/public/home/tangwsh/PhysX/physx/source/compiler/cmakehip/../../../source/gpusimulationcontroller/src/CUDA/sparseGridStandalone.cuh:202:13: error: no matching function for call to 'PxClamp'
/public/home/tangwsh/PhysX/physx/source/compiler/cmakehip/../../../source/gpusimulationcontroller/src/CUDA/sparseGridStandalone.cuh:210:31: error: no matching constructor for initialization of 'PxVec3' (aka 'PxVec3T<float>')
/public/home/tangwsh/PhysX/physx/source/compiler/cmakehip/../../../source/gpusimulationcontroller/src/CUDA/sparseGridStandalone.cuh:210:15: error: no matching constructor for initialization of 'const PxVec3' (aka 'const PxVec3T<float>')
/public/home/tangwsh/PhysX/physx/source/compiler/cmakehip/../../../source/gpusimulationcontroller/src/CUDA/sparseGridStandalone.cuh:214:25: error: no matching constructor for initialization of 'PxVec3' (aka 'PxVec3T<float>')
/public/home/tangwsh/PhysX/physx/source/compiler/cmakehip/../../../source/gpusimulationcontroller/src/CUDA/sparseGridStandalone.cuh:214:59: error: invalid operands to binary expression ('PxVec3' (aka 'PxVec3T<float>') and 'const PxReal' (aka 'const float'))
/public/home/tangwsh/PhysX/physx/source/compiler/cmakehip/../../../source/gpusimulationcontroller/src/CUDA/sparseGridStandalone.cuh:314:9: error: no matching constructor for initialization of 'PxVec3' (aka 'PxVec3T<float>')
/public/home/tangwsh/PhysX/physx/source/compiler/cmakehip/../../gpusimulationcontroller/src/CUDA/sparseGridStandalone.cu:70:15: error: no matching constructor for initialization of 'const PxVec3' (aka 'const PxVec3T<float>')
fatal error: too many errors emitted, stopping now [-ferror-limit=]
/public/home/tangwsh/PhysX/physx/source/compiler/cmakehip/../../../source/gpucommon/include/cutil_math.h:68:41: error: __host__ __device__ function 'max' cannot overload __host__ function 'max'
/public/home/tangwsh/PhysX/physx/source/compiler/cmakehip/../../../source/gpucommon/include/cutil_math.h:70:41: error: __host__ __device__ function 'min' cannot overload __host__ function 'min'
/public/home/tangwsh/PhysX/physx/source/compiler/cmakehip/../../../source/gpucommon/include/AlignedQuat.h:343:5: error: use of overloaded operator '+=' is ambiguous (with operand types 'float4' (aka 'HIP_vector_type<float, 4>') and 'const float4' (aka 'const HIP_vector_type<float, 4>'))
/public/home/tangwsh/PhysX/physx/source/compiler/cmakehip/../../../source/gpucommon/include/AlignedQuat.h:349:5: error: use of overloaded operator '-=' is ambiguous (with operand types 'float4' (aka 'HIP_vector_type<float, 4>') and 'const float4' (aka 'const HIP_vector_type<float, 4>'))
/public/home/tangwsh/PhysX/physx/source/compiler/cmakehip/../../../source/gpusolver/include/PxgConstraintPrep.h:37:10: fatal error: 'PxcNpWorkUnit.h' file not found
/public/home/tangwsh/PhysX/physx/source/compiler/cmakehip/../../../source/gpucommon/include/cutil_math.h:68:41: error: __host__ __device__ function 'max' cannot overload __host__ function 'max'
/public/home/tangwsh/PhysX/physx/source/compiler/cmakehip/../../../source/gpucommon/include/cutil_math.h:70:41: error: __host__ __device__ function 'min' cannot overload __host__ function 'min'
/public/home/tangwsh/PhysX/physx/source/compiler/cmakehip/../../../source/gpucommon/include/AlignedQuat.h:343:5: error: use of overloaded operator '+=' is ambiguous (with operand types 'float4' (aka 'HIP_vector_type<float, 4>') and 'const float4' (aka 'const HIP_vector_type<float, 4>'))
/public/home/tangwsh/PhysX/physx/source/compiler/cmakehip/../../../source/gpucommon/include/AlignedQuat.h:349:5: error: use of overloaded operator '-=' is ambiguous (with operand types 'float4' (aka 'HIP_vector_type<float, 4>') and 'const float4' (aka 'const HIP_vector_type<float, 4>'))
/public/home/tangwsh/PhysX/physx/source/compiler/cmakehip/../../../source/gpucommon/include/AlignedMat33.h:240:11: error: use of overloaded operator '+=' is ambiguous (with operand types 'float4' (aka 'HIP_vector_type<float, 4>') and 'const float4' (aka 'const HIP_vector_type<float, 4>'))
/public/home/tangwsh/PhysX/physx/source/compiler/cmakehip/../../../source/gpucommon/include/AlignedMat33.h:241:11: error: use of overloaded operator '+=' is ambiguous (with operand types 'float4' (aka 'HIP_vector_type<float, 4>') and 'const float4' (aka 'const HIP_vector_type<float, 4>'))
/public/home/tangwsh/PhysX/physx/source/compiler/cmakehip/../../../source/gpucommon/include/AlignedMat33.h:242:11: error: use of overloaded operator '+=' is ambiguous (with operand types 'float4' (aka 'HIP_vector_type<float, 4>') and 'const float4' (aka 'const HIP_vector_type<float, 4>'))
/public/home/tangwsh/PhysX/physx/source/compiler/cmakehip/../../../source/gpucommon/include/AlignedMat33.h:249:11: error: use of overloaded operator '-=' is ambiguous (with operand types 'float4' (aka 'HIP_vector_type<float, 4>') and 'const float4' (aka 'const HIP_vector_type<float, 4>'))
/public/home/tangwsh/PhysX/physx/source/compiler/cmakehip/../../../source/gpucommon/include/AlignedMat33.h:250:11: error: use of overloaded operator '-=' is ambiguous (with operand types 'float4' (aka 'HIP_vector_type<float, 4>') and 'const float4' (aka 'const HIP_vector_type<float, 4>'))
/public/home/tangwsh/PhysX/physx/source/compiler/cmakehip/../../../source/gpucommon/include/AlignedMat33.h:251:11: error: use of overloaded operator '-=' is ambiguous (with operand types 'float4' (aka 'HIP_vector_type<float, 4>') and 'const float4' (aka 'const HIP_vector_type<float, 4>'))
/public/home/tangwsh/PhysX/physx/source/compiler/cmakehip/../../../source/gpucommon/src/CUDA/utils.cuh:37:86: error: no matching constructor for initialization of 'PxVec3' (aka 'PxVec3T<float>')
/public/home/tangwsh/PhysX/physx/source/compiler/cmakehip/../../../source/gpucommon/src/CUDA/utils.cuh:37:86: error: no matching constructor for initialization of 'PxVec3' (aka 'PxVec3T<float>')
/public/home/tangwsh/PhysX/physx/source/compiler/cmakehip/../../../source/gpucommon/src/CUDA/utils.cuh:38:107: error: no matching constructor for initialization of 'PxVec3' (aka 'PxVec3T<float>')
/public/home/tangwsh/PhysX/physx/source/compiler/cmakehip/../../../source/gpucommon/src/CUDA/utils.cuh:38:107: error: no matching constructor for initialization of 'PxVec3' (aka 'PxVec3T<float>')
/public/home/tangwsh/PhysX/physx/source/compiler/cmakehip/../../../source/gpucommon/src/CUDA/utils.cuh:39:86: error: no matching constructor for initialization of 'PxVec4' (aka 'PxVec4T<float>')
/public/home/tangwsh/PhysX/physx/source/compiler/cmakehip/../../../source/gpucommon/src/CUDA/utils.cuh:39:86: error: no matching constructor for initialization of 'PxVec4' (aka 'PxVec4T<float>')
/public/home/tangwsh/PhysX/physx/source/compiler/cmakehip/../../../source/gpucommon/src/CUDA/reduction.cuh:533:11: error: no matching function for call to 'PxMax'
/public/home/tangwsh/PhysX/physx/source/compiler/cmakehip/../../../source/gpucommon/src/CUDA/updateCacheAndBound.cuh:42:30: error: no matching member function for call to 'transformInv'
/public/home/tangwsh/PhysX/physx/source/compiler/cmakehip/../../../source/gpucommon/src/CUDA/updateCacheAndBound.cuh:43:20: error: no matching member function for call to 'transform'
fatal error: too many errors emitted, stopping now [-ferror-limit=]
/public/home/tangwsh/PhysX/physx/source/compiler/cmakehip/../../../source/gpucommon/src/CUDA/utils.cuh:37:86: error: no matching constructor for initialization of 'PxVec3' (aka 'PxVec3T<float>')
/public/home/tangwsh/PhysX/physx/source/compiler/cmakehip/../../../source/gpucommon/src/CUDA/utils.cuh:37:86: error: no matching constructor for initialization of 'PxVec3' (aka 'PxVec3T<float>')
/public/home/tangwsh/PhysX/physx/source/compiler/cmakehip/../../../source/gpucommon/src/CUDA/utils.cuh:38:107: error: no matching constructor for initialization of 'PxVec3' (aka 'PxVec3T<float>')
/public/home/tangwsh/PhysX/physx/source/compiler/cmakehip/../../../source/gpucommon/src/CUDA/utils.cuh:38:107: error: no matching constructor for initialization of 'PxVec3' (aka 'PxVec3T<float>')
/public/home/tangwsh/PhysX/physx/source/compiler/cmakehip/../../../source/gpucommon/src/CUDA/utils.cuh:39:86: error: no matching constructor for initialization of 'PxVec4' (aka 'PxVec4T<float>')
/public/home/tangwsh/PhysX/physx/source/compiler/cmakehip/../../../source/gpucommon/src/CUDA/utils.cuh:39:86: error: no matching constructor for initialization of 'PxVec4' (aka 'PxVec4T<float>')
/public/home/tangwsh/PhysX/physx/source/compiler/cmakehip/../../../source/gpucommon/src/CUDA/reduction.cuh:533:11: error: no matching function for call to 'PxMax'
/public/home/tangwsh/PhysX/physx/source/compiler/cmakehip/../../../source/gpucommon/src/CUDA/reduction.cuh:196:15: error: reference to __host__ function 'op' in __device__ function
/public/home/tangwsh/PhysX/physx/source/compiler/cmakehip/../../../source/gpucommon/src/CUDA/reduction.cuh:273:16: error: reference to __host__ function 'op' in __device__ function
/public/home/tangwsh/PhysX/physx/source/compiler/cmakehip/../../../source/gpucommon/include/cutil_math.h:68:41: error: __host__ __device__ function 'max' cannot overload __host__ function 'max'
/public/home/tangwsh/PhysX/physx/source/compiler/cmakehip/../../../source/gpucommon/include/cutil_math.h:70:41: error: __host__ __device__ function 'min' cannot overload __host__ function 'min'
/public/home/tangwsh/PhysX/physx/source/compiler/cmakehip/../../../source/gpucommon/include/AlignedQuat.h:343:5: error: use of overloaded operator '+=' is ambiguous (with operand types 'float4' (aka 'HIP_vector_type<float, 4>') and 'const float4' (aka 'const HIP_vector_type<float, 4>'))
/public/home/tangwsh/PhysX/physx/source/compiler/cmakehip/../../../source/gpucommon/include/AlignedQuat.h:349:5: error: use of overloaded operator '-=' is ambiguous (with operand types 'float4' (aka 'HIP_vector_type<float, 4>') and 'const float4' (aka 'const HIP_vector_type<float, 4>'))
/public/home/tangwsh/PhysX/physx/source/compiler/cmakehip/../../../source/gpunarrowphase/include/cudaNpCommon.h:106:4: error: no matching function for call to 'PX_UNUSED'
/public/home/tangwsh/PhysX/physx/source/compiler/cmakehip/../../../source/gpucommon/include/PxgDevicePointer.h:41:3: error: unknown type name 'CUdeviceptr'
/public/home/tangwsh/PhysX/physx/source/compiler/cmakehip/../../../source/gpucommon/include/PxgDevicePointer.h:43:20: error: unknown type name 'CUdeviceptr'
/public/home/tangwsh/PhysX/physx/source/compiler/cmakehip/../../../source/gpucommon/include/PxgDevicePointer.h:45:12: error: unknown type name 'CUdeviceptr'
/public/home/tangwsh/PhysX/physx/source/compiler/cmakehip/../../../source/gpucommon/include/PxgDevicePointer.h:51:67: error: use of undeclared identifier 'CUdeviceptr'
/public/home/tangwsh/PhysX/physx/source/compiler/cmakehip/../../../source/gpucommon/include/PxgCudaBuffer.h:65:79: error: unknown type name 'CUstream'
/public/home/tangwsh/PhysX/physx/source/compiler/cmakehip/../../../source/gpucommon/include/PxgCudaBuffer.h:72:19: error: unknown type name 'CUdeviceptr'
/public/home/tangwsh/PhysX/physx/source/compiler/cmakehip/../../../source/gpucommon/include/PxgCudaBuffer.h:74:29: error: unknown type name 'CUdeviceptr'
/public/home/tangwsh/PhysX/physx/source/compiler/cmakehip/../../../source/gpucommon/include/PxgCudaBuffer.h:100:3: error: unknown type name 'CUdeviceptr'
/public/home/tangwsh/PhysX/physx/source/compiler/cmakehip/../../../source/gpucommon/include/PxgCudaBuffer.h:78:10: error: unknown type name 'CUdeviceptr'
/public/home/tangwsh/PhysX/physx/source/compiler/cmakehip/../../../source/gpusimulationcontroller/include/PxgFEMCore.h:390:18: error: cannot initialize object parameter of type 'physx::PxgNonRigidCore' with an expression of type 'PxgFEMCore'
/public/home/tangwsh/PhysX/physx/source/compiler/cmakehip/../../../source/gpusimulationcontroller/include/PxgFEMCore.h:391:22: error: cannot initialize object parameter of type 'physx::PxgNonRigidCore' with an expression of type 'PxgFEMCore'
/public/home/tangwsh/PhysX/physx/source/compiler/cmakehip/../../../source/gpusimulationcontroller/include/PxgFEMCore.h:392:29: error: cannot initialize object parameter of type 'physx::PxgNonRigidCore' with an expression of type 'PxgFEMCore'
/public/home/tangwsh/PhysX/physx/source/compiler/cmakehip/../../../source/gpusimulationcontroller/include/PxgFEMCore.h:403:43: error: cannot initialize object parameter of type 'physx::PxgNonRigidCore' with an expression of type 'PxgFEMCore'
/public/home/tangwsh/PhysX/physx/source/compiler/cmakehip/../../../source/gpusimulationcontroller/include/PxgFEMCore.h:404:22: error: cannot initialize object parameter of type 'physx::PxgNonRigidCore' with an expression of type 'PxgFEMCore'
fatal error: too many errors emitted, stopping now [-ferror-limit=]
/public/home/tangwsh/PhysX/physx/source/compiler/cmakehip/../../../source/gpucommon/include/cutil_math.h:68:41: error: __host__ __device__ function 'max' cannot overload __host__ function 'max'
/public/home/tangwsh/PhysX/physx/source/compiler/cmakehip/../../../source/gpucommon/include/cutil_math.h:70:41: error: __host__ __device__ function 'min' cannot overload __host__ function 'min'
/public/home/tangwsh/PhysX/physx/source/compiler/cmakehip/../../../source/gpucommon/include/AlignedQuat.h:343:5: error: use of overloaded operator '+=' is ambiguous (with operand types 'float4' (aka 'HIP_vector_type<float, 4>') and 'const float4' (aka 'const HIP_vector_type<float, 4>'))
/public/home/tangwsh/PhysX/physx/source/compiler/cmakehip/../../../source/gpucommon/include/AlignedQuat.h:349:5: error: use of overloaded operator '-=' is ambiguous (with operand types 'float4' (aka 'HIP_vector_type<float, 4>') and 'const float4' (aka 'const HIP_vector_type<float, 4>'))
/public/home/tangwsh/PhysX/physx/source/compiler/cmakehip/../../../source/gpunarrowphase/include/cudaNpCommon.h:106:4: error: no matching function for call to 'PX_UNUSED'
/public/home/tangwsh/PhysX/physx/source/compiler/cmakehip/../../../source/gpucommon/src/CUDA/utils.cuh:37:86: error: no matching constructor for initialization of 'PxVec3' (aka 'PxVec3T<float>')
/public/home/tangwsh/PhysX/physx/source/compiler/cmakehip/../../../source/gpucommon/src/CUDA/utils.cuh:37:86: error: no matching constructor for initialization of 'PxVec3' (aka 'PxVec3T<float>')
/public/home/tangwsh/PhysX/physx/source/compiler/cmakehip/../../../source/gpucommon/src/CUDA/utils.cuh:38:107: error: no matching constructor for initialization of 'PxVec3' (aka 'PxVec3T<float>')
/public/home/tangwsh/PhysX/physx/source/compiler/cmakehip/../../../source/gpucommon/src/CUDA/utils.cuh:38:107: error: no matching constructor for initialization of 'PxVec3' (aka 'PxVec3T<float>')
/public/home/tangwsh/PhysX/physx/source/compiler/cmakehip/../../../source/gpucommon/src/CUDA/utils.cuh:39:86: error: no matching constructor for initialization of 'PxVec4' (aka 'PxVec4T<float>')
/public/home/tangwsh/PhysX/physx/source/compiler/cmakehip/../../../source/gpucommon/src/CUDA/utils.cuh:39:86: error: no matching constructor for initialization of 'PxVec4' (aka 'PxVec4T<float>')
/public/home/tangwsh/PhysX/physx/source/compiler/cmakehip/../../../source/gpucommon/src/CUDA/reduction.cuh:533:11: error: no matching function for call to 'PxMax'
/public/home/tangwsh/PhysX/physx/source/compiler/cmakehip/../../../source/gpunarrowphase/src/CUDA/nputils.cuh:41:108: error: no matching constructor for initialization of 'physx::PxVec3' (aka 'PxVec3T<float>')
/public/home/tangwsh/PhysX/physx/source/compiler/cmakehip/../../../source/gpunarrowphase/src/CUDA/nputils.cuh:41:108: error: no matching constructor for initialization of 'physx::PxVec3' (aka 'PxVec3T<float>')
/public/home/tangwsh/PhysX/physx/source/compiler/cmakehip/../../../source/gpunarrowphase/src/CUDA/nputils.cuh:44:117: error: no matching constructor for initialization of 'physx::PxQuat' (aka 'PxQuatT<float>')
/public/home/tangwsh/PhysX/physx/source/compiler/cmakehip/../../../source/gpunarrowphase/src/CUDA/nputils.cuh:44:117: error: no matching constructor for initialization of 'physx::PxQuat' (aka 'PxQuatT<float>')
/public/home/tangwsh/PhysX/physx/source/compiler/cmakehip/../../../source/gpunarrowphase/src/CUDA/nputils.cuh:47:132: error: no matching constructor for initialization of 'physx::PxTransform' (aka 'PxTransformT<float>')
/public/home/tangwsh/PhysX/physx/source/compiler/cmakehip/../../../source/gpunarrowphase/src/CUDA/nputils.cuh:47:132: error: no matching constructor for initialization of 'physx::PxTransform' (aka 'PxTransformT<float>')
/public/home/tangwsh/PhysX/physx/source/compiler/cmakehip/../../../source/gpunarrowphase/src/CUDA/nputils.cuh:148:9: error: call to 'lowestSetIndex' is ambiguous
fatal error: too many errors emitted, stopping now [-ferror-limit=]
/public/home/tangwsh/PhysX/physx/source/compiler/cmakehip/../../../source/gpucommon/include/cutil_math.h:68:41: error: __host__ __device__ function 'max' cannot overload __host__ function 'max'
/public/home/tangwsh/PhysX/physx/source/compiler/cmakehip/../../../source/gpucommon/include/cutil_math.h:70:41: error: __host__ __device__ function 'min' cannot overload __host__ function 'min'
/public/home/tangwsh/PhysX/physx/source/compiler/cmakehip/../../../source/gpucommon/include/AlignedQuat.h:343:5: error: use of overloaded operator '+=' is ambiguous (with operand types 'float4' (aka 'HIP_vector_type<float, 4>') and 'const float4' (aka 'const HIP_vector_type<float, 4>'))
/public/home/tangwsh/PhysX/physx/source/compiler/cmakehip/../../../source/gpucommon/include/AlignedQuat.h:349:5: error: use of overloaded operator '-=' is ambiguous (with operand types 'float4' (aka 'HIP_vector_type<float, 4>') and 'const float4' (aka 'const HIP_vector_type<float, 4>'))
/public/home/tangwsh/PhysX/physx/source/compiler/cmakehip/../../../source/gpunarrowphase/include/cudaNpCommon.h:106:4: error: no matching function for call to 'PX_UNUSED'
/public/home/tangwsh/PhysX/physx/source/compiler/cmakehip/../../../source/gpucommon/src/CUDA/utils.cuh:37:86: error: no matching constructor for initialization of 'PxVec3' (aka 'PxVec3T<float>')
/public/home/tangwsh/PhysX/physx/source/compiler/cmakehip/../../../source/gpucommon/src/CUDA/utils.cuh:37:86: error: no matching constructor for initialization of 'PxVec3' (aka 'PxVec3T<float>')
/public/home/tangwsh/PhysX/physx/source/compiler/cmakehip/../../../source/gpucommon/src/CUDA/utils.cuh:38:107: error: no matching constructor for initialization of 'PxVec3' (aka 'PxVec3T<float>')
/public/home/tangwsh/PhysX/physx/source/compiler/cmakehip/../../../source/gpucommon/src/CUDA/utils.cuh:38:107: error: no matching constructor for initialization of 'PxVec3' (aka 'PxVec3T<float>')
/public/home/tangwsh/PhysX/physx/source/compiler/cmakehip/../../../source/gpucommon/src/CUDA/utils.cuh:39:86: error: no matching constructor for initialization of 'PxVec4' (aka 'PxVec4T<float>')
/public/home/tangwsh/PhysX/physx/source/compiler/cmakehip/../../../source/gpucommon/src/CUDA/utils.cuh:39:86: error: no matching constructor for initialization of 'PxVec4' (aka 'PxVec4T<float>')
/public/home/tangwsh/PhysX/physx/source/compiler/cmakehip/../../../source/gpucommon/include/PxgDevicePointer.h:41:3: error: unknown type name 'CUdeviceptr'
/public/home/tangwsh/PhysX/physx/source/compiler/cmakehip/../../../source/gpucommon/include/PxgDevicePointer.h:43:20: error: unknown type name 'CUdeviceptr'
/public/home/tangwsh/PhysX/physx/source/compiler/cmakehip/../../../source/gpucommon/include/PxgDevicePointer.h:45:12: error: unknown type name 'CUdeviceptr'
/public/home/tangwsh/PhysX/physx/source/compiler/cmakehip/../../../source/gpucommon/include/PxgDevicePointer.h:51:67: error: use of undeclared identifier 'CUdeviceptr'
/public/home/tangwsh/PhysX/physx/source/compiler/cmakehip/../../../source/gpucommon/include/PxgCudaBuffer.h:65:79: error: unknown type name 'CUstream'
/public/home/tangwsh/PhysX/physx/source/compiler/cmakehip/../../../source/gpucommon/include/PxgCudaBuffer.h:72:19: error: unknown type name 'CUdeviceptr'
/public/home/tangwsh/PhysX/physx/source/compiler/cmakehip/../../../source/gpucommon/include/PxgCudaBuffer.h:74:29: error: unknown type name 'CUdeviceptr'
/public/home/tangwsh/PhysX/physx/source/compiler/cmakehip/../../../source/gpucommon/include/PxgCudaBuffer.h:100:3: error: unknown type name 'CUdeviceptr'
fatal error: too many errors emitted, stopping now [-ferror-limit=]
/public/home/tangwsh/PhysX/physx/source/compiler/cmakehip/../../../source/gpucommon/include/cutil_math.h:68:41: error: __host__ __device__ function 'max' cannot overload __host__ function 'max'
/public/home/tangwsh/PhysX/physx/source/compiler/cmakehip/../../../source/gpucommon/include/cutil_math.h:70:41: error: __host__ __device__ function 'min' cannot overload __host__ function 'min'
/public/home/tangwsh/PhysX/physx/source/compiler/cmakehip/../../../source/gpucommon/include/AlignedQuat.h:343:5: error: use of overloaded operator '+=' is ambiguous (with operand types 'float4' (aka 'HIP_vector_type<float, 4>') and 'const float4' (aka 'const HIP_vector_type<float, 4>'))
/public/home/tangwsh/PhysX/physx/source/compiler/cmakehip/../../../source/gpucommon/include/AlignedQuat.h:349:5: error: use of overloaded operator '-=' is ambiguous (with operand types 'float4' (aka 'HIP_vector_type<float, 4>') and 'const float4' (aka 'const HIP_vector_type<float, 4>'))
/public/home/tangwsh/PhysX/physx/source/compiler/cmakehip/../../../source/gpucommon/src/CUDA/utils.cuh:37:86: error: no matching constructor for initialization of 'PxVec3' (aka 'PxVec3T<float>')
/public/home/tangwsh/PhysX/physx/source/compiler/cmakehip/../../../source/gpucommon/src/CUDA/utils.cuh:37:86: error: no matching constructor for initialization of 'PxVec3' (aka 'PxVec3T<float>')
/public/home/tangwsh/PhysX/physx/source/compiler/cmakehip/../../../source/gpucommon/src/CUDA/utils.cuh:38:107: error: no matching constructor for initialization of 'PxVec3' (aka 'PxVec3T<float>')
/public/home/tangwsh/PhysX/physx/source/compiler/cmakehip/../../../source/gpucommon/src/CUDA/utils.cuh:38:107: error: no matching constructor for initialization of 'PxVec3' (aka 'PxVec3T<float>')
/public/home/tangwsh/PhysX/physx/source/compiler/cmakehip/../../../source/gpucommon/src/CUDA/utils.cuh:39:86: error: no matching constructor for initialization of 'PxVec4' (aka 'PxVec4T<float>')
/public/home/tangwsh/PhysX/physx/source/compiler/cmakehip/../../../source/gpucommon/src/CUDA/utils.cuh:39:86: error: no matching constructor for initialization of 'PxVec4' (aka 'PxVec4T<float>')
/public/home/tangwsh/PhysX/physx/source/compiler/cmakehip/../../../source/gpucommon/src/CUDA/reduction.cuh:533:11: error: no matching function for call to 'PxMax'
/public/home/tangwsh/PhysX/physx/source/compiler/cmakehip/../../../source/gpucommon/src/CUDA/shuffle.cuh:47:9: error: no matching constructor for initialization of 'physx::PxVec3' (aka 'PxVec3T<float>')
/public/home/tangwsh/PhysX/physx/source/compiler/cmakehip/../../../source/gpucommon/src/CUDA/shuffle.cuh:47:9: error: no matching constructor for initialization of 'physx::PxVec3' (aka 'PxVec3T<float>')
/public/home/tangwsh/PhysX/physx/source/compiler/cmakehip/../../../source/gpucommon/src/CUDA/shuffle.cuh:66:9: error: no matching constructor for initialization of 'physx::PxVec3' (aka 'PxVec3T<float>')
/public/home/tangwsh/PhysX/physx/source/compiler/cmakehip/../../../source/gpucommon/src/CUDA/shuffle.cuh:79:9: error: no matching constructor for initialization of 'physx::PxVec3' (aka 'PxVec3T<float>')
/public/home/tangwsh/PhysX/physx/source/compiler/cmakehip/../../../source/gpunarrowphase/src/CUDA/nputils.cuh:41:108: error: no matching constructor for initialization of 'physx::PxVec3' (aka 'PxVec3T<float>')
/public/home/tangwsh/PhysX/physx/source/compiler/cmakehip/../../../source/gpunarrowphase/src/CUDA/nputils.cuh:41:108: error: no matching constructor for initialization of 'physx::PxVec3' (aka 'PxVec3T<float>')
/public/home/tangwsh/PhysX/physx/source/compiler/cmakehip/../../../source/gpunarrowphase/src/CUDA/nputils.cuh:44:117: error: no matching constructor for initialization of 'physx::PxQuat' (aka 'PxQuatT<float>')
/public/home/tangwsh/PhysX/physx/source/compiler/cmakehip/../../../source/gpunarrowphase/src/CUDA/nputils.cuh:44:117: error: no matching constructor for initialization of 'physx::PxQuat' (aka 'PxQuatT<float>')
fatal error: too many errors emitted, stopping now [-ferror-limit=]
/public/home/tangwsh/PhysX/physx/source/compiler/cmakehip/../../../source/gpucommon/src/CUDA/utils.cuh:37:86: error: no matching constructor for initialization of 'PxVec3' (aka 'PxVec3T<float>')
/public/home/tangwsh/PhysX/physx/source/compiler/cmakehip/../../../source/gpucommon/src/CUDA/utils.cuh:37:86: error: no matching constructor for initialization of 'PxVec3' (aka 'PxVec3T<float>')
/public/home/tangwsh/PhysX/physx/source/compiler/cmakehip/../../../source/gpucommon/src/CUDA/utils.cuh:38:107: error: no matching constructor for initialization of 'PxVec3' (aka 'PxVec3T<float>')
/public/home/tangwsh/PhysX/physx/source/compiler/cmakehip/../../../source/gpucommon/src/CUDA/utils.cuh:38:107: error: no matching constructor for initialization of 'PxVec3' (aka 'PxVec3T<float>')
/public/home/tangwsh/PhysX/physx/source/compiler/cmakehip/../../../source/gpucommon/src/CUDA/utils.cuh:39:86: error: no matching constructor for initialization of 'PxVec4' (aka 'PxVec4T<float>')
/public/home/tangwsh/PhysX/physx/source/compiler/cmakehip/../../../source/gpucommon/src/CUDA/utils.cuh:39:86: error: no matching constructor for initialization of 'PxVec4' (aka 'PxVec4T<float>')
/public/home/tangwsh/PhysX/physx/source/compiler/cmakehip/../../../source/gpucommon/src/CUDA/reduction.cuh:533:11: error: no matching function for call to 'PxMax'
/public/home/tangwsh/PhysX/physx/source/compiler/cmakehip/../../../source/gpunarrowphase/src/CUDA/nputils.cuh:41:108: error: no matching constructor for initialization of 'physx::PxVec3' (aka 'PxVec3T<float>')
/public/home/tangwsh/PhysX/physx/source/compiler/cmakehip/../../../source/gpunarrowphase/src/CUDA/nputils.cuh:41:108: error: no matching constructor for initialization of 'physx::PxVec3' (aka 'PxVec3T<float>')
/public/home/tangwsh/PhysX/physx/source/compiler/cmakehip/../../../source/gpunarrowphase/src/CUDA/nputils.cuh:44:117: error: no matching constructor for initialization of 'physx::PxQuat' (aka 'PxQuatT<float>')
/public/home/tangwsh/PhysX/physx/source/compiler/cmakehip/../../../source/gpunarrowphase/src/CUDA/nputils.cuh:44:117: error: no matching constructor for initialization of 'physx::PxQuat' (aka 'PxQuatT<float>')
/public/home/tangwsh/PhysX/physx/source/compiler/cmakehip/../../../source/gpunarrowphase/src/CUDA/nputils.cuh:47:132: error: no matching constructor for initialization of 'physx::PxTransform' (aka 'PxTransformT<float>')
/public/home/tangwsh/PhysX/physx/source/compiler/cmakehip/../../../source/gpunarrowphase/src/CUDA/nputils.cuh:47:132: error: no matching constructor for initialization of 'physx::PxTransform' (aka 'PxTransformT<float>')
/public/home/tangwsh/PhysX/physx/source/compiler/cmakehip/../../../source/gpunarrowphase/src/CUDA/nputils.cuh:148:9: error: call to 'lowestSetIndex' is ambiguous
/public/home/tangwsh/PhysX/physx/source/compiler/cmakehip/../../../source/gpunarrowphase/src/CUDA/nputils.cuh:162:9: error: call to 'lowestSetIndex' is ambiguous
/public/home/tangwsh/PhysX/physx/source/compiler/cmakehip/../../../source/gpunarrowphase/src/CUDA/nputils.cuh:190:9: error: call to 'lowestSetIndex' is ambiguous
/public/home/tangwsh/PhysX/physx/source/compiler/cmakehip/../../../source/gpucommon/include/cutil_math.h:68:41: error: __host__ __device__ function 'max' cannot overload __host__ function 'max'
/public/home/tangwsh/PhysX/physx/source/compiler/cmakehip/../../../source/gpucommon/include/cutil_math.h:70:41: error: __host__ __device__ function 'min' cannot overload __host__ function 'min'
/public/home/tangwsh/PhysX/physx/source/compiler/cmakehip/../../../source/gpucommon/include/AlignedQuat.h:343:5: error: use of overloaded operator '+=' is ambiguous (with operand types 'float4' (aka 'HIP_vector_type<float, 4>') and 'const float4' (aka 'const HIP_vector_type<float, 4>'))
fatal error: too many errors emitted, stopping now [-ferror-limit=]
/public/home/tangwsh/PhysX/physx/source/compiler/cmakehip/../../../source/gpucommon/include/cutil_math.h:68:41: error: __host__ __device__ function 'max' cannot overload __host__ function 'max'
/public/home/tangwsh/PhysX/physx/source/compiler/cmakehip/../../../source/gpucommon/include/cutil_math.h:70:41: error: __host__ __device__ function 'min' cannot overload __host__ function 'min'
/public/home/tangwsh/PhysX/physx/source/compiler/cmakehip/../../../source/gpucommon/include/AlignedQuat.h:343:5: error: use of overloaded operator '+=' is ambiguous (with operand types 'float4' (aka 'HIP_vector_type<float, 4>') and 'const float4' (aka 'const HIP_vector_type<float, 4>'))
/public/home/tangwsh/PhysX/physx/source/compiler/cmakehip/../../../source/gpucommon/include/AlignedQuat.h:349:5: error: use of overloaded operator '-=' is ambiguous (with operand types 'float4' (aka 'HIP_vector_type<float, 4>') and 'const float4' (aka 'const HIP_vector_type<float, 4>'))
/public/home/tangwsh/PhysX/physx/source/compiler/cmakehip/../../../source/gpunarrowphase/include/cudaNpCommon.h:106:4: error: no matching function for call to 'PX_UNUSED'
/public/home/tangwsh/PhysX/physx/source/compiler/cmakehip/../../../source/gpucommon/src/CUDA/utils.cuh:37:86: error: no matching constructor for initialization of 'PxVec3' (aka 'PxVec3T<float>')
/public/home/tangwsh/PhysX/physx/source/compiler/cmakehip/../../../source/gpucommon/src/CUDA/utils.cuh:37:86: error: no matching constructor for initialization of 'PxVec3' (aka 'PxVec3T<float>')
/public/home/tangwsh/PhysX/physx/source/compiler/cmakehip/../../../source/gpucommon/src/CUDA/utils.cuh:38:107: error: no matching constructor for initialization of 'PxVec3' (aka 'PxVec3T<float>')
/public/home/tangwsh/PhysX/physx/source/compiler/cmakehip/../../../source/gpucommon/src/CUDA/utils.cuh:38:107: error: no matching constructor for initialization of 'PxVec3' (aka 'PxVec3T<float>')
/public/home/tangwsh/PhysX/physx/source/compiler/cmakehip/../../../source/gpucommon/src/CUDA/utils.cuh:39:86: error: no matching constructor for initialization of 'PxVec4' (aka 'PxVec4T<float>')
/public/home/tangwsh/PhysX/physx/source/compiler/cmakehip/../../../source/gpucommon/src/CUDA/utils.cuh:39:86: error: no matching constructor for initialization of 'PxVec4' (aka 'PxVec4T<float>')
/public/home/tangwsh/PhysX/physx/source/compiler/cmakehip/../../../source/gpucommon/include/PxgDevicePointer.h:41:3: error: unknown type name 'CUdeviceptr'
/public/home/tangwsh/PhysX/physx/source/compiler/cmakehip/../../../source/gpucommon/include/PxgDevicePointer.h:43:20: error: unknown type name 'CUdeviceptr'
/public/home/tangwsh/PhysX/physx/source/compiler/cmakehip/../../../source/gpucommon/include/PxgDevicePointer.h:45:12: error: unknown type name 'CUdeviceptr'
/public/home/tangwsh/PhysX/physx/source/compiler/cmakehip/../../../source/gpucommon/include/PxgDevicePointer.h:51:67: error: use of undeclared identifier 'CUdeviceptr'
/public/home/tangwsh/PhysX/physx/source/compiler/cmakehip/../../../source/gpucommon/include/PxgCudaBuffer.h:65:79: error: unknown type name 'CUstream'
/public/home/tangwsh/PhysX/physx/source/compiler/cmakehip/../../../source/gpucommon/include/PxgCudaBuffer.h:72:19: error: unknown type name 'CUdeviceptr'
/public/home/tangwsh/PhysX/physx/source/compiler/cmakehip/../../../source/gpucommon/include/PxgCudaBuffer.h:74:29: error: unknown type name 'CUdeviceptr'
/public/home/tangwsh/PhysX/physx/source/compiler/cmakehip/../../../source/gpucommon/include/PxgCudaBuffer.h:100:3: error: unknown type name 'CUdeviceptr'
fatal error: too many errors emitted, stopping now [-ferror-limit=]
/public/home/tangwsh/PhysX/physx/source/compiler/cmakehip/../../../source/gpucommon/include/cutil_math.h:68:41: error: __host__ __device__ function 'max' cannot overload __host__ function 'max'
/public/home/tangwsh/PhysX/physx/source/compiler/cmakehip/../../../source/gpucommon/include/cutil_math.h:70:41: error: __host__ __device__ function 'min' cannot overload __host__ function 'min'
/public/home/tangwsh/PhysX/physx/source/compiler/cmakehip/../../../source/gpucommon/include/AlignedQuat.h:343:5: error: use of overloaded operator '+=' is ambiguous (with operand types 'float4' (aka 'HIP_vector_type<float, 4>') and 'const float4' (aka 'const HIP_vector_type<float, 4>'))
/public/home/tangwsh/PhysX/physx/source/compiler/cmakehip/../../../source/gpucommon/include/AlignedQuat.h:349:5: error: use of overloaded operator '-=' is ambiguous (with operand types 'float4' (aka 'HIP_vector_type<float, 4>') and 'const float4' (aka 'const HIP_vector_type<float, 4>'))
/public/home/tangwsh/PhysX/physx/source/compiler/cmakehip/../../../source/gpunarrowphase/include/cudaNpCommon.h:106:4: error: no matching function for call to 'PX_UNUSED'
/public/home/tangwsh/PhysX/physx/source/compiler/cmakehip/../../../source/gpucommon/src/CUDA/utils.cuh:37:86: error: no matching constructor for initialization of 'PxVec3' (aka 'PxVec3T<float>')
/public/home/tangwsh/PhysX/physx/source/compiler/cmakehip/../../../source/gpucommon/src/CUDA/utils.cuh:37:86: error: no matching constructor for initialization of 'PxVec3' (aka 'PxVec3T<float>')
/public/home/tangwsh/PhysX/physx/source/compiler/cmakehip/../../../source/gpucommon/src/CUDA/utils.cuh:38:107: error: no matching constructor for initialization of 'PxVec3' (aka 'PxVec3T<float>')
/public/home/tangwsh/PhysX/physx/source/compiler/cmakehip/../../../source/gpucommon/src/CUDA/utils.cuh:38:107: error: no matching constructor for initialization of 'PxVec3' (aka 'PxVec3T<float>')
/public/home/tangwsh/PhysX/physx/source/compiler/cmakehip/../../../source/gpucommon/src/CUDA/utils.cuh:39:86: error: no matching constructor for initialization of 'PxVec4' (aka 'PxVec4T<float>')
/public/home/tangwsh/PhysX/physx/source/compiler/cmakehip/../../../source/gpucommon/src/CUDA/utils.cuh:39:86: error: no matching constructor for initialization of 'PxVec4' (aka 'PxVec4T<float>')
/public/home/tangwsh/PhysX/physx/source/compiler/cmakehip/../../../source/gpucommon/include/PxgDevicePointer.h:41:3: error: unknown type name 'CUdeviceptr'
/public/home/tangwsh/PhysX/physx/source/compiler/cmakehip/../../../source/gpucommon/include/PxgDevicePointer.h:43:20: error: unknown type name 'CUdeviceptr'
/public/home/tangwsh/PhysX/physx/source/compiler/cmakehip/../../../source/gpucommon/include/PxgDevicePointer.h:45:12: error: unknown type name 'CUdeviceptr'
/public/home/tangwsh/PhysX/physx/source/compiler/cmakehip/../../../source/gpucommon/include/PxgDevicePointer.h:51:67: error: use of undeclared identifier 'CUdeviceptr'
/public/home/tangwsh/PhysX/physx/source/compiler/cmakehip/../../../source/gpucommon/include/PxgCudaBuffer.h:65:79: error: unknown type name 'CUstream'
/public/home/tangwsh/PhysX/physx/source/compiler/cmakehip/../../../source/gpucommon/include/PxgCudaBuffer.h:72:19: error: unknown type name 'CUdeviceptr'
/public/home/tangwsh/PhysX/physx/source/compiler/cmakehip/../../../source/gpucommon/include/PxgCudaBuffer.h:74:29: error: unknown type name 'CUdeviceptr'
/public/home/tangwsh/PhysX/physx/source/compiler/cmakehip/../../../source/gpucommon/include/PxgCudaBuffer.h:100:3: error: unknown type name 'CUdeviceptr'
fatal error: too many errors emitted, stopping now [-ferror-limit=]
/public/home/tangwsh/PhysX/physx/source/compiler/cmakehip/../../../source/gpucommon/include/cutil_math.h:68:41: error: __host__ __device__ function 'max' cannot overload __host__ function 'max'
/public/home/tangwsh/PhysX/physx/source/compiler/cmakehip/../../../source/gpucommon/include/cutil_math.h:70:41: error: __host__ __device__ function 'min' cannot overload __host__ function 'min'
/public/home/tangwsh/PhysX/physx/source/compiler/cmakehip/../../../source/gpucommon/include/AlignedQuat.h:343:5: error: use of overloaded operator '+=' is ambiguous (with operand types 'float4' (aka 'HIP_vector_type<float, 4>') and 'const float4' (aka 'const HIP_vector_type<float, 4>'))
/public/home/tangwsh/PhysX/physx/source/compiler/cmakehip/../../../source/gpucommon/include/AlignedQuat.h:349:5: error: use of overloaded operator '-=' is ambiguous (with operand types 'float4' (aka 'HIP_vector_type<float, 4>') and 'const float4' (aka 'const HIP_vector_type<float, 4>'))
/public/home/tangwsh/PhysX/physx/source/compiler/cmakehip/../../../source/gpucommon/src/CUDA/utils.cuh:37:86: error: no matching constructor for initialization of 'PxVec3' (aka 'PxVec3T<float>')
/public/home/tangwsh/PhysX/physx/source/compiler/cmakehip/../../../source/gpucommon/src/CUDA/utils.cuh:37:86: error: no matching constructor for initialization of 'PxVec3' (aka 'PxVec3T<float>')
/public/home/tangwsh/PhysX/physx/source/compiler/cmakehip/../../../source/gpucommon/src/CUDA/utils.cuh:38:107: error: no matching constructor for initialization of 'PxVec3' (aka 'PxVec3T<float>')
/public/home/tangwsh/PhysX/physx/source/compiler/cmakehip/../../../source/gpucommon/src/CUDA/utils.cuh:38:107: error: no matching constructor for initialization of 'PxVec3' (aka 'PxVec3T<float>')
/public/home/tangwsh/PhysX/physx/source/compiler/cmakehip/../../../source/gpucommon/src/CUDA/utils.cuh:39:86: error: no matching constructor for initialization of 'PxVec4' (aka 'PxVec4T<float>')
/public/home/tangwsh/PhysX/physx/source/compiler/cmakehip/../../../source/gpucommon/src/CUDA/utils.cuh:39:86: error: no matching constructor for initialization of 'PxVec4' (aka 'PxVec4T<float>')
/public/home/tangwsh/PhysX/physx/source/compiler/cmakehip/../../../source/gpucommon/include/PxgDevicePointer.h:41:3: error: unknown type name 'CUdeviceptr'
/public/home/tangwsh/PhysX/physx/source/compiler/cmakehip/../../../source/gpucommon/include/PxgDevicePointer.h:43:20: error: unknown type name 'CUdeviceptr'
/public/home/tangwsh/PhysX/physx/source/compiler/cmakehip/../../../source/gpucommon/include/PxgDevicePointer.h:45:12: error: unknown type name 'CUdeviceptr'
/public/home/tangwsh/PhysX/physx/source/compiler/cmakehip/../../../source/gpucommon/include/PxgDevicePointer.h:51:67: error: use of undeclared identifier 'CUdeviceptr'
/public/home/tangwsh/PhysX/physx/source/compiler/cmakehip/../../../source/gpucommon/include/PxgCudaBuffer.h:65:79: error: unknown type name 'CUstream'
/public/home/tangwsh/PhysX/physx/source/compiler/cmakehip/../../../source/gpucommon/include/PxgCudaBuffer.h:72:19: error: unknown type name 'CUdeviceptr'
/public/home/tangwsh/PhysX/physx/source/compiler/cmakehip/../../../source/gpucommon/include/PxgCudaBuffer.h:74:29: error: unknown type name 'CUdeviceptr'
/public/home/tangwsh/PhysX/physx/source/compiler/cmakehip/../../../source/gpucommon/include/PxgCudaBuffer.h:100:3: error: unknown type name 'CUdeviceptr'
/public/home/tangwsh/PhysX/physx/source/compiler/cmakehip/../../../source/gpucommon/include/PxgCudaBuffer.h:78:10: error: unknown type name 'CUdeviceptr'
fatal error: too many errors emitted, stopping now [-ferror-limit=]
/public/home/tangwsh/PhysX/physx/source/compiler/cmakehip/../../../source/gpucommon/include/cutil_math.h:68:41: error: __host__ __device__ function 'max' cannot overload __host__ function 'max'
/public/home/tangwsh/PhysX/physx/source/compiler/cmakehip/../../../source/gpucommon/include/cutil_math.h:70:41: error: __host__ __device__ function 'min' cannot overload __host__ function 'min'
/public/home/tangwsh/PhysX/physx/source/compiler/cmakehip/../../../source/gpucommon/include/AlignedQuat.h:343:5: error: use of overloaded operator '+=' is ambiguous (with operand types 'float4' (aka 'HIP_vector_type<float, 4>') and 'const float4' (aka 'const HIP_vector_type<float, 4>'))
/public/home/tangwsh/PhysX/physx/source/compiler/cmakehip/../../../source/gpucommon/include/AlignedQuat.h:349:5: error: use of overloaded operator '-=' is ambiguous (with operand types 'float4' (aka 'HIP_vector_type<float, 4>') and 'const float4' (aka 'const HIP_vector_type<float, 4>'))
/public/home/tangwsh/PhysX/physx/source/compiler/cmakehip/../../../source/gpunarrowphase/include/cudaNpCommon.h:106:4: error: no matching function for call to 'PX_UNUSED'
/public/home/tangwsh/PhysX/physx/source/compiler/cmakehip/../../../source/gpucommon/src/CUDA/utils.cuh:37:86: error: no matching constructor for initialization of 'PxVec3' (aka 'PxVec3T<float>')
/public/home/tangwsh/PhysX/physx/source/compiler/cmakehip/../../../source/gpucommon/src/CUDA/utils.cuh:37:86: error: no matching constructor for initialization of 'PxVec3' (aka 'PxVec3T<float>')
/public/home/tangwsh/PhysX/physx/source/compiler/cmakehip/../../../source/gpucommon/src/CUDA/utils.cuh:38:107: error: no matching constructor for initialization of 'PxVec3' (aka 'PxVec3T<float>')
/public/home/tangwsh/PhysX/physx/source/compiler/cmakehip/../../../source/gpucommon/src/CUDA/utils.cuh:38:107: error: no matching constructor for initialization of 'PxVec3' (aka 'PxVec3T<float>')
/public/home/tangwsh/PhysX/physx/source/compiler/cmakehip/../../../source/gpucommon/src/CUDA/utils.cuh:39:86: error: no matching constructor for initialization of 'PxVec4' (aka 'PxVec4T<float>')
/public/home/tangwsh/PhysX/physx/source/compiler/cmakehip/../../../source/gpucommon/src/CUDA/utils.cuh:39:86: error: no matching constructor for initialization of 'PxVec4' (aka 'PxVec4T<float>')
/public/home/tangwsh/PhysX/physx/source/compiler/cmakehip/../../../source/gpunarrowphase/src/CUDA/nputils.cuh:41:108: error: no matching constructor for initialization of 'physx::PxVec3' (aka 'PxVec3T<float>')
/public/home/tangwsh/PhysX/physx/source/compiler/cmakehip/../../../source/gpunarrowphase/src/CUDA/nputils.cuh:41:108: error: no matching constructor for initialization of 'physx::PxVec3' (aka 'PxVec3T<float>')
/public/home/tangwsh/PhysX/physx/source/compiler/cmakehip/../../../source/gpunarrowphase/src/CUDA/nputils.cuh:44:117: error: no matching constructor for initialization of 'physx::PxQuat' (aka 'PxQuatT<float>')
/public/home/tangwsh/PhysX/physx/source/compiler/cmakehip/../../../source/gpunarrowphase/src/CUDA/nputils.cuh:44:117: error: no matching constructor for initialization of 'physx::PxQuat' (aka 'PxQuatT<float>')
/public/home/tangwsh/PhysX/physx/source/compiler/cmakehip/../../../source/gpunarrowphase/src/CUDA/nputils.cuh:47:132: error: no matching constructor for initialization of 'physx::PxTransform' (aka 'PxTransformT<float>')
/public/home/tangwsh/PhysX/physx/source/compiler/cmakehip/../../../source/gpunarrowphase/src/CUDA/nputils.cuh:47:132: error: no matching constructor for initialization of 'physx::PxTransform' (aka 'PxTransformT<float>')
/public/home/tangwsh/PhysX/physx/source/compiler/cmakehip/../../../source/gpunarrowphase/src/CUDA/nputils.cuh:148:9: error: call to 'lowestSetIndex' is ambiguous
/public/home/tangwsh/PhysX/physx/source/compiler/cmakehip/../../../source/gpunarrowphase/src/CUDA/nputils.cuh:162:9: error: call to 'lowestSetIndex' is ambiguous
fatal error: too many errors emitted, stopping now [-ferror-limit=]
/public/home/tangwsh/PhysX/physx/source/compiler/cmakehip/../../../source/gpucommon/include/cutil_math.h:68:41: error: __host__ __device__ function 'max' cannot overload __host__ function 'max'
/public/home/tangwsh/PhysX/physx/source/compiler/cmakehip/../../../source/gpucommon/include/cutil_math.h:70:41: error: __host__ __device__ function 'min' cannot overload __host__ function 'min'
/public/home/tangwsh/PhysX/physx/source/compiler/cmakehip/../../../source/gpucommon/include/AlignedQuat.h:343:5: error: use of overloaded operator '+=' is ambiguous (with operand types 'float4' (aka 'HIP_vector_type<float, 4>') and 'const float4' (aka 'const HIP_vector_type<float, 4>'))
/public/home/tangwsh/PhysX/physx/source/compiler/cmakehip/../../../source/gpucommon/include/AlignedQuat.h:349:5: error: use of overloaded operator '-=' is ambiguous (with operand types 'float4' (aka 'HIP_vector_type<float, 4>') and 'const float4' (aka 'const HIP_vector_type<float, 4>'))
/public/home/tangwsh/PhysX/physx/source/compiler/cmakehip/../../../source/gpunarrowphase/include/cudaNpCommon.h:106:4: error: no matching function for call to 'PX_UNUSED'
/public/home/tangwsh/PhysX/physx/source/compiler/cmakehip/../../../source/gpucommon/src/CUDA/utils.cuh:37:86: error: no matching constructor for initialization of 'PxVec3' (aka 'PxVec3T<float>')
/public/home/tangwsh/PhysX/physx/source/compiler/cmakehip/../../../source/gpucommon/src/CUDA/utils.cuh:37:86: error: no matching constructor for initialization of 'PxVec3' (aka 'PxVec3T<float>')
/public/home/tangwsh/PhysX/physx/source/compiler/cmakehip/../../../source/gpucommon/src/CUDA/utils.cuh:38:107: error: no matching constructor for initialization of 'PxVec3' (aka 'PxVec3T<float>')
/public/home/tangwsh/PhysX/physx/source/compiler/cmakehip/../../../source/gpucommon/src/CUDA/utils.cuh:38:107: error: no matching constructor for initialization of 'PxVec3' (aka 'PxVec3T<float>')
/public/home/tangwsh/PhysX/physx/source/compiler/cmakehip/../../../source/gpucommon/src/CUDA/utils.cuh:39:86: error: no matching constructor for initialization of 'PxVec4' (aka 'PxVec4T<float>')
/public/home/tangwsh/PhysX/physx/source/compiler/cmakehip/../../../source/gpucommon/src/CUDA/utils.cuh:39:86: error: no matching constructor for initialization of 'PxVec4' (aka 'PxVec4T<float>')
/public/home/tangwsh/PhysX/physx/source/compiler/cmakehip/../../../source/gpucommon/src/CUDA/reduction.cuh:533:11: error: no matching function for call to 'PxMax'
/public/home/tangwsh/PhysX/physx/source/compiler/cmakehip/../../../source/gpucommon/src/CUDA/SparseRemove.cuh:68:26: error: no matching constructor for initialization of 'ReadArrayFunctor<PxU32>' (aka 'ReadArrayFunctor<unsigned int>')
/public/home/tangwsh/PhysX/physx/source/compiler/cmakehip/../../../source/gpucommon/src/CUDA/SparseRemove.cuh:69:27: error: no matching constructor for initialization of 'WriteArrayFunctor<PxU32>' (aka 'WriteArrayFunctor<unsigned int>')
/public/home/tangwsh/PhysX/physx/source/compiler/cmakehip/../../../source/gpucommon/src/CUDA/SparseRemove.cuh:80:26: error: no matching constructor for initialization of 'ReadArrayFunctor<PxU32>' (aka 'ReadArrayFunctor<unsigned int>')
/public/home/tangwsh/PhysX/physx/source/compiler/cmakehip/../../../source/gpucommon/src/CUDA/SparseRemove.cuh:81:27: error: no matching constructor for initialization of 'WriteArrayFunctor<PxU32>' (aka 'WriteArrayFunctor<unsigned int>')
/public/home/tangwsh/PhysX/physx/source/compiler/cmakehip/../../../source/gpucommon/src/CUDA/SparseRemove.cuh:82:30: error: no matching constructor for initialization of 'WriteValueNOPFunctor<PxU32>' (aka 'WriteValueNOPFunctor<unsigned int>')
/public/home/tangwsh/PhysX/physx/source/compiler/cmakehip/../../../source/gpunarrowphase/src/CUDA/materialCombiner.cuh:46:2: error: no matching function for call to 'PxsCombineMaterials'
/public/home/tangwsh/PhysX/physx/source/compiler/cmakehip/../../../source/gpunarrowphase/src/CUDA/contactPatchUtils.cuh:162:17: error: no viable overloaded '='
fatal error: too many errors emitted, stopping now [-ferror-limit=]
/public/home/tangwsh/PhysX/physx/source/compiler/cmakehip/../../../source/gpucommon/include/cutil_math.h:68:41: error: __host__ __device__ function 'max' cannot overload __host__ function 'max'
/public/home/tangwsh/PhysX/physx/source/compiler/cmakehip/../../../source/gpucommon/include/cutil_math.h:70:41: error: __host__ __device__ function 'min' cannot overload __host__ function 'min'
/public/home/tangwsh/PhysX/physx/source/compiler/cmakehip/../../../source/gpucommon/include/AlignedQuat.h:343:5: error: use of overloaded operator '+=' is ambiguous (with operand types 'float4' (aka 'HIP_vector_type<float, 4>') and 'const float4' (aka 'const HIP_vector_type<float, 4>'))
/public/home/tangwsh/PhysX/physx/source/compiler/cmakehip/../../../source/gpucommon/include/AlignedQuat.h:349:5: error: use of overloaded operator '-=' is ambiguous (with operand types 'float4' (aka 'HIP_vector_type<float, 4>') and 'const float4' (aka 'const HIP_vector_type<float, 4>'))
/public/home/tangwsh/PhysX/physx/source/compiler/cmakehip/../../../include/PxParticleGpu.h:62:8: error: definition of type 'float4' conflicts with type alias of the same name
/public/home/tangwsh/PhysX/physx/source/compiler/cmakehip/../../../source/gpunarrowphase/include/cudaNpCommon.h:106:4: error: no matching function for call to 'PX_UNUSED'
/public/home/tangwsh/PhysX/physx/source/compiler/cmakehip/../../../source/gpunarrowphase/include/PxgGeometryManager.h:137:2: error: unknown type name 'CUarray'
/public/home/tangwsh/PhysX/physx/source/compiler/cmakehip/../../../source/gpunarrowphase/include/PxgGeometryManager.h:138:2: error: unknown type name 'CUtexObject'
/public/home/tangwsh/PhysX/physx/source/compiler/cmakehip/../../../source/gpunarrowphase/include/PxgGeometryManager.h:140:2: error: unknown type name 'CUarray'
/public/home/tangwsh/PhysX/physx/source/compiler/cmakehip/../../../source/gpunarrowphase/include/PxgGeometryManager.h:141:2: error: unknown type name 'CUtexObject'
/public/home/tangwsh/PhysX/physx/source/compiler/cmakehip/../../../source/lowlevel/api/include/PxvGeometry.h:44:10: fatal error: 'GuGeometryChecks.h' file not found
/public/home/tangwsh/PhysX/physx/source/compiler/cmakehip/../../../source/gpucommon/include/cutil_math.h:68:41: error: __host__ __device__ function 'max' cannot overload __host__ function 'max'
/public/home/tangwsh/PhysX/physx/source/compiler/cmakehip/../../../source/gpucommon/include/cutil_math.h:70:41: error: __host__ __device__ function 'min' cannot overload __host__ function 'min'
/public/home/tangwsh/PhysX/physx/source/compiler/cmakehip/../../../source/gpucommon/include/AlignedQuat.h:343:5: error: use of overloaded operator '+=' is ambiguous (with operand types 'float4' (aka 'HIP_vector_type<float, 4>') and 'const float4' (aka 'const HIP_vector_type<float, 4>'))
/public/home/tangwsh/PhysX/physx/source/compiler/cmakehip/../../../source/gpucommon/include/AlignedQuat.h:349:5: error: use of overloaded operator '-=' is ambiguous (with operand types 'float4' (aka 'HIP_vector_type<float, 4>') and 'const float4' (aka 'const HIP_vector_type<float, 4>'))
/public/home/tangwsh/PhysX/physx/source/compiler/cmakehip/../../../source/gpunarrowphase/include/cudaNpCommon.h:106:4: error: no matching function for call to 'PX_UNUSED'
/public/home/tangwsh/PhysX/physx/source/compiler/cmakehip/../../../source/gpucommon/src/CUDA/utils.cuh:37:86: error: no matching constructor for initialization of 'PxVec3' (aka 'PxVec3T<float>')
/public/home/tangwsh/PhysX/physx/source/compiler/cmakehip/../../../source/gpucommon/src/CUDA/utils.cuh:37:86: error: no matching constructor for initialization of 'PxVec3' (aka 'PxVec3T<float>')
/public/home/tangwsh/PhysX/physx/source/compiler/cmakehip/../../../source/gpucommon/src/CUDA/utils.cuh:38:107: error: no matching constructor for initialization of 'PxVec3' (aka 'PxVec3T<float>')
/public/home/tangwsh/PhysX/physx/source/compiler/cmakehip/../../../source/gpucommon/src/CUDA/utils.cuh:38:107: error: no matching constructor for initialization of 'PxVec3' (aka 'PxVec3T<float>')
/public/home/tangwsh/PhysX/physx/source/compiler/cmakehip/../../../source/gpucommon/src/CUDA/utils.cuh:39:86: error: no matching constructor for initialization of 'PxVec4' (aka 'PxVec4T<float>')
/public/home/tangwsh/PhysX/physx/source/compiler/cmakehip/../../../source/gpucommon/src/CUDA/utils.cuh:39:86: error: no matching constructor for initialization of 'PxVec4' (aka 'PxVec4T<float>')
/public/home/tangwsh/PhysX/physx/source/compiler/cmakehip/../../../source/gpucommon/src/CUDA/reduction.cuh:533:11: error: no matching function for call to 'PxMax'
/public/home/tangwsh/PhysX/physx/source/compiler/cmakehip/../../../source/gpucommon/src/CUDA/SparseRemove.cuh:68:26: error: no matching constructor for initialization of 'ReadArrayFunctor<PxU32>' (aka 'ReadArrayFunctor<unsigned int>')
/public/home/tangwsh/PhysX/physx/source/compiler/cmakehip/../../../source/gpucommon/src/CUDA/SparseRemove.cuh:69:27: error: no matching constructor for initialization of 'WriteArrayFunctor<PxU32>' (aka 'WriteArrayFunctor<unsigned int>')
/public/home/tangwsh/PhysX/physx/source/compiler/cmakehip/../../../source/gpucommon/src/CUDA/SparseRemove.cuh:80:26: error: no matching constructor for initialization of 'ReadArrayFunctor<PxU32>' (aka 'ReadArrayFunctor<unsigned int>')
/public/home/tangwsh/PhysX/physx/source/compiler/cmakehip/../../../source/gpucommon/src/CUDA/SparseRemove.cuh:81:27: error: no matching constructor for initialization of 'WriteArrayFunctor<PxU32>' (aka 'WriteArrayFunctor<unsigned int>')
/public/home/tangwsh/PhysX/physx/source/compiler/cmakehip/../../../source/gpucommon/src/CUDA/SparseRemove.cuh:82:30: error: no matching constructor for initialization of 'WriteValueNOPFunctor<PxU32>' (aka 'WriteValueNOPFunctor<unsigned int>')
/public/home/tangwsh/PhysX/physx/source/compiler/cmakehip/../../../source/gpunarrowphase/src/CUDA/distanceSegmentSegment.cuh:43:22: error: invalid operands to binary expression ('const PxVec3' (aka 'const PxVec3T<float>') and 'const PxVec3')
/public/home/tangwsh/PhysX/physx/source/compiler/cmakehip/../../../source/gpunarrowphase/src/CUDA/distanceSegmentSegment.cuh:63:20: error: no matching function for call to 'PxClamp'
fatal error: too many errors emitted, stopping now [-ferror-limit=]
/public/home/tangwsh/PhysX/physx/source/compiler/cmakehip/../../../source/gpucommon/include/cutil_math.h:68:41: error: __host__ __device__ function 'max' cannot overload __host__ function 'max'
/public/home/tangwsh/PhysX/physx/source/compiler/cmakehip/../../../source/gpucommon/include/cutil_math.h:70:41: error: __host__ __device__ function 'min' cannot overload __host__ function 'min'
/public/home/tangwsh/PhysX/physx/source/compiler/cmakehip/../../../source/gpucommon/include/AlignedQuat.h:343:5: error: use of overloaded operator '+=' is ambiguous (with operand types 'float4' (aka 'HIP_vector_type<float, 4>') and 'const float4' (aka 'const HIP_vector_type<float, 4>'))
/public/home/tangwsh/PhysX/physx/source/compiler/cmakehip/../../../source/gpucommon/include/AlignedQuat.h:349:5: error: use of overloaded operator '-=' is ambiguous (with operand types 'float4' (aka 'HIP_vector_type<float, 4>') and 'const float4' (aka 'const HIP_vector_type<float, 4>'))
/public/home/tangwsh/PhysX/physx/source/compiler/cmakehip/../../../source/gpunarrowphase/include/cudaNpCommon.h:106:4: error: no matching function for call to 'PX_UNUSED'
/public/home/tangwsh/PhysX/physx/source/compiler/cmakehip/../../../source/gpucommon/include/PxgDevicePointer.h:41:3: error: unknown type name 'CUdeviceptr'
/public/home/tangwsh/PhysX/physx/source/compiler/cmakehip/../../../source/gpucommon/include/PxgDevicePointer.h:43:20: error: unknown type name 'CUdeviceptr'
/public/home/tangwsh/PhysX/physx/source/compiler/cmakehip/../../../source/gpucommon/include/PxgDevicePointer.h:45:12: error: unknown type name 'CUdeviceptr'
/public/home/tangwsh/PhysX/physx/source/compiler/cmakehip/../../../source/gpucommon/include/PxgDevicePointer.h:51:67: error: use of undeclared identifier 'CUdeviceptr'
/public/home/tangwsh/PhysX/physx/source/compiler/cmakehip/../../../source/gpucommon/include/PxgCudaBuffer.h:65:79: error: unknown type name 'CUstream'
/public/home/tangwsh/PhysX/physx/source/compiler/cmakehip/../../../source/gpucommon/include/PxgCudaBuffer.h:72:19: error: unknown type name 'CUdeviceptr'
/public/home/tangwsh/PhysX/physx/source/compiler/cmakehip/../../../source/gpucommon/include/PxgCudaBuffer.h:74:29: error: unknown type name 'CUdeviceptr'
/public/home/tangwsh/PhysX/physx/source/compiler/cmakehip/../../../source/gpucommon/include/PxgCudaBuffer.h:100:3: error: unknown type name 'CUdeviceptr'
/public/home/tangwsh/PhysX/physx/source/compiler/cmakehip/../../../source/gpucommon/include/PxgCudaBuffer.h:78:10: error: unknown type name 'CUdeviceptr'
/public/home/tangwsh/PhysX/physx/source/compiler/cmakehip/../../../source/gpusimulationcontroller/include/PxgFEMCore.h:390:18: error: cannot initialize object parameter of type 'physx::PxgNonRigidCore' with an expression of type 'PxgFEMCore'
/public/home/tangwsh/PhysX/physx/source/compiler/cmakehip/../../../source/gpusimulationcontroller/include/PxgFEMCore.h:391:22: error: cannot initialize object parameter of type 'physx::PxgNonRigidCore' with an expression of type 'PxgFEMCore'
/public/home/tangwsh/PhysX/physx/source/compiler/cmakehip/../../../source/gpusimulationcontroller/include/PxgFEMCore.h:392:29: error: cannot initialize object parameter of type 'physx::PxgNonRigidCore' with an expression of type 'PxgFEMCore'
/public/home/tangwsh/PhysX/physx/source/compiler/cmakehip/../../../source/gpusimulationcontroller/include/PxgFEMCore.h:403:43: error: cannot initialize object parameter of type 'physx::PxgNonRigidCore' with an expression of type 'PxgFEMCore'
/public/home/tangwsh/PhysX/physx/source/compiler/cmakehip/../../../source/gpusimulationcontroller/include/PxgFEMCore.h:404:22: error: cannot initialize object parameter of type 'physx::PxgNonRigidCore' with an expression of type 'PxgFEMCore'
fatal error: too many errors emitted, stopping now [-ferror-limit=]
/public/home/tangwsh/PhysX/physx/source/compiler/cmakehip/../../../source/gpucommon/include/PxgDevicePointer.h:41:3: error: unknown type name 'CUdeviceptr'
/public/home/tangwsh/PhysX/physx/source/compiler/cmakehip/../../../source/gpucommon/include/PxgDevicePointer.h:43:20: error: unknown type name 'CUdeviceptr'
/public/home/tangwsh/PhysX/physx/source/compiler/cmakehip/../../../source/gpucommon/include/PxgDevicePointer.h:45:12: error: unknown type name 'CUdeviceptr'
/public/home/tangwsh/PhysX/physx/source/compiler/cmakehip/../../../source/gpucommon/include/PxgDevicePointer.h:51:67: error: use of undeclared identifier 'CUdeviceptr'
/public/home/tangwsh/PhysX/physx/source/compiler/cmakehip/../../../source/gpucommon/include/PxgCudaBuffer.h:65:79: error: unknown type name 'CUstream'
/public/home/tangwsh/PhysX/physx/source/compiler/cmakehip/../../../source/gpucommon/include/PxgCudaBuffer.h:72:19: error: unknown type name 'CUdeviceptr'
/public/home/tangwsh/PhysX/physx/source/compiler/cmakehip/../../../source/gpucommon/include/PxgCudaBuffer.h:74:29: error: unknown type name 'CUdeviceptr'
/public/home/tangwsh/PhysX/physx/source/compiler/cmakehip/../../../source/gpucommon/include/PxgCudaBuffer.h:100:3: error: unknown type name 'CUdeviceptr'
/public/home/tangwsh/PhysX/physx/source/compiler/cmakehip/../../../source/gpucommon/include/PxgCudaBuffer.h:78:10: error: unknown type name 'CUdeviceptr'
/public/home/tangwsh/PhysX/physx/source/compiler/cmakehip/../../../source/gpucommon/include/cutil_math.h:68:41: error: __host__ __device__ function 'max' cannot overload __host__ function 'max'
/public/home/tangwsh/PhysX/physx/source/compiler/cmakehip/../../../source/gpucommon/include/cutil_math.h:70:41: error: __host__ __device__ function 'min' cannot overload __host__ function 'min'
/public/home/tangwsh/PhysX/physx/source/compiler/cmakehip/../../../source/gpucommon/include/AlignedQuat.h:343:5: error: use of overloaded operator '+=' is ambiguous (with operand types 'float4' (aka 'HIP_vector_type<float, 4>') and 'const float4' (aka 'const HIP_vector_type<float, 4>'))
/public/home/tangwsh/PhysX/physx/source/compiler/cmakehip/../../../source/gpucommon/include/AlignedQuat.h:349:5: error: use of overloaded operator '-=' is ambiguous (with operand types 'float4' (aka 'HIP_vector_type<float, 4>') and 'const float4' (aka 'const HIP_vector_type<float, 4>'))
/public/home/tangwsh/PhysX/physx/source/compiler/cmakehip/../../../source/gpucommon/src/CUDA/utils.cuh:37:86: error: no matching constructor for initialization of 'PxVec3' (aka 'PxVec3T<float>')
/public/home/tangwsh/PhysX/physx/source/compiler/cmakehip/../../../source/gpucommon/src/CUDA/utils.cuh:37:86: error: no matching constructor for initialization of 'PxVec3' (aka 'PxVec3T<float>')
/public/home/tangwsh/PhysX/physx/source/compiler/cmakehip/../../../source/gpucommon/src/CUDA/utils.cuh:38:107: error: no matching constructor for initialization of 'PxVec3' (aka 'PxVec3T<float>')
/public/home/tangwsh/PhysX/physx/source/compiler/cmakehip/../../../source/gpucommon/src/CUDA/utils.cuh:38:107: error: no matching constructor for initialization of 'PxVec3' (aka 'PxVec3T<float>')
/public/home/tangwsh/PhysX/physx/source/compiler/cmakehip/../../../source/gpucommon/src/CUDA/utils.cuh:39:86: error: no matching constructor for initialization of 'PxVec4' (aka 'PxVec4T<float>')
/public/home/tangwsh/PhysX/physx/source/compiler/cmakehip/../../../source/gpucommon/src/CUDA/utils.cuh:39:86: error: no matching constructor for initialization of 'PxVec4' (aka 'PxVec4T<float>')
fatal error: too many errors emitted, stopping now [-ferror-limit=]
/public/home/tangwsh/PhysX/physx/source/compiler/cmakehip/../../../source/gpucommon/include/cutil_math.h:68:41: error: __host__ __device__ function 'max' cannot overload __host__ function 'max'
/public/home/tangwsh/PhysX/physx/source/compiler/cmakehip/../../../source/gpucommon/include/cutil_math.h:70:41: error: __host__ __device__ function 'min' cannot overload __host__ function 'min'
/public/home/tangwsh/PhysX/physx/source/compiler/cmakehip/../../../source/gpucommon/include/AlignedQuat.h:343:5: error: use of overloaded operator '+=' is ambiguous (with operand types 'float4' (aka 'HIP_vector_type<float, 4>') and 'const float4' (aka 'const HIP_vector_type<float, 4>'))
/public/home/tangwsh/PhysX/physx/source/compiler/cmakehip/../../../source/gpucommon/include/AlignedQuat.h:349:5: error: use of overloaded operator '-=' is ambiguous (with operand types 'float4' (aka 'HIP_vector_type<float, 4>') and 'const float4' (aka 'const HIP_vector_type<float, 4>'))
/public/home/tangwsh/PhysX/physx/source/compiler/cmakehip/../../../source/gpunarrowphase/include/cudaNpCommon.h:106:4: error: no matching function for call to 'PX_UNUSED'
/public/home/tangwsh/PhysX/physx/source/compiler/cmakehip/../../../source/gpucommon/include/PxgDevicePointer.h:41:3: error: unknown type name 'CUdeviceptr'
/public/home/tangwsh/PhysX/physx/source/compiler/cmakehip/../../../source/gpucommon/include/PxgDevicePointer.h:43:20: error: unknown type name 'CUdeviceptr'
/public/home/tangwsh/PhysX/physx/source/compiler/cmakehip/../../../source/gpucommon/include/PxgDevicePointer.h:45:12: error: unknown type name 'CUdeviceptr'
/public/home/tangwsh/PhysX/physx/source/compiler/cmakehip/../../../source/gpucommon/include/PxgDevicePointer.h:51:67: error: use of undeclared identifier 'CUdeviceptr'
/public/home/tangwsh/PhysX/physx/source/compiler/cmakehip/../../../source/gpucommon/include/PxgCudaBuffer.h:65:79: error: unknown type name 'CUstream'
/public/home/tangwsh/PhysX/physx/source/compiler/cmakehip/../../../source/gpucommon/include/PxgCudaBuffer.h:72:19: error: unknown type name 'CUdeviceptr'
/public/home/tangwsh/PhysX/physx/source/compiler/cmakehip/../../../source/gpucommon/include/PxgCudaBuffer.h:74:29: error: unknown type name 'CUdeviceptr'
/public/home/tangwsh/PhysX/physx/source/compiler/cmakehip/../../../source/gpucommon/include/PxgCudaBuffer.h:100:3: error: unknown type name 'CUdeviceptr'
/public/home/tangwsh/PhysX/physx/source/compiler/cmakehip/../../../source/gpucommon/include/PxgCudaBuffer.h:78:10: error: unknown type name 'CUdeviceptr'
/public/home/tangwsh/PhysX/physx/source/compiler/cmakehip/../../../include/PxParticleGpu.h:62:8: error: definition of type 'float4' conflicts with type alias of the same name
/public/home/tangwsh/PhysX/physx/source/compiler/cmakehip/../../../source/gpucommon/src/CUDA/utils.cuh:37:86: error: no matching constructor for initialization of 'PxVec3' (aka 'PxVec3T<float>')
/public/home/tangwsh/PhysX/physx/source/compiler/cmakehip/../../../source/gpucommon/src/CUDA/utils.cuh:37:86: error: no matching constructor for initialization of 'PxVec3' (aka 'PxVec3T<float>')
/public/home/tangwsh/PhysX/physx/source/compiler/cmakehip/../../../source/gpucommon/src/CUDA/utils.cuh:38:107: error: no matching constructor for initialization of 'PxVec3' (aka 'PxVec3T<float>')
/public/home/tangwsh/PhysX/physx/source/compiler/cmakehip/../../../source/gpucommon/src/CUDA/utils.cuh:38:107: error: no matching constructor for initialization of 'PxVec3' (aka 'PxVec3T<float>')
fatal error: too many errors emitted, stopping now [-ferror-limit=]
/public/home/tangwsh/PhysX/physx/source/compiler/cmakehip/../../../source/gpucommon/include/PxgDevicePointer.h:41:3: error: unknown type name 'CUdeviceptr'
/public/home/tangwsh/PhysX/physx/source/compiler/cmakehip/../../../source/gpucommon/include/PxgDevicePointer.h:43:20: error: unknown type name 'CUdeviceptr'
/public/home/tangwsh/PhysX/physx/source/compiler/cmakehip/../../../source/gpucommon/include/PxgDevicePointer.h:45:12: error: unknown type name 'CUdeviceptr'
/public/home/tangwsh/PhysX/physx/source/compiler/cmakehip/../../../source/gpucommon/include/PxgDevicePointer.h:51:67: error: use of undeclared identifier 'CUdeviceptr'
/public/home/tangwsh/PhysX/physx/source/compiler/cmakehip/../../../source/gpucommon/include/PxgCudaBuffer.h:65:79: error: unknown type name 'CUstream'
/public/home/tangwsh/PhysX/physx/source/compiler/cmakehip/../../../source/gpucommon/include/PxgCudaBuffer.h:72:19: error: unknown type name 'CUdeviceptr'
/public/home/tangwsh/PhysX/physx/source/compiler/cmakehip/../../../source/gpucommon/include/PxgCudaBuffer.h:74:29: error: unknown type name 'CUdeviceptr'
/public/home/tangwsh/PhysX/physx/source/compiler/cmakehip/../../../source/gpucommon/include/PxgCudaBuffer.h:100:3: error: unknown type name 'CUdeviceptr'
/public/home/tangwsh/PhysX/physx/source/compiler/cmakehip/../../../source/gpucommon/include/PxgCudaBuffer.h:78:10: error: unknown type name 'CUdeviceptr'
/public/home/tangwsh/PhysX/physx/source/compiler/cmakehip/../../../source/gpucommon/include/cutil_math.h:68:41: error: __host__ __device__ function 'max' cannot overload __host__ function 'max'
/public/home/tangwsh/PhysX/physx/source/compiler/cmakehip/../../../source/gpucommon/include/cutil_math.h:70:41: error: __host__ __device__ function 'min' cannot overload __host__ function 'min'
/public/home/tangwsh/PhysX/physx/source/compiler/cmakehip/../../../source/gpusimulationcontroller/include/PxgFEMCore.h:390:18: error: cannot initialize object parameter of type 'physx::PxgNonRigidCore' with an expression of type 'PxgFEMCore'
/public/home/tangwsh/PhysX/physx/source/compiler/cmakehip/../../../source/gpusimulationcontroller/include/PxgFEMCore.h:391:22: error: cannot initialize object parameter of type 'physx::PxgNonRigidCore' with an expression of type 'PxgFEMCore'
/public/home/tangwsh/PhysX/physx/source/compiler/cmakehip/../../../source/gpusimulationcontroller/include/PxgFEMCore.h:392:29: error: cannot initialize object parameter of type 'physx::PxgNonRigidCore' with an expression of type 'PxgFEMCore'
/public/home/tangwsh/PhysX/physx/source/compiler/cmakehip/../../../source/gpusimulationcontroller/include/PxgFEMCore.h:403:43: error: cannot initialize object parameter of type 'physx::PxgNonRigidCore' with an expression of type 'PxgFEMCore'
/public/home/tangwsh/PhysX/physx/source/compiler/cmakehip/../../../source/gpusimulationcontroller/include/PxgFEMCore.h:404:22: error: cannot initialize object parameter of type 'physx::PxgNonRigidCore' with an expression of type 'PxgFEMCore'
/public/home/tangwsh/PhysX/physx/source/compiler/cmakehip/../../../source/gpusimulationcontroller/include/PxgFEMCore.h:405:29: error: cannot initialize object parameter of type 'physx::PxgNonRigidCore' with an expression of type 'PxgFEMCore'
/public/home/tangwsh/PhysX/physx/source/compiler/cmakehip/../../../source/gpusimulationcontroller/include/PxgFEMCore.h:406:49: error: cannot initialize object parameter of type 'physx::PxgNonRigidCore' with an expression of type 'PxgFEMCore'
/public/home/tangwsh/PhysX/physx/source/compiler/cmakehip/../../../include/PxParticleGpu.h:62:8: error: definition of type 'float4' conflicts with type alias of the same name
fatal error: too many errors emitted, stopping now [-ferror-limit=]
/public/home/tangwsh/PhysX/physx/source/compiler/cmakehip/../../../source/gpucommon/src/CUDA/utils.cuh:37:86: error: no matching constructor for initialization of 'PxVec3' (aka 'PxVec3T<float>')
/public/home/tangwsh/PhysX/physx/source/compiler/cmakehip/../../../source/gpucommon/src/CUDA/utils.cuh:37:86: error: no matching constructor for initialization of 'PxVec3' (aka 'PxVec3T<float>')
/public/home/tangwsh/PhysX/physx/source/compiler/cmakehip/../../../source/gpucommon/src/CUDA/utils.cuh:38:107: error: no matching constructor for initialization of 'PxVec3' (aka 'PxVec3T<float>')
/public/home/tangwsh/PhysX/physx/source/compiler/cmakehip/../../../source/gpucommon/src/CUDA/utils.cuh:38:107: error: no matching constructor for initialization of 'PxVec3' (aka 'PxVec3T<float>')
/public/home/tangwsh/PhysX/physx/source/compiler/cmakehip/../../../source/gpucommon/src/CUDA/utils.cuh:39:86: error: no matching constructor for initialization of 'PxVec4' (aka 'PxVec4T<float>')
/public/home/tangwsh/PhysX/physx/source/compiler/cmakehip/../../../source/gpucommon/src/CUDA/utils.cuh:39:86: error: no matching constructor for initialization of 'PxVec4' (aka 'PxVec4T<float>')
/public/home/tangwsh/PhysX/physx/source/compiler/cmakehip/../../../source/gpucommon/src/CUDA/reduction.cuh:533:11: error: no matching function for call to 'PxMax'
/public/home/tangwsh/PhysX/physx/source/compiler/cmakehip/../../../source/gpucommon/src/CUDA/SparseRemove.cuh:68:26: error: no matching constructor for initialization of 'ReadArrayFunctor<PxU32>' (aka 'ReadArrayFunctor<unsigned int>')
/public/home/tangwsh/PhysX/physx/source/compiler/cmakehip/../../../source/gpucommon/src/CUDA/SparseRemove.cuh:69:27: error: no matching constructor for initialization of 'WriteArrayFunctor<PxU32>' (aka 'WriteArrayFunctor<unsigned int>')
/public/home/tangwsh/PhysX/physx/source/compiler/cmakehip/../../../source/gpucommon/src/CUDA/SparseRemove.cuh:80:26: error: no matching constructor for initialization of 'ReadArrayFunctor<PxU32>' (aka 'ReadArrayFunctor<unsigned int>')
/public/home/tangwsh/PhysX/physx/source/compiler/cmakehip/../../../source/gpucommon/src/CUDA/SparseRemove.cuh:81:27: error: no matching constructor for initialization of 'WriteArrayFunctor<PxU32>' (aka 'WriteArrayFunctor<unsigned int>')
/public/home/tangwsh/PhysX/physx/source/compiler/cmakehip/../../../source/gpucommon/src/CUDA/SparseRemove.cuh:82:30: error: no matching constructor for initialization of 'WriteValueNOPFunctor<PxU32>' (aka 'WriteValueNOPFunctor<unsigned int>')
/public/home/tangwsh/PhysX/physx/source/compiler/cmakehip/../../../source/gpucommon/include/cutil_math.h:68:41: error: __host__ __device__ function 'max' cannot overload __host__ function 'max'
/public/home/tangwsh/PhysX/physx/source/compiler/cmakehip/../../../source/gpucommon/include/cutil_math.h:70:41: error: __host__ __device__ function 'min' cannot overload __host__ function 'min'
/public/home/tangwsh/PhysX/physx/source/compiler/cmakehip/../../../source/gpucommon/include/AlignedQuat.h:343:5: error: use of overloaded operator '+=' is ambiguous (with operand types 'float4' (aka 'HIP_vector_type<float, 4>') and 'const float4' (aka 'const HIP_vector_type<float, 4>'))
/public/home/tangwsh/PhysX/physx/source/compiler/cmakehip/../../../source/gpucommon/include/AlignedQuat.h:349:5: error: use of overloaded operator '-=' is ambiguous (with operand types 'float4' (aka 'HIP_vector_type<float, 4>') and 'const float4' (aka 'const HIP_vector_type<float, 4>'))
/public/home/tangwsh/PhysX/physx/source/compiler/cmakehip/../../../source/gpunarrowphase/include/cudaNpCommon.h:106:4: error: no matching function for call to 'PX_UNUSED'
/public/home/tangwsh/PhysX/physx/source/compiler/cmakehip/../../../source/gpucommon/src/CUDA/reduction.cuh:392:10: error: no matching function for call to object of type 'const ReadArrayFunctor<unsigned int>'
/public/home/tangwsh/PhysX/physx/source/compiler/cmakehip/../../../source/gpucommon/src/CUDA/reduction.cuh:425:4: error: no matching function for call to object of type 'WriteArrayFunctor<unsigned int>'
fatal error: too many errors emitted, stopping now [-ferror-limit=]
/public/home/tangwsh/PhysX/physx/source/compiler/cmakehip/../../../include/PxParticleGpu.h:62:8: error: definition of type 'float4' conflicts with type alias of the same name
/public/home/tangwsh/PhysX/physx/source/compiler/cmakehip/../../../source/gpunarrowphase/src/CUDA/heightfieldUtil.cuh:40:30: error: no matching function for call to 'PxFloor'
/public/home/tangwsh/PhysX/physx/source/compiler/cmakehip/../../../source/gpunarrowphase/src/CUDA/heightfieldUtil.cuh:40:16: error: no matching function for call to 'PxClamp'
/public/home/tangwsh/PhysX/physx/source/compiler/cmakehip/../../../source/gpunarrowphase/src/CUDA/heightfieldUtil.cuh:45:30: error: no matching function for call to 'PxCeil'
/public/home/tangwsh/PhysX/physx/source/compiler/cmakehip/../../../source/gpunarrowphase/src/CUDA/heightfieldUtil.cuh:45:16: error: no matching function for call to 'PxClamp'
/public/home/tangwsh/PhysX/physx/source/compiler/cmakehip/../../../source/gpunarrowphase/src/CUDA/heightfieldUtil.cuh:51:30: error: no matching function for call to 'PxFloor'
/public/home/tangwsh/PhysX/physx/source/compiler/cmakehip/../../../source/gpunarrowphase/src/CUDA/heightfieldUtil.cuh:51:16: error: no matching function for call to 'PxClamp'
/public/home/tangwsh/PhysX/physx/source/compiler/cmakehip/../../../source/gpunarrowphase/src/CUDA/heightfieldUtil.cuh:57:30: error: no matching function for call to 'PxCeil'
/public/home/tangwsh/PhysX/physx/source/compiler/cmakehip/../../../source/gpunarrowphase/src/CUDA/heightfieldUtil.cuh:57:16: error: no matching function for call to 'PxClamp'
/public/home/tangwsh/PhysX/physx/source/compiler/cmakehip/../../../source/gpunarrowphase/src/CUDA/heightfieldUtil.cuh:106:9: error: no matching constructor for initialization of 'PxVec3' (aka 'PxVec3T<float>')
/public/home/tangwsh/PhysX/physx/source/compiler/cmakehip/../../../source/gpunarrowphase/src/CUDA/heightfieldUtil.cuh:106:9: error: no matching constructor for initialization of 'physx::PxVec3' (aka 'PxVec3T<float>')
/public/home/tangwsh/PhysX/physx/source/compiler/cmakehip/../../../source/gpunarrowphase/src/CUDA/heightfieldUtil.cuh:112:9: error: no matching constructor for initialization of 'PxVec3' (aka 'PxVec3T<float>')
/public/home/tangwsh/PhysX/physx/source/compiler/cmakehip/../../../source/gpunarrowphase/src/CUDA/heightfieldUtil.cuh:112:9: error: no matching constructor for initialization of 'physx::PxVec3' (aka 'PxVec3T<float>')
/public/home/tangwsh/PhysX/physx/source/compiler/cmakehip/../../../source/gpunarrowphase/src/CUDA/heightfieldUtil.cuh:269:9: error: no matching constructor for initialization of 'PxVec3' (aka 'PxVec3T<float>')
/public/home/tangwsh/PhysX/physx/source/compiler/cmakehip/../../../source/gpunarrowphase/src/CUDA/heightfieldUtil.cuh:303:15: error: no matching constructor for initialization of 'const PxVec3' (aka 'const PxVec3T<float>')
/public/home/tangwsh/PhysX/physx/source/compiler/cmakehip/../../../source/gpunarrowphase/src/CUDA/heightfieldUtil.cuh:304:15: error: no matching constructor for initialization of 'const PxVec3' (aka 'const PxVec3T<float>')
/public/home/tangwsh/PhysX/physx/source/compiler/cmakehip/../../../source/gpunarrowphase/src/CUDA/heightfieldUtil.cuh:305:15: error: no matching constructor for initialization of 'const PxVec3' (aka 'const PxVec3T<float>')
/public/home/tangwsh/PhysX/physx/source/compiler/cmakehip/../../../source/gpunarrowphase/src/CUDA/heightfieldUtil.cuh:307:11: error: no viable overloaded '='
/public/home/tangwsh/PhysX/physx/source/compiler/cmakehip/../../../source/gpunarrowphase/src/CUDA/heightfieldUtil.cuh:308:11: error: no viable overloaded '='
fatal error: too many errors emitted, stopping now [-ferror-limit=]
/public/home/tangwsh/PhysX/physx/source/compiler/cmakehip/../../../source/gpucommon/include/cutil_math.h:68:41: error: __host__ __device__ function 'max' cannot overload __host__ function 'max'
/public/home/tangwsh/PhysX/physx/source/compiler/cmakehip/../../../source/gpucommon/include/cutil_math.h:70:41: error: __host__ __device__ function 'min' cannot overload __host__ function 'min'
/public/home/tangwsh/PhysX/physx/source/compiler/cmakehip/../../../source/gpucommon/include/AlignedQuat.h:343:5: error: use of overloaded operator '+=' is ambiguous (with operand types 'float4' (aka 'HIP_vector_type<float, 4>') and 'const float4' (aka 'const HIP_vector_type<float, 4>'))
/public/home/tangwsh/PhysX/physx/source/compiler/cmakehip/../../../source/gpucommon/include/AlignedQuat.h:349:5: error: use of overloaded operator '-=' is ambiguous (with operand types 'float4' (aka 'HIP_vector_type<float, 4>') and 'const float4' (aka 'const HIP_vector_type<float, 4>'))
/public/home/tangwsh/PhysX/physx/source/compiler/cmakehip/../../../source/gpunarrowphase/include/cudaNpCommon.h:106:4: error: no matching function for call to 'PX_UNUSED'
/public/home/tangwsh/PhysX/physx/source/compiler/cmakehip/../../../include/PxParticleGpu.h:62:8: error: definition of type 'float4' conflicts with type alias of the same name
/public/home/tangwsh/PhysX/physx/source/compiler/cmakehip/../../../source/gpunarrowphase/include/PxgGeometryManager.h:137:2: error: unknown type name 'CUarray'
/public/home/tangwsh/PhysX/physx/source/compiler/cmakehip/../../../source/gpunarrowphase/include/PxgGeometryManager.h:138:2: error: unknown type name 'CUtexObject'
/public/home/tangwsh/PhysX/physx/source/compiler/cmakehip/../../../source/gpunarrowphase/include/PxgGeometryManager.h:140:2: error: unknown type name 'CUarray'
/public/home/tangwsh/PhysX/physx/source/compiler/cmakehip/../../../source/gpunarrowphase/include/PxgGeometryManager.h:141:2: error: unknown type name 'CUtexObject'
/public/home/tangwsh/PhysX/physx/source/compiler/cmakehip/../../../source/lowlevel/api/include/PxvGeometry.h:44:10: fatal error: 'GuGeometryChecks.h' file not found
/public/home/tangwsh/PhysX/physx/source/compiler/cmakehip/../../../source/gpucommon/include/PxgDevicePointer.h:41:3: error: unknown type name 'CUdeviceptr'
/public/home/tangwsh/PhysX/physx/source/compiler/cmakehip/../../../source/gpucommon/include/PxgDevicePointer.h:43:20: error: unknown type name 'CUdeviceptr'
/public/home/tangwsh/PhysX/physx/source/compiler/cmakehip/../../../source/gpucommon/include/PxgDevicePointer.h:45:12: error: unknown type name 'CUdeviceptr'
/public/home/tangwsh/PhysX/physx/source/compiler/cmakehip/../../../source/gpucommon/include/PxgDevicePointer.h:51:67: error: use of undeclared identifier 'CUdeviceptr'
/public/home/tangwsh/PhysX/physx/source/compiler/cmakehip/../../../source/gpucommon/include/PxgCudaBuffer.h:65:79: error: unknown type name 'CUstream'
/public/home/tangwsh/PhysX/physx/source/compiler/cmakehip/../../../source/gpucommon/include/PxgCudaBuffer.h:72:19: error: unknown type name 'CUdeviceptr'
/public/home/tangwsh/PhysX/physx/source/compiler/cmakehip/../../../source/gpucommon/include/PxgCudaBuffer.h:74:29: error: unknown type name 'CUdeviceptr'
/public/home/tangwsh/PhysX/physx/source/compiler/cmakehip/../../../source/gpucommon/include/PxgCudaBuffer.h:100:3: error: unknown type name 'CUdeviceptr'
/public/home/tangwsh/PhysX/physx/source/compiler/cmakehip/../../../source/gpucommon/include/PxgCudaBuffer.h:78:10: error: unknown type name 'CUdeviceptr'
/public/home/tangwsh/PhysX/physx/source/compiler/cmakehip/../../../source/gpucommon/include/cutil_math.h:68:41: error: __host__ __device__ function 'max' cannot overload __host__ function 'max'
/public/home/tangwsh/PhysX/physx/source/compiler/cmakehip/../../../source/gpucommon/include/cutil_math.h:70:41: error: __host__ __device__ function 'min' cannot overload __host__ function 'min'
/public/home/tangwsh/PhysX/physx/source/compiler/cmakehip/../../../source/gpucommon/include/AlignedQuat.h:343:5: error: use of overloaded operator '+=' is ambiguous (with operand types 'float4' (aka 'HIP_vector_type<float, 4>') and 'const float4' (aka 'const HIP_vector_type<float, 4>'))
/public/home/tangwsh/PhysX/physx/source/compiler/cmakehip/../../../source/gpucommon/include/AlignedQuat.h:349:5: error: use of overloaded operator '-=' is ambiguous (with operand types 'float4' (aka 'HIP_vector_type<float, 4>') and 'const float4' (aka 'const HIP_vector_type<float, 4>'))
/public/home/tangwsh/PhysX/physx/source/compiler/cmakehip/../../../source/gpunarrowphase/include/cudaNpCommon.h:106:4: error: no matching function for call to 'PX_UNUSED'
/public/home/tangwsh/PhysX/physx/source/compiler/cmakehip/../../../source/gpunarrowphase/src/CUDA/heightfieldUtil.cuh:40:30: error: no matching function for call to 'PxFloor'
/public/home/tangwsh/PhysX/physx/source/compiler/cmakehip/../../../source/gpunarrowphase/src/CUDA/heightfieldUtil.cuh:40:16: error: no matching function for call to 'PxClamp'
/public/home/tangwsh/PhysX/physx/source/compiler/cmakehip/../../../source/gpunarrowphase/src/CUDA/heightfieldUtil.cuh:45:30: error: no matching function for call to 'PxCeil'
/public/home/tangwsh/PhysX/physx/source/compiler/cmakehip/../../../source/gpunarrowphase/src/CUDA/heightfieldUtil.cuh:45:16: error: no matching function for call to 'PxClamp'
/public/home/tangwsh/PhysX/physx/source/compiler/cmakehip/../../../source/gpunarrowphase/src/CUDA/heightfieldUtil.cuh:51:30: error: no matching function for call to 'PxFloor'
fatal error: too many errors emitted, stopping now [-ferror-limit=]
/public/home/tangwsh/PhysX/physx/source/compiler/cmakehip/../../../source/gpucommon/include/cutil_math.h:68:41: error: __host__ __device__ function 'max' cannot overload __host__ function 'max'
/public/home/tangwsh/PhysX/physx/source/compiler/cmakehip/../../../source/gpucommon/include/cutil_math.h:70:41: error: __host__ __device__ function 'min' cannot overload __host__ function 'min'
/public/home/tangwsh/PhysX/physx/source/compiler/cmakehip/../../../source/gpucommon/include/AlignedQuat.h:343:5: error: use of overloaded operator '+=' is ambiguous (with operand types 'float4' (aka 'HIP_vector_type<float, 4>') and 'const float4' (aka 'const HIP_vector_type<float, 4>'))
/public/home/tangwsh/PhysX/physx/source/compiler/cmakehip/../../../source/gpucommon/include/AlignedQuat.h:349:5: error: use of overloaded operator '-=' is ambiguous (with operand types 'float4' (aka 'HIP_vector_type<float, 4>') and 'const float4' (aka 'const HIP_vector_type<float, 4>'))
/public/home/tangwsh/PhysX/physx/source/compiler/cmakehip/../../../source/gpunarrowphase/include/cudaNpCommon.h:106:4: error: no matching function for call to 'PX_UNUSED'
/public/home/tangwsh/PhysX/physx/source/compiler/cmakehip/../../../source/gpucommon/include/PxgDevicePointer.h:41:3: error: unknown type name 'CUdeviceptr'
/public/home/tangwsh/PhysX/physx/source/compiler/cmakehip/../../../source/gpucommon/include/PxgDevicePointer.h:43:20: error: unknown type name 'CUdeviceptr'
/public/home/tangwsh/PhysX/physx/source/compiler/cmakehip/../../../source/gpucommon/include/PxgDevicePointer.h:45:12: error: unknown type name 'CUdeviceptr'
/public/home/tangwsh/PhysX/physx/source/compiler/cmakehip/../../../source/gpucommon/include/PxgDevicePointer.h:51:67: error: use of undeclared identifier 'CUdeviceptr'
/public/home/tangwsh/PhysX/physx/source/compiler/cmakehip/../../../source/gpucommon/include/PxgCudaBuffer.h:65:79: error: unknown type name 'CUstream'
/public/home/tangwsh/PhysX/physx/source/compiler/cmakehip/../../../source/gpucommon/include/PxgCudaBuffer.h:72:19: error: unknown type name 'CUdeviceptr'
/public/home/tangwsh/PhysX/physx/source/compiler/cmakehip/../../../source/gpucommon/include/PxgCudaBuffer.h:74:29: error: unknown type name 'CUdeviceptr'
/public/home/tangwsh/PhysX/physx/source/compiler/cmakehip/../../../source/gpucommon/include/PxgCudaBuffer.h:100:3: error: unknown type name 'CUdeviceptr'
/public/home/tangwsh/PhysX/physx/source/compiler/cmakehip/../../../source/gpucommon/include/PxgCudaBuffer.h:78:10: error: unknown type name 'CUdeviceptr'
/public/home/tangwsh/PhysX/physx/source/compiler/cmakehip/../../../include/PxParticleGpu.h:62:8: error: definition of type 'float4' conflicts with type alias of the same name
/public/home/tangwsh/PhysX/physx/source/compiler/cmakehip/../../../source/gpucommon/src/CUDA/utils.cuh:37:86: error: no matching constructor for initialization of 'PxVec3' (aka 'PxVec3T<float>')
/public/home/tangwsh/PhysX/physx/source/compiler/cmakehip/../../../source/gpucommon/src/CUDA/utils.cuh:37:86: error: no matching constructor for initialization of 'PxVec3' (aka 'PxVec3T<float>')
/public/home/tangwsh/PhysX/physx/source/compiler/cmakehip/../../../source/gpucommon/src/CUDA/utils.cuh:38:107: error: no matching constructor for initialization of 'PxVec3' (aka 'PxVec3T<float>')
/public/home/tangwsh/PhysX/physx/source/compiler/cmakehip/../../../source/gpucommon/src/CUDA/utils.cuh:38:107: error: no matching constructor for initialization of 'PxVec3' (aka 'PxVec3T<float>')
fatal error: too many errors emitted, stopping now [-ferror-limit=]
/public/home/tangwsh/PhysX/physx/source/compiler/cmakehip/../../../source/gpucommon/include/PxgDevicePointer.h:41:3: error: unknown type name 'CUdeviceptr'
/public/home/tangwsh/PhysX/physx/source/compiler/cmakehip/../../../source/gpucommon/include/PxgDevicePointer.h:43:20: error: unknown type name 'CUdeviceptr'
/public/home/tangwsh/PhysX/physx/source/compiler/cmakehip/../../../source/gpucommon/include/PxgDevicePointer.h:45:12: error: unknown type name 'CUdeviceptr'
/public/home/tangwsh/PhysX/physx/source/compiler/cmakehip/../../../source/gpucommon/include/PxgDevicePointer.h:51:67: error: use of undeclared identifier 'CUdeviceptr'
/public/home/tangwsh/PhysX/physx/source/compiler/cmakehip/../../../source/gpucommon/include/PxgCudaBuffer.h:65:79: error: unknown type name 'CUstream'
/public/home/tangwsh/PhysX/physx/source/compiler/cmakehip/../../../source/gpucommon/include/PxgCudaBuffer.h:72:19: error: unknown type name 'CUdeviceptr'
/public/home/tangwsh/PhysX/physx/source/compiler/cmakehip/../../../source/gpucommon/include/PxgCudaBuffer.h:74:29: error: unknown type name 'CUdeviceptr'
/public/home/tangwsh/PhysX/physx/source/compiler/cmakehip/../../../source/gpucommon/include/PxgCudaBuffer.h:100:3: error: unknown type name 'CUdeviceptr'
/public/home/tangwsh/PhysX/physx/source/compiler/cmakehip/../../../source/gpucommon/include/PxgCudaBuffer.h:78:10: error: unknown type name 'CUdeviceptr'
/public/home/tangwsh/PhysX/physx/source/compiler/cmakehip/../../../source/gpucommon/include/cutil_math.h:68:41: error: __host__ __device__ function 'max' cannot overload __host__ function 'max'
/public/home/tangwsh/PhysX/physx/source/compiler/cmakehip/../../../source/gpucommon/include/cutil_math.h:70:41: error: __host__ __device__ function 'min' cannot overload __host__ function 'min'
/public/home/tangwsh/PhysX/physx/source/compiler/cmakehip/../../../source/gpusimulationcontroller/include/PxgFEMCore.h:390:18: error: cannot initialize object parameter of type 'physx::PxgNonRigidCore' with an expression of type 'PxgFEMCore'
/public/home/tangwsh/PhysX/physx/source/compiler/cmakehip/../../../source/gpusimulationcontroller/include/PxgFEMCore.h:391:22: error: cannot initialize object parameter of type 'physx::PxgNonRigidCore' with an expression of type 'PxgFEMCore'
/public/home/tangwsh/PhysX/physx/source/compiler/cmakehip/../../../source/gpusimulationcontroller/include/PxgFEMCore.h:392:29: error: cannot initialize object parameter of type 'physx::PxgNonRigidCore' with an expression of type 'PxgFEMCore'
/public/home/tangwsh/PhysX/physx/source/compiler/cmakehip/../../../source/gpusimulationcontroller/include/PxgFEMCore.h:403:43: error: cannot initialize object parameter of type 'physx::PxgNonRigidCore' with an expression of type 'PxgFEMCore'
/public/home/tangwsh/PhysX/physx/source/compiler/cmakehip/../../../source/gpusimulationcontroller/include/PxgFEMCore.h:404:22: error: cannot initialize object parameter of type 'physx::PxgNonRigidCore' with an expression of type 'PxgFEMCore'
/public/home/tangwsh/PhysX/physx/source/compiler/cmakehip/../../../source/gpusimulationcontroller/include/PxgFEMCore.h:405:29: error: cannot initialize object parameter of type 'physx::PxgNonRigidCore' with an expression of type 'PxgFEMCore'
/public/home/tangwsh/PhysX/physx/source/compiler/cmakehip/../../../source/gpusimulationcontroller/include/PxgFEMCore.h:406:49: error: cannot initialize object parameter of type 'physx::PxgNonRigidCore' with an expression of type 'PxgFEMCore'
/public/home/tangwsh/PhysX/physx/source/compiler/cmakehip/../../../source/gpusimulationcontroller/include/PxgSoftBodyCore.h:266:25: error: cannot initialize object parameter of type 'physx::PxgFEMCore' with an expression of type 'PxgSoftBodyCore'
fatal error: too many errors emitted, stopping now [-ferror-limit=]
/public/home/tangwsh/PhysX/physx/source/compiler/cmakehip/../../../source/gpucommon/include/PxgDevicePointer.h:41:3: error: unknown type name 'CUdeviceptr'
/public/home/tangwsh/PhysX/physx/source/compiler/cmakehip/../../../source/gpucommon/include/PxgDevicePointer.h:43:20: error: unknown type name 'CUdeviceptr'
/public/home/tangwsh/PhysX/physx/source/compiler/cmakehip/../../../source/gpucommon/include/PxgDevicePointer.h:45:12: error: unknown type name 'CUdeviceptr'
/public/home/tangwsh/PhysX/physx/source/compiler/cmakehip/../../../source/gpucommon/include/PxgDevicePointer.h:51:67: error: use of undeclared identifier 'CUdeviceptr'
/public/home/tangwsh/PhysX/physx/source/compiler/cmakehip/../../../source/gpucommon/include/PxgCudaBuffer.h:65:79: error: unknown type name 'CUstream'
/public/home/tangwsh/PhysX/physx/source/compiler/cmakehip/../../../source/gpucommon/include/PxgCudaBuffer.h:72:19: error: unknown type name 'CUdeviceptr'
/public/home/tangwsh/PhysX/physx/source/compiler/cmakehip/../../../source/gpucommon/include/PxgCudaBuffer.h:74:29: error: unknown type name 'CUdeviceptr'
/public/home/tangwsh/PhysX/physx/source/compiler/cmakehip/../../../source/gpucommon/include/PxgCudaBuffer.h:100:3: error: unknown type name 'CUdeviceptr'
/public/home/tangwsh/PhysX/physx/source/compiler/cmakehip/../../../source/gpucommon/include/PxgCudaBuffer.h:78:10: error: unknown type name 'CUdeviceptr'
/public/home/tangwsh/PhysX/physx/source/compiler/cmakehip/../../../source/gpucommon/include/cutil_math.h:68:41: error: __host__ __device__ function 'max' cannot overload __host__ function 'max'
/public/home/tangwsh/PhysX/physx/source/compiler/cmakehip/../../../source/gpucommon/include/cutil_math.h:70:41: error: __host__ __device__ function 'min' cannot overload __host__ function 'min'
/public/home/tangwsh/PhysX/physx/source/compiler/cmakehip/../../../source/gpusimulationcontroller/include/PxgFEMCore.h:390:18: error: cannot initialize object parameter of type 'physx::PxgNonRigidCore' with an expression of type 'PxgFEMCore'
/public/home/tangwsh/PhysX/physx/source/compiler/cmakehip/../../../source/gpusimulationcontroller/include/PxgFEMCore.h:391:22: error: cannot initialize object parameter of type 'physx::PxgNonRigidCore' with an expression of type 'PxgFEMCore'
/public/home/tangwsh/PhysX/physx/source/compiler/cmakehip/../../../source/gpusimulationcontroller/include/PxgFEMCore.h:392:29: error: cannot initialize object parameter of type 'physx::PxgNonRigidCore' with an expression of type 'PxgFEMCore'
/public/home/tangwsh/PhysX/physx/source/compiler/cmakehip/../../../source/gpusimulationcontroller/include/PxgFEMCore.h:403:43: error: cannot initialize object parameter of type 'physx::PxgNonRigidCore' with an expression of type 'PxgFEMCore'
/public/home/tangwsh/PhysX/physx/source/compiler/cmakehip/../../../source/gpusimulationcontroller/include/PxgFEMCore.h:404:22: error: cannot initialize object parameter of type 'physx::PxgNonRigidCore' with an expression of type 'PxgFEMCore'
/public/home/tangwsh/PhysX/physx/source/compiler/cmakehip/../../../source/gpusimulationcontroller/include/PxgFEMCore.h:405:29: error: cannot initialize object parameter of type 'physx::PxgNonRigidCore' with an expression of type 'PxgFEMCore'
/public/home/tangwsh/PhysX/physx/source/compiler/cmakehip/../../../source/gpusimulationcontroller/include/PxgFEMCore.h:406:49: error: cannot initialize object parameter of type 'physx::PxgNonRigidCore' with an expression of type 'PxgFEMCore'
/public/home/tangwsh/PhysX/physx/source/compiler/cmakehip/../../../source/gpusimulationcontroller/include/PxgSoftBodyCore.h:266:25: error: cannot initialize object parameter of type 'physx::PxgFEMCore' with an expression of type 'PxgSoftBodyCore'
fatal error: too many errors emitted, stopping now [-ferror-limit=]
/public/home/tangwsh/PhysX/physx/source/compiler/cmakehip/../../../source/gpucommon/include/cutil_math.h:68:41: error: __host__ __device__ function 'max' cannot overload __host__ function 'max'
/public/home/tangwsh/PhysX/physx/source/compiler/cmakehip/../../../source/gpucommon/include/cutil_math.h:70:41: error: __host__ __device__ function 'min' cannot overload __host__ function 'min'
/public/home/tangwsh/PhysX/physx/source/compiler/cmakehip/../../../source/gpucommon/include/AlignedQuat.h:343:5: error: use of overloaded operator '+=' is ambiguous (with operand types 'float4' (aka 'HIP_vector_type<float, 4>') and 'const float4' (aka 'const HIP_vector_type<float, 4>'))
/public/home/tangwsh/PhysX/physx/source/compiler/cmakehip/../../../source/gpucommon/include/AlignedQuat.h:349:5: error: use of overloaded operator '-=' is ambiguous (with operand types 'float4' (aka 'HIP_vector_type<float, 4>') and 'const float4' (aka 'const HIP_vector_type<float, 4>'))
/public/home/tangwsh/PhysX/physx/source/compiler/cmakehip/../../../source/gpunarrowphase/include/cudaNpCommon.h:106:4: error: no matching function for call to 'PX_UNUSED'
/public/home/tangwsh/PhysX/physx/source/compiler/cmakehip/../../../source/gpunarrowphase/src/CUDA/materialCombiner.cuh:35:29: error: unknown type name 'PxsMaterialData'; did you mean 'physx::PxsMaterialData'?
/public/home/tangwsh/PhysX/physx/source/compiler/cmakehip/../../../source/gpunarrowphase/src/CUDA/materialCombiner.cuh:35:69: error: unknown type name 'PxU16'; did you mean 'physx::PxU16'?
/public/home/tangwsh/PhysX/physx/source/compiler/cmakehip/../../../source/gpunarrowphase/src/CUDA/materialCombiner.cuh:35:83: error: unknown type name 'PxU16'; did you mean 'physx::PxU16'?
/public/home/tangwsh/PhysX/physx/source/compiler/cmakehip/../../../source/gpunarrowphase/src/CUDA/materialCombiner.cuh:36:2: error: unknown type name 'PxU32'; did you mean 'physx::PxU32'?
/public/home/tangwsh/PhysX/physx/source/compiler/cmakehip/../../../source/gpunarrowphase/src/CUDA/materialCombiner.cuh:37:2: error: unknown type name 'PxReal'; did you mean 'physx::PxReal'?
/public/home/tangwsh/PhysX/physx/source/compiler/cmakehip/../../../source/gpunarrowphase/src/CUDA/materialCombiner.cuh:38:2: error: unknown type name 'PxReal'; did you mean 'physx::PxReal'?
/public/home/tangwsh/PhysX/physx/source/compiler/cmakehip/../../../source/gpunarrowphase/src/CUDA/materialCombiner.cuh:39:2: error: unknown type name 'PxReal'; did you mean 'physx::PxReal'?
/public/home/tangwsh/PhysX/physx/source/compiler/cmakehip/../../../source/gpunarrowphase/src/CUDA/materialCombiner.cuh:40:2: error: unknown type name 'PxReal'; did you mean 'physx::PxReal'?
/public/home/tangwsh/PhysX/physx/source/compiler/cmakehip/../../../source/gpunarrowphase/src/CUDA/materialCombiner.cuh:43:8: error: unknown type name 'PxsMaterialData'; did you mean 'physx::PxsMaterialData'?
/public/home/tangwsh/PhysX/physx/source/compiler/cmakehip/../../../source/gpunarrowphase/src/CUDA/materialCombiner.cuh:44:8: error: unknown type name 'PxsMaterialData'; did you mean 'physx::PxsMaterialData'?
/public/home/tangwsh/PhysX/physx/source/compiler/cmakehip/../../../source/gpunarrowphase/src/CUDA/materialCombiner.cuh:46:2: error: no matching function for call to 'PxsCombineMaterials'
/public/home/tangwsh/PhysX/physx/source/compiler/cmakehip/../../../source/gpunarrowphase/src/CUDA/contactPatchUtils.cuh:36:28: error: unknown type name 'PxU32'; did you mean 'physx::PxU32'?
/public/home/tangwsh/PhysX/physx/source/compiler/cmakehip/../../../source/gpunarrowphase/src/CUDA/contactPatchUtils.cuh:36:66: error: unknown type name 'PxsContactManagerOutput'
/public/home/tangwsh/PhysX/physx/source/compiler/cmakehip/../../../source/gpunarrowphase/src/CUDA/contactPatchUtils.cuh:36:114: error: unknown type name 'PxgPatchAndContactCounters'
fatal error: too many errors emitted, stopping now [-ferror-limit=]
